dataset,sample,poisson_ratio,matrix_error,action_error,rayleigh_error,rigid_residual,affine_residual,symmetry_residual,psd_violation,modal_share_1,modal_share_2,modal_share_3,modal_share_4,modal_share_5
parameter hold-out,0,0.20,0.0002451705385644151,0.00031316415350371614,0.0009982285149181978,1.6083821237720095e-16,3.8308615680846653e-08,0.0,0.0,0.999862492999319,0.9997729846736848,0.00014959079349038685,0.0001301402297974033,8.434567529821235e-05
parameter hold-out,1,0.24,0.00015219853322980852,0.00018289939605789296,0.0006548215106846186,1.5760051072322575e-16,2.237230459879378e-08,0.0,0.0,0.9998568167275347,0.9997102699613788,0.00022567863634899137,0.00013690157241405066,7.002802662966753e-05
parameter hold-out,2,0.28,0.00015371582850239528,0.00017505661082908988,0.0006880859827983501,1.666881988870191e-16,2.0768146575764334e-08,0.0,0.0,0.9998492868953834,0.9995990782630072,0.0003492933963491696,0.00014547249013450295,5.6430587634511736e-05
parameter hold-out,3,0.32,0.00017778145918878342,0.0001973057422824801,0.0008519362514962615,1.680362720665189e-16,3.804787681553674e-08,0.0,0.0,0.9998391369933071,0.9993696881873333,0.0005894983539734436,0.00015676490134735596,4.392839071984777e-05
parameter hold-out,4,0.36,0.00016816071073907948,0.0001796910192660515,0.0009093777835175247,2.2549243668129708e-16,3.564629384734873e-08,0.0,0.0,0.9998250025684509,0.9987365017223394,0.0012311312915294,0.00017252809380195999,3.263733965479432e-05
parameter hold-out,5,0.40,0.0001031401537057154,0.00010812315470202209,0.0007035288791845806,2.537458920679424e-16,2.5249419949851188e-08,0.0,0.0,0.9998042034383008,0.9951229647463801,0.004846750401832186,0.00019714914175112105,2.2464530059222098e-05
parameter hold-out,6,0.44,3.355238651622807e-05,3.313694681938988e-05,0.00039070793879170725,1.5466223481296298e-16,2.9797071534948308e-08,0.0,0.0,0.9997713051995577,0.9064052490886213,0.09351193021465114,0.0002585917196269924,1.316200786504149e-05
parameter hold-out,7,0.46,1.612918193406988e-05,1.6148473666426325e-05,0.00035850035188472816,2.0665807128782834e-16,1.917942170787946e-08,0.0,0.0,0.9997460162066545,0.9936381529328419,0.005706491584162626,0.0008999397473236268,8.735723267842084e-06
parameter hold-out,8,0.48,5.408972515294526e-05,4.5325138131579956e-05,0.0014009513300031523,1.6873156933435537e-16,2.353183804717574e-08,0.0,0.0,0.9997088854689348,0.99838245199582,0.0015481221053993456,0.00035716052557812543,4.383049013766268e-06
parameter hold-out,9,0.49,1.8247393409888993e-05,1.7317309451631112e-05,0.0010120175489708224,7.511698461055322e-16,2.480902691914245e-08,0.0,0.0,0.9996797280469756,0.9990554072144598,0.000929188886523901,0.00033435504465068315,2.2075334622881234e-06
parameter hold-out,10,0.20,6.26822435840147e-05,7.480947304320681e-05,0.0002416878916021817,1.381316498301811e-16,3.147306078635131e-08,0.0,0.0,0.9896562022369831,0.9877685220558527,0.010382061492951174,0.007624278543346358,0.004572434770858675
parameter hold-out,11,0.24,0.00012640862933582624,0.00015454513667654396,0.000568900965942731,1.762791843348026e-16,2.6390269308772004e-08,0.0,0.0,0.9893669135548534,0.9855970565968145,0.011516608580140971,0.009710126575972169,0.00382182684069535
parameter hold-out,12,0.28,0.00014753533308299818,0.0001746917461945738,0.0007107164504075549,1.931796919366721e-16,3.277676506146249e-08,0.0,0.0,0.9889249307583309,0.9818472578354469,0.013191326214033263,0.012955146009434695,0.0031046424081854246
parameter hold-out,13,0.32,0.00014230032386799497,0.00015679235428280248,0.0006885576574892037,1.7916350441707185e-16,2.8359949611307762e-08,0.0,0.0,0.9882745701385082,0.974813086152045,0.018599968021830542,0.01591241245726485,0.002438533087153418
parameter hold-out,14,0.36,0.00014132645626642614,0.0001479682070342176,0.0007519007411451999,1.6388416415855903e-16,2.669046017270137e-08,0.0,0.0,0.9873136329192979,0.9591475511935351,0.030689518466616796,0.021088199235727183,0.0018284560340603151
parameter hold-out,15,0.40,9.760287075563209e-05,0.00010010725938515745,0.0006475230577697206,1.6279455852907247e-16,2.8088014915436725e-08,0.0,0.0,0.9858372031569146,0.9101412877439955,0.06857949341014523,0.03428545544249874,0.001269717053106929
parameter hold-out,16,0.44,2.740462914396662e-05,2.323223936313124e-05,0.000319549540059899,2.2985428120343216e-16,2.3319603338353242e-08,0.0,0.0,0.983420437212607,0.6287387859811846,0.28777969142570836,0.09941398722535431,0.0007503210730208632
parameter hold-out,17,0.46,3.0513434153833744e-05,2.4036637568638995e-05,0.0004858146562313737,1.7135093748176917e-16,2.653232416883226e-08,0.0,0.0,0.9815094897047956,0.45360328427471913,0.28848060453320246,0.2758359945109545,0.0005001895290215413
parameter hold-out,18,0.48,9.128387916820859e-06,7.893695561117936e-06,0.0002910229369326476,4.66037985798735e-16,2.6881436230567594e-08,0.0,0.0,0.978626651414028,0.7383254815219616,0.1898308761002306,0.09295580077215879,0.00025208523527764316
parameter hold-out,19,0.49,4.607707766345389e-06,3.7658664398368793e-06,0.00021652646955919088,2.5680056891551865e-16,2.4672876962568343e-08,0.0,0.0,0.9763030661202118,0.868159583288147,0.09756698574711596,0.0578732130405973,0.00012731847699918382
parameter hold-out,20,0.20,0.0003207786770525853,0.00038748415272772105,0.0015061696951443044,1.1105677276258632e-16,2.3584844123747813e-08,0.0,0.0,0.9441518756601185,0.8348534323680712,0.11826437728174405,0.07496684458227015,0.027560858676043052
parameter hold-out,21,0.24,0.00023642497453462406,0.00021728537337651458,0.000967936297495392,9.705902615543247e-17,1.8976188445846675e-08,0.0,0.0,0.9408548151344119,0.8295799151580014,0.13219613480702339,0.07332905162302097,0.024109596655461144
parameter hold-out,22,0.28,0.00014220766630344543,0.00015417304750604824,0.0007069425306035557,1.3275827504560124e-16,2.5103523895633353e-08,0.0,0.0,0.9368649085893509,0.8179481718970212,0.15130784378157583,0.0735421231836677,0.020477969542947602
parameter hold-out,23,0.32,7.983333438662365e-05,7.484010229090288e-05,0.000335590639466703,1.6535003912372261e-16,3.549224145971746e-08,0.0,0.0,0.9319141564657439,0.7968898061017313,0.17887767980654007,0.07563164128217974,0.016762344171933535
parameter hold-out,24,0.36,5.313305625623944e-05,5.180969236641998e-05,0.00041568449831763226,1.3217254613577264e-16,3.157415018904895e-08,0.0,0.0,0.9255444317701428,0.7603409753840725,0.22122139116666556,0.07984893892750089,0.013038631644689117
parameter hold-out,25,0.40,9.169598244569258e-05,8.75783034235383e-05,0.000815467328227527,1.3994696619377455e-16,3.122558913737518e-08,0.0,0.0,0.9168160116764072,0.6958877105165562,0.2911541288970698,0.08674838705493827,0.009350479808165186
parameter hold-out,26,0.44,3.790487829901511e-05,3.5496387474920646e-05,0.0003751154553412117,1.3991327103889297e-16,3.2252283458607637e-08,0.0,0.0,0.9047686962303761,0.5789682016095826,0.413644938263118,0.09701439070878462,0.0056905341557509604
parameter hold-out,27,0.46,9.739814148722788e-05,7.736571057021304e-05,0.0017010446449305995,8.861264425876807e-17,2.1099735530574207e-08,0.0,0.0,0.8955701922239601,0.5054332257089399,0.4909448350670196,0.10419429200768866,0.0038504279318077716
parameter hold-out,28,0.48,4.98406930378841e-05,4.0876321154734845e-05,0.0012207950228346333,1.9741401556494212e-16,2.6313049418842888e-08,0.0,0.0,0.8822675121561813,0.6192247648907586,0.38307188617134785,0.11361951133395122,0.001972845743019507
parameter hold-out,29,0.49,4.972149684149448e-05,3.733031985986593e-05,0.002467912219418457,3.6827867912007243e-16,3.005731860462945e-08,0.0,0.0,0.8700829790110398,0.6826463658221928,0.3259722280236966,0.1203651828023659,0.001008856222374335
parameter hold-out,30,0.20,0.00014691287152854832,0.00013259823103684362,0.0006477235911885345,2.1743093420323157e-16,2.728791155437092e-08,0.0,0.0,0.999839224335302,0.9960747591871877,0.0035880409811923425,0.00042198693648657823,7.269905390523075e-05
parameter hold-out,31,0.24,0.00011042710817995069,0.00012209102302850733,0.0007189393337449393,1.9631153760175573e-16,2.97745990001881e-08,0.0,0.0,0.9998350382442638,0.9957547537794652,0.0038705957561630507,0.0004751851719204321,6.471710663006082e-05
parameter hold-out,32,0.28,8.284254802825327e-05,8.74523679336208e-05,0.0005606706094175736,1.3276041982824194e-16,2.187675112120896e-08,0.0,0.0,0.9998282878388235,0.995018431371869,0.004544292533500944,0.0005530168329115023,5.6292651441759744e-05
parameter hold-out,33,0.32,8.894772236440293e-05,7.890564199864641e-05,0.0006036720493741268,1.3666080318320888e-16,3.114668798863563e-08,0.0,0.0,0.9998184801039309,0.9933169983585775,0.006137317349046491,0.0006776825960665723,4.7455616774786916e-05
parameter hold-out,34,0.36,0.00011729720292226472,0.0001100811353812398,0.0009959651153309316,1.6010709595560836e-16,3.610823194870896e-08,0.0,0.0,0.9998045532016182,0.9882608238398878,0.010986851549945663,0.0009070074688133459,3.8188769350300475e-05
parameter hold-out,35,0.40,0.00010576357876248763,0.00010441922499224637,0.0009993739271362675,1.419971924106242e-16,2.7230034027363827e-08,0.0,0.0,0.9997842280924909,0.953374317223365,0.045405161017539206,0.0014439423616242945,2.8404155707898602e-05
parameter hold-out,36,0.44,5.505198801481207e-05,4.9854025819724364e-05,0.0009824602030805984,1.9637085646402397e-16,2.4511913677733408e-08,0.0,0.0,0.9997557124402072,0.9293883969491982,0.06726771562682021,0.0036129868839397325,1.7931674706822467e-05
parameter hold-out,37,0.46,3.224483720453716e-05,2.6836289438899333e-05,0.0006355145827345787,1.1240238579499208e-16,2.727844176327764e-08,0.0,0.0,0.9997339491199688,0.9785071067517174,0.011898726606285605,0.009844754765088726,1.2367517053685458e-05
parameter hold-out,38,0.48,1.740535868827812e-05,1.7434535129471703e-05,0.0008420351342873957,1.342318981573388e-16,2.0915753114632285e-08,0.0,0.0,0.999702033887381,0.7836491540044908,0.21288823764908177,0.00380317768664661,6.478541079648443e-06
parameter hold-out,39,0.49,3.382247574028553e-05,2.641661026533069e-05,0.0018665811008372678,2.884836395203972e-16,2.510672495327223e-08,0.0,0.0,0.9996710823258782,0.9437183324689516,0.05429631634760561,0.0023825486645302684,3.3446280574560224e-06
parameter hold-out,40,0.20,6.281892351619033e-05,7.377257532210813e-05,0.00031266183450432344,1.2054029963674245e-16,3.04092174064223e-08,0.0,0.0,0.9938157030373432,0.980008861614777,0.01998276929476455,0.003973553897884514,0.0022081820483899456
parameter hold-out,41,0.24,6.625400826113735e-05,6.272226870058134e-05,0.0003025643268631193,2.3565828946400366e-16,2.6815498175197332e-08,0.0,0.0,0.993504851681922,0.9772778333071733,0.022812590905613182,0.0034500612969499715,0.0029588653193578706
parameter hold-out,42,0.28,0.00015278396573118044,0.00012671453801332272,0.0007835925105111697,1.349225270865177e-16,2.1912535757736464e-08,0.0,0.0,0.9931015505068,0.9730413696892881,0.026976471225356773,0.003987925563357561,0.002904125328356223
parameter hold-out,43,0.32,0.00019551445327118535,0.00015760083279147826,0.0012014430337140456,2.4225980518505237e-16,3.069461236988085e-08,0.0,0.0,0.9925805825323955,0.9659192757309437,0.033644613060077544,0.00552023799200412,0.002350650936823853
parameter hold-out,44,0.36,0.00015435266820269463,0.00011810213795596215,0.0010794637587322456,1.2289669627399196e-16,2.2482938664221668e-08,0.0,0.0,0.9918938232462031,0.9518720422560762,0.04576980156700733,0.00868726330072766,0.0018024424058069289
parameter hold-out,45,0.40,9.423473941251547e-05,7.204163040506509e-05,0.000938230523014578,1.6037062975095638e-16,3.041730343886062e-08,0.0,0.0,0.9909400243532566,0.9041760783609072,0.07289450739974004,0.030788140164453175,0.0012683938237096782
parameter hold-out,46,0.44,4.8793427000631385e-05,4.8914658584988336e-05,0.0006457926251282164,1.9972334887569217e-16,3.0994786060594155e-08,0.0,0.0,0.9896367991042944,0.8147652859949932,0.1607021099430323,0.034235636511825186,0.0007522247738313721
parameter hold-out,47,0.46,2.8743896202117088e-05,2.257907752796706e-05,0.0006548024244491836,1.4942713557589875e-16,2.5576447031656173e-08,0.0,0.0,0.9886430709396201,0.700687157470209,0.29488313360232005,0.015364938945888152,0.0005007689810387716
parameter hold-out,48,0.48,3.3488364025639265e-05,3.019408128544269e-05,0.0011335282769755247,3.58768389526449e-16,2.3378335551470363e-08,0.0,0.0,0.9871810741117555,0.5736004236422424,0.42549495337269116,0.013352065016981352,0.00025203522089995453
parameter hold-out,49,0.49,1.359440929940038e-05,1.2163651063043007e-05,0.0006779664458947669,3.2479265314828763e-16,2.5420036114605808e-08,0.0,0.0,0.9857873911820582,0.731312326724675,0.2685921766538694,0.014035381737829773,0.00012794458795697497
parameter hold-out,50,0.20,0.00023700138616741616,0.00029705471098787073,0.0010632749931968305,1.9099001208813407e-16,3.374743868438329e-08,0.0,0.0,0.983249294509377,0.9699166898421554,0.028422363059379032,0.016167820693030036,0.002191264299764152
parameter hold-out,51,0.24,6.65522400702698e-05,7.905748026564248e-05,0.00037685397500222004,2.0303683637134098e-16,3.356745722630488e-08,0.0,0.0,0.9799033910316555,0.9712440755490844,0.02782004118248889,0.019028879427614907,0.00198505984061894
parameter hold-out,52,0.28,7.95637693365195e-05,8.782799609547856e-05,0.0003276499021510681,1.098909834524722e-16,2.8591175791484418e-08,0.0,0.0,0.9742507583391893,0.972074611657382,0.028410101491534213,0.023525924503863104,0.0017458650332231424
parameter hold-out,53,0.32,6.92254891569301e-05,7.789103249681236e-05,0.00035447974512332577,1.5198049188824677e-16,2.480007365104816e-08,0.0,0.0,0.9723589080470836,0.9634540355698636,0.031438160414160185,0.03129145733937927,0.001477543124793003
parameter hold-out,54,0.36,7.16918734257076e-05,7.584300626082489e-05,0.00048093183257429497,1.4822292852238615e-16,2.9865111019364055e-08,0.0,0.0,0.9719635125049605,0.9372550362302661,0.0480869796213822,0.04153270014490418,0.0011851190870403488
parameter hold-out,55,0.40,3.0420303595601367e-05,3.14766820707318e-05,0.00029809907355485374,1.025437754378282e-16,2.4745351637992194e-08,0.0,0.0,0.9705813274392954,0.8182973370270316,0.11434271433801901,0.09591667119784082,0.000872925477681034
parameter hold-out,56,0.44,2.6793496311323683e-05,1.969813030473645e-05,0.0003160607265775409,1.541081099454744e-16,3.237482472710748e-08,0.0,0.0,0.9675543036974217,0.5893126120472504,0.3211074905285323,0.12141189628412942,0.0005425777015192419
parameter hold-out,57,0.46,3.819906775962967e-05,3.267533272184806e-05,0.0004446412755642054,2.2228583240752205e-16,2.6899843455063636e-08,0.0,0.0,0.9648585228376003,0.6190606597724274,0.36005410867374354,0.05551841385880242,0.0003698462473961175
parameter hold-out,58,0.48,2.575206033827079e-05,1.8815957812738372e-05,0.0007377991327506855,2.559935601402782e-16,2.8209995963350083e-08,0.0,0.0,0.9605702133293866,0.8531494958148853,0.14239581429186782,0.04366072048270627,0.00019001733639599895
parameter hold-out,59,0.49,2.1815048610103742e-05,2.085981989825872e-05,0.0008881040645102992,3.676790224887828e-16,2.801039489253612e-08,0.0,0.0,0.956958798120418,0.9118925306075155,0.08754886745920919,0.04341249317947527,9.68032055586093e-05
parameter hold-out,60,0.20,0.00040533645766828826,0.00047497861167012447,0.0023201723342903134,1.1069912256839707e-16,3.440322066590053e-08,0.0,0.0,0.947640244694565,0.791771246713463,0.1714075229453564,0.0722794456737498,0.016589816595360594
parameter hold-out,61,0.24,0.0001859387636327736,0.00018464679183224849,0.0009430126089006496,9.915981774867955e-17,4.1332588447042726e-08,0.0,0.0,0.9475255194502976,0.7930811674058954,0.16184067154258797,0.08249312025585398,0.015044987869599033
parameter hold-out,62,0.28,8.231269055198373e-05,8.41201481767702e-05,0.0004827671700570307,1.8443747616506629e-16,2.6665176191962667e-08,0.0,0.0,0.9468258371737566,0.7715722010626915,0.17092691182813496,0.09746069846747273,0.013299746842014095
parameter hold-out,63,0.32,4.7094773986380236e-05,5.129854769598016e-05,0.0003962276206902246,1.3086903820445895e-16,3.3302860330113163e-08,0.0,0.0,0.9454756428174944,0.6799697092348066,0.2421056306311579,0.12113925054627246,0.011365692902853162
parameter hold-out,64,0.36,9.355381772679043e-05,9.029134704988818e-05,0.0008409003902363962,1.531680173322258e-16,3.35073599286058e-08,0.0,0.0,0.9432980712697666,0.6152577853703791,0.26949536863967727,0.162682237656067,0.009255370803752607
parameter hold-out,65,0.40,0.00015023323040690438,0.00013960452459516105,0.001317977548434775,1.6541181741134582e-16,3.321325807761794e-08,0.0,0.0,0.9398398033159068,0.7451458486550145,0.24582332576928584,0.06236102206188712,0.00697186304040283
parameter hold-out,66,0.44,9.114617893569556e-05,9.192908255227397e-05,0.0008171319158040323,1.6994972586871444e-16,2.7242909062541944e-08,0.0,0.0,0.9348923842174266,0.5773820842857184,0.4285779520364789,0.05509732848330291,0.004478051928004853
parameter hold-out,67,0.46,9.011892938851341e-05,7.123973347357903e-05,0.0016383253367016363,2.273522730834784e-16,3.0176925578106146e-08,0.0,0.0,0.9307495615044145,0.5757962950290777,0.43242380698497473,0.058104935000092096,0.0031214766499093466
parameter hold-out,68,0.48,0.00013213867455400455,0.00012289719259614467,0.002834946395290372,1.998701075691344e-16,2.6618456240776425e-08,0.0,0.0,0.9243618386096125,0.7358142510669273,0.27513936676772577,0.06361925448530399,0.0016548519782883754
parameter hold-out,69,0.49,7.363735427615503e-05,6.606835768072346e-05,0.0033598421024443933,5.1644717538453e-16,2.541271865029416e-08,0.0,0.0,0.917963373482312,0.8065328658797056,0.20574959514072577,0.06922485167278306,0.000861159735788528
parameter hold-out,70,0.20,7.245593187014093e-05,8.285452789573294e-05,0.0004112361714506277,1.0221946486247403e-16,5.1611739374989995e-08,0.0,0.0,0.9998140646573239,0.9991191002792456,0.0010198903168330956,3.17991133297656e-05,1.5477428179270815e-05
parameter hold-out,71,0.24,8.012949069123477e-05,8.926711104930613e-05,0.0005045310882147708,1.532319503759931e-16,4.1797707756784006e-08,0.0,0.0,0.999839401468826,0.9992493297439742,0.0008649650658623183,3.2907293748735184e-05,1.3664772213277624e-05
parameter hold-out,72,0.28,6.634392575271762e-05,7.071202144580952e-05,0.0002782619098978268,1.2872984278480978e-16,3.197869038576506e-08,0.0,0.0,0.9998583754606823,0.9994367693352447,0.0006585314105404916,3.4358278552827945e-05,1.1722945585567921e-05
parameter hold-out,73,0.32,0.00010714274622665443,0.00011681394870473332,0.0005112447752608834,1.5181916435864585e-16,2.6891752005351717e-08,0.0,0.0,0.9998724706984677,0.9996170781782749,0.0004638074126269924,3.650637607230311e-05,9.692433043201515e-06
parameter hold-out,74,0.36,6.628434089677158e-05,6.653012122684962e-05,0.00032354218859183487,2.148395557843241e-16,3.438704380578157e-08,0.0,0.0,0.9998825486261953,0.9997559461805424,0.00031291895429269313,4.076715871788695e-05,7.609601991963454e-06
parameter hold-out,75,0.40,3.6880064004570476e-05,2.966417273787681e-05,0.00030217896673140354,2.5116137073973575e-16,2.911384742667291e-08,0.0,0.0,0.9998888733540379,0.9998288432669473,0.00020891106365892938,6.790181790947997e-05,5.4952784310798286e-06
parameter hold-out,76,0.44,2.6738421745184844e-05,2.0092720150262415e-05,0.00030605760142459815,1.9843000097955188e-16,2.7268906050892222e-08,0.0,0.0,0.9998980829961747,0.9998914942926301,0.00014252326172683408,6.459645511103141e-05,3.3476962793296583e-06
parameter hold-out,77,0.46,3.9164071721797866e-05,3.9435360614636125e-05,0.0004184630874118353,1.851544095733505e-16,2.8595443732889852e-08,0.0,0.0,0.9999389343258098,0.9998904983623982,0.00012024588836348313,4.802567392225471e-05,2.2583259676938457e-06
parameter hold-out,78,0.48,1.1975434223853102e-05,1.1157179206706188e-05,0.00029874300885693664,1.954833608076186e-16,3.1487333439942646e-08,0.0,0.0,0.9999591204384874,0.9998867895481051,0.0001045648721484895,4.840752666058769e-05,1.1505717156158644e-06
parameter hold-out,79,0.49,9.90055818828828e-06,9.837506904869241e-06,0.0003766376368582905,1.4387750966258283e-16,2.566624019837732e-08,0.0,0.0,0.9999670028827866,0.9998818099213775,0.00010014322681446462,5.046719824875997e-05,5.840058899435355e-07
parameter hold-out,80,0.20,0.0004797432082494163,0.0005421282031655312,0.0018807477970328515,2.3771149619271854e-16,3.1824140902562785e-08,0.0,0.0,0.9318143988374978,0.6243186935533643,0.37890395840556784,0.04352058297896688,0.020466339178290317
parameter hold-out,81,0.24,0.0001735976718625352,0.00020026181923033456,0.0007845939662218013,2.091627141833946e-16,4.402990796174236e-08,0.0,0.0,0.9375245034731903,0.6561873889859459,0.34090691829389025,0.04701206993624305,0.018099733927649707
parameter hold-out,82,0.28,0.00010027132003431107,9.784667033439387e-05,0.0004552379803778436,1.4582211808187708e-16,3.547768617139666e-08,0.0,0.0,0.9417663934744287,0.69929897385426,0.29076603589195715,0.05257891809521104,0.015532733279841837
parameter hold-out,83,0.32,0.00011804211309398523,0.00010272184617039477,0.0005999233976321104,1.964967477482659e-16,2.7084885850285422e-08,0.0,0.0,0.9447371280463169,0.7466635051088392,0.23251529720333297,0.06324315578110346,0.012833448271335843
parameter hold-out,84,0.36,0.0001858707588316326,0.00016879647712675242,0.0010097684312290836,1.5259055173082416e-16,2.572637916500134e-08,0.0,0.0,0.9465148658121132,0.7793072980850182,0.172581631794841,0.09165356333824014,0.010062925762491366
parameter hold-out,85,0.40,0.00021363987971063345,0.00021620301549129368,0.0014534043355047428,2.852884322533355e-16,3.0477491218188e-08,0.0,0.0,0.946991499998268,0.6913204765977192,0.23684059773714083,0.11799637442594207,0.007257435003102864
parameter hold-out,86,0.44,0.00012516549915707507,0.00012756446888016453,0.0015586593696019088,3.328961604868858e-16,3.70689706298878e-08,0.0,0.0,0.9461087282579966,0.7943783121009981,0.18160743850520955,0.0738789521070479,0.0044194747369944755
parameter hold-out,87,0.46,4.309360377703184e-05,3.08852439254666e-05,0.0008270115861959808,1.497984735997009e-16,2.6498474281702163e-08,0.0,0.0,0.9446077393716266,0.9022477585246843,0.09397874235076033,0.056227718128682914,0.002984793879609859
parameter hold-out,88,0.48,4.1690437691145056e-05,3.732582154544218e-05,0.0009415992823092752,2.556276046043335e-16,2.4695066798545868e-08,0.0,0.0,0.9450364395813439,0.9418602834072851,0.0700720669021495,0.04156333004285825,0.0015261102318936707
parameter hold-out,89,0.49,3.61319935133745e-05,3.396316525225441e-05,0.0012075537154651267,2.749047419534512e-16,3.5014338630121184e-08,0.0,0.0,0.9582666295014082,0.9390228927112615,0.06667363203554406,0.035264768489022165,0.000777281390323989
parameter hold-out,90,0.20,0.00010435495325146376,0.00010497483385263442,0.00032205071936370277,1.8799256054463253e-16,3.444661885246385e-08,0.0,0.0,0.8516690674795387,0.8121921555808902,0.25174363436311903,0.06478173476083737,0.019619932906526562
parameter hold-out,91,0.24,0.0003119093185546835,0.00037211293847933815,0.001192898735404166,1.932546063555008e-16,3.50654923184357e-08,0.0,0.0,0.8580422140368974,0.7721440128665178,0.28081267220873324,0.07238822003589071,0.016979981982900315
parameter hold-out,92,0.28,0.0002840901775833663,0.00031951061753459975,0.0011649297698890183,2.0236519196389427e-16,3.042129830666367e-08,0.0,0.0,0.8624639741707122,0.7135081415450725,0.32528655523744837,0.08482677396884958,0.014281299409310043
parameter hold-out,93,0.32,0.00025871886773055436,0.00024162546474784357,0.0011341392802989912,2.861777882035915e-16,3.608160781729584e-08,0.0,0.0,0.8647263938940851,0.6271091224763896,0.38790087054731226,0.1088271229219106,0.011589997437017644
parameter hold-out,94,0.36,0.0003829687364844066,0.00035599293241593473,0.002105342464849047,3.3787865179969605e-16,3.420125862947861e-08,0.0,0.0,0.8643308918090882,0.5059625216833717,0.4522805722544816,0.16867189804873864,0.008951944604745478
parameter hold-out,95,0.40,0.0004827792598152652,0.0004970027268599481,0.00359708918426015,1.9737962280128361e-16,2.7351098857148747e-08,0.0,0.0,0.8601562115921783,0.41401541225818483,0.36090158817253176,0.3596011625478849,0.006383522314787858
parameter hold-out,96,0.44,0.000333057877664718,0.00030838470358685846,0.0029966403397766513,3.589212601302306e-16,2.9984652032435626e-08,0.0,0.0,0.8500416178416167,0.7015038368753448,0.23056939628532805,0.2156270589555282,0.003862118056278252
parameter hold-out,97,0.46,0.00018971346483067007,0.00018692004019735164,0.002874190671951887,3.34983207901324e-16,2.8404445529666266e-08,0.0,0.0,0.8406284811808763,0.8150254569051758,0.18192908080470335,0.16081126393691106,0.002601681407773311
parameter hold-out,98,0.48,5.5343498317351496e-05,5.531874309720223e-05,0.0012879924754505634,3.1491022806223594e-16,2.423361731692969e-08,0.0,0.0,0.8864962268399261,0.8255518539724092,0.1460796972386579,0.14082673688257766,0.001321197098405053
parameter hold-out,99,0.49,3.950345167797061e-05,2.859685984777017e-05,0.0018022210374821004,8.894950679299584e-16,2.8292279752981813e-08,0.0,0.0,0.9123939510749687,0.8134156934627087,0.14066144046480117,0.13314938528852935,0.0006710269718463068
parameter hold-out,100,0.20,9.948330044537165e-05,0.00010764765397188523,0.0004954840024545715,1.6516989461600475e-16,2.6460217407547603e-08,0.0,0.0,0.9984523117253741,0.9895147255565979,0.008109668068380963,0.0033159837865131734,0.0006073803576154848
parameter hold-out,101,0.24,9.118668980400023e-05,8.331910375756735e-05,0.00036781577370600553,1.4299068782757013e-16,2.6561350011250915e-08,0.0,0.0,0.9983642380337726,0.9890414545868458,0.008264316504315467,0.0037954886898583944,0.0005399836768866468
parameter hold-out,102,0.28,9.001772884253379e-05,8.12844332454872e-05,0.00040395721956359683,2.0835189375035186e-16,2.7300869524952486e-08,0.0,0.0,0.9982556724204842,0.9878676094238624,0.00891325431801103,0.004503555793329447,0.00046765779854191837
parameter hold-out,103,0.32,8.440246063083508e-05,7.482938917753746e-05,0.000414588883857224,1.4508611057756514e-16,3.3373708775383063e-08,0.0,0.0,0.99811816104668,0.9853559647832395,0.01049923752601346,0.005643846078858856,0.00039141295334222396
parameter hold-out,104,0.36,6.79199619567617e-05,6.732813851715137e-05,0.0004070520589744724,1.4478832108390412e-16,3.2950589758114214e-08,0.0,0.0,0.9979366386839954,0.9794607835179882,0.014560605413371456,0.007743003468970777,0.0003120118139703122
parameter hold-out,105,0.40,7.365679507120813e-05,6.545559117010126e-05,0.0004822273447099854,1.7864203987851792e-16,2.3968604332899487e-08,0.0,0.0,0.9976810257380492,0.9594589594848397,0.030054214241116532,0.01261189170846204,0.00022970029362741085
parameter hold-out,106,0.44,4.088963236113929e-05,4.148356517642067e-05,0.00046781609907554564,2.255221126588757e-16,2.5501043158122762e-08,0.0,0.0,0.9973165771229414,0.6816720156904321,0.28995243179705277,0.031091196429316372,0.0001436957318779735
parameter hold-out,107,0.46,2.7680410483440003e-05,2.4560380719352026e-05,0.00035713473227886336,1.8289349449313948e-16,2.795913232458294e-08,0.0,0.0,0.9970378201944474,0.8230397219332285,0.10529470262026797,0.07463631962734074,9.862504904039541e-05
parameter hold-out,108,0.48,1.1412700860806269e-05,1.1222628417562745e-05,0.00031361232385302085,3.576095047629519e-16,2.6945727254089583e-08,0.0,0.0,0.9966239272775143,0.6123518849770345,0.36972697191191617,0.02137936373793749,5.1301354791217546e-05
parameter hold-out,109,0.49,1.4138282762482878e-05,1.3921489323228607e-05,0.0007298739695020237,5.134588898059148e-16,2.29480320972677e-08,0.0,0.0,0.9962359813286424,0.7422470060183496,0.24872725361842285,0.012991057034779015,2.6390420156335064e-05
parameter hold-out,110,0.20,0.00012171688619971453,0.0001282209947483616,0.0007284111836889819,1.6422742300165418e-16,3.2430709026832466e-08,0.0,0.0,0.992029839103274,0.974758786764085,0.018657095614017103,0.010516702063825399,0.004013081880183965
parameter hold-out,111,0.24,6.977011183542683e-05,7.929382342961571e-05,0.0005165071177492547,1.580255922755021e-16,2.7946697933622652e-08,0.0,0.0,0.9916504267394792,0.9741349279363694,0.021466048214316132,0.009175616597475476,0.0035614703755325974
parameter hold-out,112,0.28,7.558648336882609e-05,8.318780319927921e-05,0.0005946000029244964,2.070138642268244e-16,2.3350051264652576e-08,0.0,0.0,0.9911931368252459,0.9716265339735488,0.025695300115586774,0.008402772933417992,0.0030733664998855597
parameter hold-out,113,0.32,7.252233636160577e-05,7.800229875154853e-05,0.0005901601907635442,9.424274317291334e-17,2.5024916810151317e-08,0.0,0.0,0.9906283203546837,0.9660696601203005,0.03269046369380564,0.008037747881105617,0.002557959131048017
parameter hold-out,114,0.36,6.319026838834894e-05,6.649104638788797e-05,0.00043134575374327523,1.588794563238017e-16,3.1566926837687716e-08,0.0,0.0,0.9899031469357484,0.9541907352227011,0.04606008341553589,0.007790666316230894,0.002023783593907909
parameter hold-out,115,0.40,6.624509117019946e-05,6.864413517958263e-05,0.0005009243123944496,1.0749333153811359e-16,3.3762797913946546e-08,0.0,0.0,0.9889080384658284,0.9197730459083581,0.07864175857606528,0.011135928908982125,0.0014763994806715267
parameter hold-out,116,0.44,5.615281774386264e-05,4.480648705422849e-05,0.0007218213855335544,1.6267639651318897e-16,2.803042114571636e-08,0.0,0.0,0.9875573379327734,0.7992306018549673,0.20138015113674948,0.010797453283920053,0.00091438807355892
parameter hold-out,117,0.46,2.4839005918678203e-05,2.3386704922689342e-05,0.0003762276536369145,1.922881943563118e-16,2.1127678856656078e-08,0.0,0.0,0.9865192919113931,0.5998845438332624,0.4012480315930918,0.01157351534620012,0.0006245384571667604
parameter hold-out,118,0.48,2.671600135658347e-05,2.5224689769635013e-05,0.0011361190632112538,3.025763122266365e-16,2.9128756521915283e-08,0.0,0.0,0.9849767073208481,0.7179878903362558,0.2837594623076426,0.012897798286488219,0.00032340575877005544
parameter hold-out,119,0.49,9.06520920513574e-06,9.02233353424381e-06,0.0005580280544768372,3.47173004178259e-16,2.524879574364871e-08,0.0,0.0,0.9835073722945462,0.8370168888215991,0.16499837327189482,0.014214342842185253,0.0001663611270123732
parameter hold-out,120,0.20,3.344448151677689e-05,4.049028514945756e-05,0.0001972796853864606,9.661545093436373e-17,3.2650450033149775e-08,0.0,0.0,0.9996485730683391,0.994951992792597,0.00529531374756874,0.00010045509546375565,3.2725689172063826e-06
parameter hold-out,121,0.24,5.144068121084442e-05,4.703466563916607e-05,0.00022475042481218233,1.7490807564260044e-16,3.2051517075765426e-08,0.0,0.0,0.9996820491959086,0.9836626552797206,0.01652648351018047,0.0001253582372437171,3.5597493896306502e-06
parameter hold-out,122,0.28,5.482153667533642e-05,4.957596284998729e-05,0.0002615436546634112,1.9397396937263379e-16,3.405396465195089e-08,0.0,0.0,0.9997073564781974,0.953901962222324,0.04620230605953917,0.00016852626635889306,3.7120216460963235e-06
parameter hold-out,123,0.32,0.00011792580346437586,0.0001273838917530635,0.0007021548013704795,1.743064728006341e-16,2.4443033000067736e-08,0.0,0.0,0.9997254738168279,0.9980300232650973,0.0019812748191268444,0.00025744002630793733,3.6670964653634447e-06
parameter hold-out,124,0.36,9.384739575513205e-05,9.672697965392532e-05,0.0007156333782044871,1.1322692962990362e-16,3.2669270837475735e-08,0.0,0.0,0.999736573125129,0.9991576409053945,0.0005919804248690468,0.000509508956292191,3.377345301145343e-06
parameter hold-out,125,0.40,4.8680996384356764e-05,5.038171252834575e-05,0.000586688483773341,2.0952755252346506e-16,3.297010920071644e-08,0.0,0.0,0.9997395721671708,0.9977467121296607,0.0021556988014752357,0.0003550680218459845,2.811630395497526e-06
parameter hold-out,126,0.44,3.49019031337439e-05,3.0534883795924434e-05,0.0003557016981479781,2.5904984800672576e-16,3.1381115034984626e-08,0.0,0.0,0.9997318499723598,0.9870452160503809,0.01291803154536947,0.00030068167554195453,1.9477254028215055e-06
parameter hold-out,127,0.46,2.8373176597922484e-05,2.785423980061484e-05,0.0003237630417653039,1.8960269543338645e-16,2.7837978953331202e-08,0.0,0.0,0.9997206330714814,0.9987044714925104,0.0012738308626028324,0.00029897474896479776,1.3953296865868978e-06
parameter hold-out,128,0.48,2.8003459251183536e-05,2.7571213571105785e-05,0.0005503149262121203,2.9280649229278913e-16,3.119235132940131e-08,0.0,0.0,0.9996997404344865,0.9996144192470501,0.0003725927954619948,0.0003122579233807352,7.512913124495899e-07
parameter hold-out,129,0.49,1.5593366899944947e-05,1.5447890956093573e-05,0.0005591838449821949,4.453073954258215e-16,2.1408641525965504e-08,0.0,0.0,0.9997636403967474,0.9996792087094001,0.00033003669856596763,0.000226599291730897,3.9133475961055326e-07
parameter hold-out,130,0.20,0.00016012340605452884,0.00017100643609779695,0.0005614979109591657,2.288792868382056e-16,3.850688748988537e-08,0.0,0.0,0.9976982520904467,0.9831972814105817,0.016014625251446292,0.0018282669561879583,0.0012479206443908445
parameter hold-out,131,0.24,0.00010923544801547713,0.00011733021145141743,0.0004050898929920532,1.2628661350100594e-16,3.555927360851894e-08,0.0,0.0,0.9976955932785615,0.9683505198856045,0.03095335513800147,0.0018988759723119195,0.0010785336963073553
parameter hold-out,132,0.28,0.00016097794900081372,0.00018599314626341134,0.0006894156150929946,1.6737473948562236e-16,2.8760735541680154e-08,0.0,0.0,0.9976630560498719,0.9165332696948201,0.08280880178359991,0.0019860981516132067,0.0009032011825930519
parameter hold-out,133,0.32,0.00023857715690513395,0.00026190575257124804,0.0010985701072564298,1.7033321085863204e-16,3.8609749615864437e-08,0.0,0.0,0.9975962365043295,0.5970214980470664,0.4020464876347169,0.002097961436167571,0.0007281294685278178
parameter hold-out,134,0.36,0.00022000128495107342,0.0002245548727572064,0.0011044763041804647,2.412101078197949e-16,2.562441223726293e-08,0.0,0.0,0.9974852858530696,0.8983939213111066,0.10111694660195902,0.002250455277198898,0.0005578947656282164
parameter hold-out,135,0.40,0.00013284358415303373,0.00012312592625236156,0.0010179032578748616,9.971117158848272e-17,2.995817102829727e-08,0.0,0.0,0.9973094958453789,0.9766158352339502,0.02314371690969208,0.0025042315996856848,0.00039436528644820997
parameter hold-out,136,0.44,8.173773351498442e-05,8.215052303808801e-05,0.0009251478036859844,1.835249512934248e-16,3.455992648949728e-08,0.0,0.0,0.9970294054158679,0.9910758862693922,0.008002237255639196,0.003643288456560551,0.00023631323407875644
parameter hold-out,137,0.46,6.656628660818059e-05,6.639991446944373e-05,0.0007473253915123095,1.575232716209857e-16,3.114217355710955e-08,0.0,0.0,0.9968168941214214,0.9949697056752346,0.005053701662799229,0.0029921480734458957,0.0001583867977036748
parameter hold-out,138,0.48,5.7397350187428886e-05,5.477082411097665e-05,0.001250842215932481,3.073882409503665e-16,2.8843756566660557e-08,0.0,0.0,0.996879801495216,0.9965119536180931,0.003271283187241678,0.003255046072436966,8.019812003845968e-05
parameter hold-out,139,0.49,1.620663136085266e-05,1.541874942746196e-05,0.0005882381192593728,4.936428397121189e-16,2.924553475382208e-08,0.0,0.0,0.9975768142030804,0.9962724059082625,0.003478832787209201,0.0026321596230495284,4.057854011021148e-05
parameter hold-out,140,0.20,9.375907376939693e-05,0.00010436199612502199,0.0005265869864322517,1.032007857221972e-16,2.2524750438915633e-08,0.0,0.0,0.9820776124787223,0.6357403877477416,0.3447927331310475,0.027086568131167145,0.010269177475218902
parameter hold-out,141,0.24,0.0001703319242329082,0.00019274980207235307,0.0007992684832537707,1.7649707464685635e-16,3.299477176245982e-08,0.0,0.0,0.9827091831923114,0.6818879035850842,0.2962297189038829,0.03036932549586769,0.009123460277659626
parameter hold-out,142,0.28,0.00015440314253829422,0.00016837040633105603,0.0007193845123559776,1.8756906894623635e-16,2.986246634382955e-08,0.0,0.0,0.9830001047905184,0.7432744873225791,0.23052301877768416,0.03560745578093276,0.007872630437798447
parameter hold-out,143,0.32,8.031857967099469e-05,8.792336537678763e-05,0.00045624713759717515,2.5718921477422114e-16,3.817780722086795e-08,0.0,0.0,0.9829838445051768,0.8035962541187748,0.16173823931014403,0.0452437516217198,0.006545567286413404
parameter hold-out,144,0.36,8.823952045921074e-05,8.150645505427851e-05,0.0005499447250828425,2.0683393485030756e-16,2.365224361970802e-08,0.0,0.0,0.9826521254819724,0.8415017119194032,0.10304605730867147,0.06766064677553962,0.00516898444797636
parameter hold-out,145,0.40,8.811634889643883e-05,8.352706203925783e-05,0.0005790214921169963,1.3420251879744168e-16,2.571160114810371e-08,0.0,0.0,0.9819288038012962,0.8062397288335368,0.1477048064809413,0.06047050735610276,0.0037589367398227027
parameter hold-out,146,0.44,6.309157418526076e-05,6.35990181248286e-05,0.000834654245793151,2.0407597459708872e-16,2.895497910681847e-08,0.0,0.0,0.9807455827708855,0.572790526191469,0.4113223203745901,0.032996421970852625,0.002313647865046967
parameter hold-out,147,0.46,2.444770956780214e-05,1.9435554902796245e-05,0.0004278490133072853,1.8379241935808907e-16,2.7969483698139036e-08,0.0,0.0,0.9797780328415254,0.8294403485768039,0.16555558162135603,0.02362167584077915,0.001573024114510006
parameter hold-out,148,0.48,1.0976122126614166e-05,1.0415570749218601e-05,0.00048602627908180673,2.7812532289396276e-16,3.364643484033921e-08,0.0,0.0,0.9783300985844051,0.9308010608178858,0.0735765359785902,0.016508365377967574,0.0008101536101267694
parameter hold-out,149,0.49,1.555679053360838e-05,1.5549160108615086e-05,0.000734842564807535,8.035854959804864e-16,2.316239147733759e-08,0.0,0.0,0.9770222868034979,0.9541818763834885,0.05470171492819576,0.013614317919985588,0.0004142408865713004
parameter hold-out,150,0.20,0.00011578772401667185,0.0001391795056988509,0.0005284576044823396,1.2762374356950553e-16,2.7279405960996137e-08,0.0,0.0,0.9894570775670124,0.9469111791518009,0.03751951955178204,0.019005477155540306,0.007148687040123512
parameter hold-out,151,0.24,5.2867042745954434e-05,6.194694265363678e-05,0.0002850424629461863,2.1187742133012497e-16,2.060306176756898e-08,0.0,0.0,0.9890220980687239,0.9114781762988327,0.07170142167037241,0.021549169868560952,0.006272988396723529
parameter hold-out,152,0.28,2.4861601145279553e-05,2.816746010212481e-05,0.0001136221078588978,2.874794334737978e-16,2.5603872204288205e-08,0.0,0.0,0.9884888293924453,0.8264077118731303,0.15415400937013418,0.025575127837690174,0.005342456754948748
parameter hold-out,153,0.32,5.896926997304558e-05,6.518844103979015e-05,0.0002886517897906024,1.5066022274297288e-16,2.995903680009193e-08,0.0,0.0,0.9878220075959698,0.5982022237414946,0.3766304517147346,0.032818867977685615,0.004382624461110291
parameter hold-out,154,0.36,5.781587444280667e-05,5.884977887402246e-05,0.000298565727281038,1.8729249650152643e-16,2.990442364565696e-08,0.0,0.0,0.9869585420221361,0.7078992948069842,0.2526708776523461,0.04892995966332528,0.0034154705627517904
parameter hold-out,155,0.40,1.6469515386587934e-05,1.4752896423769136e-05,0.00017793999877709047,1.4919213872440403e-16,2.6863430335199603e-08,0.0,0.0,0.9857717763521832,0.8241690133496342,0.10208717572048331,0.0855078396282655,0.002453643276104202
parameter hold-out,156,0.44,2.9456258813871814e-05,2.9501160346552738e-05,0.00041370466378399867,2.0461451247121053e-16,2.2741855407931858e-08,0.0,0.0,0.9840735134626102,0.5532955644267892,0.42708758254591694,0.03413395141487382,0.0014945396308311634
parameter hold-out,157,0.46,1.374552848660786e-05,1.188732241296444e-05,0.00016781090928506755,1.7926171533051257e-16,2.7987724756420364e-08,0.0,0.0,0.9828179550652825,0.7618618501526615,0.23100413569896833,0.023334153057040247,0.0010108932698410426
parameter hold-out,158,0.48,1.9597736774331404e-05,1.5417524339895946e-05,0.0005682890593839149,5.048368644039469e-16,2.821220718722484e-08,0.0,0.0,0.9810204032085492,0.9159258326990934,0.08552093844589476,0.017025831615000635,0.0005172589090452478
parameter hold-out,159,0.49,4.341809935522482e-06,4.06536392703654e-06,0.00023384094271314135,4.2056462891934184e-16,3.236786922555815e-08,0.0,0.0,0.9795470578179288,0.9479096352903345,0.05722445964284157,0.015059762799618672,0.0002635378002278314
parameter hold-out,160,0.20,0.0006038346146521363,0.0007550401689433089,0.002453442427033376,1.4260017909325986e-16,2.67842534922361e-08,0.0,0.0,0.9858833881512997,0.9836332054497973,0.01405853019803769,0.0126569105702244,0.0037262137703460737
parameter hold-out,161,0.24,0.0004912895726854654,0.0005896992877919219,0.0021386631812377287,2.1433146305800484e-16,2.9340649601493334e-08,0.0,0.0,0.9854395129271281,0.9823269015513574,0.015238820851393753,0.013872840003544752,0.003078014686700454
parameter hold-out,162,0.28,0.0003966814838292066,0.00046518626898255875,0.0019225423910541799,1.8227026520442211e-16,2.743976534673991e-08,0.0,0.0,0.984591461321197,0.9804472688484946,0.01687855717221728,0.015542612492345821,0.0024892506472292517
parameter hold-out,163,0.32,0.000297176303899698,0.00032421936679122055,0.001571248808364047,1.4579771901574445e-16,2.7300584116728757e-08,0.0,0.0,0.9831705124410922,0.9776324447937647,0.019208693822546356,0.01798907327611298,0.001955938344648637
parameter hold-out,164,0.36,0.00019624123157498908,0.00015755753731493745,0.0009316373374389979,1.4204414282242762e-16,2.3716816646976478e-08,0.0,0.0,0.9808285356003552,0.9731239408934104,0.022643763411946453,0.02192545976439423,0.0014705866913427938
parameter hold-out,165,0.40,0.00012993630571280968,0.00013216384633004072,0.0010734780495496377,1.6706801924204645e-16,2.524843303564246e-08,0.0,0.0,0.9767686642615442,0.9650649743205181,0.02927733491312709,0.02789844191855678,0.001023758168099349
parameter hold-out,166,0.44,9.554269130340534e-05,9.083343012869559e-05,0.0011479960309972049,1.5576404086790386e-16,2.350747767773978e-08,0.0,0.0,0.9689475669128382,0.9478414288163557,0.04653422574717226,0.03610044281012071,0.0006049954486254328
parameter hold-out,167,0.46,6.879673467626437e-05,5.012245992885562e-05,0.0008693901188031026,2.743648698584102e-16,2.3584151502275853e-08,0.0,0.0,0.9617380999721078,0.9299490972861063,0.06530208225366545,0.04256585563886306,0.00040279178136124746
parameter hold-out,168,0.48,3.381024734808369e-05,2.7565904105429145e-05,0.0008528162434591326,1.2875831462610523e-16,2.6337123492535487e-08,0.0,0.0,0.9491679847792832,0.8944271041806483,0.10218019766727494,0.05392553273908169,0.000202602217642528
parameter hold-out,169,0.49,4.873831826409744e-05,3.5274689268529346e-05,0.0022129245061509786,5.541096541498783e-16,3.0751467261135707e-08,0.0,0.0,0.9378235643154175,0.8590639164210926,0.1379463015716495,0.06484386294698036,0.00010218811665995007
parameter hold-out,170,0.20,0.0002222801437480261,0.00024191229901066437,0.0013727156951861609,1.6947384910122818e-16,2.920856771549797e-08,0.0,0.0,0.9702850556856356,0.9192447660470634,0.04771328991805792,0.04563861345548214,0.016985332360773663
parameter hold-out,171,0.24,0.00010427922860093855,0.00012014190965954921,0.000742049271332815,7.989173076565233e-17,2.9767820958472917e-08,0.0,0.0,0.9696532302516712,0.902202299991265,0.06040156622099321,0.05238093751896395,0.015321981386046768
parameter hold-out,172,0.28,8.944195771790029e-05,9.922050337876836e-05,0.0006380453900053959,1.8787857836788652e-16,3.2542520369582e-08,0.0,0.0,0.968781588289788,0.8926682798174049,0.06338773754497341,0.06169087550378869,0.013454694494244045
parameter hold-out,173,0.32,8.89549960140432e-05,9.597894502264058e-05,0.0006012034316657479,2.3010382619033804e-16,3.705143957475607e-08,0.0,0.0,0.9676146611803784,0.8818926324899298,0.08401346201044257,0.05504657770201137,0.011408025337320231
parameter hold-out,174,0.36,8.615784924510547e-05,7.045484650317925e-05,0.0004918551328707452,1.8151385976279028e-16,3.82525290872359e-08,0.0,0.0,0.9660369797057885,0.8476463666083816,0.1318098996137265,0.045348074224516456,0.009207889788750694
parameter hold-out,175,0.40,0.00017064787678280042,0.000174417134593792,0.0012423552654744338,1.4824148052961044e-16,3.234984255131413e-08,0.0,0.0,0.9637941962958084,0.7132155948007065,0.2804272275879441,0.03607285900885672,0.006864916677167241
parameter hold-out,176,0.44,5.269893096331762e-05,5.090135759333357e-05,0.000507997789002788,1.5539252526978938e-16,4.3055850563082645e-08,0.0,0.0,0.9605753169709054,0.6778196608205879,0.32847144958599,0.028975207780177932,0.004346510720474578
parameter hold-out,177,0.46,0.00010872990091594542,0.00010939781975763429,0.0011496184650435727,3.1723208766834794e-16,3.422488672436883e-08,0.0,0.0,0.9581522435554403,0.8421454145200561,0.169821327032877,0.026613081318992197,0.002998947071954362
parameter hold-out,178,0.48,5.39245219515993e-05,5.2635529902708505e-05,0.0009324591921608618,1.2760901841525392e-16,3.648917628380198e-08,0.0,0.0,0.9546526977541429,0.9248099659153284,0.09350399401134873,0.025394180105042158,0.001568821269472257
parameter hold-out,179,0.49,5.392336818513066e-05,5.249612903615077e-05,0.0017543145408993699,4.765732057102724e-16,1.8486430824670092e-08,0.0,0.0,0.9516531792523745,0.9481820796320516,0.07369157364531698,0.02559047951717121,0.00080754265512011
parameter hold-out,180,0.20,1.192514076785455e-05,1.4029570726797803e-05,7.673121599016287e-05,1.770376244084626e-16,2.9081764756284805e-08,0.0,0.0,0.9959786880072837,0.8335672535220404,0.16443668183541624,0.005397320797024,0.0006268629475377673
parameter hold-out,181,0.24,9.177832327464557e-05,7.57322949586428e-05,0.0004358707113883652,1.989412573359026e-16,3.649909219411431e-08,0.0,0.0,0.995858058317487,0.8263671661903979,0.17126703861472006,0.005800966110945682,0.0006769319202909254
parameter hold-out,182,0.28,0.00012085776306332879,0.00013084660242376297,0.0007209329537388373,1.2370589557415448e-16,2.3480123621048864e-08,0.0,0.0,0.9956911980398202,0.8092628312123572,0.1878353684181427,0.006370065087552154,0.0007150098232854647
parameter hold-out,183,0.32,0.00014927168525755537,0.0001635014586912218,0.0009930764934161752,1.681084044118383e-16,2.9223352919911658e-08,0.0,0.0,0.9954682904407797,0.7747255372224439,0.22158993070368174,0.007245463808211363,0.0007265550873721657
parameter hold-out,184,0.36,0.0001596007914508823,0.0001693889608176988,0.0012617557615286841,1.2206310483295635e-16,3.0721673539253534e-08,0.0,0.0,0.9951691196681346,0.70528616332068,0.28976063544199937,0.00879551000536131,0.0006966887121736059
parameter hold-out,185,0.40,0.00016301381511766382,0.0001648641700410578,0.001818486706183445,1.6375015373052016e-16,3.44513080099811e-08,0.0,0.0,0.9947508808613219,0.5629556001248072,0.42914240051763614,0.012374585996538094,0.0006107493713447468
parameter hold-out,186,0.44,5.1810003903123884e-05,5.204541681919505e-05,0.0008147942388583569,2.5911499774786076e-16,2.4808763401082943e-08,0.0,0.0,0.9941903142395832,0.6568641945559519,0.32027683399520945,0.02804533939671011,0.0004517640053269127
parameter hold-out,187,0.46,6.563273150934597e-05,6.52344363951242e-05,0.001831124287213901,3.052565811839596e-16,2.8633081458608223e-08,0.0,0.0,0.9937668875780556,0.7247595913900756,0.19825321751082867,0.08275980832082125,0.0003370731149747729
parameter hold-out,188,0.48,2.7298737564558353e-05,2.6092337405392454e-05,0.0014976408651723367,2.1588883043506932e-16,2.4156914844117806e-08,0.0,0.0,0.9931598315321531,0.6466988352410539,0.2512694252594922,0.10876469762283497,0.00019091195724993504
parameter hold-out,189,0.49,2.3868487114610806e-05,2.388241838835582e-05,0.0015662911873807537,4.058309679741473e-16,2.571642400624506e-08,0.0,0.0,0.9925898488074131,0.8627881645005817,0.07728455765361368,0.06701577809454644,0.00010249481631955222
parameter hold-out,190,0.20,8.40822150167132e-05,8.684778791920243e-05,0.00032033495200670825,1.689039915488964e-16,3.473726393502708e-08,0.0,0.0,0.99513820591799,0.9733433254952097,0.02769970482435443,0.002812959251921763,0.0010155693280101215
parameter hold-out,191,0.24,9.689908773468236e-05,0.00011391982888365714,0.0004493852213315066,2.4462891741643384e-16,2.5108666924310095e-08,0.0,0.0,0.9954604329877579,0.967593599338004,0.03313141318353214,0.002975296670349304,0.0008648586032091179
parameter hold-out,192,0.28,7.959353698976394e-05,8.53563245600319e-05,0.0003575457172492722,1.1136709628701829e-16,2.32575418911584e-08,0.0,0.0,0.9956923103777294,0.9565313642414489,0.04389677057711932,0.0031961375591607216,0.0007149668348220224
parameter hold-out,193,0.32,5.008316298174559e-05,5.3606878543577285e-05,0.00031757834837335783,1.36803889661687e-16,2.8571834883279214e-08,0.0,0.0,0.9958376473224397,0.931482888698714,0.0686103100288297,0.0035247760047938865,0.0005694866778407076
parameter hold-out,194,0.36,3.7923609880917974e-05,4.0067133557039656e-05,0.0003295198496430865,1.3443720605852591e-16,3.1145241371109386e-08,0.0,0.0,0.9958905621882708,0.8548021967547981,0.14478289511494585,0.004098344728578624,0.0004306993863130337
parameter hold-out,195,0.40,3.954287874832149e-05,3.3572762321217e-05,0.0002796202660225493,1.444851421453765e-16,3.338862818293339e-08,0.0,0.0,0.9958279428910449,0.5334459451830434,0.46487817337500525,0.005511082117568254,0.0002994622562302911
parameter hold-out,196,0.44,2.9059059001067928e-05,2.131474294146399e-05,0.00037103607920076426,1.4064845025635015e-16,2.3230064639178663e-08,0.0,0.0,0.9956214296848414,0.8766900565608176,0.11171909003888102,0.01576119794186931,0.0001754801863461066
parameter hold-out,197,0.46,3.377063803987738e-05,2.7240568219925786e-05,0.00044301137690620594,1.2789001861369698e-16,2.865392017744599e-08,0.0,0.0,0.99541034233025,0.71934122812525,0.23607314248913716,0.048990759971012016,0.0001160055201718552
parameter hold-out,198,0.48,1.1137681487921095e-05,1.0842152993890527e-05,0.00025995288084252233,8.577901539330393e-17,2.373683456328676e-08,0.0,0.0,0.9950595150305666,0.9621096485799152,0.023306912281180012,0.019445734983350234,5.783806836401746e-05
parameter hold-out,199,0.49,1.1652359440055397e-05,9.80154150490503e-06,0.0007222830876153435,1.732290932144677e-16,2.6324679755145922e-08,0.0,0.0,0.9947270663006353,0.978761196975504,0.01628612556625216,0.010207368112052962,2.9124292566454588e-05
parameter hold-out,200,0.20,6.749768364209774e-06,6.623813375766617e-06,2.5470620780653626e-05,1.2625760172148463e-16,2.460500276266398e-08,0.0,0.0,0.9957129410361715,0.9934434197727351,0.0053848329358699475,0.0028479668105595144,0.0026108461789195814
parameter hold-out,201,0.24,7.523347206815718e-05,7.825734383168036e-05,0.0003276692855909746,1.5672754981949742e-16,2.9024783615317553e-08,0.0,0.0,0.9954764697246026,0.9922853824392325,0.005912051721288681,0.004171982773900184,0.00215488950965541
parameter hold-out,202,0.28,7.818878783746245e-05,8.495324505488219e-05,0.00040001527013958,2.220176010773267e-16,2.407858645170031e-08,0.0,0.0,0.9951767547181177,0.9903324880106944,0.0066726241791808,0.006091177138425514,0.0017292041892575803
parameter hold-out,203,0.32,6.399908927295071e-05,7.259769495531253e-05,0.00038624991857926297,2.4227229344903785e-16,3.368275431411984e-08,0.0,0.0,0.9947844081228573,0.9867463887325497,0.009261437822813176,0.00787161583476131,0.001342608579543305
parameter hold-out,204,0.36,7.863922096600941e-05,8.30503052231234e-05,0.0004922555006913514,1.699281603307853e-16,3.190879860783068e-08,0.0,0.0,0.9942474589019562,0.978950963812149,0.015765830224024408,0.010057030880390358,0.0009959893551668242
parameter hold-out,205,0.40,6.821252883409761e-05,7.162351599272022e-05,0.0005490205769856334,1.608092565595689e-16,3.344546986998796e-08,0.0,0.0,0.9934631404587367,0.9551747177550021,0.03542594993561072,0.015282389196569763,0.0006847891661198317
parameter hold-out,206,0.44,4.061162706498315e-05,3.7157872970680454e-05,0.0005200629737212139,2.4319617445378205e-16,2.086749882933991e-08,0.0,0.0,0.99222162212649,0.7939185169218186,0.17443585992206284,0.039014940217970744,0.00040083138727878606
parameter hold-out,207,0.46,2.6645240398353174e-05,2.23192420200389e-05,0.000336459651371563,2.311552544562615e-16,3.038683677428958e-08,0.0,0.0,0.9912536426470563,0.5057132404868928,0.38328418376461143,0.11931703613486508,0.00026594419071031885
parameter hold-out,208,0.48,6.5288635518129686e-06,5.8135402909759155e-06,0.00018914550936422419,2.049665382051952e-16,2.5701125773165344e-08,0.0,0.0,0.9897998230585692,0.661336537658314,0.25794610406424906,0.09071967618146079,0.0001334407326200265
parameter hold-out,209,0.49,8.897686337103293e-06,6.577788528247729e-06,0.0005237540519879673,5.714709206399658e-16,1.7463134925308568e-08,0.0,0.0,0.9886290139975119,0.874193995185787,0.08941121500907698,0.047745906745127124,6.72838144173089e-05
parameter hold-out,210,0.20,3.742178251131563e-05,4.760155010632361e-05,0.0001563340825895807,2.3985878212622187e-16,2.382553693555226e-08,0.0,0.0,0.9879746415508939,0.9841621469336798,0.013985438394567319,0.00990019680343329,0.00398356214691288
parameter hold-out,211,0.24,8.36586700044456e-05,9.170345240449489e-05,0.00040382917819891024,1.259126298693846e-16,2.2295927434265702e-08,0.0,0.0,0.9875950042441471,0.9829560536906873,0.015897365318475333,0.010174185455926119,0.0033802201418073755
parameter hold-out,212,0.28,0.00010217470390478277,0.00011082964639939155,0.0005557953718302198,1.645583597774324e-16,2.2907819511035108e-08,0.0,0.0,0.9870186263165631,0.9807074445347126,0.018705766904120295,0.010782880795352194,0.002790856415645126
parameter hold-out,213,0.32,9.662449324536206e-05,0.00010976798647006928,0.0006439912520588801,2.356894519184158e-16,3.1193413193262455e-08,0.0,0.0,0.9861699677021329,0.9766144536173148,0.023177842702986767,0.011824322027550295,0.0022292088676503035
parameter hold-out,214,0.36,0.00010351551094977555,0.00010913853971475421,0.0007683530534776466,1.2602368001060695e-16,2.9768887657265427e-08,0.0,0.0,0.9849085878774824,0.9686165827689148,0.03122431389478855,0.013583687761420092,0.001699769017149374
parameter hold-out,215,0.40,7.469363239741693e-05,7.810038687759895e-05,0.0007120462523350168,1.920777846500212e-16,3.01737942435087e-08,0.0,0.0,0.9829470248662745,0.9499821862141443,0.04893714509750644,0.016967147711292204,0.001199793650005651
parameter hold-out,216,0.44,5.4039639870255125e-05,4.4392392177373094e-05,0.0006551656218074233,1.892748962707891e-16,2.1251601541344754e-08,0.0,0.0,0.9796936109433769,0.8874436544996438,0.10535161940715233,0.02675996205590384,0.0007204213507993976
parameter hold-out,217,0.46,3.504498024993445e-05,3.2173448293593685e-05,0.00044761275555155633,1.8922614434913288e-16,2.7510617780625185e-08,0.0,0.0,0.9770620080884854,0.7794226002017236,0.19562235437735662,0.04726553729412386,0.0004841677170356043
parameter hold-out,218,0.48,9.267080038092981e-06,9.288729145158027e-06,0.00036287794588743815,9.891235197797318e-17,2.34871436270255e-08,0.0,0.0,0.9729975971645145,0.4333661403714328,0.39771525885042075,0.1956350105806653,0.0002461357908888945
parameter hold-out,219,0.49,6.518956591199097e-06,5.591033778527004e-06,0.00032459711342536636,7.944246915996799e-16,2.7921456534484098e-08,0.0,0.0,0.9696219569549283,0.6228135349058044,0.280555285961713,0.12682519345907695,0.0001248333450288905
parameter hold-out,220,0.20,0.00032273824356049565,0.00036792216650519805,0.001670189916264186,2.1864746746159354e-16,2.518970126243139e-08,0.0,0.0,0.9362651653776517,0.8840339410111917,0.10776709143189604,0.039028350490872006,0.03261027328176423
parameter hold-out,221,0.24,0.00019470628645942674,0.00019912386049154276,0.0009351680457595198,1.8782885754886157e-16,3.2295455720085415e-08,0.0,0.0,0.933597070685128,0.8606110813251617,0.12055497302565536,0.051011862848489124,0.03419286947622515
parameter hold-out,222,0.28,0.0002266576978245225,0.00020759388486523748,0.0008593447498462339,1.1625751481979986e-16,2.8951815526088452e-08,0.0,0.0,0.9303174322205733,0.8217543780590689,0.13911670445787494,0.07985240403412892,0.029045481946838633
parameter hold-out,223,0.32,0.00021562394899751503,0.00018808688430073785,0.0009227606287760088,1.7379147618472537e-16,2.2531335723375884e-08,0.0,0.0,0.9262181814646014,0.7557008821518827,0.16816578922145936,0.12624709762922492,0.02374376558762185
parameter hold-out,224,0.36,0.00022487823042767886,0.00018407922114890428,0.0012025522239347925,2.2588679676130246e-16,3.314704455367382e-08,0.0,0.0,0.9209218127419531,0.6406993755171783,0.21814041173797552,0.20179736866186715,0.018425202815464992
parameter hold-out,225,0.40,0.00024644015592095925,0.00018993155387563978,0.0016201265683402667,1.482102024708996e-16,3.468173215200689e-08,0.0,0.0,0.91363146115361,0.45654777366293214,0.3130956534397679,0.3034686015162774,0.01317469186675304
parameter hold-out,226,0.44,0.00010662995211577259,8.423767241397216e-05,0.0009142057302236198,2.200550404003251e-16,1.8877130724089555e-08,0.0,0.0,0.9032660661234695,0.4944872838326499,0.34296815702854117,0.25114509666915674,0.007985644555640723
parameter hold-out,227,0.46,9.376251786219958e-05,9.426482287726222e-05,0.0014724082779149312,1.7819375570244063e-16,2.8356965583529712e-08,0.0,0.0,0.8955201538046517,0.618847663356213,0.30602559809973545,0.17365924735069396,0.005386768915044043
parameter hold-out,228,0.48,4.936647502949446e-05,4.879604006026938e-05,0.0013295494224226457,2.3586205093881195e-16,2.1361579766835402e-08,0.0,0.0,0.8845672770586309,0.7436733600613158,0.24808039308373767,0.12043477443356564,0.0027492687489141295
parameter hold-out,229,0.49,1.970464826689598e-05,1.9570227023608934e-05,0.0008313778237113662,5.320344281022427e-16,2.2148029240442164e-08,0.0,0.0,0.8754567175491661,0.7999684183260645,0.22096879534079786,0.10189883509018342,0.0013996670699245365
parameter hold-out,230,0.20,4.648115176297602e-05,5.83321628699847e-05,0.00019519911963328382,7.87853370056657e-17,2.413938416228379e-08,0.0,0.0,0.9877618961391524,0.9825865319358374,0.016711159635193092,0.011019902300687535,0.0019267540465313121
parameter hold-out,231,0.24,6.601037132054647e-05,7.403691267197685e-05,0.0003361457841520459,1.0492559634181806e-16,2.172085066304539e-08,0.0,0.0,0.9877377604485612,0.9816443444906099,0.016183107387912742,0.012688180976965056,0.0017487003063172792
parameter hold-out,232,0.28,9.118639145999524e-05,9.85456922897921e-05,0.000509820563321176,2.498985713382879e-16,2.347792220176372e-08,0.0,0.0,0.9875120256617885,0.9796837288254591,0.016107161479229273,0.015164217290959988,0.001536481508181342
parameter hold-out,233,0.32,9.141666386032128e-05,0.00010263576479089516,0.0006225417757439947,1.574039224494972e-16,2.518559399462788e-08,0.0,0.0,0.987029649892123,0.9759315560862915,0.01915984030972087,0.016592316527388323,0.0012978154203878976
parameter hold-out,234,0.36,9.398431699768109e-05,0.00010182583247104679,0.0007523550626992454,1.9374100389748473e-16,2.3650165089315955e-08,0.0,0.0,0.9861813131819299,0.9683700993679027,0.02647693338875694,0.017954054230319774,0.0010397476943053794
parameter hold-out,235,0.40,6.405668765462152e-05,6.624235838868558e-05,0.0006477474974744667,2.451306039321896e-16,2.623232089322077e-08,0.0,0.0,0.9847364328733185,0.9502198455358197,0.04300653993451621,0.02128114427466788,0.0007666786659838451
parameter hold-out,236,0.44,6.587226286676232e-05,5.198573392425959e-05,0.0006548348840088607,2.224940912915518e-16,2.61338341581358e-08,0.0,0.0,0.9822380209561866,0.885062058547706,0.09831241844378644,0.033821559096672546,0.00047875902609193
parameter hold-out,237,0.46,4.944886754960085e-05,4.734912895435833e-05,0.0006586013480579877,1.0466370112710785e-16,3.0103405849356254e-08,0.0,0.0,0.9801662326763991,0.754248620528393,0.19277522195377336,0.07224191732615909,0.0003277511567283785
parameter hold-out,238,0.48,1.5328767838477763e-05,1.508672056977855e-05,0.00046183991679746625,4.1547651331035247e-16,2.6767215378762095e-08,0.0,0.0,0.9769210535864084,0.45631820816702,0.36174063045442734,0.20465874959144192,0.0001695966912943832
parameter hold-out,239,0.49,1.0726927431673588e-05,9.12039061738852e-06,0.0004787528407833364,6.394356056234509e-16,2.8717105994572073e-08,0.0,0.0,0.9741514241775736,0.658646616128778,0.2991858789016464,0.06780086848260077,8.675383760856145e-05
parameter hold-out,240,0.20,9.670201288623655e-05,0.00012722668351419577,0.0004181674291255696,1.7614267236431575e-16,2.884888127416844e-08,0.0,0.0,0.9863363610779506,0.9819045071671109,0.01650306359316193,0.01315506172457238,0.0020865932102740277
parameter hold-out,241,0.24,6.19538059461415e-05,7.894677265757148e-05,0.00030797406567616343,1.615077112644101e-16,2.0652111759686725e-08,0.0,0.0,0.9847667539359044,0.9819608427572678,0.01651204166695461,0.014852146939019992,0.0018972652699428105
parameter hold-out,242,0.28,5.7267421812313654e-05,6.715063079219061e-05,0.0003024294586597817,1.2200151369747987e-16,2.6052352406445478e-08,0.0,0.0,0.9824311626044122,0.9816614058597255,0.017277667997024394,0.016969048692866542,0.0016517267470669368
parameter hold-out,243,0.32,2.2813991507005364e-05,2.4621514426769395e-05,0.00013480677149220336,1.4196189508355772e-16,2.9323305957944975e-08,0.0,0.0,0.9808948220934731,0.9787514901203386,0.020998480797256126,0.01797786492091333,0.0013739263019202806
parameter hold-out,244,0.36,2.4190063327048277e-05,2.6335388135695894e-05,0.00014830277472001254,1.6419731753477945e-16,3.079413790404375e-08,0.0,0.0,0.9794357031573783,0.9723844653605997,0.027324066878698865,0.019784419647221347,0.0010799726486739139
parameter hold-out,245,0.40,1.2251839544541285e-05,1.2859579945288661e-05,9.207517328180511e-05,1.4013366081637315e-16,2.8003966686459508e-08,0.0,0.0,0.9767946413679517,0.9595059619239792,0.039966622494134095,0.022961058736686503,0.0007789504491811974
parameter hold-out,246,0.44,1.8039872011798732e-05,1.650276595424464e-05,0.0001784022311055134,1.2951631668529358e-16,2.0474860017291044e-08,0.0,0.0,0.9718311351259038,0.925340280921417,0.07335327403474984,0.02897135261990313,0.00047411806695166745
parameter hold-out,247,0.46,3.76067685696919e-05,3.792039904265401e-05,0.0005920318938390587,2.948792463304203e-16,2.7607980390584208e-08,0.0,0.0,0.9675061092183606,0.8802665725849129,0.11747057004071013,0.034325820324099234,0.0003198645077794453
parameter hold-out,248,0.48,2.4868767671387213e-05,2.0646730038969843e-05,0.0006229729532566178,2.246844263438526e-16,2.996236630153417e-08,0.0,0.0,0.9604666270340131,0.7672410049802125,0.22883745250515888,0.04319392012796998,0.00016286414956705878
parameter hold-out,249,0.49,1.1338236563142965e-05,8.722249867417319e-06,0.0005678267004828182,3.382546496014985e-16,3.139880036413073e-08,0.0,0.0,0.9544634271659693,0.6427795833241816,0.35209632183008854,0.05058520969234337,8.26088455499444e-05
parameter hold-out,250,0.20,9.15586082324289e-05,0.00010962091095232781,0.0005825634245973394,1.5158356889982215e-16,2.8525579075007383e-08,0.0,0.0,0.9916583906116767,0.9791622164628939,0.02079803837620614,0.005149187936488176,0.003220560127505046
parameter hold-out,251,0.24,7.256128318781258e-05,8.269126496203782e-05,0.00048461027677251616,1.8452030147388036e-16,2.2101320526163936e-08,0.0,0.0,0.9912252128285419,0.9757139661772102,0.02377049674423065,0.004809000621034498,0.004477088910800873
parameter hold-out,252,0.28,8.459213885866966e-05,8.475732950050207e-05,0.0005571410114513859,1.9119440679246937e-16,2.033650959872519e-08,0.0,0.0,0.9906901891969004,0.9698169706197427,0.02821951757375977,0.00749805044986586,0.003776153231887124
parameter hold-out,253,0.32,8.006499652079147e-05,7.23802515450129e-05,0.0005257526009741097,2.972522945556226e-16,3.202416347806503e-08,0.0,0.0,0.9900169457735875,0.9585234938939665,0.035518748961508494,0.01287894921953492,0.003066147293744962
parameter hold-out,254,0.36,5.916112460784514e-05,4.6289760568775464e-05,0.0003313427965474804,2.112360769369721e-16,3.8930545107471914e-08,0.0,0.0,0.9891394623753873,0.9300004484105298,0.049295826283512374,0.029204286784166752,0.0023631603536775785
parameter hold-out,255,0.40,2.2692983847222687e-05,1.8815612893483617e-05,0.0001590595467941348,1.9174666410697646e-16,2.5552385099365355e-08,0.0,0.0,0.9879228757222683,0.7582067648746995,0.1700603843114398,0.08210261288497842,0.0016767815926165754
parameter hold-out,256,0.44,4.917446327865272e-05,4.550711490465953e-05,0.0007936199820079706,2.373722826209913e-16,2.963117194071584e-08,0.0,0.0,0.9862052294861201,0.7374392752193615,0.19931706691013668,0.0759887318100272,0.0010073766816916364
parameter hold-out,257,0.46,1.0500199526896674e-05,1.0335108127728186e-05,0.0001548899032698799,1.7250193779932468e-16,2.811885254274893e-08,0.0,0.0,0.9849056328667174,0.6016614717403271,0.3810672593208344,0.0316309528124526,0.0006764419468147237
parameter hold-out,258,0.48,2.6992187605510325e-05,2.7052953725723407e-05,0.0006933486272746384,3.634468409080877e-16,2.7069687727901052e-08,0.0,0.0,0.9830027170427,0.6808186796179606,0.3149617296308011,0.02060864866753067,0.0003436611545384271
parameter hold-out,259,0.49,2.0403982414158715e-05,2.0231427915116054e-05,0.0009647079451877035,8.772497871711164e-16,2.3425216285180974e-08,0.0,0.0,0.9812968608233444,0.8068231781801901,0.19238416195174232,0.019065296447863613,0.00017479921258480634
parameter hold-out,260,0.20,0.00012766367404992975,0.00017193839627998155,0.0005617871215626924,1.1979003493177262e-16,3.0035525045930966e-08,0.0,0.0,0.9828613027444677,0.964975529906761,0.02311793606517802,0.022950103501279972,0.0061263316448228735
parameter hold-out,261,0.24,4.9233449663874543e-05,6.319306183141137e-05,0.00023273881073849714,1.7574308470045912e-16,2.4786680846242678e-08,0.0,0.0,0.9815814564221867,0.9634466126033306,0.025479835444162567,0.02433963377847586,0.00513959017425953
parameter hold-out,262,0.28,0.00012605046518087437,0.00015174698435313808,0.0006333739288102911,1.3305740446838287e-16,2.7258016759212925e-08,0.0,0.0,0.9798577817299737,0.9606824305665012,0.029017916143405126,0.026188962865499828,0.004209790041618602
parameter hold-out,263,0.32,0.00010618017116686236,0.00012076017293510869,0.0005893313283650562,1.0639443183103563e-16,2.4394325766471744e-08,0.0,0.0,0.9774732373015174,0.955969482269685,0.034272859712376584,0.028895545004260156,0.003343927945971457
parameter hold-out,264,0.36,3.046927356978004e-05,3.169348079280008e-05,0.00018498715072916733,2.27224887330732e-16,2.7118269984697283e-08,0.0,0.0,0.9740091971249476,0.9477741172254714,0.04276617911580295,0.03290086913256206,0.0025386197359863094
parameter hold-out,265,0.40,2.3985568007416812e-05,2.5072669554150184e-05,0.00020766488929828392,1.286451432576838e-16,2.7497097103010005e-08,0.0,0.0,0.9685615391278818,0.9322772144843108,0.058335373393395736,0.03905871967070816,0.0017839794878248166
parameter hold-out,266,0.44,2.906324781009029e-05,2.2895024202057188e-05,0.00027151617436533843,2.062947858935784e-16,2.348662121944883e-08,0.0,0.0,0.9590382537308785,0.8977731658255813,0.09301583421371767,0.049092386213968865,0.0010649628321634194
parameter hold-out,267,0.46,2.877738790644009e-05,2.8843089707628537e-05,0.0005278981457385272,2.5858674485935593e-16,2.6823881989750843e-08,0.0,0.0,0.9508983426250662,0.8615352042477209,0.12981414935624863,0.05696248403497972,0.0007128959011952643
parameter hold-out,268,0.48,2.8554183288019857e-05,2.191074627313076e-05,0.0006739989652425258,3.4871294164095967e-16,2.6158105681769463e-08,0.0,0.0,0.9376917702298974,0.7916239233026217,0.2013158495942529,0.0690735116719026,0.00036088255928133563
parameter hold-out,269,0.49,5.904005042640037e-06,4.806986637197465e-06,0.0003176353712665814,7.045540638978259e-16,2.992215903585995e-08,0.0,0.0,0.9262488422038411,0.7279465835648662,0.2662156392313698,0.07941993971104988,0.00018248608293545455
parameter hold-out,270,0.20,6.251784038060293e-05,7.313806473730132e-05,0.000339912760274139,9.591662566009125e-17,3.633226492209215e-08,0.0,0.0,0.9990150831058044,0.9919490685468093,0.008898438852002715,0.00012642390193774085,1.3660548691293433e-05
parameter hold-out,271,0.24,7.215158709624611e-05,8.115002344789511e-05,0.0004343690382435101,1.336064375546333e-16,3.7203652461896954e-08,0.0,0.0,0.999142898344542,0.994323412875113,0.006375035101401501,0.0001480951275831123,1.237527226482468e-05
parameter hold-out,272,0.28,5.443150069336246e-05,5.9407267464156484e-05,0.00023270100316957732,1.2617720073767253e-16,3.820296142577779e-08,0.0,0.0,0.9992402222409791,0.9964820611250428,0.00407986646805724,0.00018550203367636743,1.0998212632554024e-05
parameter hold-out,273,0.32,9.986213565243456e-05,0.00010884670528210188,0.00048797358797509656,1.665676276648518e-16,3.211830093649823e-08,0.0,0.0,0.9993133615019183,0.9979056702684846,0.002505556143018365,0.0002635577756248455,9.491242749601405e-06
parameter hold-out,274,0.36,6.768251307486162e-05,6.794562969125462e-05,0.0003357635695661533,2.1780238403033787e-16,2.8435224484268057e-08,0.0,0.0,0.9993657986922655,0.9985569688927388,0.0015707827642313292,0.0004973330088168477,7.812120995342854e-06
parameter hold-out,275,0.40,2.8081931284362372e-05,2.610927093473797e-05,0.0002994098512879611,1.7188217951943128e-16,2.388072465646616e-08,0.0,0.0,0.9993978398215475,0.9970626211980665,0.0024804883310656847,0.0010532891763421685,5.916449541470408e-06
parameter hold-out,276,0.44,3.604256894627532e-05,2.9609580967725412e-05,0.0003475030393997239,3.148957849220905e-16,3.403974809662679e-08,0.0,0.0,0.9994082011665316,0.9961327888564804,0.003672053875841307,0.0007822728414169001,3.76560990752854e-06
parameter hold-out,277,0.46,3.6215539581513955e-05,3.62816654294028e-05,0.00038942255237433806,1.7021457714089836e-16,2.6894339311250642e-08,0.0,0.0,0.9993992361896641,0.9992191040859667,0.0007084543100435442,0.000670163481211942,2.5884455579562566e-06
parameter hold-out,278,0.48,8.709583771797674e-06,7.4450545089182115e-06,0.00022820445238971363,1.8135324512806672e-16,2.9335645130056762e-08,0.0,0.0,0.9996812044231854,0.9993727005328267,0.0006723385635305088,0.0002725378004312732,1.339021102756984e-06
parameter hold-out,279,0.49,6.062871063269057e-06,5.8987910379451056e-06,0.0002499173888276035,2.16502431631401e-16,3.102195107874558e-08,0.0,0.0,0.9997787129088604,0.9993394051831644,0.0006781760214689575,0.0002030603425453314,6.84629007687761e-07
parameter hold-out,280,0.20,0.00014602040940807728,0.00014297474507481148,0.0005472887936464417,1.3343567424768743e-16,2.3640876049718465e-08,0.0,0.0,0.9686899553539181,0.8636766172373621,0.14763967997076183,0.018073938654637554,0.0020066562203617066
parameter hold-out,281,0.24,0.0001378579542145479,0.00014166667916194048,0.0005902812676586633,1.2165683474546073e-16,2.4765132284420885e-08,0.0,0.0,0.9700714035201674,0.8572486974972757,0.14993407610342158,0.02081232792556775,0.0020254503659180704
parameter hold-out,282,0.28,0.00016700842491260397,0.00016435540343788556,0.0007520159817176465,1.546517388258787e-16,2.9317831818175005e-08,0.0,0.0,0.9709132632132947,0.8423136384812328,0.159972322530696,0.0249312256257044,0.0019901945354734297
parameter hold-out,283,0.32,0.00017842983534550378,0.00017187961092693447,0.000888219486905147,2.299782651117592e-16,2.6564412122634596e-08,0.0,0.0,0.9712144521380168,0.8117705951248555,0.18357418296982803,0.031724024928901425,0.0018807763409840127
parameter hold-out,284,0.36,0.0001411034099711257,0.00013993397619105493,0.0008541103931952372,2.268761974935948e-16,3.355461810429688e-08,0.0,0.0,0.970896640855756,0.747970088426263,0.23502900464529022,0.04463643506712925,0.0016811488656040966
parameter hold-out,285,0.40,7.618290368458075e-05,7.2849826367067e-05,0.000522319391317928,1.7257371767328677e-16,3.4194572112665545e-08,0.0,0.0,0.9697279103175135,0.6068099395705475,0.3464998064782242,0.07581352355228786,0.0013782568025834697
parameter hold-out,286,0.44,4.391201383782226e-05,4.2916127629916015e-05,0.0005751520784225997,1.354853866647503e-16,2.4237402108442677e-08,0.0,0.0,0.9675116898742327,0.4958060909968765,0.34516063004371517,0.19071172791582547,0.0009554369303390565
parameter hold-out,287,0.46,1.4048123534744222e-05,1.110815738500097e-05,0.00023830934243194727,2.6656760756138925e-16,2.8096869145179688e-08,0.0,0.0,0.9654553235312956,0.44405426424428496,0.3736004218688002,0.21622058751085368,0.0006899084527039145
parameter hold-out,288,0.48,1.6460984627632667e-05,1.4142443520419424e-05,0.0004065555270246147,2.308243717450619e-16,2.484292460198089e-08,0.0,0.0,0.9621036309118136,0.6704841415943962,0.23667258793139065,0.13023780761815384,0.00037755142753247877
parameter hold-out,289,0.49,2.0853183683179888e-05,1.8587894321876852e-05,0.0010996551331388593,1.6521709558882805e-16,2.8471267886039165e-08,0.0,0.0,0.9586092303913732,0.7931209437025146,0.14405145683786258,0.10385089255310492,0.00019905087357042746
parameter hold-out,290,0.20,0.000247427122658457,0.00027000538642722055,0.0008548917738246334,1.517051510042334e-16,3.4193336923885803e-08,0.0,0.0,0.9649268562006575,0.9557996125706164,0.038805036957636124,0.03228583703369938,0.00817231488009168
parameter hold-out,291,0.24,0.00024757584793754243,0.0002763747819737406,0.0009766423340168138,1.678670808766506e-16,2.262396787567129e-08,0.0,0.0,0.9616296383560183,0.9550783400025462,0.04069069518769177,0.035558570625268494,0.00701323143144838
parameter hold-out,292,0.28,0.00021519623657403802,0.00025237356826307886,0.0010140052712067818,1.5326354804479422e-16,3.16865058931625e-08,0.0,0.0,0.9571618987538296,0.9531940439540835,0.04364299760682385,0.04011439652462208,0.005827190752601388
parameter hold-out,293,0.32,0.0001602199770225161,0.0001806080118227611,0.0008482506821302136,2.382135232236597e-16,2.971169247349386e-08,0.0,0.0,0.9508030302144969,0.9496758897017226,0.04793768595162681,0.046850419510683854,0.004672431133902166
parameter hold-out,294,0.36,9.233711769530289e-05,7.264571387302591e-05,0.0004247017587048359,2.8065371260440027e-16,2.4264811780927533e-08,0.0,0.0,0.9435744084574558,0.9410993612336841,0.057432219202687984,0.054323675018484854,0.0035692719790965644
parameter hold-out,295,0.40,6.700651275656597e-05,7.045991344439536e-05,0.0005534536364558763,1.337937291612781e-16,2.3290665559665025e-08,0.0,0.0,0.9327722419862396,0.9246923749701899,0.07514679264189776,0.0649460485986137,0.002517914486196331
parameter hold-out,296,0.44,3.74001086586257e-05,3.382768588638382e-05,0.0004065356914302627,1.4635841251042612e-16,2.0674751536800875e-08,0.0,0.0,0.9120295769751432,0.892545886313498,0.10856194793153123,0.08546151342323012,0.0015062436518199637
parameter hold-out,297,0.46,1.7651162728532917e-05,1.5526193776651317e-05,0.0002638403149952625,1.8190247903925607e-16,2.8082927997177863e-08,0.0,0.0,0.8934292446276673,0.8622963544677402,0.1392622490702664,0.10402322781444567,0.001009087655810302
parameter hold-out,298,0.48,2.8334148149263314e-05,2.736109916942407e-05,0.0008723026119403514,4.3747788600817257e-16,2.925363400356898e-08,0.0,0.0,0.862533768112945,0.8096042666262592,0.19243246476740883,0.13507065850789218,0.0005109215076299803
parameter hold-out,299,0.49,1.5920003173302685e-05,1.1780824616446574e-05,0.0006906559963419052,2.852839579844713e-16,2.1710343433532255e-08,0.0,0.0,0.8363563672488566,0.7643031611628901,0.23778757280796228,0.16124828309536973,0.00025828760714743135
parameter hold-out,300,0.20,0.00022267764403100096,0.00022226572872933393,0.0006971258885831827,2.3712446512754883e-16,3.059696885798947e-08,0.0,0.0,0.9340428816259911,0.9113573825182862,0.07198610727447984,0.06296986395364584,0.01966053733800377
parameter hold-out,301,0.24,0.000157994955683886,0.0001912393079736857,0.0007049227677438837,2.477683101908684e-16,3.083371176138159e-08,0.0,0.0,0.9333809114864707,0.9036508786544702,0.07988120586824181,0.06684344957111231,0.01620118232496197
parameter hold-out,302,0.28,0.0002473847889624519,0.00029626792332510936,0.0012358063836951654,2.371286783927671e-16,2.898494526020411e-08,0.0,0.0,0.9310836230826353,0.8931554345274458,0.09082951234696492,0.07173225128801057,0.013085601446611353
parameter hold-out,303,0.32,0.00022706630545525283,0.0002610131523866978,0.0012723763284661245,1.3465272719072447e-16,3.382476106645007e-08,0.0,0.0,0.9266266624506637,0.878188050821144,0.10669554093375117,0.07807180081782851,0.010275720541404763
parameter hold-out,304,0.36,0.00012554771824438665,0.00013358562871959055,0.0007840964341462163,1.3278149828621066e-16,1.922495710089793e-08,0.0,0.0,0.9189810584260657,0.8554959161919383,0.1309543998389551,0.08676690593828656,0.00772397468753198
parameter hold-out,305,0.40,8.223900035523655e-05,6.41430507352475e-05,0.0004716004730163485,2.0126987320705829e-16,2.5776015022331915e-08,0.0,0.0,0.905953363724484,0.8180943967707811,0.17070303391563638,0.0998712006600682,0.005377951164529129
parameter hold-out,306,0.44,4.8208508678700104e-05,3.516943025389352e-05,0.0004023458038631178,1.3056959664789298e-16,2.332380403041728e-08,0.0,0.0,0.8828196855120848,0.7496253630981186,0.2421696962562548,0.12220258670780997,0.0031802605174893602
parameter hold-out,307,0.46,3.6997454729762395e-05,3.700857388172589e-05,0.0006392780461534955,1.6296486036849724e-16,2.8007120662861203e-08,0.0,0.0,0.863459817645528,0.6920849603091042,0.3013721155152985,0.14084450459572773,0.0021184132197628732
parameter hold-out,308,0.48,3.1320090025091804e-05,3.135647325236636e-05,0.0009824013767822048,1.871099977268777e-16,1.855612191627481e-08,0.0,0.0,0.8338086090587745,0.6065481654256788,0.38859387184266747,0.17026231444944073,0.0010679957764773331
parameter hold-out,309,0.49,2.1260809394465798e-05,2.038973425277922e-05,0.0011400836826262045,2.265031342269924e-16,2.3845422305024437e-08,0.0,0.0,0.8096046400598739,0.5464133819152764,0.4490833262430808,0.19396489581543155,0.0005390362600471808
parameter hold-out,310,0.20,0.00031119291560239556,0.00039258001230554055,0.0012915700416432628,1.2705695956119814e-16,3.224454619956659e-08,0.0,0.0,0.9159744414681749,0.8779351833267582,0.12194281747912417,0.05722041296881448,0.027204830634251578
parameter hold-out,311,0.24,0.0003793316975456538,0.0004667130267038024,0.0015186088750647167,1.2164150436695807e-16,2.8258280615174775e-08,0.0,0.0,0.916990399437529,0.8574699691420987,0.14331358291582919,0.06011414536508068,0.022511328637077305
parameter hold-out,312,0.28,0.00029765985258706055,0.0003544733950050844,0.0012609499068629505,1.8774471511971633e-16,2.5698798033045186e-08,0.0,0.0,0.9167628810908235,0.827970868712213,0.17373991992158674,0.0637808217435978,0.018107526559873025
parameter hold-out,313,0.32,0.00014549514617837655,0.00016603828143415696,0.0006727893095035556,2.4128613030876743e-16,2.0176645748824402e-08,0.0,0.0,0.9150374088545806,0.7833804302590808,0.21911844161526317,0.06861338262281406,0.014080278798898803
parameter hold-out,314,0.36,0.000146842378375414,0.00015241490473579292,0.0008418577296740405,1.6180298008021403e-16,2.8143819078134156e-08,0.0,0.0,0.911298709954294,0.7127005298210592,0.2903111465459364,0.07543835906569137,0.010446566970845401
parameter hold-out,315,0.40,0.00020944455710154465,0.00021016650377090368,0.00147146900502765,1.5942355431637125e-16,3.200601233471158e-08,0.0,0.0,0.904478589242298,0.5981386663308913,0.4014971026283025,0.08911074090134101,0.0071729269720326345
parameter hold-out,316,0.44,0.00010380376582499,9.660296813507343e-05,0.0008484387411790959,1.9815310382589644e-16,2.7531403915005422e-08,0.0,0.0,0.8926290335091299,0.579557433642122,0.427132689058419,0.09702191061136081,0.004186754309103868
parameter hold-out,317,0.46,7.570702693779694e-05,6.585473750681533e-05,0.001021873951998693,1.282085125553803e-16,2.603781719525288e-08,0.0,0.0,0.8829252479919832,0.6797558605268438,0.3282350672873793,0.10648289784878717,0.0027717497355207363
parameter hold-out,318,0.48,5.0794588675634364e-05,4.7154218077378e-05,0.001021449193782138,2.5228419753140747e-16,2.944287438756902e-08,0.0,0.0,0.8682915189713851,0.7752315724699189,0.23396608224312226,0.1213107569479415,0.0013856027665015232
parameter hold-out,319,0.49,2.0562899529363787e-05,1.926112169412805e-05,0.0008579903081361801,7.526410114118862e-16,2.5457129793067594e-08,0.0,0.0,0.8566563680000531,0.8191679785099751,0.19059325359760954,0.1330361041295458,0.0006986157030177805
parameter hold-out,320,0.20,0.00014557028565012907,0.0001569218712935279,0.0005935565794925191,1.4199128131928043e-16,3.463841582538168e-08,0.0,0.0,0.9451008262665112,0.8885410294141576,0.10419227455212192,0.03320758642163779,0.02896041552582873
parameter hold-out,321,0.24,0.00014095001582749473,0.00013174291060344745,0.000526655508908548,2.116001964730032e-16,2.0909356552906507e-08,0.0,0.0,0.9419458040302541,0.8794277212569326,0.1155348115979034,0.03581377102332489,0.027297988291247265
parameter hold-out,322,0.28,0.00015838108700725004,0.00016972519670534732,0.000773025527920344,2.514883518530505e-16,2.7325611948328232e-08,0.0,0.0,0.9377453296184394,0.8657089948335343,0.13104429574785748,0.043646184294113016,0.021831782574560785
parameter hold-out,323,0.32,0.0001496931661521043,0.0001695388689740974,0.0009289375449888046,1.3101181383566273e-16,2.5738073472205504e-08,0.0,0.0,0.9321314255853128,0.8447157739235922,0.15335332413597882,0.052809504632763876,0.016899354106234277
parameter hold-out,324,0.36,0.00010830297037979148,0.00011756105190840101,0.000793385797972913,1.5780019882095487e-16,2.380930611091976e-08,0.0,0.0,0.9244233278280976,0.8112511737829853,0.1875743374478875,0.06411919461598432,0.012494314745995569
parameter hold-out,325,0.40,7.861884014448568e-05,6.963784035423719e-05,0.0006207357363628912,2.746895362901695e-16,2.6058453380489354e-08,0.0,0.0,0.9132210857322921,0.7544794382174169,0.24439252885238522,0.07914815806841011,0.008552666048024904
parameter hold-out,326,0.44,4.338049359048286e-05,4.102356550571341e-05,0.0004861707017476981,1.4394915302952084e-16,2.7620453821989456e-08,0.0,0.0,0.896065563541521,0.6515289705197046,0.3465901994547527,0.10063788205123243,0.004976095544352855
parameter hold-out,327,0.46,6.115007875054115e-05,6.169947928129286e-05,0.001234694434786481,1.133537633632072e-16,2.311974330593869e-08,0.0,0.0,0.8827818509364022,0.5705208386007624,0.4270519496787779,0.11608284530640707,0.003289783765685862
parameter hold-out,328,0.48,1.7896618104986918e-05,1.6115253991356292e-05,0.0005628968506367375,2.32210374740042e-16,3.0715524903887846e-08,0.0,0.0,0.8634273916160987,0.5335913455311571,0.4633048347503409,0.1379733294794336,0.001646167494894317
parameter hold-out,329,0.49,2.4120845294026763e-05,1.896413359334497e-05,0.0013846410519822098,6.01120378701827e-16,2.8491775746435e-08,0.0,0.0,0.8473541586924954,0.598028215646069,0.3987558181263114,0.15500883319583283,0.0008293771265489703
parameter hold-out,330,0.20,0.0001253402494476697,0.00014089099032212914,0.000844750990548858,1.9576351714771667e-16,3.1133289721312004e-08,0.0,0.0,0.9980880594233684,0.6515983274632958,0.34970627133627546,0.00036146858179362325,0.00010229970621888389
parameter hold-out,331,0.24,7.985176520299345e-05,8.049752185888312e-05,0.0005550418247314863,1.7200493659408003e-16,3.6311821346622313e-08,0.0,0.0,0.9983554738921869,0.7596070695020265,0.2416024791285506,0.00037628454141792374,9.003773006004786e-05
parameter hold-out,332,0.28,8.071835873807089e-05,8.607588565027979e-05,0.0006249148546139504,2.7146676227799683e-16,3.688350850584176e-08,0.0,0.0,0.9985657528929734,0.8724946822531435,0.12845378988157713,0.00039646923837328947,7.728627386599524e-05
parameter hold-out,333,0.32,0.00011292359047658516,0.00012194439217009189,0.0007600680349248259,1.177310422898093e-16,4.1415083397739925e-08,0.0,0.0,0.9987313073383408,0.9431861442705358,0.05753243637384681,0.00042708978514885697,6.416068205931641e-05
parameter hold-out,334,0.36,0.00015498639201315043,0.00016379316143136995,0.001004273785233487,1.9608840622200645e-16,3.8204887586985326e-08,0.0,0.0,0.9988599110418548,0.975924148082992,0.02463702561469959,0.00048326007201318063,5.070750989149506e-05
parameter hold-out,335,0.40,0.00010899099692958662,0.00011282464687273978,0.0009467449599598355,1.835323639918696e-16,2.6381670892184328e-08,0.0,0.0,0.9989544719403273,0.9896305481577397,0.010721437897143207,0.0006407070009546912,3.688167935465069e-05
parameter hold-out,336,0.44,4.156273176430986e-05,3.253334829630855e-05,0.0004606380079174267,2.1464054333402652e-16,3.1401836566749685e-08,0.0,0.0,0.9990265147599182,0.9934372624091944,0.004790667883451808,0.0027225624017996044,2.2594561718088622e-05
parameter hold-out,337,0.46,3.9577337775869114e-05,3.408889917785378e-05,0.0009163642272977154,1.2027925522911387e-16,3.1478509844383024e-08,0.0,0.0,0.9990429885955416,0.9761597609508528,0.021574267534126598,0.0032138270874906383,1.5271784704936057e-05
parameter hold-out,338,0.48,8.888821738883003e-05,8.795233681157075e-05,0.001875711842418931,1.5328647486546065e-16,2.9264915478201272e-08,0.0,0.0,0.9990379423650311,0.9976967032793669,0.0021615799517594875,0.0011028393185845526,7.792454331061916e-06
parameter hold-out,339,0.49,3.825940794587619e-05,3.763899261471483e-05,0.001463631503335734,3.7298428340399833e-16,3.123575501770779e-08,0.0,0.0,0.9990009361847106,0.9984350352033847,0.0017834531867878492,0.0007798206946034668,3.977613181640415e-06
parameter hold-out,340,0.20,0.00017157894420822542,0.00019250922118651208,0.0010888913633547112,1.2777862088008156e-16,3.865330177662957e-08,0.0,0.0,0.9996178489156388,0.9225165517758378,0.0776228233226345,0.00025932207550028786,4.181577231793603e-05
parameter hold-out,341,0.24,0.0002077396420169783,0.00023340459081705589,0.0013323497114621362,1.3796252840815996e-16,3.339269292162941e-08,0.0,0.0,0.9996388724934049,0.9648483881183468,0.035218500901481015,0.00030407315483578067,3.920460646864575e-05
parameter hold-out,342,0.28,0.00019428097199531954,0.00020672342819071083,0.001293338402167147,1.1576931507852278e-16,3.0927432312061524e-08,0.0,0.0,0.999653680544048,0.9868117080855764,0.013138142588095012,0.0003735968836327117,3.606836583940612e-05
parameter hold-out,343,0.32,0.0001720078225259647,0.00016053134907491426,0.0012180839546122838,1.227213536210226e-16,4.7639816448160715e-08,0.0,0.0,0.9996628793208927,0.9949789634810409,0.004831337512757665,0.000494673958088954,3.231133676650058e-05
parameter hold-out,344,0.36,0.00016931740785523477,0.00015325284972886544,0.0014937250584288755,1.1349368625149866e-16,2.7937910581915625e-08,0.0,0.0,0.9996662727474548,0.9976177442300073,0.0019384746265719108,0.00074887915477612,2.779788104893679e-05
parameter hold-out,345,0.40,0.00015853658536107412,0.00015692599425997161,0.0016771491612975757,1.9155117592406724e-16,2.630862056810601e-08,0.0,0.0,0.9996621558506025,0.9978800761613765,0.001517141717626106,0.0009202458712934406,2.2310950176843488e-05
parameter hold-out,346,0.44,0.0001283554684909759,0.00012224817130111558,0.0017076120756453282,2.237284687871316e-16,3.103697920040147e-08,0.0,0.0,0.9996524316767629,0.99134922586911,0.008444540308273182,0.0005586037301983897,1.5423667819015322e-05
parameter hold-out,347,0.46,8.844806099826379e-05,8.872618299892214e-05,0.0014837895199677296,1.569387939534149e-16,2.9302793892524157e-08,0.0,0.0,0.9996389002324789,0.6842484529953425,0.3160251632714995,0.00048400480677077005,1.1213083956936219e-05
parameter hold-out,348,0.48,0.00012852544798024342,0.00012845171284206597,0.0028252305304757946,1.660565344060146e-16,2.1888671716623513e-08,0.0,0.0,0.9996132902356111,0.9931858817160647,0.0067777283723074394,0.0004546601230868835,6.237772366755877e-06
parameter hold-out,349,0.49,4.363454288359947e-05,4.3661313452939244e-05,0.001945616390469813,1.6167383749652785e-16,2.7146413123066714e-08,0.0,0.0,0.9995808591265478,0.9975233261515657,0.0024326001867223624,0.0004686111724883053,3.3288858364412418e-06
parameter hold-out,350,0.20,0.00015305768971038498,0.00020132420884670866,0.0006645120635673052,1.4306361759626212e-16,2.7310058716663595e-08,0.0,0.0,0.8453723487718995,0.8213358296933513,0.1962259464455943,0.09728892409570519,0.03993870921590331
parameter hold-out,351,0.24,0.00018895001480280862,0.00022828916737203833,0.0007727243966479313,2.3110175367328853e-16,2.6684122745404867e-08,0.0,0.0,0.8471638419128853,0.7975256278748268,0.21976866849356383,0.10272828622732565,0.033098523860086125
parameter hold-out,352,0.28,0.00010559457661374286,0.00011590366862311135,0.00046847287965678307,1.5743978309237248e-16,3.1280759069116386e-08,0.0,0.0,0.8467719297523264,0.7649287930855091,0.2514590648028083,0.11015246302201953,0.026748813856339485
parameter hold-out,353,0.32,0.0001698588810788708,0.00019479001481202451,0.0007371045326032051,1.2839598637384693e-16,3.656443445471326e-08,0.0,0.0,0.8437060679197085,0.7190211980781211,0.29312578522845223,0.12292272506552811,0.020949057956690244
parameter hold-out,354,0.36,0.0001875719267884978,0.00019867909926786482,0.0009213570016616608,1.4330708873534556e-16,2.647392745939786e-08,0.0,0.0,0.8370227139891655,0.6527065567614765,0.3218520244697523,0.17242599471489162,0.015681824153871208
parameter hold-out,355,0.40,0.00022710820935935272,0.00021052969310469304,0.0014529030157537114,1.6741321681072216e-16,3.0436117368278527e-08,0.0,0.0,0.8247958822073332,0.5560952182837566,0.40342429173405947,0.20510633162791309,0.010878255862100769
parameter hold-out,356,0.44,0.0001548492480924464,0.00012851952313067225,0.0015707918531218021,2.504487946984231e-16,3.21304143162745e-08,0.0,0.0,0.8035438293453168,0.5805233498632596,0.4224712972565981,0.18792614766142962,0.006423678417944453
parameter hold-out,357,0.46,0.00011126257236169354,0.0001051787066039746,0.00179566643248522,3.350742350741087e-16,2.4297071722744096e-08,0.0,0.0,0.7861407582694857,0.6644333230603942,0.3440656893413162,0.2015171065889317,0.00428189010112414
parameter hold-out,358,0.48,3.534600524157933e-05,3.337146301017241e-05,0.0010904999472247903,4.851441718442388e-16,2.5005449377385377e-08,0.0,0.0,0.7601453267318088,0.7483104390170097,0.2639711228804911,0.22573653291516058,0.002158218444652384
parameter hold-out,359,0.49,5.152727058568909e-05,3.753456597964639e-05,0.0024057823493096866,9.785981597034302e-16,3.021216642363481e-08,0.0,0.0,0.7897342030333111,0.7402059414397111,0.24556985688306893,0.22389948083727956,0.0010939511456432617
parameter hold-out,360,0.20,0.00023876141069300444,0.0002521471440873375,0.0008249626208228496,1.306178811542909e-16,2.71931507765679e-08,0.0,0.0,0.9951199291382405,0.9939369485716127,0.006079122768579864,0.00381716732983491,0.0010449537499362727
parameter hold-out,361,0.24,0.00016050374849273886,0.00017322898168498023,0.0006306682331555241,1.4061085312338298e-16,2.3231229506205833e-08,0.0,0.0,0.9950102726329362,0.9934434681363697,0.006518099217325128,0.004129515536873547,0.0008955535135770473
parameter hold-out,362,0.28,0.00010377965949292549,0.00012224844709158284,0.0005088919145674887,2.191721578029163e-16,2.7534988577914414e-08,0.0,0.0,0.9947759063407379,0.9927085283396229,0.007224398100964097,0.004542282538580142,0.0007439256240244559
parameter hold-out,363,0.32,6.580203705823824e-05,6.734311219162957e-05,0.000336524448395143,2.0413278337452537e-16,2.5332207192942447e-08,0.0,0.0,0.9943668470493742,0.9915738438195405,0.008346761177079848,0.005114392668990252,0.000596385904374773
parameter hold-out,364,0.36,7.928926150940622e-05,8.705649434526591e-05,0.0005193773334889978,1.678990205305076e-16,2.323975208802324e-08,0.0,0.0,0.9936809187937881,0.9896929043774104,0.01022319426321578,0.005957913183856152,0.00045533936305293757
parameter hold-out,365,0.40,8.902757155370524e-05,8.553045504332548e-05,0.0006502905384176913,1.3771172701815987e-16,2.800000094257596e-08,0.0,0.0,0.9924872375980601,0.9861617753327647,0.013735444034695704,0.00731732208384729,0.0003208339384965569
parameter hold-out,366,0.44,3.988738571300625e-05,4.041588484247312e-05,0.0004989876721874387,1.6165054025509057e-16,2.0508178344473643e-08,0.0,0.0,0.9902104339518357,0.9779053303793486,0.021863556974967585,0.00984585210174176,0.00019146605656236365
parameter hold-out,367,0.46,1.2866422786048707e-05,1.2988382560501462e-05,0.00021638667426285082,1.8746594812996843e-16,2.369945696698849e-08,0.0,0.0,0.9881350749696305,0.9682858678105447,0.03120000857006428,0.012238774113406696,0.00012801480198799424
parameter hold-out,368,0.48,1.7986530511032887e-05,1.7631709539530023e-05,0.000602633836927718,1.6068875855647147e-16,3.6700158282707214e-08,0.0,0.0,0.9845453680115792,0.9457762894344841,0.05201987320611311,0.0175745401073146,6.462472621504304e-05
parameter hold-out,369,0.49,8.452888802699438e-06,7.535067820663927e-06,0.0005097256099813731,5.07553243248619e-16,3.040807239743772e-08,0.0,0.0,0.9812884613869415,0.9185054222743279,0.06848289567615959,0.03168385915601642,3.266475136283037e-05
parameter hold-out,370,0.20,0.0001734319234991546,0.0002059229264700943,0.0010243356063558379,1.3530608075067248e-16,2.8726612434771373e-08,0.0,0.0,0.959932024370136,0.6060782668387624,0.33024619265990796,0.07474612465746402,0.028883241417245756
parameter hold-out,371,0.24,0.00010859077427413235,0.00010881021236418597,0.00039377939058653417,2.1840728695430158e-16,3.8604595033967365e-08,0.0,0.0,0.9586102988023891,0.5194993397843698,0.41223390756466566,0.08413644771788698,0.02570042713647872
parameter hold-out,372,0.28,0.0001172587143695674,0.00011215064283051828,0.0004620250703510448,1.3568152897053269e-16,2.279943920671743e-08,0.0,0.0,0.956919788097885,0.5075945210569149,0.41475843029113885,0.0987218654948064,0.022212664382636048
parameter hold-out,373,0.32,9.468791584067008e-05,8.401421037158742e-05,0.0005959941257666882,1.3665387295526877e-16,4.2671060429565855e-08,0.0,0.0,0.9547841569878076,0.599919591263352,0.30280947130555486,0.12406761441221012,0.018496910815206224
parameter hold-out,374,0.36,0.0001026886476826315,8.6229940805056e-05,0.0005300030597541997,1.2397890142685438e-16,3.0259626425490326e-08,0.0,0.0,0.9520387015172361,0.6563206996871581,0.20149143810732656,0.17561677227378023,0.01463111414323882
parameter hold-out,375,0.40,0.00019954625644051364,0.0001986024541202314,0.0014464761004467767,1.9741020053505805e-16,2.3507272490048133e-08,0.0,0.0,0.9483022411493307,0.6153055189957926,0.3019091879547671,0.12428018879333937,0.010667141015421914
parameter hold-out,376,0.44,0.00010957880163913436,0.000111464711583967,0.0010877380868338845,2.7398903488411083e-16,2.049120915719315e-08,0.0,0.0,0.9431284745481829,0.5902938798618681,0.38712587894999234,0.07327611712011395,0.006590606400352809
parameter hold-out,377,0.46,5.358352720233259e-05,5.404281628626728e-05,0.000734933413459141,2.004927088300543e-16,2.2239718304481116e-08,0.0,0.0,0.9392948272377235,0.750506904285925,0.24947686204144523,0.05599531750191614,0.0044876776920893665
parameter hold-out,378,0.48,3.502837710498198e-05,3.511048704785642e-05,0.00092335700866368,1.126361168882401e-16,2.2532399253489913e-08,0.0,0.0,0.9338719574530654,0.8621544547636077,0.15805773251819008,0.043402821882772356,0.0023145323346746337
parameter hold-out,379,0.49,1.368051715667972e-05,1.2284654586184608e-05,0.0006096311583172234,4.865132752159893e-16,3.3767440876741935e-08,0.0,0.0,0.9293563388032412,0.9001716873989485,0.1305344037743939,0.03875294385123316,0.001185413418007748
parameter hold-out,380,0.20,5.485082045121968e-05,5.6873911361352456e-05,0.0002322498243844927,1.143460921201144e-16,3.336350378398087e-08,0.0,0.0,0.9958202585060846,0.7074481716192625,0.29605958246974623,0.0006562302362873879,5.161526902481414e-05
parameter hold-out,381,0.24,6.038393817527439e-05,6.71251689909954e-05,0.0003288597826313851,1.6305334334140486e-16,2.304139160043696e-08,0.0,0.0,0.9962843532444713,0.5016675343614492,0.5012784688275225,0.0007572281710464764,4.8456655195571596e-05
parameter hold-out,382,0.28,3.069198752493391e-05,3.111291668057223e-05,0.00012663698650859244,9.527271677695367e-17,3.5341569531336454e-08,0.0,0.0,0.9966432677360396,0.8007019261209125,0.2016502603782733,0.0009236775046258757,4.492377728644912e-05
parameter hold-out,383,0.32,7.092578585515646e-05,7.813110482248943e-05,0.00035436623775183265,7.352485818232116e-17,3.679963948623847e-08,0.0,0.0,0.996913886065946,0.9410845842772513,0.06067696639495605,0.0012453773701360605,4.0556036682685944e-05
parameter hold-out,384,0.36,7.105716284724213e-05,7.598113785296615e-05,0.0003848512489101727,1.4252595342376476e-16,3.19893084728292e-08,0.0,0.0,0.9971036362433968,0.9793848380195388,0.021387974095789297,0.002072745106491301,3.490023211227225e-05
parameter hold-out,385,0.40,4.177324977451449e-05,4.349103314966154e-05,0.0002657980128618121,1.873470702527805e-16,2.70585207238633e-08,0.0,0.0,0.9972073738983996,0.9870020892045911,0.009459937074656442,0.0062958326317904476,2.7563204023835316e-05
parameter hold-out,386,0.44,4.5870171888735294e-05,4.320650387653572e-05,0.0003810674398366747,1.4961500754888582e-16,3.093771221953701e-08,0.0,0.0,0.9972151005965301,0.8294909892598528,0.16792938257846823,0.005249671868102948,1.824938995706005e-05
parameter hold-out,387,0.46,3.242671382968855e-05,3.2045378090837104e-05,0.00037005377921808916,2.5515005531801917e-16,3.045149130674608e-08,0.0,0.0,0.9971515424585231,0.9906063603448171,0.007952984578138542,0.004270595911524394,1.2789778189188284e-05
parameter hold-out,388,0.48,3.3429480348920483e-06,2.7117289643974912e-06,8.11317944659381e-05,2.3409972795877133e-16,3.0467873185293785e-08,0.0,0.0,0.9970325078840251,0.9970014548789585,0.0037250282461032827,0.00223443636209749,6.744340547348909e-06
parameter hold-out,389,0.49,4.76414658690027e-06,3.832552379157183e-06,0.0002869726576564759,4.90221975964126e-16,3.4936673891100295e-08,0.0,0.0,0.9980532499574917,0.9968253372478628,0.0036275676203025983,0.0014916493288048577,3.4832356954844172e-06
parameter hold-out,390,0.20,0.000484465741949539,0.0006189061436391828,0.0017436817882396764,2.174467092852531e-16,3.059271438581262e-08,0.0,0.0,0.8368888737222581,0.8319276251924744,0.14211112476195734,0.137250081674263,0.05152654334956496
parameter hold-out,391,0.24,0.00031927073651741723,0.0003602465229310663,0.0011512915140024689,1.8331659038620388e-16,2.5752101291494802e-08,0.0,0.0,0.8298956340188198,0.8223949235210355,0.1657455038319646,0.14058645414670884,0.04151332701940322
parameter hold-out,392,0.28,0.00021704919590979403,0.000264058646407746,0.0009798651173607619,1.7639568911889663e-16,2.3805103514521892e-08,0.0,0.0,0.8246097263978563,0.8033171274634954,0.18980029168211296,0.14951710645367225,0.03299258941129592
parameter hold-out,393,0.32,0.00011680497603876667,0.00013607232321099822,0.0005932555398125411,1.8882993893341119e-16,2.5022687800234057e-08,0.0,0.0,0.815002473438414,0.7774893510002,0.21581794811689184,0.1663018023817605,0.02559345236708096
parameter hold-out,394,0.36,0.0001443383277237683,0.00016056063235019892,0.0007556404298134248,1.428297274696602e-16,2.960562665487066e-08,0.0,0.0,0.799153224426349,0.7411862698606936,0.25356209861121054,0.1873420142315297,0.01905779290705594
parameter hold-out,395,0.40,0.0002672395406567698,0.0002627658421270827,0.0016153061587340718,1.3782624947061812e-16,2.4825352294425928e-08,0.0,0.0,0.7732885444550538,0.6876280804040108,0.30885127682428315,0.21748294802457482,0.013181574998182847
parameter hold-out,396,0.44,8.83380157561012e-05,7.428968782656814e-05,0.0007007069400922529,1.2529817573363519e-16,2.6910104329340536e-08,0.0,0.0,0.7303097423451959,0.6050374268245313,0.3924556932372779,0.2645416341268451,0.007772447107832535
parameter hold-out,397,0.46,9.403243589365054e-05,9.439106339468384e-05,0.001222897768799659,2.329423781682848e-16,2.7130592689652653e-08,0.0,0.0,0.69642421814343,0.5470448077489062,0.4503029905731419,0.3003674905365279,0.005182875922849331
parameter hold-out,398,0.48,3.380668763667445e-05,3.382432388301136e-05,0.0009633500207390512,1.535319473600886e-16,1.9428348985089814e-08,0.0,0.0,0.6476039707808234,0.52372781972343,0.47492358831788023,0.3515366737723545,0.002622286886665173
parameter hold-out,399,0.49,1.3082485382142981e-05,1.0922069301406485e-05,0.0005294665093988546,4.483531811162802e-16,2.8177824865165503e-08,0.0,0.0,0.6113432429829164,0.5689357780725371,0.43028924941648444,0.3881867173002036,0.0013285563073829716
parameter hold-out,400,0.20,0.0001742240742250939,0.00020224062388960834,0.0012726162663841412,2.1374872552049755e-16,3.296641846619185e-08,0.0,0.0,0.9713100203467705,0.9174159414217585,0.056926950445681176,0.037277265702771886,0.016991940954995316
parameter hold-out,401,0.24,0.00017516605925650225,0.00015982817242891754,0.000762578640057308,1.9740559269645823e-16,3.387716476819165e-08,0.0,0.0,0.9703463757055946,0.8977281707878253,0.06511448930786992,0.051409608852980036,0.015427737422115081
parameter hold-out,402,0.28,0.00019702567728018563,0.00016702432647790538,0.0009642954448250943,3.4926928775577137e-16,3.618943305096513e-08,0.0,0.0,0.9691853690557236,0.8836533233150026,0.07781759982258746,0.05569217713303326,0.013652915360471262
parameter hold-out,403,0.32,0.00017188640958185945,0.00016033156600844364,0.001159733980317194,2.2414352467608206e-16,4.182854054189204e-08,0.0,0.0,0.9677669912594048,0.8688183458206232,0.09975024060233666,0.05188957544447381,0.011680282919149632
parameter hold-out,404,0.36,9.090189198826315e-05,8.656622922835739e-05,0.0007148945561416385,2.3654551234506307e-16,2.373498622682687e-08,0.0,0.0,0.9659745563305672,0.8361101384216258,0.1439085545193812,0.044404667939444364,0.00952410115155124
parameter hold-out,405,0.40,0.00015237556663223013,0.000149347012681656,0.0009358090466575586,1.791495663324295e-16,3.033169419808135e-08,0.0,0.0,0.963536958388383,0.7397524624792949,0.25302212244445776,0.03683494992200553,0.007185711794057629
parameter hold-out,406,0.44,0.00014110791879308343,0.00013917448655964063,0.0012352675078863235,1.2845636866568106e-16,3.3465800086644554e-08,0.0,0.0,0.9602874503041297,0.5369156539240463,0.4675930734194779,0.0310877685648075,0.004618141916267015
parameter hold-out,407,0.46,9.985718570089287e-05,0.00010055405251120818,0.0020415908883498605,1.321670448195291e-16,4.0057318233137244e-08,0.0,0.0,0.9577870889713023,0.7251896322558131,0.28404915554871524,0.029424172374156024,0.0032165076464593084
parameter hold-out,408,0.48,4.242410130592698e-05,4.01980477475161e-05,0.0022157633088190545,1.7266790871688607e-16,3.2265461525931316e-08,0.0,0.0,0.9540823211517986,0.8618831127655452,0.15314057374735843,0.029081215260201822,0.001704750484078369
parameter hold-out,409,0.49,3.377383503098451e-05,3.0454369486483608e-05,0.002374700896776278,2.341781231502111e-16,2.4195535522282548e-08,0.0,0.0,0.9506239688324251,0.9059369269657686,0.1124018216929329,0.03006509117926389,0.0008869353068628249
parameter hold-out,410,0.20,0.00024142343264567126,0.0002947128041703479,0.000949028389150245,1.556398737029859e-16,2.726458606506599e-08,0.0,0.0,0.8992908141975806,0.8855716974203881,0.16592574360202797,0.04698101008063736,0.002012612062315823
parameter hold-out,411,0.24,0.00019103503030453722,0.0002297746068110568,0.0008405270416781613,1.7887521464911184e-16,3.243919514372485e-08,0.0,0.0,0.8920150570528407,0.8858333955560448,0.1637856022970785,0.05592335815016093,0.002233098636416395
parameter hold-out,412,0.28,0.00016258592647632847,0.00018841377316391634,0.0008172203429385038,1.3631145879968103e-16,3.2764053414837855e-08,0.0,0.0,0.896722739795236,0.8624840333840215,0.16838825341470612,0.06983647498133062,0.0023384667830903547
parameter hold-out,413,0.32,0.00013067549260459505,0.00012909908631997735,0.0007623258304681974,2.2136314479261519e-16,2.38116375033014e-08,0.0,0.0,0.8995886011683463,0.8191142137658565,0.18506772743962122,0.093688235412816,0.002296139867032989
parameter hold-out,414,0.36,0.00010695697154589987,0.0001099890688156303,0.0008498107653866773,1.7326732875961963e-16,2.9763241601446624e-08,0.0,0.0,0.9002789571001697,0.7291995989273745,0.22776113578166823,0.14046682600948224,0.0020899494342900057
parameter hold-out,415,0.40,9.911891205766185e-05,0.00010201069702823536,0.0009736025997568961,1.940214568328583e-16,3.2701797258031894e-08,0.0,0.0,0.8979705408895188,0.532348027744431,0.3190296489201873,0.24880660450670408,0.0017160925795585357
parameter hold-out,416,0.44,6.745107214268174e-05,6.124276496869183e-05,0.0008291032955411271,1.9292124869171095e-16,2.2037251093171316e-08,0.0,0.0,0.8910412067159057,0.5051667173144677,0.33416360887856,0.26834769989081847,0.0011736171937827642
parameter hold-out,417,0.46,6.047753169650343e-05,5.850063714978028e-05,0.0010521268671610038,3.427136561405412e-16,3.064798659402372e-08,0.0,0.0,0.8842357848862789,0.6791662185041234,0.24144732370770147,0.1940816927334697,0.0008365256370907778
parameter hold-out,418,0.48,2.2166516228586206e-05,2.093876705571868e-05,0.0006885203993100584,3.461252866502735e-16,2.5907144641070214e-08,0.0,0.0,0.8730283268144317,0.8213626898989865,0.16249836885401056,0.14244897150766195,0.0004493418778506202
parameter hold-out,419,0.49,1.694242681714112e-05,1.6552009074285736e-05,0.0008400246421860506,3.6639582514477014e-16,2.267215702395924e-08,0.0,0.0,0.8728954751718493,0.8632374170466175,0.15882924797347964,0.10454475715139053,0.0002343592217482277
parameter hold-out,420,0.20,5.819834073527592e-05,6.21475762536345e-05,0.00024512159564423576,1.9540021259758485e-16,2.6221613283901764e-08,0.0,0.0,0.9999772668727988,0.9998951719992502,8.98482226898833e-05,3.0575404319700405e-05,7.087448725188824e-06
parameter hold-out,421,0.24,6.8623829414134e-05,7.422339221784639e-05,0.0003424118805999619,1.734279871366071e-16,3.1285446887961065e-08,0.0,0.0,0.9999769663591191,0.9998872895836602,9.602440249638728e-05,3.349606760151609e-05,6.167114327998123e-06
parameter hold-out,422,0.28,0.00010482937907869733,0.00011459589224916119,0.000593192914892091,2.32204130359027e-16,2.5013373520877326e-08,0.0,0.0,0.9999762273242744,0.9998733161930571,0.00010756634450226267,3.756703828139441e-05,5.229235487013723e-06
parameter hold-out,423,0.32,0.00010533530595382622,0.00011597371986124945,0.0006969580167964929,1.8756943746041147e-16,2.3766809349807848e-08,0.0,0.0,0.9999749323384817,0.9998482411022941,0.00012876600500766054,4.367483107489921e-05,4.2849358139644246e-06
parameter hold-out,424,0.36,7.334452073291925e-05,7.616377956013974e-05,0.000573884787449235,2.430320150864836e-16,2.254758944885143e-08,0.0,0.0,0.999972841969706,0.9997986754299728,0.00017124234355822803,5.3902087253076665e-05,3.3423106254197252e-06
parameter hold-out,425,0.40,9.432067007649946e-05,7.453110288383914e-05,0.0007609410574664759,3.7107719245861125e-16,2.46671171395411e-08,0.0,0.0,0.9999694647831823,0.9996763102436552,0.00027754655782756484,7.453462301383842e-05,2.4033467337811833e-06
parameter hold-out,426,0.44,3.211397072224629e-05,2.8993149312483417e-05,0.0004624828217698888,2.7337782321200013e-16,2.28388035654008e-08,0.0,0.0,0.9999639206922581,0.9991510105889819,0.0007478575652890238,0.00013598954787148496,1.462564219678564e-06
parameter hold-out,427,0.46,2.9306465057282692e-05,2.845599225433789e-05,0.0006143255511116153,1.9382617644993077e-16,2.9154469983398543e-08,0.0,0.0,0.9999594692241839,0.9974648729791277,0.002328528920419865,0.00024513365764159035,9.877054841034279e-07
parameter hold-out,428,0.48,9.222131530952009e-06,7.676356034926592e-06,0.0003082465748595179,2.675724964765759e-16,2.921797807645755e-08,0.0,0.0,0.9999526759151737,0.6130392628533736,0.386164546562055,0.0008757991374331027,5.038682071343343e-07
parameter hold-out,429,0.49,1.1924493724725669e-05,9.862538875060124e-06,0.0008021340023129388,7.081207011005146e-16,2.5095251513173897e-08,0.0,0.0,0.9999468232596141,0.9882476410357215,0.0066232155020741765,0.0051765421872161915,2.5657649638635225e-07
parameter hold-out,430,0.20,0.00014251325860165442,0.00017121480302490936,0.000608912902957586,2.054223719686807e-16,3.160380442547765e-08,0.0,0.0,0.9893407925989399,0.9816141561750646,0.017377210881502524,0.005866514007421488,0.005817635682952322
parameter hold-out,431,0.24,8.291894318102496e-05,9.781317079954326e-05,0.0003963809249809122,1.8026646280472695e-16,2.1542416421607356e-08,0.0,0.0,0.9889227690592448,0.9767288533459607,0.019881004813464474,0.009408095138368707,0.005072373289530623
parameter hold-out,432,0.28,4.246428407005214e-05,4.881239941673984e-05,0.00022623141167400134,2.4358579673925193e-16,1.6210275314417266e-08,0.0,0.0,0.9883926374099488,0.9664502948902467,0.02377186765870535,0.017104295066089327,0.004291494153774611
parameter hold-out,433,0.32,3.033314976237088e-05,3.3352088768714244e-05,0.00020746427365650097,1.6752438596511105e-16,3.8725194911226246e-08,0.0,0.0,0.9877067860647974,0.9397206686406246,0.03854807550079012,0.030538321171072403,0.003498393885642735
parameter hold-out,434,0.36,5.0898522516400874e-05,5.475578166584833e-05,0.00044756181227136537,2.293525485355581e-16,4.138508740530685e-08,0.0,0.0,0.986788116131408,0.8224371675252877,0.1434529779302725,0.0446395929969079,0.0027111216750439282
parameter hold-out,435,0.40,3.8577690113064486e-05,4.0090509242640844e-05,0.0004438575200605223,1.684414899144634e-16,3.3056172747443985e-08,0.0,0.0,0.9854835844468588,0.6702961562419862,0.2570710548944631,0.0852395970489284,0.0019384889980552367
parameter hold-out,436,0.44,3.7203953620100837e-05,3.6534496228429915e-05,0.0006136498881286431,1.989043889562804e-16,2.6220816013365053e-08,0.0,0.0,0.9835465567420967,0.6755017887773421,0.29277879841847304,0.04698519576731178,0.0011765365369236227
parameter hold-out,437,0.46,1.3740144978187205e-05,1.0616438582668057e-05,0.00020947485540067154,1.6514139861024023e-16,3.1469743175944483e-08,0.0,0.0,0.9820799499148855,0.6086652602755304,0.38023075354068936,0.028186347471894507,0.0007947199635808744
parameter hold-out,438,0.48,1.3490961775208153e-05,1.3184925387127716e-05,0.00037638013419897214,2.306180881948029e-16,2.7863446460092097e-08,0.0,0.0,0.9799362656680838,0.8598656753126486,0.1392116495561134,0.020507089558578297,0.00040605499263494065
parameter hold-out,439,0.49,1.5458423770297248e-05,1.527771916456043e-05,0.000619985983597288,1.7726554228400915e-16,2.922917332045422e-08,0.0,0.0,0.9781581653688224,0.9179759095834035,0.08470862781725014,0.018865413405239465,0.00020664355619193429
parameter hold-out,440,0.20,0.0001276059036476578,0.00013027647292649275,0.0006827808711703136,1.3658098799777277e-16,2.6489365799622247e-08,0.0,0.0,0.9939587648041991,0.9630739652630562,0.02141145873514863,0.017709398888869944,0.003846825798923992
parameter hold-out,441,0.24,0.00013430450580580026,0.00015012880868047151,0.0007933388996279007,2.414093756745472e-16,2.0298827234358336e-08,0.0,0.0,0.993679532822771,0.9594685193685035,0.024383289463435473,0.01915738085031083,0.0033350641741114167
parameter hold-out,442,0.28,0.00017311654112733878,0.0001615991727132167,0.0008882870176929643,1.234838650499342e-16,3.0645872044924914e-08,0.0,0.0,0.9932965119340839,0.9531022364485926,0.028718574033063354,0.022104427113594918,0.0028030968425303677
parameter hold-out,443,0.32,0.0001984638990427114,0.00015443498236048433,0.0011540298557931037,1.1194836628072305e-16,3.236948384980742e-08,0.0,0.0,0.9927853155245872,0.9412217125755881,0.03557785038715481,0.02817386998568027,0.0022652163852481424
parameter hold-out,444,0.36,0.0001606391525703451,0.00013155425140047925,0.0010536691713571907,1.4677361932200734e-16,2.8401621647864178e-08,0.0,0.0,0.9920976297480715,0.914739737674545,0.047820080877748666,0.04368367646500702,0.0017334566687442717
parameter hold-out,445,0.40,0.00017350755618788765,0.00014868823368117352,0.001371554868072786,1.379274483375231e-16,2.247797928962694e-08,0.0,0.0,0.991131935758546,0.8197822451605968,0.1138570230582233,0.07434080589828186,0.0012162172303719454
parameter hold-out,446,0.44,9.322558689234134e-05,9.426694359260068e-05,0.0010112461903987633,2.499243875114301e-16,1.9813060565526083e-08,0.0,0.0,0.9898209764869008,0.6324443084433171,0.2223768593853568,0.1551686114466317,0.0007177775354554697
parameter hold-out,447,0.46,7.083744159281261e-05,6.080071949047004e-05,0.0011003413630166102,1.6137083469722465e-16,2.6845250791089657e-08,0.0,0.0,0.9888181606034248,0.6771645251666991,0.27253809768857007,0.06137074974470388,0.0004762453188095733
parameter hold-out,448,0.48,4.265232469402316e-05,4.148868195837294e-05,0.0011584930298977434,1.887451827849543e-16,2.4919621320170936e-08,0.0,0.0,0.9873429614207184,0.5239364394257332,0.4611029765484381,0.027826906138246656,0.00023893222555247516
parameter hold-out,449,0.49,2.062703559652472e-05,2.0523239816291696e-05,0.0009460589754271248,3.8521251743971194e-16,2.7645850183563908e-08,0.0,0.0,0.9859001045891975,0.6840626816556044,0.30737793180261436,0.02295806601514224,0.00012114983509545117
parameter hold-out,450,0.20,0.0001334700493570694,0.00013889173818513225,0.000711859219046392,1.2242361287786727e-16,4.355453758603828e-08,0.0,0.0,0.9902253591494344,0.958610525626438,0.03473374473265197,0.009527916626583189,0.006895522561312881
parameter hold-out,451,0.24,0.0001918262249817529,0.0002229112053038207,0.0011113088264564765,2.1533279272968107e-16,2.7697482085975043e-08,0.0,0.0,0.9900140137041845,0.9565845227605471,0.0373568055894492,0.009940264716169923,0.006126114273771697
parameter hold-out,452,0.28,0.00015839929346009069,0.00014349336824062808,0.0008139316366907274,1.153409197143471e-16,3.599577009601563e-08,0.0,0.0,0.9897200494889878,0.9604099191195159,0.03404125885579158,0.01053559859658516,0.005282606380578729
parameter hold-out,453,0.32,0.00017553972651984117,0.00019086166969297663,0.0008099671623873598,1.6466200389947147e-16,3.288490131352357e-08,0.0,0.0,0.9893245065979026,0.9672328569044716,0.027416147413887496,0.011592936834211191,0.0043886478043941085
parameter hold-out,454,0.36,0.0001631990772497383,0.00016916572027615972,0.001005562781284458,1.6289519499993346e-16,3.841932134030776e-08,0.0,0.0,0.9887921289737869,0.9727569780665287,0.02013968454901849,0.014805531291826593,0.0034656549983129526
parameter hold-out,455,0.40,0.0002539479065586906,0.00021741572116729552,0.0015284257992701814,1.2581716459524236e-16,3.474123047395324e-08,0.0,0.0,0.9880536310077406,0.8478358828417791,0.14787446715370683,0.01376184559514778,0.0025236799459917294
parameter hold-out,456,0.44,0.00017520919954824662,0.0001397212472412466,0.0016183333608884682,9.429689131624452e-17,3.3724936430718694e-08,0.0,0.0,0.9869810747886393,0.9859940262351211,0.016661606488081893,0.008829839249680161,0.0015556921964087658
parameter hold-out,457,0.46,0.00010747328572676064,0.00010496143552606572,0.001216831364923773,1.0882946505402941e-16,2.909173678689307e-08,0.0,0.0,0.9911947857573261,0.9862113909414743,0.01462780598817674,0.006905299997983537,0.001056936015354578
parameter hold-out,458,0.48,6.503917965504945e-05,6.058513754610586e-05,0.0012968387908888768,2.567946415988856e-16,3.6186224179283254e-08,0.0,0.0,0.9941484786691664,0.9851488504977854,0.014852083886758738,0.005315875223894636,0.0005426680751050864
parameter hold-out,459,0.49,2.2568864106275406e-05,2.2171978925672503e-05,0.000991631874095106,6.401247833378666e-16,2.9950303481670865e-08,0.0,0.0,0.9953445377891078,0.9843354322510112,0.015400272398159243,0.004632334152704715,0.0002763972534444628
parameter hold-out,460,0.20,0.00014593417729825202,0.00019101025780980283,0.0005964225107350678,9.948888652571091e-17,2.5129149213554685e-08,0.0,0.0,0.9198507086523553,0.9165965488096912,0.08194125129941306,0.06153455415173076,0.020147667513535868
parameter hold-out,461,0.24,0.0001012999566562133,9.30057140456204e-05,0.000333112852729238,1.303754112506718e-16,2.8670496453939578e-08,0.0,0.0,0.919322657208368,0.9072992282772258,0.09042678739990312,0.06649603841140482,0.01646069894610353
parameter hold-out,462,0.28,0.00011792960898125617,0.0001291782772297243,0.0004986072736854124,1.9328697043218875e-16,2.4250533077010383e-08,0.0,0.0,0.917221944563585,0.8945524214473336,0.1012161379515016,0.07367731962653441,0.0132031136287287
parameter hold-out,463,0.32,0.00019399890090192952,0.00021675302175942442,0.0009295020276695418,1.8745166199309582e-16,3.6078631259302586e-08,0.0,0.0,0.9130201328912882,0.8762617097112549,0.1134315019435592,0.0867323129609801,0.010303816960646289
parameter hold-out,464,0.36,0.00017121126355413777,0.00018879624073300975,0.0009824540775391275,1.3783778416179845e-16,2.7268902752322398e-08,0.0,0.0,0.9056943898482293,0.8483348036344833,0.12800795791193725,0.11000458945055601,0.007698578411418901
parameter hold-out,465,0.40,0.00011935012983218968,0.00012192251164071065,0.0008738395512923442,1.6661515610855043e-16,2.7869472228071236e-08,0.0,0.0,0.8931166691451078,0.8019246799210059,0.19812642644498307,0.10133424577796532,0.005327616561202317
parameter hold-out,466,0.44,6.29975286583274e-05,6.075492042022485e-05,0.0007007079747989391,1.599495442868544e-16,1.94689888423132e-08,0.0,0.0,0.8708547763525947,0.716797293528875,0.28577306506342925,0.12332457955284003,0.003131393473206377
parameter hold-out,467,0.46,6.571800821967223e-05,6.637250852214875e-05,0.0010817530939568397,2.1891952827988362e-16,2.2925751451493922e-08,0.0,0.0,0.85233671495276,0.6464731802562799,0.35610851019676437,0.14263623815574908,0.0020799469006046
parameter hold-out,468,0.48,6.52180536850283e-05,5.2877060504196734e-05,0.0015213364092835017,2.401140776440944e-16,3.0901497448914594e-08,0.0,0.0,0.8239963623311997,0.5468603686149912,0.45622633444586647,0.17204835022378573,0.001044649139526821
parameter hold-out,469,0.49,3.429945606735135e-05,2.5186173748313238e-05,0.0014969758692127558,7.306265331455441e-16,3.0420257783219096e-08,0.0,0.0,0.8012989677662231,0.5222532370851533,0.48082924831795804,0.19504974165333705,0.0005270385523259204
parameter hold-out,470,0.20,0.00012267797433197352,0.00013546260735400553,0.0007257679079047626,1.4076300827184926e-16,3.0750977443135806e-08,0.0,0.0,0.9901485840999956,0.8488363542805344,0.15582622653982453,0.004616965260329398,0.0004873540743523501
parameter hold-out,471,0.24,7.10471825446682e-05,8.265650607113692e-05,0.0004893288005881031,2.161870034677661e-16,2.9247560390720318e-08,0.0,0.0,0.990824971036638,0.8404596206275227,0.1633491850183669,0.004800203476456654,0.0005550571489067106
parameter hold-out,472,0.28,7.122285544081319e-05,7.856865728444254e-05,0.0005408319766120465,2.8243256139270146e-16,2.5245595764067972e-08,0.0,0.0,0.9913021480615283,0.8224871496692658,0.1805932291335119,0.005024381243862515,0.0006100846182714859
parameter hold-out,473,0.32,7.256562130590956e-05,7.871779752270758e-05,0.0006163016805588537,2.406382162980817e-16,3.5098315063897226e-08,0.0,0.0,0.9915994077554925,0.7872734070700491,0.21518517095342005,0.005309739378935787,0.0006367757284417067
parameter hold-out,474,0.36,5.250490282776429e-05,5.5395158899334074e-05,0.0005089877449970661,1.992369664100339e-16,2.1726833537500555e-08,0.0,0.0,0.9917147569850002,0.7170056979054791,0.2849612963089752,0.005690858938441462,0.000620438670350515
parameter hold-out,475,0.40,6.550774061772295e-05,6.359312888535948e-05,0.0008120991916648415,1.8397160716281293e-16,3.305767250650549e-08,0.0,0.0,0.9916105989882877,0.5727535530741165,0.42892032832712657,0.0062430865260026365,0.0005477336864812985
parameter hold-out,476,0.44,5.2375158371085925e-05,4.512077946885285e-05,0.0005665019238302314,2.1162587516469616e-16,3.395067387478621e-08,0.0,0.0,0.9912948428475942,0.6741904962718077,0.32689527537214547,0.007339431403897225,0.00040456935771159653
parameter hold-out,477,0.46,4.293250910294357e-05,3.317614901275885e-05,0.000891061551385583,2.1078622464797295e-16,2.6451803369481586e-08,0.0,0.0,0.9909343597881167,0.7946213806869085,0.203564120067453,0.010672363142931528,0.0003007507771892237
parameter hold-out,478,0.48,1.726596114696065e-05,1.4616256463836232e-05,0.0004938936410744452,1.7761400266576638e-16,2.5693714864357805e-08,0.0,0.0,0.9903216373815193,0.8811847919971926,0.113056448588302,0.015324392619606483,0.00016943991673066644
parameter hold-out,479,0.49,1.6321069167034674e-05,1.3351800931264782e-05,0.000973098463327237,6.677469480465221e-16,2.727495585031669e-08,0.0,0.0,0.9896309928060176,0.9193780494127745,0.08117120695223563,0.009803826688383399,9.060890264957769e-05
parameter hold-out,480,0.20,0.0004504967016525577,0.0005453236294467012,0.0018073888826292384,1.7762480584454126e-16,3.064612150287774e-08,0.0,0.0,0.8121272014733018,0.5942053857520966,0.5216393342888983,0.051124383938817006,0.020235015768336494
parameter hold-out,481,0.24,0.0002442873159446714,0.0002263443142108417,0.0009607955968675987,1.3124700562583906e-16,3.8834783686512935e-08,0.0,0.0,0.8248147137231036,0.6317712746153447,0.4707954547246159,0.054991727678232086,0.017771785972834162
parameter hold-out,482,0.28,0.00018276188771631317,0.00019780700039972367,0.0008344337365638761,2.8467915871342365e-16,3.527826964260256e-08,0.0,0.0,0.8349241321906575,0.6792701775673052,0.4095273125805719,0.061392307795280064,0.015153583448996883
parameter hold-out,483,0.32,0.00011361672611872657,0.00010723762650809611,0.000480215263794714,2.039351594183554e-16,3.1897383212387375e-08,0.0,0.0,0.8424253971809116,0.7289444951670989,0.34099790620676584,0.07530893454019201,0.012451301547157179
parameter hold-out,484,0.36,0.00014021687619271154,0.00011583914514688201,0.0006605095691190345,1.966588579260498e-16,2.4039475488003405e-08,0.0,0.0,0.8470483293406571,0.7439048960228678,0.2715474431898606,0.12793343664294482,0.009722116278467734
parameter hold-out,485,0.40,0.00017841536190496443,0.00014051796661683307,0.0011299424627528897,3.279244276627214e-16,3.018875024751913e-08,0.0,0.0,0.8479779558059655,0.5455582143491375,0.3904736554591642,0.2090764141054833,0.006990461121695884
parameter hold-out,486,0.44,0.00019043529096031352,0.00018173670518616028,0.0013891139056518998,1.3322076882484886e-16,2.9109743917429278e-08,0.0,0.0,0.8863043606708798,0.8437812546254274,0.1601652820317152,0.10553794295857977,0.004242767205683929
parameter hold-out,487,0.46,0.00023010045489293832,0.00023258799870854964,0.00225640802699002,1.5908079637560753e-16,3.018936081506878e-08,0.0,0.0,0.9266103680800551,0.8378212769387073,0.1421273478557728,0.09028987018730054,0.0028578670021880115
parameter hold-out,488,0.48,8.770767929317188e-05,8.775093350924726e-05,0.0014428651859705799,1.868159932451917e-16,2.6173454154316447e-08,0.0,0.0,0.9515542587229077,0.8271297669406636,0.12981161469305735,0.08982892046539191,0.0014581181946343536
parameter hold-out,489,0.49,4.110820732465714e-05,3.719545110539572e-05,0.001556672512352949,4.2884034131215536e-16,2.90851425644608e-08,0.0,0.0,0.9612900522448724,0.8174504674857646,0.12706691336308867,0.09385737750060101,0.0007422476569496992
parameter hold-out,490,0.20,5.5147618056664833e-05,7.27900332910916e-05,0.00023017029265843977,2.0951856785230374e-16,2.649295351825698e-08,0.0,0.0,0.9857482544941296,0.9821892033987644,0.015254178028759025,0.009896269806589546,0.006919717784623015
parameter hold-out,491,0.24,8.913246127007556e-05,0.00010265467113522454,0.0003967272746738336,1.9628035932792154e-16,2.5380934586916375e-08,0.0,0.0,0.9849980863205513,0.9802590246084305,0.01672052748744119,0.01243633244173782,0.005592299595648884
parameter hold-out,492,0.28,0.00010109140961910739,0.00011204472595725447,0.0004954619970886033,2.880740375373198e-16,2.2224356458947033e-08,0.0,0.0,0.983992122473568,0.9770745994624276,0.01878444424995782,0.015735923452321412,0.004422083167969835
parameter hold-out,493,0.32,8.869748908014367e-05,0.00010161797178180734,0.0005200706021019845,3.063628745132278e-16,2.6712124564092594e-08,0.0,0.0,0.9826122256874633,0.9716574843599645,0.021912389835547,0.02043689893071323,0.003401630889369931
parameter hold-out,494,0.36,9.910792064309684e-05,0.00010511661002865221,0.0006324572171318497,2.6964544478293017e-16,3.587520625474803e-08,0.0,0.0,0.9806417660742367,0.9615878998846745,0.028063931574872567,0.027240350643342202,0.0025099111566998862
parameter hold-out,495,0.40,7.954768604748854e-05,8.368100304896802e-05,0.0006551389959809124,2.597707045566145e-16,2.5403596800348495e-08,0.0,0.0,0.9776378338852029,0.9394232320083516,0.04287592329016742,0.03839550061181225,0.0017207579242977398
parameter hold-out,496,0.44,4.0565568038278783e-05,3.326080836606143e-05,0.0004447303414605507,2.32622918271704e-16,2.704191672288467e-08,0.0,0.0,0.9726268948236686,0.8733613090315123,0.07920204318926372,0.07379229894820497,0.0010058421541812954
parameter hold-out,497,0.46,3.536411046419832e-05,3.396841232841494e-05,0.00048316483791507436,2.9851473974664167e-16,3.2258666513787035e-08,0.0,0.0,0.9685612355130616,0.7797160908090193,0.13523491361033227,0.11565788264463234,0.0006671284950339778
parameter hold-out,498,0.48,1.4561424242440703e-06,1.4571444874899748e-06,3.820479951437301e-05,4.802676584453603e-16,2.814332884608631e-08,0.0,0.0,0.962261227461676,0.5669056383910066,0.3272371207204795,0.14324023553521295,0.00033472702007695724
parameter hold-out,499,0.49,3.3397839774795223e-06,2.549182987969478e-06,0.00016459964603813513,3.1440051951305465e-16,2.469529766427297e-08,0.0,0.0,0.9571127957039189,0.5124101135064247,0.40160430168685446,0.12876368313952077,0.0001686949896587301
parameter hold-out,500,0.20,0.0003256521259914588,0.0003924852461734037,0.0013662667141343145,1.7419653797307661e-16,3.006107999687016e-08,0.0,0.0,0.9476464089492168,0.5869970519920004,0.44808976736748324,0.01569206247059632,0.0010399810611078815
parameter hold-out,501,0.24,5.4931287579055736e-05,6.26994183624125e-05,0.00022289186802902186,1.1099547340691282e-16,3.034851269508729e-08,0.0,0.0,0.9524956069243949,0.9460133874002092,0.08073596632648532,0.019735226385001147,0.0009853740596632275
parameter hold-out,502,0.28,5.1258731320161204e-05,5.0193966992306526e-05,0.00019451430049206565,2.0246990403525665e-16,2.599180698791847e-08,0.0,0.0,0.9617622167699728,0.9562093775623443,0.0542011734032443,0.026909461309184077,0.0009106078269051919
parameter hold-out,503,0.32,0.00011349920680123818,0.00011972778335553176,0.00047693258820339,2.5440158380419816e-16,2.568869217841555e-08,0.0,0.0,0.9588966805601012,0.9528853273548898,0.04523466433799443,0.04214897470347299,0.0008115883881329485
parameter hold-out,504,0.36,0.00013024234282785492,0.00012596252941199788,0.0005898445593470294,1.7960369973470107e-16,3.121669531197458e-08,0.0,0.0,0.9605591967976101,0.911449075338714,0.08634391263604889,0.04090248225248989,0.0006855112652864867
parameter hold-out,505,0.40,0.00014668129223459174,0.00012548546628881,0.001143588541500107,1.8712756963995505e-16,2.6865033730713235e-08,0.0,0.0,0.961024417671972,0.6990260632925349,0.30034841006796636,0.03905993633106943,0.0005306790770850502
parameter hold-out,506,0.44,0.00010091355923926988,8.989162378649617e-05,0.0012639607031983333,1.7636063011115475e-16,2.4600263173687755e-08,0.0,0.0,0.9598384866406283,0.843184354703487,0.15723884718998865,0.039453224000363836,0.0003454855399769871
parameter hold-out,507,0.46,3.6289419482148044e-05,2.6738779814914764e-05,0.0006467567468405919,3.104498658494162e-16,2.7484045319131086e-08,0.0,0.0,0.9581576593940009,0.9385548250795676,0.06224173532664404,0.04082568781745794,0.00024063600129921686
parameter hold-out,508,0.48,4.296917452484413e-05,4.1746078690160877e-05,0.0012628540650909134,2.899285865626649e-16,3.3753906815376866e-08,0.0,0.0,0.9728549017729474,0.9550950630667023,0.043593328439628834,0.028403079283826564,0.00012612189112874844
parameter hold-out,509,0.49,1.35196948522846e-05,1.1512553067474306e-05,0.0006909596656547822,6.626536163063319e-16,2.8424026047500157e-08,0.0,0.0,0.9815063626169329,0.9522654374148772,0.04627404353369413,0.01993791234766555,6.48810712772644e-05
parameter hold-out,510,0.20,0.00017402163190096632,0.00017852545210216572,0.0005729979390014534,1.8228375549712958e-16,2.7792553527017612e-08,0.0,0.0,0.8907505086050279,0.8850814210551443,0.176293231247545,0.043182450850788735,0.004700755355535482
parameter hold-out,511,0.24,8.631985279878765e-05,9.380834400096651e-05,0.00042378571648966174,1.3261802799036226e-16,2.3137254144365823e-08,0.0,0.0,0.8960137015244097,0.8652026805706173,0.18512043067759956,0.04941095236058834,0.0043608842698667095
parameter hold-out,512,0.28,5.644842157820069e-05,6.632135283920302e-05,0.00024369264988913637,2.3633262304678755e-16,3.45060720428592e-08,0.0,0.0,0.8996938172441602,0.8344058510083064,0.2028085920994929,0.05921523388833319,0.003943804406307814
parameter hold-out,513,0.32,7.558893429661452e-05,8.504636825834232e-05,0.0005008108371775986,1.4609524985016592e-16,1.65434256440085e-08,0.0,0.0,0.9016320190491488,0.7837805098962656,0.23429573899624717,0.07679239099470346,0.003433204707869297
parameter hold-out,514,0.36,0.00010183807720518687,0.00010684820087818048,0.0007568924978100448,1.18841943735275e-16,3.017917230802509e-08,0.0,0.0,0.9014310562197468,0.6956866503445495,0.28480177723719097,0.11506187188376311,0.002826267893466172
parameter hold-out,515,0.40,7.593990982372143e-05,7.53783405353361e-05,0.000742277983444171,2.39464560282354e-16,2.4095591956756684e-08,0.0,0.0,0.8981742213265526,0.5438890199204794,0.3320918331020316,0.22351122689391312,0.002127473187101914
parameter hold-out,516,0.44,4.0445832332362466e-05,3.017086527192149e-05,0.0004433177478591167,2.4124404139003535e-16,2.5326833933081266e-08,0.0,0.0,0.89006576555875,0.5243601254949867,0.33941792827584144,0.24486174136981845,0.0013422926388776202
parameter hold-out,517,0.46,3.745882127663521e-05,2.8452462469574875e-05,0.0005395222975345261,2.4157223927974863e-16,2.6884888806780995e-08,0.0,0.0,0.8824505732426785,0.7025599461933043,0.24833266211805505,0.16577215236008672,0.0009189266608543356
parameter hold-out,518,0.48,2.5494859022169078e-05,2.4531261975855305e-05,0.0005417542109387748,1.9319228250620892e-16,2.9389358487070124e-08,0.0,0.0,0.870202092191096,0.829427368360258,0.18189155625328918,0.11809665245465996,0.00047409803787979473
parameter hold-out,519,0.49,1.3561212770276596e-05,1.2946121836699008e-05,0.0006658328821012934,3.108368106289059e-16,2.484988996595641e-08,0.0,0.0,0.8743452899455267,0.8598372222678725,0.1585917855801715,0.10720264584209624,0.0002422900450930324
parameter hold-out,520,0.20,0.000269722348987709,0.0003408721587852075,0.0010878035492614814,1.7375218979597692e-16,3.335761861518245e-08,0.0,0.0,0.9999894673391171,0.9999814984745646,1.426771396754347e-05,9.016802975915992e-06,5.707479904910816e-06
parameter hold-out,521,0.24,0.00017313475404041575,0.00020771824671519503,0.0007509697578263858,1.3920259512407414e-16,2.6695087927437675e-08,0.0,0.0,0.999989223004377,0.9999752490568752,2.121836085084026e-05,9.491594794572937e-06,4.78696174764866e-06
parameter hold-out,522,0.28,0.00016716395949565314,0.00019054343790353905,0.0007476510260605634,1.3326328349730048e-16,2.474994149660869e-08,0.0,0.0,0.9999888370353444,0.9999636172850244,3.3503601532838556e-05,1.0103382587027608e-05,3.893127995126885e-06
parameter hold-out,523,0.32,0.00018837134753878446,0.00020939866227052338,0.0008949570592744812,1.5340356434613078e-16,3.500329403275451e-08,0.0,0.0,0.9999882636111042,0.9999371567735826,6.04807564831176e-05,1.0937543593053622e-05,3.0546051105898954e-06
parameter hold-out,524,0.36,0.00017243776108868118,0.00018480550546923972,0.0009220370929899446,1.142970440305738e-16,2.5273389926897036e-08,0.0,0.0,0.999987418623477,0.9998465006148165,0.0001513242690987126,1.219464541275625e-05,2.2843671714989606e-06
parameter hold-out,525,0.40,9.621414012200834e-05,0.00010077663152417735,0.0006496286985661412,1.7819258166766494e-16,2.5058088050390923e-08,0.0,0.0,0.9999861356350045,0.998634294279568,0.0013617194961952819,1.4622658254830899e-05,1.5807689336664555e-06
parameter hold-out,526,0.44,2.6985928087542165e-05,2.728074762926034e-05,0.0003476688273049678,2.6553514588305593e-16,2.4973128837579043e-08,0.0,0.0,0.9999840801541655,0.9993336789959837,0.000651403669409266,2.977986196478552e-05,9.300922851311707e-07
parameter hold-out,527,0.46,1.53480290588651e-05,1.1765220611710847e-05,0.00026885474008051815,1.5838012399140923e-16,2.2601893260290904e-08,0.0,0.0,0.9999824972622443,0.9980786746642663,0.0017797925740682245,0.00015880810015395322,6.183740128082688e-07
parameter hold-out,528,0.48,5.808285481923986e-05,4.9668531267385905e-05,0.0015301141362834738,2.175385115189405e-16,2.4640015847508512e-08,0.0,0.0,0.9999801801295541,0.9999314279399869,6.250999813556051e-05,2.562371959661565e-05,3.1074956867565115e-07
parameter hold-out,529,0.49,1.9531953312707732e-05,1.7831082973441505e-05,0.0011049891573258106,6.934669699477363e-16,2.5996891454000967e-08,0.0,0.0,0.9999783609021449,0.9999566747328493,4.192565178888379e-05,2.292527804902488e-05,1.5657780613784463e-07
parameter hold-out,530,0.20,6.427124825702568e-05,8.240115552524748e-05,0.0002581064517206931,1.8386752158449933e-16,1.767810183726905e-08,0.0,0.0,0.9558745611745528,0.9461494813088256,0.04580896391907452,0.0421448278030059,0.010003406908845214
parameter hold-out,531,0.24,0.000124209478214293,0.00011335327665960947,0.0004824468779156771,2.03773904965349e-16,2.756093601951116e-08,0.0,0.0,0.951010672149718,0.9466873039403388,0.04801910859879819,0.04557580245854579,0.008710924932531389
parameter hold-out,532,0.28,0.0001140053370217306,0.00012244999494619513,0.000580450047275398,1.7355173085416857e-16,3.698528687380911e-08,0.0,0.0,0.9463450823025216,0.9429242213937212,0.056660422031010224,0.0467260507099558,0.007371788543378581
parameter hold-out,533,0.32,7.937954503708231e-05,8.797635299946744e-05,0.00047642858048386024,1.5934257730704277e-16,2.566903927201441e-08,0.0,0.0,0.9449331682574441,0.9290038674811358,0.07040506253703177,0.0496967669762809,0.006022464782079737
parameter hold-out,534,0.36,9.316686234560948e-05,8.572559114921597e-05,0.0004459899509407437,1.1115959401092737e-16,2.827944957859904e-08,0.0,0.0,0.942061218404962,0.9028487556158732,0.0948868827608669,0.05563635558132437,0.004685037994159241
parameter hold-out,535,0.40,7.591389766767438e-05,7.071753080623621e-05,0.00044782969871070833,1.566831684933125e-16,2.5315146639334826e-08,0.0,0.0,0.9369015935700954,0.8456460081881899,0.1464367747933599,0.0678094142784732,0.0033657779702935095
parameter hold-out,536,0.44,3.603216531965053e-05,3.2185151398830414e-05,0.0004467779575902445,2.378087716642765e-16,3.054665855964e-08,0.0,0.0,0.9277315274658866,0.6925114482332926,0.28049499526971466,0.09735052604489852,0.002053037460306625
parameter hold-out,537,0.46,3.306293451718321e-05,2.9983103333516454e-05,0.0005318159109016291,2.615441080695778e-16,2.882736204488584e-08,0.0,0.0,0.9201784189801686,0.5291363107436552,0.42074308580303693,0.12858912910554082,0.0013900829944723022
parameter hold-out,538,0.48,2.1728608606768324e-05,2.1241232417929895e-05,0.0004968548209617948,3.9777659415006085e-16,2.254223612070086e-08,0.0,0.0,0.9085837517109034,0.6159818143325093,0.3073251756279734,0.1676192393023858,0.0007116791413097067
parameter hold-out,539,0.49,6.727417092487682e-06,5.86445329658652e-06,0.00026349139634495195,5.070129781863335e-16,3.202111770410975e-08,0.0,0.0,0.8991835377035563,0.7175577153467689,0.20707729884064938,0.17587797505574157,0.00036220544403584937
parameter hold-out,540,0.20,0.00018957344001109162,0.00017286528295668032,0.0007738305100481304,2.1504197872659913e-16,2.728981412645739e-08,0.0,0.0,0.988998152510999,0.9664113468943986,0.0335445887398256,0.00709163359905685,0.003929231635105167
parameter hold-out,541,0.24,9.509718701519028e-05,0.00010108922674329911,0.000547775301430865,2.222365454960193e-16,1.66431125104224e-08,0.0,0.0,0.9885679200185081,0.9619408473173061,0.03803897495742294,0.005982214937984172,0.005467254710968581
parameter hold-out,542,0.28,9.757427931968885e-05,8.904696324286351e-05,0.0004541565727262229,2.450524933729246e-16,3.135097827622677e-08,0.0,0.0,0.9879216967031169,0.9554871486476656,0.04449487117426321,0.007205445961459893,0.004883078288912024
parameter hold-out,543,0.32,0.00015845415732447225,0.00015741634041394132,0.0009748293870319227,1.4264554049695437e-16,2.6879133016484828e-08,0.0,0.0,0.9870019998292545,0.9454916610583806,0.05448111210455694,0.00917545745526129,0.003830725154460109
parameter hold-out,544,0.36,0.00012981527478767035,0.00011901593144981524,0.0009377292934900289,2.2123847038197905e-16,3.3172353246242474e-08,0.0,0.0,0.9856971829321589,0.9283351929647973,0.07164583497851904,0.011476307329283997,0.002848054756813305
parameter hold-out,545,0.40,0.00013280176386012572,0.00010002176511367597,0.001091509058635159,1.2832052809366515e-16,2.5786521019694873e-08,0.0,0.0,0.9837760157706342,0.8938124928765607,0.1062290926995002,0.014338038908629065,0.0019441108582395317
parameter hold-out,546,0.44,9.809143553136529e-05,9.695219832094703e-05,0.0010284107248569982,1.9834472544209979e-16,2.851245975399686e-08,0.0,0.0,0.9809429760647023,0.8044809291739833,0.19542832827685783,0.01832129814289298,0.0011173843189702076
parameter hold-out,547,0.46,8.524541306122466e-05,7.899930972856203e-05,0.0011512930476881302,2.7190101204464587e-16,2.2380021492622566e-08,0.0,0.0,0.9787545977777657,0.698686270177911,0.2996070637599083,0.02263834159731077,0.0007316711015602172
parameter hold-out,548,0.48,5.1199961171487734e-05,4.963425829693184e-05,0.0013120168597672188,1.6576249514306012e-16,1.934701398727087e-08,0.0,0.0,0.9755320471631578,0.5074598349537549,0.48731176974938234,0.029985332178487655,0.0003622340512215302
parameter hold-out,549,0.49,3.809832824567164e-05,3.8058906296163083e-05,0.0018470636981476585,2.1906766014517782e-16,2.2841948052070246e-08,0.0,0.0,0.9725488006005402,0.6116360314496863,0.38839106022613795,0.02806676994817598,0.00018171861420677836
parameter hold-out,550,0.20,0.00010353847427992067,8.965631789884116e-05,0.00045787248045033957,1.5718773513630351e-16,2.878451364002233e-08,0.0,0.0,0.993862166916273,0.961314743059198,0.04318356318709481,0.0015414432421207494,0.00011477140594873427
parameter hold-out,551,0.24,9.487002624066657e-05,0.00011075854073712847,0.0004387473974557551,1.6805152826793707e-16,3.315741395522402e-08,0.0,0.0,0.9943396738006416,0.9561176724795722,0.04777686644538452,0.0016744144199806032,0.0001250413880605376
parameter hold-out,552,0.28,8.87520880838206e-05,0.00010019992569241464,0.00042845998495156417,1.9440270307873385e-16,2.795774702934422e-08,0.0,0.0,0.9947053978634286,0.9447166033858728,0.05862483532410659,0.0018668545200209942,0.0001321008661884567
parameter hold-out,553,0.32,6.804564594869785e-05,6.211507562978756e-05,0.0003300167229375116,1.4406715467146222e-16,2.1805647973123906e-08,0.0,0.0,0.9949665174763358,0.9172927182418631,0.08548043154756721,0.002175634515849434,0.00013276887113615845
parameter hold-out,554,0.36,6.300554098715321e-05,6.574380071430277e-05,0.0006012006269575957,1.1205753762560679e-16,2.820706186556319e-08,0.0,0.0,0.9951186723135736,0.8306096073780042,0.17141344850011678,0.0027635122472203914,0.0001244890154281239
parameter hold-out,555,0.40,4.323884009572849e-05,4.0898632620654924e-05,0.0004801174178059065,1.5163855682626617e-16,2.887755742921899e-08,0.0,0.0,0.9951371930254108,0.520027412368401,0.48034457216779913,0.004335172302745864,0.00010545808018371827
parameter hold-out,556,0.44,5.259284005109006e-05,4.0958726492091417e-05,0.0007735292771234986,1.0570452089116243e-16,2.889351189242797e-08,0.0,0.0,0.9950020324866782,0.8932896625748549,0.09622692831638976,0.015352369784891838,7.433408636232962e-05
parameter hold-out,557,0.46,4.092229900088431e-05,3.511253887047563e-05,0.0005821520052580867,1.2078705770917093e-16,2.8338072669539385e-08,0.0,0.0,0.994808834010434,0.7888357703830898,0.17229880128772238,0.04384895408715795,5.376930048207664e-05
parameter hold-out,558,0.48,3.0937113117469844e-05,2.9811662559691274e-05,0.0006915713214876277,3.091378850928043e-16,2.736810671069097e-08,0.0,0.0,0.9944479038266352,0.9599185221626971,0.022975226129313724,0.022580234404672675,2.931128525858402e-05
parameter hold-out,559,0.49,1.8226997990490047e-05,1.6473281344176254e-05,0.0007946029252513609,4.727622783092289e-16,2.76184701653988e-08,0.0,0.0,0.9940512815993922,0.980025578377609,0.016963706606768186,0.008925858029510314,1.539722008130041e-05
parameter hold-out,560,0.20,0.00012800958285001497,0.0001490636739702794,0.0007373165526044151,2.1607681678295266e-16,3.38015031686595e-08,0.0,0.0,0.9944424834211343,0.9628403028899105,0.03260049855356204,0.006303856882535486,0.003834701645878745
parameter hold-out,561,0.24,0.00011061733173831091,0.00012867880869538764,0.0006980388966529267,2.355136875692473e-16,3.036310029777061e-08,0.0,0.0,0.9943965257852726,0.9626900282898503,0.032737084617394406,0.006779746815760302,0.0034077638865864096
parameter hold-out,562,0.28,6.442337545049219e-05,7.016828270060156e-05,0.0002632163257231698,8.69018418408676e-17,3.0261873798183954e-08,0.0,0.0,0.9942868800889729,0.9670819839872198,0.028113064279600346,0.007561091992944709,0.0029417885593870322
parameter hold-out,563,0.32,0.00010946918051292421,0.00010980142910442078,0.000540797771660194,9.772970362348527e-17,4.298580479070929e-08,0.0,0.0,0.994109851560405,0.9728366853931132,0.021424935708387167,0.00915376749281134,0.002448021107298818
parameter hold-out,564,0.36,7.824636866677457e-05,8.381561334329255e-05,0.0007734831377092597,2.2072084094141328e-16,3.3638643483879155e-08,0.0,0.0,0.9938512158189879,0.9750476919387618,0.014923692622878354,0.014228812830847566,0.001936696003001984
parameter hold-out,565,0.40,0.00016039255150149576,0.00014817898206469614,0.0009022552744927683,2.4967297710470725e-16,3.193606741342317e-08,0.0,0.0,0.9934765289899661,0.9130247983358787,0.08251210218294099,0.009663414216995016,0.001412852937007789
parameter hold-out,566,0.44,0.00010492873346276841,9.785260154797696e-05,0.0009755293358461156,1.7904652238379167e-16,3.777950910155596e-08,0.0,0.0,0.9929259994618141,0.9737046986615316,0.026703053498924153,0.005832418684937268,0.0008729454113834064
parameter hold-out,567,0.46,3.615238868969147e-05,3.538098584009532e-05,0.00048003595023870637,2.027546445558072e-16,2.984971720584717e-08,0.0,0.0,0.9925241690999165,0.9895351354945666,0.012957827653059403,0.004386821967659294,0.0005941039227483521
parameter hold-out,568,0.48,1.9989309300982834e-05,1.9712967894923254e-05,0.0003848145313233019,2.4705757577458154e-16,2.1513571999451724e-08,0.0,0.0,0.9943136210036855,0.9919628767344099,0.01020824505080448,0.003209166063509252,0.000305698572853436
parameter hold-out,569,0.49,1.1687984179840599e-05,1.1587757222640029e-05,0.0005305696052738774,6.279437393657125e-16,3.013386644710755e-08,0.0,0.0,0.99572356284071,0.9915211526064626,0.009893675007660632,0.0026961275928713076,0.00015593725892149878
parameter hold-out,570,0.20,0.00014783714477964295,0.00019820058397747016,0.0006087351894119385,2.001477653436467e-16,2.9730976166506305e-08,0.0,0.0,0.9110600646102063,0.9086123323190778,0.07935248139989921,0.0671337288915731,0.03376318271218228
parameter hold-out,571,0.24,0.00017424727844555563,0.00022557898059770597,0.0007418899111097384,2.240762038268881e-16,2.0663106615847876e-08,0.0,0.0,0.9079708487781137,0.9011449622378139,0.08545880726805385,0.07868135604272926,0.026625271099073502
parameter hold-out,572,0.28,0.000213317613383925,0.00026027866661538585,0.0009572933341234924,1.5586319163443805e-16,2.2510919853148978e-08,0.0,0.0,0.9025991332969405,0.8909128030178597,0.0935481437497195,0.09193526886107882,0.0207911445508617
parameter hold-out,573,0.32,0.00020882432144501652,0.0002309853973956453,0.0009927898309381512,2.2109346859486565e-16,2.121124042217809e-08,0.0,0.0,0.8941506319474708,0.8762732740598488,0.10799858202618766,0.10539149071183401,0.015900194921126664
parameter hold-out,574,0.36,0.00012357191257848327,0.00010315311209920384,0.0005541382144101572,1.756923495410947e-16,2.249289612872745e-08,0.0,0.0,0.8811076649963157,0.8541299992126066,0.13234091133726017,0.12047483803987025,0.01170324813504673
parameter hold-out,575,0.40,0.00010123153382091189,0.00010451322671260227,0.0007717879178865612,1.9914934547301062e-16,2.5959372220845567e-08,0.0,0.0,0.8603115941012569,0.8180387590835924,0.1767570436383381,0.13673461642424228,0.008014560955929543
parameter hold-out,576,0.44,4.688089258628516e-05,4.680374223685822e-05,0.0005096047522579776,1.8475732002673017e-16,2.30420424072078e-08,0.0,0.0,0.8249405960203281,0.7537952352599377,0.2429035435833058,0.17355599754014298,0.004680067980662449
parameter hold-out,577,0.46,5.349317914637593e-05,5.399344869549201e-05,0.0007802676092027819,1.6635246821340932e-16,2.2180438652764182e-08,0.0,0.0,0.7963220366492892,0.7013765308617449,0.2960650257095453,0.20282132122267982,0.0031025389923145636
parameter hold-out,578,0.48,3.170324656425916e-05,2.319075975504476e-05,0.0007009127754979292,1.8956408894768598e-16,2.067036863888231e-08,0.0,0.0,0.7533682599948242,0.6258921766854079,0.37323477187034704,0.2464947493556825,0.0015573064005767697
parameter hold-out,579,0.49,6.7359738678553285e-06,4.773230251498936e-06,0.0002873318871790055,2.004911556036204e-16,2.1650967870778056e-08,0.0,0.0,0.7204428699894628,0.5725704755526098,0.42671341110892425,0.27948625231917035,0.000784445882032965
parameter hold-out,580,0.20,0.00015289185686960952,0.0001368036883747697,0.0005974192171767411,1.1692882147752282e-16,3.1954761919256665e-08,0.0,0.0,0.9967304998208791,0.9805362510681294,0.014726145567067262,0.006723082984367053,0.0012961508847976152
parameter hold-out,581,0.24,0.00014322244150084568,0.00012260599573239137,0.0006032948194684203,1.0020328317917685e-16,3.4927877795778385e-08,0.0,0.0,0.9965257308948257,0.9796385993997846,0.01507087837295883,0.007629505671962806,0.0011473013587854476
parameter hold-out,582,0.28,0.00011528262481679892,0.00010859298664373322,0.0006176944863910361,1.836046818840501e-16,2.5677403426305444e-08,0.0,0.0,0.9962699454012616,0.9776563439776935,0.01614252002053451,0.008952091839535666,0.0009889557408958912
parameter hold-out,583,0.32,8.636270605135373e-05,8.052312088556518e-05,0.000545631360163983,1.5080548951104153e-16,3.242898258179692e-08,0.0,0.0,0.9959414287045205,0.973736816872727,0.018463301646320315,0.011044548832299307,0.0008235539220950112
parameter hold-out,584,0.36,6.564395033341657e-05,5.592377749482056e-05,0.00036168212374763497,1.4463353572189125e-16,2.989525540736549e-08,0.0,0.0,0.9955012515795042,0.9655445022769726,0.02353150332156019,0.014788545351456807,0.0006529405825193243
parameter hold-out,585,0.40,7.908011908922299e-05,6.236070813960601e-05,0.0005937811175292125,2.354364657349855e-16,2.874937139382356e-08,0.0,0.0,0.9948716409431301,0.9444130172566415,0.03725080574875063,0.02303011144020274,0.0004778096657319837
parameter hold-out,586,0.44,3.0410188595442813e-05,2.688270062789765e-05,0.00028944476607760644,2.2910270619383914e-16,1.574910718011091e-08,0.0,0.0,0.9939389226551081,0.8499419487141558,0.10544432764309063,0.05044592250940076,0.00029679496119929666
parameter hold-out,587,0.46,2.873614770713294e-05,2.3767154576650404e-05,0.0005898393371535056,1.9066478564421384e-16,2.4727241978183834e-08,0.0,0.0,0.9932206405779261,0.6136872067951166,0.29171025528266886,0.10130070963146803,0.00020283647228606688
parameter hold-out,588,0.48,1.5683157529406883e-05,1.560041888661194e-05,0.00044862139620536226,3.747820477809587e-16,2.4171107134796214e-08,0.0,0.0,0.9921515074972863,0.5259200766720993,0.3081788327957719,0.17386339860124847,0.00010498346658737207
parameter hold-out,589,0.49,1.4893623681994885e-05,1.4025870619285471e-05,0.0007581370828123322,4.632322596135609e-16,2.822836046971841e-08,0.0,0.0,0.9911845636260147,0.56473115357462,0.36394250397513034,0.08039251593349724,5.3789872600004104e-05
parameter hold-out,590,0.20,7.971972262454767e-05,7.521637226553233e-05,0.0003099377199754339,1.2491119499555065e-16,3.5916971124789305e-08,0.0,0.0,0.9975954521101548,0.9910304009821992,0.009245438558491333,0.0018426754720293308,0.00028783464706131094
parameter hold-out,591,0.24,5.887778645314802e-05,6.873336269884121e-05,0.00027569920155368327,1.7171159962383468e-16,2.944066897044057e-08,0.0,0.0,0.9976662447845921,0.99056566619772,0.009326597342837351,0.0021775801933314465,0.0002675967058349102
parameter hold-out,592,0.28,4.62594030461711e-05,5.0676558582575194e-05,0.00021354160815456494,1.6814026252581906e-16,1.8209649953983837e-08,0.0,0.0,0.9977019027991407,0.9888484438759427,0.01050985378224825,0.0027023989085630667,0.00024249808650775778
parameter hold-out,593,0.32,4.0512442366638554e-05,3.8209145549840246e-05,0.0002838734711003636,2.791414787399708e-16,3.593803038951014e-08,0.0,0.0,0.9976994231340376,0.9835208023590389,0.014949572487753367,0.0036230588960328314,0.0002122871907236599
parameter hold-out,594,0.36,5.7408767718569025e-05,6.154918626231983e-05,0.0005626664433988329,1.5177610141325874e-16,3.393536671331387e-08,0.0,0.0,0.9976497230108006,0.9530925078719897,0.04351588875760876,0.00556559695982364,0.00017685478708140832
parameter hold-out,595,0.40,4.1968949797247215e-05,3.950786044350964e-05,0.00047659903601143295,1.4633387676204433e-16,3.2780193196461065e-08,0.0,0.0,0.9975311327620366,0.8795838464496191,0.11131422981866008,0.01140969571940598,0.00013598522252092788
parameter hold-out,596,0.44,4.702314870520136e-05,3.939674012754901e-05,0.0007367423679618011,2.7472489975382014e-16,3.764961034865511e-08,0.0,0.0,0.9973150265019897,0.9372096706550536,0.057948326633699206,0.007413908643232608,8.883666336399828e-05
parameter hold-out,597,0.46,2.803659490749377e-05,2.3022918821160474e-05,0.0004433545877342537,1.9745324577758682e-16,3.01168451105603e-08,0.0,0.0,0.9971258386709577,0.5705098482996862,0.4274535992526991,0.004710570395836918,6.231389488795749e-05
parameter hold-out,598,0.48,2.2563591825947242e-05,2.2517306602849014e-05,0.0005144627171491802,1.8493401485203454e-16,3.1149975457063776e-08,0.0,0.0,0.9968231055951375,0.9470036791572892,0.05210742121047024,0.0039827649069709104,3.308957143633853e-05
parameter hold-out,599,0.49,1.8688754585069845e-05,1.7459493521209895e-05,0.0007511828161504189,6.455054032325434e-16,3.4760484717288434e-08,0.0,0.0,0.996536551656065,0.9784977447580052,0.020921540448395386,0.004002220017579214,1.7165591431940212e-05
parameter hold-out,600,0.20,5.7587467729087276e-05,7.39400555278933e-05,0.00023846149526789303,2.175235669521272e-16,2.3902297760500852e-08,0.0,0.0,0.9896106605752589,0.985848066059528,0.011833397097871604,0.0069104530589969215,0.005805243163509456
parameter hold-out,601,0.24,9.54873297602649e-05,0.00011664540971348347,0.00046329879545517564,1.9627656649662152e-16,2.5254704476378766e-08,0.0,0.0,0.9890372686540292,0.983902956302683,0.01293503403550668,0.009402701646939116,0.004730538214931131
parameter hold-out,602,0.28,0.00010831609028448758,0.00012692269479050374,0.0005719716642519222,2.58589671707633e-16,2.5174146030832467e-08,0.0,0.0,0.98829543543004,0.9806759001867554,0.014495169997228148,0.012786717405053726,0.003758909078431497
parameter hold-out,603,0.32,0.00010009720160004819,0.00011343470827877597,0.0005838619575306905,1.5563226336355268e-16,3.319563159409439e-08,0.0,0.0,0.987306213298436,0.9750296523595453,0.017900281935927607,0.016888231370034004,0.0028980495405899268
parameter hold-out,604,0.36,0.00011008720248568369,0.00011548467039585579,0.000684960596351854,2.8294896466847986e-16,2.6861926588670695e-08,0.0,0.0,0.9859278203517996,0.9639154414722328,0.02699556754516022,0.021065793369621676,0.002139514346368249
parameter hold-out,605,0.40,8.806581359527048e-05,9.238775345131006e-05,0.0007119924184870775,1.7129896820086496e-16,2.505038514437452e-08,0.0,0.0,0.9838760346184097,0.9366371512734357,0.047768237750642865,0.030312940760480824,0.0014662151194424304
parameter hold-out,606,0.44,4.433358546399307e-05,4.099498684216438e-05,0.000553263776155004,2.564725710679886e-16,2.910447845061241e-08,0.0,0.0,0.9805468878787176,0.8357332735127343,0.11809717589345348,0.06477159014341709,0.0008562957981600532
parameter hold-out,607,0.46,3.0258333381374136e-05,2.639308099802817e-05,0.00036425370858592066,1.8870943656404096e-16,2.7390366642341678e-08,0.0,0.0,0.9779045286579673,0.6656092880708046,0.2127467634231935,0.1430046149464808,0.0005676362804577541
parameter hold-out,608,0.48,2.3829568068557922e-06,2.2373593264642202e-06,6.262098465338394e-05,3.3109698073651806e-16,3.177341392404644e-08,0.0,0.0,0.9738831818046529,0.456687776260074,0.3441858031301711,0.22493384660252733,0.00028462737176803283
parameter hold-out,609,0.49,6.559901736638732e-06,4.865239655243304e-06,0.00032922811875330416,4.2304645813584323e-16,2.404233408468181e-08,0.0,0.0,0.9706326770315878,0.6885454173667144,0.20042673325363536,0.14032938552576288,0.00014341926006219432
parameter hold-out,610,0.20,5.6571097076886105e-05,6.718444343785818e-05,0.0003438258201046377,2.385567432856107e-16,3.9003212128828e-08,0.0,0.0,0.9868843303510049,0.9512829359230344,0.03228926096084913,0.02077193316265281,0.008759829211762743
parameter hold-out,611,0.24,3.524346671880901e-05,3.9121923567668036e-05,0.0002234622275876105,9.130371885582787e-17,3.506132993225057e-08,0.0,0.0,0.986327679911638,0.933516492158875,0.03678794104290661,0.0356640461291585,0.007699935856766505
parameter hold-out,612,0.28,4.7176146293248556e-05,5.140524203160331e-05,0.0003578574067842149,1.4829094749678174e-16,2.968114825246667e-08,0.0,0.0,0.9856248218461133,0.8985773191248785,0.06560370556950919,0.043602519576052254,0.006570095503934937
parameter hold-out,613,0.32,7.620312442260686e-05,7.769712682010213e-05,0.00046982928612738064,1.4791745220831418e-16,2.3842662564722476e-08,0.0,0.0,0.9847354771697018,0.8120811950512835,0.14268886698813657,0.05498984987826846,0.005398001795123254
parameter hold-out,614,0.36,0.00010611821637431272,0.00011308826369098254,0.000630290761752374,6.599991831875305e-17,2.4742406457791117e-08,0.0,0.0,0.9835817307722639,0.5567954182825048,0.3780191387848465,0.07706710483962242,0.004209169485812058
parameter hold-out,615,0.40,9.089433764540944e-05,9.305456144932725e-05,0.0006364821342173817,1.057080340357905e-16,2.4602313997983772e-08,0.0,0.0,0.9819958751452741,0.6918983425167681,0.19146304007976564,0.13135699534285816,0.00302115934093076
parameter hold-out,616,0.44,4.677625617468854e-05,3.3893430596415704e-05,0.0006673389163103762,1.4809435914717821e-16,2.569493446712072e-08,0.0,0.0,0.9798007288028091,0.6416367004691185,0.3173707161014244,0.05922742994320837,0.001836114697038446
parameter hold-out,617,0.46,2.3259925437401992e-05,2.0705602029304835e-05,0.0003252745214427663,2.1349820431822913e-16,2.7921355128300322e-08,0.0,0.0,0.9781443468207588,0.5364149182621076,0.4462916448612849,0.037763526037121714,0.001240345044852264
parameter hold-out,618,0.48,2.1086943666623665e-05,2.099844890909508e-05,0.0010261404279041939,1.3999174210899433e-16,3.3982463999926886e-08,0.0,0.0,0.9757351643210945,0.7727046991498338,0.22366697074536,0.027191421251746953,0.000634376967923733
parameter hold-out,619,0.49,6.7130335804620186e-06,6.715689420808122e-06,0.0005271570048960742,4.472784736502201e-16,2.270687156570665e-08,0.0,0.0,0.9735903062234192,0.8543160017420335,0.14715537793573372,0.024574735142768103,0.0003240867120321044
parameter hold-out,620,0.20,7.74770671280612e-05,7.604758162217766e-05,0.00034955781462482204,1.57180253014198e-16,3.167865703957337e-08,0.0,0.0,0.9933839838981972,0.9717806056283735,0.025883431786341043,0.0062901270672037456,0.0026772043737398918
parameter hold-out,621,0.24,9.445619874378763e-05,0.0001091761963119966,0.0005164011345962364,1.513632969378709e-16,2.9269578108305697e-08,0.0,0.0,0.9934940507598576,0.9697892387539483,0.02708238941835722,0.007261974967224803,0.002385125995379355
parameter hold-out,622,0.28,2.035519312258414e-05,2.2593236965314753e-05,0.00012714888688195486,1.472227339214438e-16,3.3193745902271414e-08,0.0,0.0,0.9935106106767636,0.9733593529647458,0.022114487787405025,0.00895130382258672,0.00206461228179143
parameter hold-out,623,0.32,4.907691986053003e-05,5.14245438483932e-05,0.00032100268383250557,1.6298447865298465e-16,2.650979172755938e-08,0.0,0.0,0.9934304418805344,0.97608630981376,0.016239365575392548,0.012512930853687949,0.001723267265300673
parameter hold-out,624,0.36,4.9203070677190306e-05,4.991592837912914e-05,0.00045502979207599434,1.9129875907355443e-16,3.0912488530670955e-08,0.0,0.0,0.9932356578969607,0.9704420316824048,0.0233759748704116,0.01157572128146842,0.0013679230710944314
parameter hold-out,625,0.40,0.00011531588868835143,0.00010838798372813837,0.0006808033783972161,1.8321237205004837e-16,2.927561898243936e-08,0.0,0.0,0.9928802744265292,0.8879555317742145,0.10983874681317077,0.008402557145193652,0.0010018685501433913
parameter hold-out,626,0.44,8.15849912508617e-05,7.133493445979016e-05,0.0008401741819209749,2.1284178900838365e-16,3.269459235012232e-08,0.0,0.0,0.9922771888187137,0.9186448298581655,0.08201556140328735,0.006484621288230908,0.0006222767869848615
parameter hold-out,627,0.46,3.6410518308932264e-05,3.4562533520873265e-05,0.00041742744469637814,1.498236615925849e-16,2.3934603854118684e-08,0.0,0.0,0.9917962904020289,0.9770177029571531,0.02481862486683982,0.00593513012330196,0.00042495533730288004
parameter hold-out,628,0.48,1.3468709747854371e-05,1.2332508544464933e-05,0.00026194639638321384,1.9848931792673795e-16,2.752004068273164e-08,0.0,0.0,0.9910799910607505,0.9904865796099375,0.012540816124783352,0.005674199427293724,0.0002194404854667182
parameter hold-out,629,0.49,5.283220470150157e-06,5.267945627867833e-06,0.00040785710051677423,4.3701416184184375e-16,2.7515479690419145e-08,0.0,0.0,0.9935449311967145,0.9904832820896733,0.01013306016797828,0.005718783743182432,0.00011214631955261788
parameter hold-out,630,0.20,0.00017861303784622688,0.00023065339691152127,0.0007731288196573622,1.55057938946366e-16,3.452838936622731e-08,0.0,0.0,0.9202971213822245,0.8475981665406952,0.13853962518147134,0.04696111627392223,0.04642196846627893
parameter hold-out,631,0.24,3.53554645375508e-05,4.391496539030933e-05,0.0001744836721404048,2.635977025644131e-16,3.1073157392634966e-08,0.0,0.0,0.9152132919032623,0.8383345361550046,0.15272288865307626,0.05490491887254579,0.0388596907053769
parameter hold-out,632,0.28,7.741828647858872e-05,9.006661868353859e-05,0.00033577855256469155,1.6234983603919972e-16,2.266128346568908e-08,0.0,0.0,0.9088976911212568,0.8231543679243425,0.17181118457878705,0.06462886292448605,0.03158871975502921
parameter hold-out,633,0.32,7.558173712948387e-05,6.286597841147248e-05,0.0003218539008854553,1.8460907933110778e-16,2.5818115847494554e-08,0.0,0.0,0.9008720376652953,0.7991182141956332,0.19870926816415102,0.07652517758241884,0.02480168606610019
parameter hold-out,634,0.36,2.2727947717611332e-05,2.4737811839752424e-05,0.0001635706437692847,1.7296921244031853e-16,2.903252298790506e-08,0.0,0.0,0.8902880507157244,0.7607644978009291,0.2387766448110184,0.0915770657365696,0.018565631861221347
parameter hold-out,635,0.40,4.920081817098084e-05,5.059061999329959e-05,0.00031571153585619653,1.6300715934177205e-16,2.562564731657907e-08,0.0,0.0,0.8754227177146575,0.6976423080532671,0.30229968475885194,0.11167831214590065,0.012853102409789997
parameter hold-out,636,0.44,2.8167297289755042e-05,2.836178256342547e-05,0.00026769661040716773,1.172705404669059e-16,2.6626058759338986e-08,0.0,0.0,0.8534381180273256,0.5908835341552904,0.4081435090903083,0.13987087949299867,0.007562406054297959
parameter hold-out,637,0.46,6.139354357032937e-05,6.203435998784297e-05,0.0012132261634692726,1.598339014783398e-16,3.093057476036769e-08,0.0,0.0,0.8368064129662754,0.5129467778645789,0.48531924694399536,0.15957731117753987,0.005028864097831317
parameter hold-out,638,0.48,2.279657698897162e-05,2.0300897195892875e-05,0.0006554132104934486,2.5735730055730735e-16,2.444997096378552e-08,0.0,0.0,0.8131980622826567,0.581583978413901,0.41580988170706923,0.1867857839321134,0.002530491690321661
parameter hold-out,639,0.49,2.695815621938973e-05,2.1237695600470104e-05,0.001098962227988814,1.5649508092499685e-16,2.7399796538530728e-08,0.0,0.0,0.7940123940123172,0.6376615072144692,0.35955274643434404,0.20758550003049223,0.0012793921633556425
parameter hold-out,640,0.20,7.961864192833556e-05,7.225536985285516e-05,0.000368395429558513,2.171697972384325e-16,2.960847710499551e-08,0.0,0.0,0.9992058454395186,0.993075372031436,0.005869952500471672,0.0014055444702738668,0.00044425384363598163
parameter hold-out,641,0.24,9.723955403936499e-05,0.00011323703011566529,0.00045958586495846275,1.4196373972995152e-16,2.902307467591393e-08,0.0,0.0,0.9992180125932238,0.9906094186255607,0.008220724289734738,0.001575960754794775,0.00038409897027674635
parameter hold-out,642,0.28,9.380465211595374e-05,0.0001055780239634937,0.00046571375681710847,1.8599048331029963e-16,2.1933384962559597e-08,0.0,0.0,0.9992168364821319,0.9850988694638453,0.013539987552826564,0.0018356447693456466,0.00032182929020451513
parameter hold-out,643,0.32,4.912791565099779e-05,5.096104427070008e-05,0.0002632939362741374,2.4416371439838063e-16,3.2545294724310836e-08,0.0,0.0,0.9992017461158482,0.9671493072116117,0.03112365280902595,0.0022789457556714006,0.000259300986903781
parameter hold-out,644,0.36,1.8041941180392993e-05,1.6317759320320277e-05,0.0001087521646833817,2.3804518864840844e-16,3.984181066232045e-08,0.0,0.0,0.99917009826292,0.8135032687289923,0.1839240725041729,0.003191314054797811,0.00019803528552187312
parameter hold-out,645,0.40,3.750187576076949e-05,3.81423456398676e-05,0.00041596488119508755,2.3419656054427628e-16,3.812213563984244e-08,0.0,0.0,0.9991152196703105,0.9209085887326751,0.07394476242856535,0.005888132984708117,0.0001389607456870742
parameter hold-out,646,0.44,9.09138748639939e-06,9.244193645902617e-06,9.647778360870005e-05,2.419833465914449e-16,3.7412484429845484e-08,0.0,0.0,0.9990291564473645,0.9626854610910592,0.02826744937304636,0.009941206552195157,8.229012817547991e-05
parameter hold-out,647,0.46,1.5212642162088571e-05,1.1405877633173593e-05,0.0002712649307914385,1.7983472024883495e-16,2.7425474479947487e-08,0.0,0.0,0.9989613659288371,0.6456658603008002,0.3504484927502385,0.0048998884410990555,5.4769731913824114e-05
parameter hold-out,648,0.48,7.141083226134412e-06,5.140197363939653e-06,0.000283707440007978,1.7154151145604655e-16,2.4107284347053446e-08,0.0,0.0,0.9988607094261835,0.9695544141060581,0.02890950828393657,0.0026405375014783928,2.754565831096797e-05
parameter hold-out,649,0.49,9.897653638620978e-06,8.530996866044913e-06,0.0004507455646979374,6.838584172244569e-16,2.3455134636226498e-08,0.0,0.0,0.9987724433566565,0.9877720560233713,0.011457760476916108,0.0019808592963990253,1.393787572052741e-05
parameter hold-out,650,0.20,0.0004991755603592417,0.0006106231269979943,0.0025129089240244697,1.506648599489975e-16,3.706068785427776e-08,0.0,0.0,0.9576987554297182,0.7719628766787986,0.23325057288567866,0.03320674109999655,0.004349000902229367
parameter hold-out,651,0.24,0.00035021226385006883,0.0003949717574156985,0.0017786721118542366,2.1584773577492643e-16,3.354960676246669e-08,0.0,0.0,0.9620888178009527,0.7614488812242763,0.2364177750186963,0.0359452559224502,0.004516995988044916
parameter hold-out,652,0.28,0.00020576366602390422,0.0002369638244724567,0.0011664054942253648,1.4932641102981683e-16,2.7867173679523248e-08,0.0,0.0,0.964040383465056,0.7459431607211787,0.24585649083145023,0.039866509873176637,0.004524043711183619
parameter hold-out,653,0.32,0.00013373398869699784,0.00012490951136416543,0.000706946229784229,1.676640147537998e-16,2.617326729497487e-08,0.0,0.0,0.9641963417696724,0.7212783024865564,0.2641203376524123,0.04608727732680757,0.0043140547177650205
parameter hold-out,654,0.36,8.693598810481537e-05,8.744269499969731e-05,0.0005163739854076648,1.9130663908989799e-16,3.682774499970854e-08,0.0,0.0,0.9627678847563335,0.6806399123012179,0.2946729980101497,0.057895058133111015,0.0038562129394331237
parameter hold-out,655,0.40,9.380693187689396e-05,9.782013528105613e-05,0.000738930773264776,2.029334193925149e-16,3.491275918892436e-08,0.0,0.0,0.9595248526993939,0.6115141159811275,0.3355812002907935,0.08996568486552291,0.0031377156155207417
parameter hold-out,656,0.44,0.00012753807745836946,0.00012261818880779032,0.0013313001095355613,1.86317299522085e-16,3.0130905258784996e-08,0.0,0.0,0.9538953628058623,0.4925741362117728,0.296039437762055,0.2547971312504546,0.0021459687507451846
parameter hold-out,657,0.46,9.065170839493441e-05,9.126778937088657e-05,0.0014603921973467908,1.5066692671738397e-16,2.9183657745637828e-08,0.0,0.0,0.9493127097459497,0.46768720639141137,0.40727385989541426,0.173670483041342,0.0015368453463673623
parameter hold-out,658,0.48,6.17791038512697e-05,5.014253936389397e-05,0.001702017875747044,3.188642000815847e-16,2.4069853594186836e-08,0.0,0.0,0.9425198987563939,0.6502082115149688,0.3060685275791792,0.10055341667103553,0.0008343573736778865
parameter hold-out,659,0.49,4.537195247830204e-05,4.281974385793689e-05,0.002405942556263198,5.65718077172192e-16,1.6654863414547217e-08,0.0,0.0,0.9365022117586531,0.7229541992507287,0.25095219265638075,0.08877021406434857,0.0004377563215272912
parameter hold-out,660,0.20,4.346256594965582e-05,4.851643933642402e-05,0.00020276491420458966,1.4517869527215976e-16,2.380595812159757e-08,0.0,0.0,0.9994949273986345,0.674559422419229,0.32530329819766585,0.0004763211774399726,0.0001098642443163996
parameter hold-out,661,0.24,3.8515661349165935e-05,3.280890808977604e-05,0.00018843319111827117,1.4248631253372392e-16,2.1514297618128744e-08,0.0,0.0,0.9995109563449209,0.9680960840709963,0.03171980229769653,0.0005666824416710143,9.987559185803223e-05
parameter hold-out,662,0.28,6.914406105825444e-05,7.604756823606142e-05,0.0003229206303839668,1.404307475646262e-16,4.0495988782150273e-08,0.0,0.0,0.9995194109765009,0.9972187293103595,0.0024563593140860458,0.0007152802738655857,8.850546965477797e-05
parameter hold-out,663,0.32,0.00012344494470577515,0.00013452389341134978,0.0006253462967480657,1.6872042696747464e-16,3.011231063248258e-08,0.0,0.0,0.9995202460731033,0.9987909829426417,0.0009974153052842243,0.0006141156400401415,7.584234983301215e-05
parameter hold-out,664,0.36,0.00013891803151554,0.00014573453312170903,0.000768611519248057,1.1668463759121156e-16,3.587839206796167e-08,0.0,0.0,0.9995122112682907,0.9983140305071085,0.0016864034800328888,0.0004230465203881048,6.196578107021432e-05
parameter hold-out,665,0.40,7.759798015254585e-05,8.054992718351663e-05,0.0005117314861803161,1.7764656583731244e-16,2.571816988273186e-08,0.0,0.0,0.9994917444831839,0.9953990570371805,0.004634606742527816,0.00042313125967046014,4.684908746408417e-05
parameter hold-out,666,0.44,3.787996206090392e-05,3.245266124444225e-05,0.0003621443296717832,2.7997370553410436e-16,3.3982389943864094e-08,0.0,0.0,0.9994546869716459,0.7599555650709165,0.24003215690620955,0.00045747134154336194,3.0181591883242252e-05
parameter hold-out,667,0.46,1.567933850437642e-05,1.559526596709493e-05,0.0002717134266997974,1.2983461580607892e-16,2.6551760699387665e-08,0.0,0.0,0.9994220647598063,0.9832623019772673,0.016804408278948184,0.000486798400097846,2.105409727166467e-05
parameter hold-out,668,0.48,3.253129524175474e-05,3.213042215291299e-05,0.0006638575257047343,2.563273003488717e-16,2.6068912282567582e-08,0.0,0.0,0.9993699115101085,0.9970793165589363,0.003009775260002052,0.000533374411683865,1.1143823459157571e-05
parameter hold-out,669,0.49,9.900790409117475e-06,9.893106530039844e-06,0.00044544132431829843,4.3412212602268633e-16,2.577171543614323e-08,0.0,0.0,0.9993198389644803,0.9984309674619279,0.001666180503801001,0.0005784982407181513,5.7749923624004465e-06
parameter hold-out,670,0.20,0.00020106024074358336,0.0002163181421986425,0.0007103330913335997,2.526431272030787e-16,3.212931478107303e-08,0.0,0.0,0.9635725698875909,0.9231683546431161,0.0847254312140931,0.02381372333340156,0.004786294278672162
parameter hold-out,671,0.24,9.263368117809286e-05,0.00011250274796168113,0.00040372626042425267,1.520165952511081e-16,2.1738280336487646e-08,0.0,0.0,0.9645126582795273,0.9172269265775694,0.08838070281691876,0.02544919513093081,0.004500966753803912
parameter hold-out,672,0.28,6.256702524152081e-05,7.264201155716908e-05,0.0003507127060887447,1.4037812210322643e-16,3.2556710875380855e-08,0.0,0.0,0.964664918792549,0.908106576577886,0.09561798381136774,0.02757966137848877,0.004065742270960626
parameter hold-out,673,0.32,7.002315303975954e-05,7.479494264486844e-05,0.0004220582650683667,1.4677343015603365e-16,2.4973441861530624e-08,0.0,0.0,0.9639072161468889,0.893627131506562,0.10843730381760729,0.030527290100972066,0.003504173513389814
parameter hold-out,674,0.36,6.968253795607198e-05,7.479229161545009e-05,0.0005158042941679011,1.9726437229294497e-16,2.1661242831183477e-08,0.0,0.0,0.961950196095495,0.8691343833684452,0.13104592695655487,0.03504228381575825,0.0028460536199027497
parameter hold-out,675,0.40,3.9215873305720345e-05,3.794119228827937e-05,0.00034416106843290865,1.9866441618874813e-16,2.4917514179139034e-08,0.0,0.0,0.9581427932626928,0.8232751719482596,0.1725640531102848,0.04396395297071468,0.002115338678474803
parameter hold-out,676,0.44,3.056346899745217e-05,2.9733910599955643e-05,0.0004174269970710396,1.336741120792753e-16,2.4562842273427462e-08,0.0,0.0,0.9512288308549193,0.7248641710959379,0.22022148493373503,0.10244343379868197,0.0013242006055622525
parameter hold-out,677,0.46,2.024736693625499e-05,1.8898130888994946e-05,0.00032441532615533596,2.4777370199567866e-16,3.0663276511397455e-08,0.0,0.0,0.9453837545094915,0.6329325442006044,0.3178867943483201,0.10293536927503963,0.0009059413625849672
parameter hold-out,678,0.48,2.916184963862505e-05,2.911819964920992e-05,0.0007803864745213299,3.2898504379550796e-16,3.1610239386304116e-08,0.0,0.0,0.9362553024527854,0.4988741713011164,0.49508719717732474,0.06967809371363073,0.000467942733992055
parameter hold-out,679,0.49,5.951733130603807e-06,4.542974690461447e-06,0.00028710467049407416,5.924350179019911e-16,2.564398192400361e-08,0.0,0.0,0.9284412195799124,0.5913399520825454,0.4067027266779848,0.07321299681095825,0.00023922109258943906
parameter hold-out,680,0.20,0.0005690617009069185,0.0006774647244663318,0.002241273231120478,1.609578364608074e-16,3.3402622580118985e-08,0.0,0.0,0.883306043263622,0.8239053428698344,0.13559687429292552,0.11574653384748836,0.04128971763812615
parameter hold-out,681,0.24,0.0005864165354350979,0.0006402173612210752,0.002006325946818096,2.2087443816741305e-16,3.3323999554641294e-08,0.0,0.0,0.8835289010300644,0.8054105293666581,0.1525075414276212,0.1255010387958973,0.0334052885311336
parameter hold-out,682,0.28,0.0005499944288716508,0.0006123545367270183,0.0021723928678939325,1.5753619541468033e-16,3.151687846784329e-08,0.0,0.0,0.8818190888061096,0.7805167501578574,0.17738388720630874,0.13432635475041826,0.02644643680851887
parameter hold-out,683,0.32,0.0004871002050740575,0.0005014670627039251,0.0021261086322111383,2.1142383895770505e-16,2.9547245883650352e-08,0.0,0.0,0.877648370783663,0.7460429832317936,0.21525652498540362,0.14109498398624282,0.020350833195068734
parameter hold-out,684,0.36,0.0004705361543008336,0.00042983893783689325,0.0022556034175814483,1.622908704374382e-16,2.7486256118168356e-08,0.0,0.0,0.8699953005010074,0.6966389223849709,0.2729009632791321,0.14571094637173024,0.014992678079330392
parameter hold-out,685,0.40,0.000509810917397879,0.0004105997572536212,0.002937165800374657,1.1238756619600448e-16,2.7249417012056484e-08,0.0,0.0,0.8567748284471016,0.6231766105043749,0.35750995194365276,0.15215488485053022,0.01022702522687549
parameter hold-out,686,0.44,0.0005891572072892459,0.0005641901272199219,0.006238139072779541,1.1385044096255616e-16,2.7587210752257946e-08,0.0,0.0,0.8344121380330637,0.5123505027569037,0.47746204558857996,0.1683604913518396,0.0059129522641162575
parameter hold-out,687,0.46,0.0006127809257200667,0.0006115329357097263,0.00975747795889604,2.281423368749961e-16,2.132433458952425e-08,0.0,0.0,0.8161322180719459,0.5538643870639379,0.4388193815913485,0.18412064778459655,0.003892185749866825
parameter hold-out,688,0.48,0.0002833389895337701,0.00028379057843579977,0.008712790758500497,2.441006368140155e-16,2.3379606717100454e-08,0.0,0.0,0.789411726436082,0.6413665616900456,0.3537635947343284,0.2099918777025073,0.001945699153727158
parameter hold-out,689,0.49,7.359757477205387e-05,7.359157761261532e-05,0.004761629919357494,1.1410944034322164e-16,2.682320696190157e-08,0.0,0.0,0.7684330357577779,0.6901155540469341,0.3070019526224401,0.23171373812830656,0.000985015351374579
parameter hold-out,690,0.20,0.00041514736319664316,0.0004938227731316098,0.0015355042145601384,2.079951312011238e-16,3.0258488139113504e-08,0.0,0.0,0.9346961204475758,0.8676437785297133,0.11406675144358183,0.06964019815782126,0.014093088008944547
parameter hold-out,691,0.24,0.00026830025455552083,0.00033164874001315295,0.0011351021452482494,1.235401727447884e-16,2.2910422637727672e-08,0.0,0.0,0.9293529996561252,0.8655367456638513,0.11562706933265057,0.07651890707138977,0.01314608753582152
parameter hold-out,692,0.28,0.00025207460822318875,0.00028345312379067305,0.001089678482402361,1.5848375519206047e-16,2.2868434372209887e-08,0.0,0.0,0.922195093336438,0.8602970201719293,0.11967201596708466,0.08639088220394965,0.01162469493877711
parameter hold-out,693,0.32,0.0002622310121038033,0.00026935508867488263,0.0012012039514768264,1.8922719655544508e-16,2.9223623738804024e-08,0.0,0.0,0.9118055833288755,0.8510570868618964,0.12552709425563494,0.10201420745052414,0.009780444107460574
parameter hold-out,694,0.36,0.00022200888031211657,0.00023309369954682208,0.0012591471652128564,1.424374481307403e-16,3.0002818888850926e-08,0.0,0.0,0.8924819718751208,0.8391689526714334,0.13131581866752637,0.12950181182635281,0.0077653340108609
parameter hold-out,695,0.40,0.0001306529837828875,0.00013770738582371834,0.0009724206575895063,1.8365422451341503e-16,2.797608899822678e-08,0.0,0.0,0.8427680728972382,0.8370071344151189,0.17634179498605856,0.13848046943641804,0.005659850396732945
parameter hold-out,696,0.44,2.7364952540176e-05,2.7883640685931e-05,0.00029620233624378636,1.3941695246581162e-16,2.696637693054569e-08,0.0,0.0,0.830888214530177,0.755907178608425,0.24704668821654358,0.162771242119272,0.0034888640585609
parameter hold-out,697,0.46,4.2646070446268534e-05,4.1656475551049395e-05,0.0006840438884473006,1.2635843306862347e-16,2.697381976402268e-08,0.0,0.0,0.8065523962939459,0.7029122509669576,0.3001534907841655,0.18784657021416906,0.0023734183948714836
parameter hold-out,698,0.48,3.3469590127707566e-05,3.0336880946595768e-05,0.0008656984735058927,3.162764327417977e-16,1.9786836924499567e-08,0.0,0.0,0.7666429378339229,0.6270659442939728,0.3775268220649038,0.2280859633337956,0.0012226276348385975
parameter hold-out,699,0.49,1.4025117039261331e-05,1.0988803968786514e-05,0.0006696643810677492,2.0224198209550807e-16,2.3591392126319425e-08,0.0,0.0,0.7344525545693211,0.5731972672871571,0.4320275731813022,0.2597371883612765,0.0006240175263818073
parameter hold-out,700,0.20,7.361363385593924e-05,9.849558470351092e-05,0.000305256238354646,2.2714337704603625e-16,3.494452695242039e-08,0.0,0.0,0.9078947034675496,0.9076690577875284,0.08147012248720031,0.0787371712912639,0.024270500052854055
parameter hold-out,701,0.24,4.4040209444811184e-05,4.797971375115888e-05,0.00016808156755324902,1.6807314296005657e-16,3.4600018385487524e-08,0.0,0.0,0.9065895934309628,0.8984200065574313,0.08863306521621216,0.08662932462531833,0.01973969215921307
parameter hold-out,702,0.28,0.00012843996206086247,0.00015767124402317424,0.000581502278917237,1.4585348817283456e-16,2.6996158704067967e-08,0.0,0.0,0.9035926935014378,0.8856090162241235,0.10532845666168604,0.08957033626483235,0.015787710403622153
parameter hold-out,703,0.32,0.0002136525834067398,0.0002480604687282862,0.0010634721143208503,1.9986419338993836e-16,2.4470065211976e-08,0.0,0.0,0.8979942368960697,0.8675595727223305,0.12982629296066547,0.09209126512897672,0.012298355141349145
parameter hold-out,704,0.36,0.000174368033768648,0.00019083255707246806,0.0009872071733398984,1.8486037849113075e-16,2.2557483758558506e-08,0.0,0.0,0.8884818197983573,0.8406580838524209,0.15991485559381785,0.10153280382255188,0.009179377703207812
parameter hold-out,705,0.40,9.166453250671083e-05,9.547365434764634e-05,0.0006606484370142354,1.5992522201257053e-16,3.182734224903161e-08,0.0,0.0,0.8723328553023799,0.7973428862843426,0.20406298088758495,0.11974615846512598,0.0063506218747533425
parameter hold-out,706,0.44,6.389076204627294e-05,6.43864502519012e-05,0.0006984601697875474,1.652789274475786e-16,2.1618994446750307e-08,0.0,0.0,0.8438440948583102,0.720928173160016,0.2805387965782989,0.15075635727666312,0.0037349950929712974
parameter hold-out,707,0.46,8.523768250781899e-05,8.611770722380217e-05,0.0013030995037586139,2.0402705230220402e-16,3.409886690223466e-08,0.0,0.0,0.8202245712541686,0.6593728595526396,0.341815078130053,0.17557326534790854,0.0024830167103941556
parameter hold-out,708,0.48,6.468405446680955e-05,4.7214043973296e-05,0.0013928893717642561,1.7887858482275922e-16,2.4871094551914037e-08,0.0,0.0,0.7842896147570204,0.5725647030452639,0.428932712184685,0.21296713544816703,0.0012489684467751397
parameter hold-out,709,0.49,3.663158189564489e-05,3.23131908611596e-05,0.0018157747174231869,4.893469982731422e-16,2.85545288176334e-08,0.0,0.0,0.7559365306168635,0.5139279734587314,0.487463498985418,0.24166032526469028,0.0006304043014091008
parameter hold-out,710,0.20,6.474564788384556e-05,6.936103409212049e-05,0.0002884745519064455,1.3228230502350767e-16,2.6557164003991544e-08,0.0,0.0,0.9926255528828215,0.9752879056476547,0.02360009028581294,0.004855545268981491,0.00362030275540785
parameter hold-out,711,0.24,6.500179341681746e-05,6.765249054612608e-05,0.00033230621448058703,1.9218929173751658e-16,3.3248768365945326e-08,0.0,0.0,0.9923014025789348,0.9711151082683539,0.02689574762956526,0.005485909465494467,0.004209507938733167
parameter hold-out,712,0.28,0.0001487494280315227,0.00012537267877563114,0.0007388848901741978,1.6465759663262166e-16,2.6714039635537144e-08,0.0,0.0,0.9918635198954586,0.9646205838123614,0.03174317517652109,0.00825312057742467,0.003536956414319537
parameter hold-out,713,0.32,0.00019273180208569286,0.0001586036740587406,0.0011917321432078315,1.4549418404193376e-16,2.847699981648954e-08,0.0,0.0,0.9912844837515591,0.9531994998709369,0.03950249994543204,0.013179964333420523,0.0028567192136924185
parameter hold-out,714,0.36,0.00015021096431271837,0.00012052477754730187,0.0010749759808986708,2.474217573270072e-16,2.8727485168979975e-08,0.0,0.0,0.9905101889708584,0.9276404561654655,0.05359357590391405,0.026105810239660365,0.002184993241478541
parameter hold-out,715,0.40,7.855327000997147e-05,6.507607252277694e-05,0.0008334323890968753,2.3967691643961977e-16,2.4224430182307504e-08,0.0,0.0,0.9894249534040424,0.8100621404329346,0.11412054248357337,0.0849523071958888,0.0015330543237212521
parameter hold-out,716,0.44,4.322959721253242e-05,4.3007096235952736e-05,0.000644659050813546,3.177349695167179e-16,2.871779642741307e-08,0.0,0.0,0.9879305368864758,0.7341607433544394,0.18384135749391892,0.0932258829183642,0.0009058417827784919
parameter hold-out,717,0.46,1.9107446901697488e-05,1.8539705353090405e-05,0.0005177743353939998,2.0644820095888428e-16,2.064874815110117e-08,0.0,0.0,0.9867881091848194,0.654208869685101,0.325753133348706,0.03264999457549956,0.0006016774660861114
parameter hold-out,718,0.48,3.7273355731501134e-05,3.585334781580025e-05,0.0012032589563240666,1.4801613100479816e-16,2.1991542094268473e-08,0.0,0.0,0.9851087003699817,0.5928268910271058,0.40127777811574966,0.020235038853805884,0.00030204618812009203
parameter hold-out,719,0.49,1.6896151053709375e-05,1.5966853067089095e-05,0.000780951366777709,2.550097888558287e-16,2.0671634910507718e-08,0.0,0.0,0.9835219450653114,0.7367536182024094,0.2605379324041119,0.018796127733897678,0.0001531431755260448
parameter hold-out,720,0.20,0.00013208011596630695,0.0001785332293472985,0.0006227616134861846,2.500561619093297e-16,2.3625184890446784e-08,0.0,0.0,0.9985184575817192,0.9974147608966965,0.0018512121619060932,0.0016858177890172554,0.0005320313048281497
parameter hold-out,721,0.24,6.238989046091682e-05,7.675852558099284e-05,0.0002994257907519047,2.816690267345173e-16,3.066909657528156e-08,0.0,0.0,0.9983988163371277,0.9972962048105883,0.0020515855094562275,0.0018160371068443471,0.00043786147259552565
parameter hold-out,722,0.28,2.8263306619628525e-05,3.4439646099240725e-05,0.00014446526532320883,2.0010473951351327e-16,3.548826555261544e-08,0.0,0.0,0.9982384469950955,0.9970808865344741,0.0023292521068425578,0.0019973822497384363,0.0003532675746887768
parameter hold-out,723,0.32,2.702023743251484e-05,2.6502465935374408e-05,0.00012842543346410016,2.0116612669071295e-16,3.00500449039081e-08,0.0,0.0,0.9980151551129347,0.9967125062088966,0.002737970548225867,0.0022576347344576433,0.00027721623448025997
parameter hold-out,724,0.36,9.326302300338302e-05,9.529436098567362e-05,0.000557433218116277,2.4664612329579636e-16,2.9714034591802645e-08,0.0,0.0,0.9976853854956127,0.9960660189427117,0.003393012642852167,0.0026527229319271723,0.00020835771895069157
parameter hold-out,725,0.40,0.00011211977797741833,0.00010735024572181917,0.0008238878645649012,2.7195378677942375e-16,2.8373253705148807e-08,0.0,0.0,0.9971518511642041,0.9948136408316964,0.004590369861944905,0.003309668291819837,0.00014516943022765548
parameter hold-out,726,0.44,4.686155182839214e-05,4.74123688128118e-05,0.0005782421773058177,1.4992997250865112e-16,2.499446740333452e-08,0.0,0.0,0.9961693024615571,0.9918355712667656,0.0073390914085777696,0.004578080350309577,8.597069246666831e-05
parameter hold-out,727,0.46,1.3088205344751263e-05,1.3038872846448057e-05,0.00023514264821682582,3.053465141983386e-16,3.095425826893489e-08,0.0,0.0,0.9952810348600234,0.9883309690727887,0.010542454624394829,0.005784178332763637,5.730790285121077e-05
parameter hold-out,728,0.48,1.717392392042303e-05,1.7071868516556332e-05,0.0006101822867928855,4.929726726878671e-16,2.3555531813692793e-08,0.0,0.0,0.9937358491901719,0.9799699298380546,0.01825155168404797,0.008008849761787864,2.8870787153367908e-05
parameter hold-out,729,0.49,8.147248832012924e-06,7.122387659744308e-06,0.0004407441159068947,5.650157093262965e-16,2.715183213698141e-08,0.0,0.0,0.992313114870254,0.9694207265950004,0.02812167462808722,0.010143550142659257,1.4579925241119022e-05
parameter hold-out,730,0.20,3.255256932895131e-05,4.241861891815849e-05,0.00014065725198909016,8.054020820045142e-17,2.545902793206282e-08,0.0,0.0,0.9997177510265849,0.9996311907104598,0.0003920958149568785,0.00020296451285377638,5.587997936801991e-05
parameter hold-out,731,0.24,5.134378344523374e-05,6.5197681707346e-05,0.0002641571790972586,1.5528626095014962e-16,2.7625763297073803e-08,0.0,0.0,0.9997163113121045,0.9995936889521926,0.0004240654978762865,0.00021800720492644941,4.7742136913916326e-05
parameter hold-out,732,0.28,9.54298748263868e-05,0.0001153572979195714,0.0005360682400210038,2.0282165140188164e-16,2.2397453213699286e-08,0.0,0.0,0.999708543962882,0.9995381411319522,0.0004757476135409219,0.00023762698188178034,3.9639921657779546e-05
parameter hold-out,733,0.32,0.00010519219932177431,0.00011297861815876083,0.0006176674830725982,2.1877469092165762e-16,2.3395215246692113e-08,0.0,0.0,0.9996923421195804,0.9994513024012455,0.0005600464931452598,0.0002643599290318277,3.1782541815956164e-05
parameter hold-out,734,0.36,9.81436037384138e-05,8.88890278003408e-05,0.0005092125150093299,1.4297526175112537e-16,2.963556345458382e-08,0.0,0.0,0.9996633891443613,0.9993024884365435,0.0007073988641150192,0.00030288000842748343,2.426357232022351e-05
parameter hold-out,735,0.40,7.951247008144642e-05,7.962794596138633e-05,0.0005925681679756754,1.444975157387637e-16,2.360202657271387e-08,0.0,0.0,0.999612145541708,0.999003996492548,0.001004844471212847,0.00036289315958954333,1.7084799248228582e-05
parameter hold-out,736,0.44,1.62856389280224e-05,1.2464827178936381e-05,0.00015508437010327487,1.4670294704757255e-16,2.595730977102387e-08,0.0,0.0,0.9995163702422525,0.998199581345351,0.0018060972335809734,0.0004677753086521438,1.0180629988166918e-05
parameter hold-out,737,0.46,3.344686535327305e-05,3.357394581764062e-05,0.0005421648187395004,2.310013436796157e-16,2.6841086359500688e-08,0.0,0.0,0.9994316233463153,0.9970568693445042,0.0029436896843781524,0.0005580341666462416,6.798180964404036e-06
parameter hold-out,738,0.48,3.205560854096495e-05,3.150017251921215e-05,0.0010780053657049409,3.4612021649389144e-16,2.5662907458913153e-08,0.0,0.0,0.999290009497493,0.9933072473544109,0.006685525475951068,0.0007096295494343642,3.424628918230955e-06
parameter hold-out,739,0.49,1.3489622011911883e-05,1.0797162771853969e-05,0.0007023775425054024,7.482789096457876e-16,2.2447796379881278e-08,0.0,0.0,0.9991644591918177,0.9858530373792871,0.014130536587615839,0.0008498478970096813,1.7302140762593486e-06
parameter hold-out,740,0.20,0.0002457281626808877,0.0003278205872582917,0.0010123681071421233,1.3669821598579474e-16,3.241211897832199e-08,0.0,0.0,0.9529924386138272,0.9363180372435044,0.06322115634874198,0.04206363165739914,0.005336481943079832
parameter hold-out,741,0.24,0.00010473163053107207,0.0001337860180665594,0.0004518105684881345,2.525929265938487e-16,2.7116548137980643e-08,0.0,0.0,0.9472239631540103,0.9369601841689965,0.06340618835559539,0.04721354051312511,0.0051560346180571535
parameter hold-out,742,0.28,0.00010380745156583649,0.00012195457417788004,0.00046992598455152104,1.4755802470368569e-16,3.7974577604377835e-08,0.0,0.0,0.9390629192609525,0.9364183150139574,0.06525774224843048,0.05452133112885344,0.004670275522819227
parameter hold-out,743,0.32,0.00014048003961634594,0.00015955840614600747,0.0007294326002985745,1.6204320726505709e-16,3.5502260496659594e-08,0.0,0.0,0.9343513434046953,0.9268329963209307,0.06904802826243123,0.06566593809279551,0.003990874244679197
parameter hold-out,744,0.36,0.00011365000890926558,0.00012479236002242494,0.0006855017925555101,1.9023571723835638e-16,2.518655396418114e-08,0.0,0.0,0.9300747947626105,0.9069419393800336,0.08436964512739187,0.07530512643799053,0.0031967135295854067
parameter hold-out,745,0.40,3.631019238937104e-05,3.6627774715270695e-05,0.00025406782521893227,1.2422369916453716e-16,2.0558865273310075e-08,0.0,0.0,0.9221239708872703,0.8704779500890834,0.12007015022755083,0.08492310457910683,0.0023363498267079015
parameter hold-out,746,0.44,3.6110485789774345e-05,3.629489712314779e-05,0.00037241622885246886,2.628828593527346e-16,2.3817960254875052e-08,0.0,0.0,0.9072409171293289,0.7918872749176782,0.1999057429586571,0.09963714986059258,0.0014342548450165422
parameter hold-out,747,0.46,3.930273617362597e-05,3.774177702879476e-05,0.0005660879280805628,1.7443729578455205e-16,2.3361800364433835e-08,0.0,0.0,0.8945170726760335,0.7149081623305092,0.278941267238218,0.11082816070999701,0.0009702497207842334
parameter hold-out,748,0.48,5.272283012082716e-05,5.039507425454506e-05,0.0015586933201143485,1.9866056892491268e-16,2.377419380650908e-08,0.0,0.0,0.8745346358929336,0.5887535563550421,0.4083162964518593,0.12826923252712205,0.0004951491803490244
parameter hold-out,749,0.49,1.92365663104014e-05,1.6697767939756303e-05,0.000984717935219535,4.730379801309354e-16,2.6856870188619333e-08,0.0,0.0,0.858156695488607,0.5008659615727302,0.4979347822449683,0.14264070388286176,0.0002512141711710146
parameter hold-out,750,0.20,0.0005852484056505592,0.0006924537585778531,0.0029911486229631237,1.8555655618505974e-16,3.578749944737205e-08,0.0,0.0,0.9543027712514187,0.7802292639908047,0.23617210678352132,0.026466912098237576,0.0034343474368002266
parameter hold-out,751,0.24,0.0004413435313138723,0.0004695291821876789,0.0022926208926407833,1.0357506794396739e-16,3.07091439770465e-08,0.0,0.0,0.9593182108402348,0.7686033602710767,0.24074523975413958,0.028271338226387915,0.003594857596423333
parameter hold-out,752,0.28,0.00028056645156586315,0.00030427901384705715,0.0016947894958483111,1.6784399692039022e-16,2.4939676719121585e-08,0.0,0.0,0.9623853460095185,0.7510488608646297,0.2524708290694416,0.030764882899088804,0.0036367875484726152
parameter hold-out,753,0.32,0.00017668658586179466,0.00019476178647365768,0.0012678707008700958,1.9773163976322735e-16,2.6702812025351644e-08,0.0,0.0,0.9638724645779034,0.7233346396766033,0.27476704446027517,0.0345444432712091,0.0035061422550837075
parameter hold-out,754,0.36,0.00016467333519713055,0.00014178986270999567,0.0011226113306995866,1.9152100636022102e-16,3.734698651723018e-08,0.0,0.0,0.9639142209615492,0.6780585070807259,0.31334879925760784,0.041334172858617374,0.00316841232277252
parameter hold-out,755,0.40,0.00018855484232999545,0.0001579201416447053,0.0011882633276532203,1.7909406449802771e-16,3.0389059295468376e-08,0.0,0.0,0.9623481617975596,0.6015026926884998,0.3739906477382346,0.05925044461937244,0.00260487856028026
parameter hold-out,756,0.44,0.00019451655667371295,0.00017074082491121546,0.001859493430660756,2.1622048197509203e-16,3.599685813158607e-08,0.0,0.0,0.9588762975280115,0.47170996785211106,0.37550591394672145,0.1914233941972962,0.0017988401265436533
parameter hold-out,757,0.46,0.00012475313745751755,0.0001218553440011184,0.0018714157541000588,2.0360248305320574e-16,2.4561129977298964e-08,0.0,0.0,0.9557163208058617,0.48556340560354444,0.3815223844154382,0.17523978109173674,0.0012942279808417934
parameter hold-out,758,0.48,7.100334940169768e-05,5.369171100379491e-05,0.0019441058643593855,3.8485088553023727e-16,2.6920650892422486e-08,0.0,0.0,0.9508264140234142,0.6904067927984794,0.27898173297390605,0.07918292679725258,0.000705830206217387
parameter hold-out,759,0.49,5.587901806427585e-05,5.386536630069392e-05,0.002925471835049966,1.6439488507764028e-16,1.9920996627021326e-08,0.0,0.0,0.9462162221300325,0.7583308518587354,0.22545646201085728,0.06913297187981844,0.00037106645940569526
parameter hold-out,760,0.20,0.00016795340198577074,0.0002033701925054745,0.0007744936751551223,2.4691772524164677e-16,3.485724353088529e-08,0.0,0.0,0.9944678395705497,0.9842025696964537,0.015064942078413926,0.003404597065676156,0.0028421262331483925
parameter hold-out,761,0.24,0.00010844567811245509,0.0001305791075924938,0.0005608291993987793,1.6468588711616952e-16,2.6942979407722156e-08,0.0,0.0,0.9942614233909673,0.9821294306525362,0.017092405675244417,0.0036711330006210965,0.0028317787245589264
parameter hold-out,762,0.28,9.872903792122616e-05,9.789211946716539e-05,0.0005413830383223712,1.6389112272019142e-16,2.593054387155871e-08,0.0,0.0,0.9939393027223973,0.9790991714363569,0.02002297339373027,0.00463821667687317,0.002281904181632589
parameter hold-out,763,0.32,0.00010208272749295748,0.00010752537941664639,0.0007163787379468002,1.9999295028899526e-16,3.2711137308687964e-08,0.0,0.0,0.9934673275165881,0.9743341860727338,0.024601008357043406,0.005807277081294299,0.0017707197289385708
parameter hold-out,764,0.36,8.32847994907932e-05,8.312475005372236e-05,0.0006814375685266555,2.4079101040649074e-16,2.7626164523574657e-08,0.0,0.0,0.9927792639620017,0.9659517360019454,0.032614190578105905,0.007353062967419734,0.0013051942988057848
parameter hold-out,765,0.40,0.00014593108870582147,0.00011965454253640188,0.0010262891290519292,2.1619573313324623e-16,3.237649202184132e-08,0.0,0.0,0.9917387139350662,0.948178617474351,0.04943641841221049,0.0098302550405229,0.0008853461367192682
parameter hold-out,766,0.44,0.0001067662532219401,0.00010102404304850755,0.001089896231329586,2.358808911972171e-16,2.1045047711573542e-08,0.0,0.0,0.9901325191023596,0.8943838576214642,0.09850412403726228,0.01665415731413155,0.0005068882095429197
parameter hold-out,767,0.46,8.78811815103199e-05,7.767244234991018e-05,0.0011803130884261448,2.4821844847207637e-16,3.2673369275247915e-08,0.0,0.0,0.9888750796296298,0.8049089219694693,0.1703653917579496,0.0358181290351395,0.0003315472476445851
parameter hold-out,768,0.48,6.010330750587893e-05,6.024461859153933e-05,0.0018285126690888072,3.297778908273869e-16,3.091351565316184e-08,0.0,0.0,0.9869983125771674,0.43308790150671317,0.3583975869305692,0.22219898188102163,0.00016393461586168141
parameter hold-out,769,0.49,2.7812578657309197e-05,2.7467082485297265e-05,0.001368827472650169,5.24707401132552e-16,2.2951214086983994e-08,0.0,0.0,0.9852992553813766,0.5305833457202895,0.44075688806731594,0.04397926061263024,8.209533990594057e-05
parameter hold-out,770,0.20,0.00010716219866660511,0.00010365349109667192,0.00038868617274841427,1.1756788875846797e-16,3.326856666556148e-08,0.0,0.0,0.9936051196798736,0.9932300922783869,0.009061653399019874,0.0036878259668731597,0.00041484966290708444
parameter hold-out,771,0.24,0.00012422407605767324,0.00014270386794263228,0.0005246664156657787,1.494555970242716e-16,2.5798832057546946e-08,0.0,0.0,0.9938853407143172,0.9927447373165563,0.008588391162378943,0.004391822613505798,0.0003923000305210175
parameter hold-out,772,0.28,0.00011433046548565702,0.00013268417847412488,0.0005251505443696,1.6412197080851353e-16,2.3555898378480592e-08,0.0,0.0,0.9940586995310712,0.9915997028746566,0.008481500758552987,0.005507192428147991,0.00035945245032145256
parameter hold-out,773,0.32,0.0001053778951884919,0.00011824375850020805,0.0005165715488205738,1.4151268269452128e-16,2.8812181731249825e-08,0.0,0.0,0.9941168867131316,0.9890542775977814,0.009031513343238482,0.007493237375483029,0.0003161315502054974
parameter hold-out,774,0.36,0.00010181434302289883,0.00010991603393487913,0.0005761398311383771,1.7803243410564614e-16,3.006030467349515e-08,0.0,0.0,0.9940341404937002,0.9820186232233266,0.011932812789664468,0.011773618375554951,0.0002628851747950131
parameter hold-out,775,0.40,6.28623314943148e-05,6.560188546140493e-05,0.00042846458939003323,1.7982131491425458e-16,4.0541862871940635e-08,0.0,0.0,0.9937487050906775,0.9045777700002122,0.07647034403542656,0.02507752448729241,0.00020042665949183402
parameter hold-out,776,0.44,2.057372519645708e-05,2.0829728581056445e-05,0.00035220395926111167,1.8699097523939594e-16,2.4362602060385303e-08,0.0,0.0,0.9931383419178901,0.8632976260032734,0.13123899786035334,0.012206530887136762,0.00012889618108126062
parameter hold-out,777,0.46,3.528570427762875e-05,2.6577955167172037e-05,0.0005487521718766011,9.674621792543562e-17,2.468546499532858e-08,0.0,0.0,0.9925909233588197,0.5704520927580302,0.4280106969031108,0.008795509254886997,8.941400880903231e-05
parameter hold-out,778,0.48,1.6123594078988082e-05,1.5756498284120684e-05,0.0004472266441943228,2.552196459400963e-16,3.607156616658074e-08,0.0,0.0,0.9917076120014429,0.9269282136261189,0.07252773626836512,0.008754009515038554,4.679195638528456e-05
parameter hold-out,779,0.49,5.8707817388891205e-06,5.6226649649110525e-06,0.00030064223474801627,1.8655648281449861e-16,2.6985664607125426e-08,0.0,0.0,0.990933482926425,0.9656282737146368,0.034078325186145446,0.00932648612155578,2.4053440848587817e-05
parameter hold-out,780,0.20,0.0002173391810453542,0.0002528365813191291,0.000756786152300489,1.5763015370465078e-16,2.7784724357988352e-08,0.0,0.0,0.8206153664985957,0.8002769689863404,0.2934260708535231,0.07267859504362334,0.013116616995622147
parameter hold-out,781,0.24,0.00045882570727287975,0.0005527288163442243,0.0017460939918742605,1.433618741992812e-16,3.964044246520752e-08,0.0,0.0,0.8292582752207195,0.7572994179426963,0.3180613215103544,0.08440556968479443,0.011587039782675865
parameter hold-out,782,0.28,0.0004624412643359571,0.0005267429631729683,0.0018669701253550505,1.575756105241912e-16,3.4296127475557234e-08,0.0,0.0,0.8356332201185078,0.6938632884193549,0.3574485205269105,0.1037549610646362,0.009967934054531509
parameter hold-out,783,0.32,0.0003985945102188878,0.00038492058659672396,0.0016337972816633625,1.3683236787067126e-16,3.270093758109872e-08,0.0,0.0,0.8395147579052932,0.6008516968327042,0.411225685872209,0.14049227819421298,0.00828425506519084
parameter hold-out,784,0.36,0.0002880371510348676,0.00022596915374388244,0.0013941981580414076,1.924264917148676e-16,3.692170355063019e-08,0.0,0.0,0.840350871393038,0.4747721981304671,0.4547614974950072,0.22356011171764026,0.00655449436740533
parameter hold-out,785,0.40,0.0001398779235549798,0.00013477163233404843,0.0010012066280641052,1.2022752588456333e-16,2.303052541484494e-08,0.0,0.0,0.8368712066892239,0.42535635054049553,0.3974587211060622,0.3353048781596464,0.004780502225255855
parameter hold-out,786,0.44,0.00014021001705080173,0.00014328196902850144,0.001425035195596814,2.0979211898703842e-16,3.1029174039077324e-08,0.0,0.0,0.8265670942798858,0.7192132252325574,0.22725273827164677,0.22350878750161277,0.002943812050808496
parameter hold-out,787,0.46,0.0002117281710033391,0.00021401150572842578,0.0031741885817209176,1.7419659311957236e-16,2.7128439190334945e-08,0.0,0.0,0.8247153305786687,0.8164769094855848,0.18573917476913743,0.1701391176139283,0.001996098731116369
parameter hold-out,788,0.48,8.383830461006563e-05,8.401001754627067e-05,0.002860507121139445,3.6103734653173884e-16,2.6441300304530445e-08,0.0,0.0,0.8941040161821645,0.8002734641585124,0.16087803852970048,0.14280505147233416,0.0010243909589157361
parameter hold-out,789,0.49,3.5839902895900244e-05,2.7359542092657476e-05,0.0016543933936011349,3.342730802023555e-16,2.3447815106383692e-08,0.0,0.0,0.919322137082357,0.7870625685609296,0.15339754754683574,0.1393132760936512,0.0005229143810238165
parameter hold-out,790,0.20,0.00011051121763992611,0.00012704965871480024,0.000522804280137363,1.2934912749260278e-16,3.8455605385335736e-08,0.0,0.0,0.9969683576920065,0.9920488008911529,0.006492647940065874,0.002378799804306375,0.0021198393411342026
parameter hold-out,791,0.24,0.00014009584755566017,0.00015498230729375946,0.0006756953470040737,2.317091495143278e-16,3.560669808238229e-08,0.0,0.0,0.9968565110184837,0.9905938304114272,0.007518264373903811,0.0031107526408582315,0.0019328988281074964
parameter hold-out,792,0.28,8.41228602823062e-05,9.175963655017025e-05,0.0005023416183652543,1.6869582308889174e-16,4.5450076778550947e-08,0.0,0.0,0.9967258018986905,0.9887369021482809,0.009241224252615778,0.003580434770899606,0.0017196923464836526
parameter hold-out,793,0.32,8.488867171547565e-05,8.399090745178867e-05,0.0005054854836785791,2.305291283788841e-16,3.810104989813251e-08,0.0,0.0,0.9965704777417741,0.9855979238126555,0.012651000570735125,0.003688824936360926,0.001481057886016036
parameter hold-out,794,0.36,6.111419991435163e-05,5.6828028633789125e-05,0.0003744378721689915,1.9970008129003578e-16,2.8409749482547093e-08,0.0,0.0,0.9963787808859724,0.9772185655213244,0.021697330449292902,0.0034756779192217915,0.0012175808830278995
parameter hold-out,795,0.40,0.0001475908040233062,0.0001504953222879104,0.0009558037205506787,1.4799573801281157e-16,3.498093453385627e-08,0.0,0.0,0.9961243365883771,0.9314002826900227,0.06858571869294601,0.003082583120219962,0.0009275543331589342
parameter hold-out,796,0.44,0.0001341822058578758,0.00013582072266309002,0.0011510382435678977,1.9383357724482377e-16,3.064419899909063e-08,0.0,0.0,0.9957856134014963,0.7651864994056948,0.2361561646844696,0.002672696098448581,0.0006028200919448036
parameter hold-out,797,0.46,5.199753092349743e-05,5.196141251749715e-05,0.0008588172268933927,2.3647399989883085e-16,3.5920505894874055e-08,0.0,0.0,0.9955355259020219,0.9536654762376079,0.047826187924794344,0.0025225784588436004,0.00042265163326066896
parameter hold-out,798,0.48,5.694761689558103e-05,5.687770191370993e-05,0.0011615408284667708,2.794469021617854e-16,2.0303387893937113e-08,0.0,0.0,0.9951732598514589,0.9853483723357488,0.01682345755989297,0.0024659387303635092,0.00022574973880046183
parameter hold-out,799,0.49,1.0326765391331575e-05,9.49520156786651e-06,0.0011194672459314268,3.736478803989434e-16,2.3598084098289185e-08,0.0,0.0,0.9948453298050273,0.9910112467410178,0.011508155709221478,0.002524850580039149,0.00011761634356933606
parameter hold-out,800,0.20,0.00014005097713592452,0.0001611325084572926,0.0006862944509515146,2.5765486215661528e-16,3.554267151767405e-08,0.0,0.0,0.9564583047206503,0.9056508034972501,0.08588848816435164,0.03585379348467606,0.016248521301757086
parameter hold-out,801,0.24,0.00022479976517983228,0.00021304051110790958,0.0009614004052092858,1.363270227856343e-16,2.7921279961836413e-08,0.0,0.0,0.9572650168363167,0.8875085031838199,0.10362389929366977,0.03824690887820983,0.01355854538771622
parameter hold-out,802,0.28,0.00011703398637463284,0.00011228709025728276,0.0005970016882132238,1.7581257989752884e-16,3.7536079157186056e-08,0.0,0.0,0.9573759471463134,0.8600130163392579,0.13018053174504768,0.04158505349629095,0.010967372117617663
parameter hold-out,803,0.32,7.139095765016309e-05,8.025888355508396e-05,0.0003476698204806915,1.678127111067885e-16,2.921459224703958e-08,0.0,0.0,0.9567026451326386,0.815486714786092,0.1723681760784716,0.046796724492302724,0.00855307513633088
parameter hold-out,804,0.36,0.0001434074979750745,0.00014604868700872288,0.0007263118246874623,2.3571374227319076e-16,2.9406438326905374e-08,0.0,0.0,0.9550354982044426,0.7379974886136129,0.24347440539156262,0.056822463030272365,0.0063495439031102776
parameter hold-out,805,0.40,0.00012508898192524565,0.000110658784032548,0.0007692441619086097,2.3750208758431654e-16,2.5612299694920882e-08,0.0,0.0,0.9519081345123722,0.5983586697863396,0.357243549356626,0.08772468106831316,0.0043518463835910655
parameter hold-out,806,0.44,3.851668216455044e-05,3.805593443290228e-05,0.0004382089398440011,1.500252324161902e-16,2.7650684346726908e-08,0.0,0.0,0.9465174822700573,0.38135270639967567,0.35027996026874403,0.3191305100717505,0.00252710589965902
parameter hold-out,807,0.46,3.4785924771100185e-05,3.380522542413289e-05,0.0006453487236733749,1.476195067760453e-16,2.7735109227762076e-08,0.0,0.0,0.9421080802508559,0.6502314053714311,0.2664355983690554,0.1394574340856248,0.0016665261650114487
parameter hold-out,808,0.48,3.541694323564172e-05,3.3551664195136856e-05,0.0012102797597169125,4.2791712490413194e-16,3.192977682910175e-08,0.0,0.0,0.9354469740268835,0.8057524423797194,0.17033027122652614,0.08747007300530966,0.0008300148162959803
parameter hold-out,809,0.49,1.6040640296324207e-05,1.4625469866561215e-05,0.00061377846068741,6.495261093243625e-16,2.3593230410439637e-08,0.0,0.0,0.9299412028032995,0.8554849590797694,0.13129992333532758,0.08293116946222912,0.0004178347170580195
parameter hold-out,810,0.20,0.00010315782589474215,0.00013241489181161373,0.00038811159698664524,1.7243420509330936e-16,3.113414497078162e-08,0.0,0.0,0.8819383553627594,0.8234992472484554,0.18171862456327095,0.10662456577148378,0.006282581199228678
parameter hold-out,811,0.24,0.00031556512616175744,0.0003936683970377974,0.0012353150660911179,1.8454484552737886e-16,2.4333890994992745e-08,0.0,0.0,0.8651952796063688,0.8280488498111401,0.17798265461341037,0.12227634608457229,0.0067483511270126605
parameter hold-out,812,0.28,0.00036060372242233227,0.00040560178520203984,0.0014352902965298893,1.6977141880520933e-16,2.5998348508201108e-08,0.0,0.0,0.8412921829547355,0.8302803688878915,0.17713607346183147,0.14480756209167675,0.0067135774665606765
parameter hold-out,813,0.32,0.0003555051661110793,0.00033000964310880105,0.00137752653766039,1.444921322455539e-16,3.100152558507503e-08,0.0,0.0,0.8296907237086677,0.8054547128437834,0.17944974115282422,0.1793227779366727,0.006211045203019355
parameter hold-out,814,0.36,0.0002862295361617186,0.00024495601825886524,0.0012547779513976897,2.5286629776812764e-16,2.9868887911064874e-08,0.0,0.0,0.8252928305011182,0.7485295699881269,0.23590306852008203,0.1850853026562419,0.00531490231488417
parameter hold-out,815,0.40,0.00017283062375802517,0.00016744371344683848,0.001090912231039941,2.418838697575882e-16,2.383329617575602e-08,0.0,0.0,0.8150336507026632,0.6531610797686968,0.3338406954233128,0.19414451660365722,0.004102747546632297
parameter hold-out,816,0.44,0.00015240176451930003,0.0001514169757477475,0.001390289843767943,2.423909943456257e-16,2.6030418033942304e-08,0.0,0.0,0.794767216002503,0.49878077481562616,0.49616403226845096,0.20815776371778483,0.0026345345265971747
parameter hold-out,817,0.46,0.00014196836620536672,0.00010942255394598095,0.0015649954803957828,3.4099576277383107e-16,2.7413628973608155e-08,0.0,0.0,0.7774974716999694,0.6076016479492149,0.3930917354856192,0.22004370700526368,0.001817004681248605
parameter hold-out,818,0.48,7.050671325127138e-05,5.033867425203661e-05,0.001594727589544541,2.603976387870865e-16,3.3732390707847487e-08,0.0,0.0,0.7514204940373218,0.7222155007646439,0.28491142738890374,0.2403468269708093,0.0009444514724629914
parameter hold-out,819,0.49,5.0746143330624765e-05,3.6513178124378936e-05,0.001990092159131098,4.572125181207894e-16,2.5033555687449612e-08,0.0,0.0,0.7782310112500821,0.7313286064566205,0.2578899449145725,0.2319111758501832,0.0004843396353853779
parameter hold-out,820,0.20,0.00011292533316857835,0.00010861517001926363,0.00042837808306765517,3.023287143556524e-16,2.6031614040566394e-08,0.0,0.0,0.9903199778076585,0.9777371185177334,0.017203347605644525,0.010599734017366861,0.004148483301770107
parameter hold-out,821,0.24,7.07679469974365e-05,7.630565590356e-05,0.0002959120761155647,1.5456423216432287e-16,2.6237814521314977e-08,0.0,0.0,0.989921668455105,0.976708846296981,0.01980901081961244,0.009935145755893823,0.0036345920334644815
parameter hold-out,822,0.28,6.618752702948246e-05,7.485826364432295e-05,0.00031932673905747016,2.0084290694809013e-16,2.7446810274464258e-08,0.0,0.0,0.9894091161059371,0.974108477330754,0.023729462489070555,0.009672582722005043,0.0030932808103692096
parameter hold-out,823,0.32,7.169952282562832e-05,7.940998662372422e-05,0.00042155125674197766,1.58385637067525e-16,3.7277997029229843e-08,0.0,0.0,0.988737946994214,0.9687782403567797,0.030194815452812208,0.009768989622728782,0.0025389068417853078
parameter hold-out,824,0.36,8.79988802192799e-05,9.425167312961662e-05,0.0007393425683486293,1.7807246989959302e-16,2.9406342794500618e-08,0.0,0.0,0.9878284897668078,0.9575181149718668,0.04247059767906645,0.0102254146228913,0.0019823655458507156
parameter hold-out,825,0.40,6.23323403114436e-05,6.471013064047806e-05,0.0007267770872482892,1.796637634057378e-16,3.273992886048917e-08,0.0,0.0,0.98652059668259,0.9288835329037034,0.07198602697132339,0.011195101344929459,0.0014288109869888238
parameter hold-out,826,0.44,7.00208745892917e-05,6.326910828158146e-05,0.0010957733200355655,1.2216496446526466e-16,2.5467993677530942e-08,0.0,0.0,0.9845881105726577,0.8174298162843995,0.18050838243341408,0.016545315544146927,0.000874906072102819
parameter hold-out,827,0.46,3.3340765011409265e-05,2.6216641446710205e-05,0.0005465567123788587,1.9603847173409978e-16,2.7040595895249848e-08,0.0,0.0,0.9830976059011071,0.6419140763454418,0.359043496014876,0.015211972156647791,0.0005939518213121281
parameter hold-out,828,0.48,3.516266170091709e-05,3.450724140227017e-05,0.0008142222222056496,3.397173033429884e-16,2.6088682950916136e-08,0.0,0.0,0.9808798376492726,0.6740426979549501,0.3276198612237652,0.016810165269683784,0.00030522100182560927
parameter hold-out,829,0.49,3.0111247484512335e-05,2.91595284276266e-05,0.0013439618442694216,2.184802574658182e-16,2.9120915172521443e-08,0.0,0.0,0.978914344035799,0.8078126717844566,0.1942575815760982,0.01849771956815772,0.00015586471336997545
parameter hold-out,830,0.20,0.0002159757466228798,0.00027091160137081185,0.0008390005802411944,1.5857817325855367e-16,2.3934774913801838e-08,0.0,0.0,0.9374849022175871,0.9252019125323552,0.060706296929660744,0.05797171678681547,0.018501086559312322
parameter hold-out,831,0.24,0.00019562368249696416,0.00022369394526131913,0.0007662157980425884,1.614702331440063e-16,2.2655933329268864e-08,0.0,0.0,0.9294338920143349,0.9257052149367552,0.06853295089795933,0.060330306698572304,0.0159373741336984
parameter hold-out,832,0.28,0.00013840896333952034,0.000128344211972217,0.0004933342831914176,1.8957295069227165e-16,2.0621312894556386e-08,0.0,0.0,0.9250427584052834,0.9161432006552095,0.08002433924417511,0.06543787237058118,0.013340217539989442
parameter hold-out,833,0.32,6.334209671532048e-05,6.913826215155425e-05,0.0003904248238464969,2.3001861475051006e-16,2.9339687091622693e-08,0.0,0.0,0.922981506598619,0.893327064907566,0.098285008020509,0.07466438676066728,0.010782486923125296
parameter hold-out,834,0.36,8.170874524048225e-05,7.502744389200826e-05,0.0004066290604829955,1.8894623207587126e-16,2.8834314238547218e-08,0.0,0.0,0.9190395026964122,0.8507368004694171,0.13073950115573607,0.09132472394607821,0.008304333109807075
parameter hold-out,835,0.40,0.00010084497252393063,9.75113041310948e-05,0.0005987830111216953,1.7346873392626618e-16,2.7274368819204482e-08,0.0,0.0,0.9121961480838293,0.7607683543629042,0.19798942899549873,0.12342136895552616,0.005912234213889977
parameter hold-out,836,0.44,7.22117641877227e-05,6.623338708832434e-05,0.0006033578979066447,2.2291594160679673e-16,2.55984466198418e-08,0.0,0.0,0.9003717090027721,0.5561274222958381,0.35824969243739674,0.1820738518178188,0.0035773981896616144
parameter hold-out,837,0.46,4.4401883820391274e-05,4.476871233246716e-05,0.0006169356366728298,2.1837293201507835e-16,3.078541725809723e-08,0.0,0.0,0.8908315131719498,0.5007141896408648,0.3960948356174172,0.2102310179659977,0.002413196459639638
parameter hold-out,838,0.48,4.461361720300184e-05,4.170020173381552e-05,0.0009747243053659031,2.2113587533303376e-16,2.67437822272464e-08,0.0,0.0,0.876464405326428,0.6691870456669597,0.24122750990692465,0.21221565941312673,0.0012311828852339998
parameter hold-out,839,0.49,1.8301194837773875e-05,1.3134030940092033e-05,0.0009789476453875936,6.875424331689353e-16,3.175118404852822e-08,0.0,0.0,0.8650226903580432,0.7500092474128441,0.20315607654038265,0.1811908070981538,0.000625544622703083
parameter hold-out,840,0.20,5.8580853593007283e-05,7.068551231626624e-05,0.00035294434645085114,1.8403666003482874e-16,3.31989900528266e-08,0.0,0.0,0.9913102981321421,0.8986924960704327,0.08433096180813414,0.021630675384255508,0.004055516309789599
parameter hold-out,841,0.24,7.987985121873021e-05,8.495686955937639e-05,0.0004958803818103426,1.1407779339736426e-16,2.4250546797132318e-08,0.0,0.0,0.9912985596582021,0.8916198594256877,0.08922531908849536,0.024361848787563957,0.0035388899050758198
parameter hold-out,842,0.28,4.985861642090624e-05,5.674962667278831e-05,0.0003745899625881426,1.5161745055010809e-16,3.021493850126643e-08,0.0,0.0,0.9911071398303022,0.8781067012510962,0.09942681415669972,0.028362389309338754,0.0030067289984677783
parameter hold-out,843,0.32,4.7390662486909025e-05,3.7002622194795315e-05,0.0002725168698178819,2.1318817181345904e-16,3.034873826776153e-08,0.0,0.0,0.9907163057933356,0.8528721800416155,0.11916833174974792,0.03473999195877899,0.0024675760045149995
parameter hold-out,844,0.36,2.4157814123886794e-05,2.423446861896367e-05,0.00019279883110994648,2.1690196242291796e-16,2.7581744311959428e-08,0.0,0.0,0.9900735256121233,0.8025291766916867,0.1591851693236453,0.04629703201657538,0.0019268140175943828
parameter hold-out,845,0.40,0.00011794886950241136,9.994040096610524e-05,0.0008060526580708741,1.0437026635310447e-16,3.5141998526699265e-08,0.0,0.0,0.9890601459250433,0.6889391446447819,0.2486983166394886,0.07215639762469368,0.0013865071402374013
parameter hold-out,846,0.44,4.735682666050853e-05,4.8021301783792807e-05,0.0006169365380084627,2.7145715399477545e-16,2.9001224506618282e-08,0.0,0.0,0.9875524614209801,0.43082943692314624,0.4244992358298581,0.1564929796825201,0.0008447446560913704
parameter hold-out,847,0.46,3.2807751531022614e-05,2.3974111499691564e-05,0.0006059619065973389,1.3576178643890062e-16,2.6220193179392997e-08,0.0,0.0,0.9863738307908587,0.4633181895174898,0.285790862071794,0.2640819649590732,0.0005712752775316059
parameter hold-out,848,0.48,2.452572232686908e-05,2.1098059945329066e-05,0.0007142349449819391,1.8555554248536721e-16,2.8878513026902984e-08,0.0,0.0,0.9846427670563065,0.5520016589850328,0.3258637253941147,0.1375136052070446,0.0002927086912282073
parameter hold-out,849,0.49,1.0879640230741524e-05,8.99018447665196e-06,0.0007427889588678832,3.691634673485855e-16,2.3740941444005335e-08,0.0,0.0,0.983019438910633,0.7034981849855468,0.21718540261088137,0.09611669369724776,0.00014967270219479425
parameter hold-out,850,0.20,0.00011806135905768974,0.0001334365362245382,0.00044373215575253496,1.4363489221096638e-16,2.84279610124348e-08,0.0,0.0,0.9191233256750175,0.9177059837140282,0.09841270020007227,0.05262949188363537,0.012113557367701608
parameter hold-out,851,0.24,0.00010305283183356399,0.00010629832085966878,0.0003917136168475865,1.7966027429841077e-16,2.604435548158371e-08,0.0,0.0,0.9185552334144701,0.9112537082054346,0.10242654620408996,0.05687995502344014,0.010986917949332565
parameter hold-out,852,0.28,0.00013389937587680466,0.00015758076929626132,0.0006614231034763583,1.6479010341867208e-16,2.209794146125444e-08,0.0,0.0,0.9176052941162905,0.900658018709092,0.10975378526518005,0.06257881124097432,0.009532278408372652
parameter hold-out,853,0.32,0.00013673672026521635,0.00015544755332793508,0.0007610838643520423,1.7673901515040656e-16,2.6996271069512625e-08,0.0,0.0,0.91432579066203,0.8856752667265378,0.1211318823393522,0.07110673354147451,0.007906700425842537
parameter hold-out,854,0.36,0.00015256011365525048,0.00015701028881140122,0.0009403825032735603,1.7638951033074971e-16,2.68853881196144e-08,0.0,0.0,0.9076746089898894,0.8630443964408893,0.13286948342556346,0.09044073820839159,0.006205481527025915
parameter hold-out,855,0.40,0.00014025251932149897,0.0001237370547810237,0.00098353408880491,2.4357258153465687e-16,2.7262356217098032e-08,0.0,0.0,0.8954376273013125,0.8256366834530501,0.17366306249953375,0.10113238584839587,0.004475934342237169
parameter hold-out,856,0.44,8.977559310922543e-05,7.323449777110074e-05,0.000878280405245049,1.8129646418042174e-16,2.1420225238771347e-08,0.0,0.0,0.8728750212891951,0.7563649589158112,0.25091335501755857,0.11753822807423245,0.0027288556718033695
parameter hold-out,857,0.46,4.3588287089363265e-05,4.33365088169122e-05,0.0006805225473075,2.511802606709183e-16,2.208101337146467e-08,0.0,0.0,0.853750471039858,0.6971852973061539,0.3104543122790859,0.13703571259755373,0.0018443667538980714
parameter hold-out,858,0.48,4.4259485770273166e-05,4.3332394517132604e-05,0.0012530064140618628,3.259197097029919e-16,2.875513655903722e-08,0.0,0.0,0.8240664180592617,0.6081923804950994,0.3999016254591189,0.16727170144512207,0.0009420041624628295
parameter hold-out,859,0.49,3.139182259380055e-05,3.136710322333577e-05,0.0016405090682881335,2.6813861461956173e-16,2.6641802686981087e-08,0.0,0.0,0.7999495722051913,0.544871343015505,0.4625072476234704,0.191345451472689,0.00047813738694473483
parameter hold-out,860,0.20,0.0003197573045431313,0.000350187210756908,0.0014758695173149748,1.1370519233147932e-16,2.5782057658908578e-08,0.0,0.0,0.9583033384863909,0.911125731331696,0.06802057929920098,0.04319194022524451,0.019582167992259217
parameter hold-out,861,0.24,0.00038168012274041393,0.0003626018201224958,0.0016586146848604605,2.2599953536566075e-16,2.338347342905417e-08,0.0,0.0,0.9584004695045096,0.8940245045141401,0.0849238145618131,0.04668696943290124,0.01629277702227136
parameter hold-out,862,0.28,0.00023585743730217046,0.00022282871058362534,0.0011678539538899006,3.000982654557727e-16,3.627463236026751e-08,0.0,0.0,0.9578351811255915,0.8683794917981228,0.10915422305331725,0.05173725218178502,0.013135289437564429
parameter hold-out,863,0.32,7.526017304843038e-05,8.202507610645709e-05,0.0004907589367980409,1.4085616295207255e-16,2.458342756927204e-08,0.0,0.0,0.9564935777726158,0.8272803164683021,0.14610340586905735,0.05993719168248224,0.010209282278137524
parameter hold-out,864,0.36,8.880687594279738e-05,9.599412086828205e-05,0.00048103208144825206,1.399184043896822e-16,2.2242560585795855e-08,0.0,0.0,0.9541316921516169,0.7562425088530083,0.20572927448048367,0.07615561072327993,0.007555745866807747
parameter hold-out,865,0.40,6.918722484335424e-05,5.518370471884462e-05,0.000479439209647793,2.1172501649715984e-16,2.434010865522078e-08,0.0,0.0,0.9502255403099612,0.6270128684462868,0.2947287962949443,0.12265030794107604,0.005165623393993162
parameter hold-out,866,0.44,2.381879665422294e-05,2.3257853050622268e-05,0.00022014422786888159,1.4731679112528038e-16,2.3682672011685867e-08,0.0,0.0,0.9438675272314632,0.415415514289016,0.34766039082067296,0.2901767138952945,0.002994680048475
parameter hold-out,867,0.46,5.0961935594575373e-05,4.5694123431733225e-05,0.0006295709577278255,3.233459329485244e-16,2.2232677764447074e-08,0.0,0.0,0.9388190778306496,0.5823712551516584,0.29540474955779095,0.18160909772460257,0.0019739406314376513
parameter hold-out,868,0.48,4.916819152670782e-05,3.601421251199324e-05,0.0013211013895942972,4.693880788157535e-16,2.8072420874521522e-08,0.0,0.0,0.9313022105819563,0.7605456962516758,0.19040712164305088,0.1167277808496136,0.0009827059887096857
parameter hold-out,869,0.49,2.9122875866804282e-05,2.712310755222107e-05,0.001200090206187594,7.20723114989702e-16,2.3446124590995153e-08,0.0,0.0,0.9251754100548956,0.8227288652358898,0.14666894562874117,0.10510832718423366,0.0004945551806023241
parameter hold-out,870,0.20,0.00011490477775415234,0.00013665863966730717,0.0007091833637576437,1.3771164474741909e-16,3.874726395214252e-08,0.0,0.0,0.9930853424337409,0.9784450664261091,0.016306403304922786,0.007296359221965672,0.004879099731558177
parameter hold-out,871,0.24,0.00012844450725515627,0.00014955076074607847,0.0008108148457038839,2.78086260503919e-16,3.276992999416476e-08,0.0,0.0,0.9930174460903731,0.976620696328398,0.018295783930179277,0.007725506745376206,0.004354615730861419
parameter hold-out,872,0.28,6.294280628735742e-05,5.866307217707035e-05,0.0002637134231852069,2.1934571237925366e-16,3.113728845203255e-08,0.0,0.0,0.9928749075453024,0.9771802746031909,0.017746704443463275,0.008415797251286617,0.0037765438754086564
parameter hold-out,873,0.32,9.017123088546614e-05,8.696376822191338e-05,0.0004019176448194255,2.2346154740580986e-16,3.4585230518095685e-08,0.0,0.0,0.9926537029200758,0.9791152183381108,0.015218623569699568,0.00983489011496486,0.0031581904664390783
parameter hold-out,874,0.36,0.00010082321152364659,9.315919082314421e-05,0.0008201671033460686,1.3692465576687894e-16,2.841047458162172e-08,0.0,0.0,0.9923376234452621,0.978460699327965,0.01490705857081783,0.011776094217621045,0.0025117345672079584
parameter hold-out,875,0.40,0.0002587852470329997,0.0002527926839007248,0.0015391848717990308,2.5990595359995023e-16,3.294385146437788e-08,0.0,0.0,0.9918872975691249,0.8039581062964923,0.1942951649318802,0.008327638103217086,0.0018423993873237028
parameter hold-out,876,0.44,0.00016931268157217326,0.00015871412768631054,0.0016770629048839794,1.3749924852166951e-16,2.942806493373913e-08,0.0,0.0,0.9912311859308013,0.9860278117417398,0.016250811826849853,0.0053861791033618465,0.001144171136052078
parameter hold-out,877,0.46,8.280212287931191e-05,7.45796181314489e-05,0.0009545318429091448,1.8911126593828196e-16,3.463265930987681e-08,0.0,0.0,0.9925184706428241,0.9907568665571382,0.011788544778391762,0.004162530439876514,0.0007804157089015947
parameter hold-out,878,0.48,5.238471626873734e-05,4.82850507915869e-05,0.0009889186945005349,3.519403613380615e-16,3.6217242540436584e-08,0.0,0.0,0.9953746636271916,0.9901000157068696,0.011021986676561204,0.00311136067563885,0.00040245479533658165
parameter hold-out,879,0.49,2.5216733546825398e-05,2.518775631007639e-05,0.0007873449548150961,3.6191883745466563e-16,2.7532826188314648e-08,0.0,0.0,0.9963995746532791,0.9895868737446549,0.011164258945449894,0.002634727966684836,0.00020541008280901813
parameter hold-out,880,0.20,0.00016905933044328238,0.00022737674372891062,0.0007408249994920225,1.7675911907678358e-16,2.544412031480831e-08,0.0,0.0,0.9939932350338361,0.9939225358011077,0.005162383633298628,0.005062177305997653,0.0018702788616958474
parameter hold-out,881,0.24,0.00011168720009684705,0.0001365119866849315,0.00048791560718902563,2.1578125303215193e-16,3.507549647863014e-08,0.0,0.0,0.9936926719277004,0.993423852388095,0.0058812650311768425,0.0055054708126485875,0.001500991765412603
parameter hold-out,882,0.28,9.607127694056745e-05,9.844947346757231e-05,0.00043654732611463315,1.878621645872182e-16,2.7767468102681986e-08,0.0,0.0,0.9933215635187254,0.9925592993436373,0.006825353090478015,0.006104889013066488,0.0011868371793712885
parameter hold-out,883,0.32,9.468477902114691e-05,9.917618689304523e-05,0.000503263188650551,1.6509996463299616e-16,2.4208443142755316e-08,0.0,0.0,0.9927462149229818,0.9911980969706954,0.008175002844476633,0.006960565700407325,0.0009160131275396832
parameter hold-out,884,0.36,7.388960565413944e-05,6.158965925846274e-05,0.000373642168050647,2.280354842879285e-16,2.171701611689897e-08,0.0,0.0,0.9918420444890876,0.9888858661877964,0.01031115991852331,0.008282937888918783,0.0006788578167704481
parameter hold-out,885,0.40,4.3694008526120137e-05,4.07515175874866e-05,0.000322747685990754,2.2614941567129134e-16,2.2427474788157343e-08,0.0,0.0,0.9903351473820899,0.9843861270938034,0.014199683049037098,0.010615531115673685,0.00046722327115974105
parameter hold-out,886,0.44,3.934494032393767e-05,3.861248741944227e-05,0.00048062815488565127,3.037053773007363e-16,2.4163431435004776e-08,0.0,0.0,0.987549835736825,0.9732158428764212,0.022967067471994812,0.015981452473112414,0.00027374665182762107
parameter hold-out,887,0.46,4.959882397975496e-05,5.0035534565172365e-05,0.0008547461532177459,3.2014032250044926e-16,2.628307184018806e-08,0.0,0.0,0.9850816775193894,0.9592381295937139,0.032497190787451224,0.022949345021974446,0.0001816056351905839
parameter hold-out,888,0.48,2.2254217694445773e-05,1.9469198875443497e-05,0.0006021752526271124,2.9877004040725015e-16,2.8345031644401203e-08,0.0,0.0,0.9809309849600477,0.9235055894404638,0.04987616336971149,0.04554681746509505,9.105364161613382e-05
parameter hold-out,889,0.49,2.1455675277777892e-05,1.9196787544382437e-05,0.0011563831040477912,4.06200630204178e-16,3.0727166056455336e-08,0.0,0.0,0.9772710893916426,0.8761878130899824,0.08726926708787565,0.0593500435182513,4.591222688860044e-05
parameter hold-out,890,0.20,0.0001069792191976081,0.00012572710338245346,0.0005054269562084882,1.3183299888284863e-16,2.6152842756458062e-08,0.0,0.0,0.9807032127331142,0.8026062279465821,0.19609949164690893,0.014097180889481895,0.006373519801153051
parameter hold-out,891,0.24,9.823252417068485e-05,0.00011286960325484126,0.0005882998404609406,1.5309474496207171e-16,2.3837452479974206e-08,0.0,0.0,0.9825287051254126,0.8244484558746743,0.17209602301867077,0.015357013603498502,0.005655403229998602
parameter hold-out,892,0.28,8.595222915724885e-05,9.353475521786402e-05,0.0005315716506523476,1.3383212432893389e-16,3.271957969349521e-08,0.0,0.0,0.9838387918604575,0.8568335457869389,0.13715632875801656,0.017376216107962365,0.004874143386867751
parameter hold-out,893,0.32,5.036673161562907e-05,5.313720294506052e-05,0.00036431917523364985,1.0596657207795857e-16,4.796935631489215e-08,0.0,0.0,0.9847313586925599,0.8905280221782487,0.09950237596996808,0.021209012483631193,0.004047214600083288
parameter hold-out,894,0.36,6.81722464209918e-05,5.977084492781815e-05,0.0004629074216044477,8.707095218911702e-17,2.1164013357876417e-08,0.0,0.0,0.9852557902029161,0.9142132855490236,0.06624828841120901,0.031095664116855704,0.0031910361315402665
parameter hold-out,895,0.40,5.537542448103958e-05,5.4654459236210836e-05,0.0004141365191869729,2.2553331729540797e-16,2.4901749073825476e-08,0.0,0.0,0.9854032158194959,0.8887976665643798,0.08268190871721923,0.0408370936102704,0.002315769845408601
parameter hold-out,896,0.44,4.640535887072466e-05,4.457541577521587e-05,0.0007059504489248308,1.8923256669594527e-16,2.940495477521743e-08,0.0,0.0,0.9851738631445356,0.7721334862621086,0.21798893754400953,0.023333444965327046,0.0014211866177405179
parameter hold-out,897,0.46,2.4863635609726577e-05,2.1418924548616428e-05,0.0003690030238614597,1.6879477246017017e-16,2.8156754632566395e-08,0.0,0.0,0.9847899757835308,0.9403580912001355,0.0568743173559467,0.017006730306864854,0.0009643659174172872
parameter hold-out,898,0.48,4.3540354463168324e-05,4.3640471931763934e-05,0.0009914416101515892,1.3133453474016347e-16,3.2933633056552394e-08,0.0,0.0,0.9840897420959397,0.9745907397453275,0.0288872140178541,0.011997177882694386,0.0004955434445985932
parameter hold-out,899,0.49,1.0291539495566022e-05,1.0239553415246033e-05,0.0003572816086549026,4.517081649776119e-16,3.176195009524964e-08,0.0,0.0,0.983356069780889,0.9821659892864034,0.024357013674362427,0.00987433083847877,0.00025285943462649275
parameter hold-out,900,0.20,0.00010363218594719323,0.0001175673354920091,0.00037513318112932594,2.032565257122162e-16,2.2253947577008517e-08,0.0,0.0,0.9873029971798468,0.9722867487095317,0.02744161195450174,0.008261177336476147,0.004694237355869622
parameter hold-out,901,0.24,0.00013553533012296854,0.0001561179011280862,0.0007374648546856122,3.089631395549372e-16,2.7240695470874212e-08,0.0,0.0,0.987873328916189,0.9696176369471525,0.029201140035570592,0.009137178810160842,0.004178525057634106
parameter hold-out,902,0.28,0.00011401752260295569,0.00011233495515189104,0.0006021012018393963,1.5431261305384715e-16,3.676547964291699e-08,0.0,0.0,0.9882053992252466,0.9706296844592788,0.026871990885446447,0.010675814221653986,0.0036114722896691625
parameter hold-out,903,0.32,0.00010554230277293189,0.00011230703870413124,0.0005002690135225698,3.797443822591049e-16,2.4888609781601363e-08,0.0,0.0,0.9883204892854535,0.9722692893629952,0.022261073106776497,0.014114490848255142,0.0030080557162490127
parameter hold-out,904,0.36,0.00011902735875604687,0.00010560692185247484,0.0006758039663352205,2.0455660781390448e-16,3.79772247143623e-08,0.0,0.0,0.9882100518663067,0.9652094997223839,0.02688914186929118,0.017280300817305336,0.0023818749897163817
parameter hold-out,905,0.40,0.000251442838818942,0.00023937784722255888,0.0016674807145993366,2.9094728523882396e-16,3.1342177700129545e-08,0.0,0.0,0.9878199896530611,0.7295403894704123,0.26810414396240884,0.013034580878597471,0.0017393560351624518
parameter hold-out,906,0.44,0.0001726149113216738,0.00015763891710286418,0.0018153682417673357,2.598616207968255e-16,2.5994104928489533e-08,0.0,0.0,0.9870260343589816,0.9720754424891573,0.029941452490606757,0.009936707701860985,0.0010757081828672813
parameter hold-out,907,0.46,7.374552727334531e-05,6.317257819988569e-05,0.0008841073983384526,3.2164439609528873e-16,2.220842046361454e-08,0.0,0.0,0.9878300870591952,0.9863582605068641,0.016228697349772146,0.008859698732098173,0.0007323121273129297
parameter hold-out,908,0.48,4.2805885409028865e-05,3.132777531412836e-05,0.0011235200882140348,4.3691743026855515e-16,2.2795584623662356e-08,0.0,0.0,0.9934197727066835,0.9853493853670817,0.012736490674292748,0.008135010215756319,0.000376738698840482
parameter hold-out,909,0.49,1.7581563046174917e-05,1.621961668069082e-05,0.000846626551207974,2.046151778460958e-16,2.347124647071652e-08,0.0,0.0,0.9950933136334951,0.9845116201376591,0.01220962618114558,0.0079844893286609,0.0001920552217014981
parameter hold-out,910,0.20,0.00014857281669903796,0.00015891925499713627,0.0008149296872902583,1.1616462319742993e-16,3.05985413545907e-08,0.0,0.0,0.9645279042128998,0.9109242555162128,0.09109835900915192,0.028101138783418817,0.005327018035965502
parameter hold-out,911,0.24,0.00011234717322631837,0.00011086632093527536,0.0005808028506822081,1.34615857463232e-16,2.73166060276158e-08,0.0,0.0,0.9656741164886258,0.9084756167453564,0.08802160290021685,0.03293158336462328,0.0048669732450504054
parameter hold-out,912,0.28,0.00010008170263585565,9.124293921873256e-05,0.000495817993264375,1.3781790197609262e-16,3.2676243660754476e-08,0.0,0.0,0.9662808906178633,0.896767791273216,0.09220609826218176,0.04037555907335939,0.00433396345752419
parameter hold-out,913,0.32,9.151002228488792e-05,7.580532920406159e-05,0.0004181717873978941,1.130687103953316e-16,2.7105780862492993e-08,0.0,0.0,0.9663224586906143,0.8624672595173721,0.11439075889741915,0.05303699465355047,0.0037299935136227555
parameter hold-out,914,0.36,0.0001036001565980922,8.02913213131926e-05,0.0006928834959368323,8.948376138337029e-17,3.3290159999454994e-08,0.0,0.0,0.9656855846218935,0.7293680343136626,0.2237143918712774,0.07804655724189513,0.00305768080265878
parameter hold-out,915,0.40,9.804468498932794e-05,8.526906107519992e-05,0.0006771986305873006,1.492192386981969e-16,2.454081608599182e-08,0.0,0.0,0.9640787802363099,0.682052656072871,0.21073797210979506,0.14059513074676877,0.0023162368081265433
parameter hold-out,916,0.44,0.00010003507951122162,9.198122045195817e-05,0.0008352076265460135,1.948103566441652e-16,2.2303991833740207e-08,0.0,0.0,0.9611079259199792,0.6309308686532354,0.3506864094791326,0.05545066841782856,0.001492846239083574
parameter hold-out,917,0.46,8.24035527162764e-05,8.184560954379107e-05,0.000999818364006412,2.4487117976371314e-16,2.769109704205501e-08,0.0,0.0,0.9585120967340466,0.5764121334061817,0.4165188532393115,0.047052430258643224,0.0010408074090161102
parameter hold-out,918,0.48,4.833894930887493e-05,4.7556871608037905e-05,0.0010321514581694577,1.9077829564081264e-16,2.6328250293236777e-08,0.0,0.0,0.9544102571041814,0.7961485742317793,0.20166300868935624,0.04693136235676907,0.0005499323369721591
parameter hold-out,919,0.49,4.245343741456625e-05,4.168668356723201e-05,0.001784932585132627,5.120143581355781e-16,2.8204287994574785e-08,0.0,0.0,0.9505532695404053,0.8691896568121723,0.130083819595798,0.04955802905966871,0.000284617038302883
parameter hold-out,920,0.20,0.00014038785646185292,0.0001361927232112189,0.0004902578327826543,2.392919906520888e-16,3.009311774983748e-08,0.0,0.0,0.9721263756493778,0.8813784643132464,0.07723249312397593,0.057263454374636924,0.0120255719793278
parameter hold-out,921,0.24,7.28062739365143e-05,8.131957400847611e-05,0.00037217572588169875,1.4062816911514386e-16,2.9662955694931136e-08,0.0,0.0,0.9702585262650835,0.8769006822940372,0.07793523459331395,0.0644444763672489,0.01046462628490187
parameter hold-out,922,0.28,0.00013392533542982724,0.00015574631827032455,0.0008050573011534521,1.0859966914741258e-16,2.682780589572723e-08,0.0,0.0,0.9678484521640969,0.8680790547760131,0.08051172944188016,0.07466204198120259,0.008864937857507124
parameter hold-out,923,0.32,0.00017914245370129333,0.00019964265242434224,0.0011864439226557044,1.0935558952577254e-16,2.6649959186352622e-08,0.0,0.0,0.9646951188082848,0.8524278071007427,0.09014084215025983,0.08541240262623409,0.007256606302157077
parameter hold-out,924,0.36,0.00014771781749996766,0.00015751662634148642,0.0011342941899150389,2.9375876169255244e-16,2.0751059693016037e-08,0.0,0.0,0.9604248250712007,0.8247484705721132,0.1157006171204727,0.09339778823356949,0.005657367437052678
parameter hold-out,925,0.40,9.353308008014812e-05,9.798870862338923e-05,0.0009542647839756972,1.59096608576042e-16,2.8846567534462736e-08,0.0,0.0,0.9542757370395631,0.7730238506917536,0.16320944307438903,0.10534417157601418,0.0040717347420829615
parameter hold-out,926,0.44,2.39383053927239e-05,2.3629360492824137e-05,0.00032632736433652184,1.5708811989646795e-16,2.7256936974136594e-08,0.0,0.0,0.944993929389464,0.6673098609168391,0.2651018755422823,0.12001870785840373,0.0024872446327310503
parameter hold-out,927,0.46,3.091275279005093e-05,3.045822060359665e-05,0.0006574093121675744,1.0956311636436933e-16,1.7430918910358725e-08,0.0,0.0,0.9378157887944325,0.5755589178284225,0.35917059481926455,0.1257304641351204,0.0016854271530958532
parameter hold-out,928,0.48,1.7496547822624547e-05,1.722496285552895e-05,0.0005920907899591152,1.4275808793868173e-16,2.306592580584617e-08,0.0,0.0,0.9272117266404833,0.4972920006774829,0.4479193723997647,0.12689673681619043,0.0008646250262821182
parameter hold-out,929,0.49,1.2383274136053342e-05,1.2316504398185761e-05,0.0009933598820761932,6.020718001404435e-16,2.9395535545096444e-08,0.0,0.0,0.917862834374634,0.5833190384506706,0.3723033282032757,0.12596071507522427,0.0004408465700233284
parameter hold-out,930,0.20,0.00017828174744422763,0.00024064798934347886,0.0007292491655667532,1.6468009910627532e-16,2.892906526407837e-08,0.0,0.0,0.9520553318497036,0.9383526038412253,0.052392090756129585,0.03371475595810863,0.023559893924292287
parameter hold-out,931,0.24,5.802521447341119e-05,5.81033111517734e-05,0.00019587982036583612,1.3904274211115834e-16,2.6454121764682335e-08,0.0,0.0,0.9490116489339839,0.9338169363143538,0.05701166252183474,0.04170771674129859,0.018445730245419976
parameter hold-out,932,0.28,0.00015847914498708278,0.00019257583974408105,0.0007305210006230364,1.5724324670106788e-16,3.150584913535388e-08,0.0,0.0,0.9448545706309168,0.9268204289177397,0.06336455316025622,0.05059282661654036,0.014278218782603276
parameter hold-out,933,0.32,0.00016610089711577668,0.00019208036867522963,0.0008428085402431509,1.3319968969806475e-16,2.4900302211533712e-08,0.0,0.0,0.939094933073598,0.9159048771029731,0.07275585017489505,0.06128122909749797,0.010825412651694262
parameter hold-out,934,0.36,0.00013380026120081412,0.00014445327019925504,0.0007806075631831776,2.418430815324888e-16,2.5207310401315566e-08,0.0,0.0,0.9308061876645501,0.8981001106269684,0.08818506332046705,0.07488481715265731,0.007905999095045566
parameter hold-out,935,0.40,0.00014681080245736468,0.000128712289965148,0.0009244396226117662,2.4454967126633924e-16,2.2031647515194123e-08,0.0,0.0,0.9180417213706857,0.8666022320095746,0.11757255133624078,0.09231713224530828,0.0053767809943468855
parameter hold-out,936,0.44,0.00010390684649084715,8.603976772635588e-05,0.0009298043627939158,1.689486796299586e-16,2.082230551124543e-08,0.0,0.0,0.8964580594310303,0.8039620499480467,0.18202797747934232,0.11431343668202157,0.0031188876819711452
parameter hold-out,937,0.46,5.6124458390433616e-05,5.529703503090651e-05,0.0008192712589582805,2.3056538144157035e-16,1.905378687922932e-08,0.0,0.0,0.8787618825697241,0.7471570749365127,0.24173560884002396,0.1300257766920296,0.0020599895315960566
parameter hold-out,938,0.48,2.394797440166564e-05,2.0524412269558165e-05,0.00064194225450497,1.9965162853104054e-16,2.411776038584085e-08,0.0,0.0,0.8514872166269031,0.6572487149499887,0.3353140604085654,0.15499470164509768,0.001029873489946789
parameter hold-out,939,0.49,1.5724413603189774e-05,1.54996506500267e-05,0.0008489169476180201,1.6644060233840003e-16,2.196974695135928e-08,0.0,0.0,0.8295904298988701,0.5902231940909347,0.4037053569230194,0.1755309352565539,0.0005174427309045816
parameter hold-out,940,0.20,0.00018322945459138534,0.0002292335474943516,0.0008755928465003838,1.8513480047494905e-16,2.418626979397734e-08,0.0,0.0,0.9686625803800196,0.9567276330563276,0.03571374837253771,0.02715483293619091,0.011814083493161867
parameter hold-out,941,0.24,0.00022898467694844446,0.00024375511980415223,0.0009371442384220117,1.6503175396212208e-16,3.076341477742195e-08,0.0,0.0,0.9684505874313369,0.9500930608687262,0.042978277750291914,0.029065957152575407,0.00952664291486667
parameter hold-out,942,0.28,0.00012673882909003043,0.0001396167808777527,0.0005579419116299425,1.6062760682403463e-16,2.6969592203817715e-08,0.0,0.0,0.9676610653780293,0.9403971450720948,0.05288601411942908,0.03162889683155445,0.007501796297983043
parameter hold-out,943,0.32,2.4147120094381282e-05,2.648272058898376e-05,0.00014789474278668877,1.4868625244467367e-16,3.1118713432866976e-08,0.0,0.0,0.9661394210177598,0.9252236578442946,0.06755828601068085,0.035336165984227445,0.005736424990580047
parameter hold-out,944,0.36,6.478370329930361e-05,6.273006237220296e-05,0.00039613020120726793,1.8174722058314112e-16,2.4281839183412045e-08,0.0,0.0,0.9635769471607847,0.8990390124100286,0.09166513161937029,0.04144781495285247,0.004201001486852007
parameter hold-out,945,0.40,6.579628097781417e-05,6.922329547104338e-05,0.0005656804597211318,1.603389066327318e-16,2.5807187129770504e-08,0.0,0.0,0.9593204079223153,0.8470389200565505,0.13576072402577552,0.05494379769570902,0.0028537351140665015
parameter hold-out,946,0.44,5.995721060048567e-05,5.1656433953669265e-05,0.0006043204394172925,1.4908158519714976e-16,2.3841376457902923e-08,0.0,0.0,0.9520388626806955,0.7245960793267017,0.19720425748684878,0.12456636794131741,0.0016481868875866783
parameter hold-out,947,0.46,1.980535906023352e-05,1.994746265768616e-05,0.000278151925713486,7.814182652003684e-17,2.273672241653236e-08,0.0,0.0,0.946079684209049,0.6045938244091004,0.29996708925615284,0.14842423325509752,0.0010847275284782461
parameter hold-out,948,0.48,5.191308590343119e-05,3.842393409414836e-05,0.0011637753517056264,3.511029665451579e-16,2.741510608215997e-08,0.0,0.0,0.9369200811703813,0.539895639879462,0.4329043167279708,0.08979284507413647,0.0005388166908776501
parameter hold-out,949,0.49,2.503228232062701e-05,2.1839207791821634e-05,0.0014578629391196376,5.278726708577645e-16,2.1712072741605747e-08,0.0,0.0,0.9293666890687744,0.6509926481502366,0.33457612789066066,0.08467782860266929,0.0002705566593149616
parameter hold-out,950,0.20,0.0001001882478019951,0.00010493971766732569,0.00042536013004919516,1.3233749490985776e-16,2.4753091763058967e-08,0.0,0.0,0.9959553487467774,0.9714950589648822,0.017990306218867748,0.01211610683106867,0.0024168202126295716
parameter hold-out,951,0.24,3.154325332331716e-05,3.065700500735552e-05,0.00015764576291725697,1.5548456803127645e-16,3.0004143552014235e-08,0.0,0.0,0.995900808403439,0.9680017538228135,0.020279948466574178,0.013746616618992126,0.0020723719586277062
parameter hold-out,952,0.28,5.379017933566442e-05,4.5396955579126e-05,0.00028347487757310785,1.3966632925854027e-16,2.3348010148585208e-08,0.0,0.0,0.9957676841361675,0.9619426457361984,0.024427650508830605,0.016134048008584603,0.0017218881823106817
parameter hold-out,953,0.32,0.00010809934994379169,9.917090069760623e-05,0.0005349600966798557,1.5818432060156075e-16,2.6249207829850482e-08,0.0,0.0,0.995543488745009,0.9505273387047259,0.03256107336119348,0.019951834252949805,0.001375400641672128
parameter hold-out,954,0.36,0.00012898945958680542,0.00010243495974985274,0.0008607884733558954,1.9580954794509867e-16,2.7208303358056502e-08,0.0,0.0,0.9951992549069147,0.9246041780551192,0.05216399380627699,0.026920313365466905,0.0010404066506570283
parameter hold-out,955,0.40,6.877026640001704e-05,6.0286035136517304e-05,0.0006263324469846555,1.5246352750088017e-16,2.691971761212971e-08,0.0,0.0,0.9946719808562393,0.8365044325001583,0.12533006728547252,0.04276823596686323,0.0007213723228505401
parameter hold-out,956,0.44,4.7368836868814845e-05,4.772969190224811e-05,0.0009465574460381573,1.1962350193692121e-16,3.094645490851736e-08,0.0,0.0,0.993897556225258,0.5438974834759203,0.36363642222682385,0.09819808805439141,0.0004203605196165728
parameter hold-out,957,0.46,3.581627119653392e-05,2.8100364334989528e-05,0.0006305681873181345,1.5193531771830226e-16,3.233290794411921e-08,0.0,0.0,0.9932985830373365,0.6875126958570117,0.2007124900867433,0.11803863384307965,0.0002770462700093935
parameter hold-out,958,0.48,2.6920020975179367e-05,2.1908011675824418e-05,0.0008073827133708404,3.504567111557645e-16,2.126797463008603e-08,0.0,0.0,0.9924077635625373,0.505030105456666,0.4600049029713896,0.04218114245876531,0.00013785463684998526
parameter hold-out,959,0.49,1.882860965602972e-05,1.5927921657283735e-05,0.0015753327365379158,5.558133674186772e-16,1.9619216456838976e-08,0.0,0.0,0.9915596051062642,0.7138384157704942,0.26661496607805113,0.028047421892579964,6.932378064102297e-05
parameter hold-out,960,0.20,7.363191811164842e-05,9.0931551275224e-05,0.0003218254555501839,1.3321773201200163e-16,2.2927841829921725e-08,0.0,0.0,0.9964708907991695,0.9916503458863382,0.006209862456702944,0.00425571247758073,0.0014167384141078134
parameter hold-out,961,0.24,9.025051405344343e-05,0.0001108750377828643,0.00045090905181066225,1.6901871295530504e-16,2.4145316835511195e-08,0.0,0.0,0.9964917022718376,0.9903431867797234,0.0073512506647404234,0.004656539294591319,0.0011627988771389913
parameter hold-out,962,0.28,7.124264972608632e-05,7.671149534649543e-05,0.00035805183569899033,1.7236710340885955e-16,2.7164496197248503e-08,0.0,0.0,0.9964460084890021,0.9883401245003103,0.009066756815369347,0.005221362379595719,0.0009280075357440088
parameter hold-out,963,0.32,6.393691128761375e-05,5.847370592248359e-05,0.0003145548482783536,1.8825934652709338e-16,3.075510526665131e-08,0.0,0.0,0.9963201719069791,0.9849751667899272,0.011901909462667074,0.006084118043125047,0.0007159228642784381
parameter hold-out,964,0.36,5.325436302396042e-05,5.1196423869971615e-05,0.00033202560787481646,2.2104156421659631e-16,2.7363629166798512e-08,0.0,0.0,0.9960853853058059,0.9784265212054982,0.017378990195607947,0.007577631604976987,0.0005265185359217706
parameter hold-out,965,0.40,3.404809985216099e-05,3.495581512576899e-05,0.00033819923409135136,1.6019971156099613e-16,3.4308379896391076e-08,0.0,0.0,0.9956802317853586,0.961853657613355,0.03129677058992346,0.010802570519373408,0.00035752703645214096
parameter hold-out,966,0.44,3.6204007161715164e-05,3.689929193316022e-05,0.0003833706680574737,2.0669786510702003e-16,3.0398164916826945e-08,0.0,0.0,0.9949924760747981,0.8883426308673964,0.0942728850033519,0.022109647707219026,0.00020552444418573142
parameter hold-out,967,0.46,4.461803721151349e-05,4.475042297025271e-05,0.0007182707042461968,2.3042214187104486e-16,2.7136672433120932e-08,0.0,0.0,0.9944316589935083,0.7071083613186425,0.25059326609312427,0.047513548996173084,0.00013477441518499147
parameter hold-out,968,0.48,1.9874343240586385e-05,1.8399365440984966e-05,0.0007947783196654508,2.9172648339295663e-16,2.008932470514135e-08,0.0,0.0,0.9935684208993306,0.5041980154123434,0.2606782690935099,0.2415913973798307,6.669451292617836e-05
parameter hold-out,969,0.49,1.9747195561004164e-05,1.902542336552399e-05,0.0010692654898879625,9.668538294233439e-16,2.035204014987412e-08,0.0,0.0,0.9928378061146288,0.6380561102169932,0.25056096768583,0.11888377142590867,3.347312761237351e-05
parameter hold-out,970,0.20,0.00015153074386264632,0.00017997044846222723,0.000593112451303935,1.3229672762625504e-16,2.2321645547751824e-08,0.0,0.0,0.999873042835075,0.9998377362794577,0.00013218285027740513,0.00011035426600991765,4.642760074804821e-05
parameter hold-out,971,0.24,8.161285889098308e-05,9.814605910336506e-05,0.00038662443347489575,1.4971201451678917e-16,2.21999928568015e-08,0.0,0.0,0.9998735779184332,0.999759467416056,0.00020162004682430099,0.0001250404734231143,4.0155133054436654e-05
parameter hold-out,972,0.28,7.626531628871805e-05,8.676581386379732e-05,0.0003378664470568554,1.0557043419470626e-16,2.2599959746465954e-08,0.0,0.0,0.999872347196311,0.9995723764974336,0.00037279862181295934,0.00014851338135101093,3.367721839384273e-05
parameter hold-out,973,0.32,0.0001183173925379847,0.00013172186238385794,0.00058443773180415,1.6911261336019587e-16,2.7905904800845257e-08,0.0,0.0,0.9998690235629786,0.9988774444026232,0.0010333467780586619,0.00019172144633710473,2.721753563133116e-05
parameter hold-out,974,0.36,0.00010696974395197431,0.00011500657990123185,0.0006184230256232625,2.03343324406628e-16,3.1324891994830395e-08,0.0,0.0,0.9998629112887379,0.9837468940157531,0.016059153655209706,0.000293944086236176,2.092775066270556e-05
parameter hold-out,975,0.40,4.486652739064563e-05,3.916514768298989e-05,0.00033257816014582324,1.4669824999486727e-16,3.4168040355915513e-08,0.0,0.0,0.9998525562904078,0.9965690425492824,0.0028439570618146734,0.0007179274740756219,1.4860677749340431e-05
parameter hold-out,976,0.44,2.911810593975693e-05,2.6459030355232913e-05,0.0003131900183466441,2.2910947400084686e-16,2.6128540034728147e-08,0.0,0.0,0.9998350544597966,0.9520983277539448,0.04758483935161767,0.00046446567320793726,8.960143423538973e-06
parameter hold-out,977,0.46,1.2855160621144977e-05,1.175644839082753e-05,0.00013914204922321603,2.8021971403649406e-16,2.3929248462529833e-08,0.0,0.0,0.9998211552438027,0.9966910539991883,0.0031937833208272163,0.0002871045988864596,6.029400835597902e-06
parameter hold-out,978,0.48,3.8229534382066175e-05,3.081070833089151e-05,0.000907237386915816,2.7987110171548567e-16,3.2451861533333154e-08,0.0,0.0,0.9998003905760426,0.9993840873333745,0.0006025385423917116,0.00020980972167550436,3.0638865838997473e-06
parameter hold-out,979,0.49,1.633432212534505e-05,1.4505471667043036e-05,0.0006493522434431616,4.637222245686264e-16,1.860146295085373e-08,0.0,0.0,0.9997835563471158,0.9996459564575436,0.0003778323298608816,0.00019104204454256532,1.553284358595058e-06
parameter hold-out,980,0.20,6.915940826839725e-05,6.631694759021087e-05,0.0002664726878233574,8.950718716447544e-17,3.086283795246678e-08,0.0,0.0,0.997233622674102,0.9863068083787427,0.014954391053629626,0.0013972285584051263,0.00011322362194605286
parameter hold-out,981,0.24,6.820543673752026e-05,8.095536341857452e-05,0.00032081980542022907,1.2341529776631626e-16,2.3233899416420636e-08,0.0,0.0,0.9973489537471771,0.9853228901017533,0.015605056568919026,0.0016087841113752689,0.00012398728033422701
parameter hold-out,982,0.28,7.46218727600072e-05,8.236881383067212e-05,0.00036505196192664573,2.1644763879102752e-16,2.3768971993032238e-08,0.0,0.0,0.9974219856072809,0.9828687649031963,0.01766357997106617,0.001929296407769926,0.00012940844432475412
parameter hold-out,983,0.32,6.985565183264023e-05,6.105733680422211e-05,0.0003899918643449345,1.776836399633386e-16,3.33685914593152e-08,0.0,0.0,0.9974504246260165,0.977008592340633,0.022962021485289013,0.0024660225070167194,0.00012757376149550431
parameter hold-out,984,0.36,7.38337948530197e-05,7.506075836193814e-05,0.0006671135388293299,2.3545269967279304e-16,2.2676901108301725e-08,0.0,0.0,0.9974253805480359,0.959379584672198,0.03957163941429224,0.003520432600109893,0.00011725748904630059
parameter hold-out,985,0.40,4.443108871354761e-05,4.632180464614617e-05,0.0005403777381866856,1.6358644290814111e-16,2.7648889499759503e-08,0.0,0.0,0.9973246298996326,0.8505707998254032,0.14570936925685715,0.006300467347375718,9.773971266229216e-05
parameter hold-out,986,0.44,5.205879183728138e-05,4.632496054810495e-05,0.0008485745369881092,1.4546447185486483e-16,2.5005958750243977e-08,0.0,0.0,0.997122863569863,0.8585103163952179,0.12280417368671334,0.02144067513114539,6.823470831523899e-05
parameter hold-out,987,0.46,3.582208184270526e-05,2.841266680826198e-05,0.0005886472646526484,1.6067659358344718e-16,3.3127230176922124e-08,0.0,0.0,0.9969362456390667,0.8711432963130943,0.09754160624359053,0.034244148216055995,4.926045672979815e-05
parameter hold-out,988,0.48,2.916307410999774e-05,2.8087760087305566e-05,0.0006809303078086448,1.5555742907495128e-16,3.0544270983639885e-08,0.0,0.0,0.9966303996558056,0.8589830179934013,0.12995170021197922,0.014246988487411827,2.6850409389117152e-05
parameter hold-out,989,0.49,1.7924478191918934e-05,1.570679976574113e-05,0.0008541293774114542,3.21356560902505e-16,2.978967222092484e-08,0.0,0.0,0.9963278721464655,0.9599606467139867,0.033293423501285765,0.010356201580924302,1.409834076629715e-05
parameter hold-out,990,0.20,0.00010316750624678657,9.906052588151112e-05,0.0004747395656177763,1.1295171790443814e-16,2.5510669243584993e-08,0.0,0.0,0.9819090418778268,0.9450257340794804,0.06719278593161203,0.005162976585092809,0.0007209922214106044
parameter hold-out,991,0.24,8.594750380245319e-05,9.833981514800276e-05,0.00037791605862711375,2.906501944684652e-16,2.4304080606244753e-08,0.0,0.0,0.9831956056255011,0.9363484027898665,0.07422483178387503,0.005591651660007106,0.0006679442993722576
parameter hold-out,992,0.28,6.216629531445571e-05,7.192781252273005e-05,0.0003033596644410358,1.406131833993711e-16,3.050460938794244e-08,0.0,0.0,0.9841578225169405,0.9199494507187593,0.08911214926736549,0.006208812366860324,0.0006074486920804989
parameter hold-out,993,0.32,3.1001519371027546e-05,3.2526455832731864e-05,0.00014805002708244408,2.0361023103719432e-16,2.913801760569533e-08,0.0,0.0,0.9848035614923206,0.8858497135671457,0.1216445680332762,0.007199849551166376,0.0005346639815761257
parameter hold-out,994,0.36,2.330306872370879e-05,2.4962397988015054e-05,0.0001891554780096065,1.8789510095485218e-16,3.145588302582406e-08,0.0,0.0,0.9851041749825189,0.8012644085628987,0.20408272236702546,0.0091162317117423,0.0004464770931577445
parameter hold-out,995,0.40,3.871609184174174e-05,3.7847859505241765e-05,0.0002919378209511358,1.80619158757995e-16,2.818206940460042e-08,0.0,0.0,0.9849623368496625,0.5614282298968403,0.43863990899363936,0.014553061117424446,0.0003414123312138751
parameter hold-out,996,0.44,4.6599530768501353e-05,4.436450085039624e-05,0.00042188206066768523,1.7091862981645711e-16,2.478043573652981e-08,0.0,0.0,0.9842290958413286,0.7508566231730023,0.20054410211559134,0.06399156162608344,0.0002190160740632178
parameter hold-out,997,0.46,4.69218721235237e-05,4.49828994938518e-05,0.0006391025562847853,1.8885285366828785e-16,2.2594518829648076e-08,0.0,0.0,0.9834169078301614,0.5671720085231197,0.34454029908130385,0.10446026938909168,0.00015126528865667174
parameter hold-out,998,0.48,2.251372850207782e-05,2.2523658601367342e-05,0.0005169294498390414,2.289813782794641e-16,2.2428537600365965e-08,0.0,0.0,0.982007249275838,0.9261922601889107,0.05746084824589288,0.03418688424159013,7.868338084817737e-05
parameter hold-out,999,0.49,1.2969154394058553e-05,1.1073902125140046e-05,0.0005898318999173035,6.87174803048521e-16,2.1358364781213543e-08,0.0,0.0,0.9806417763014484,0.9554888251491336,0.044167871748622564,0.019650596388845632,4.0399525049347496e-05
parameter hold-out,1000,0.20,5.43609815483393e-05,6.522313276730465e-05,0.00028796407737702724,9.21437442420991e-17,3.7366419265155025e-08,0.0,0.0,0.9999983304088734,0.9999876170195324,1.346841267731345e-05,4.912996665066028e-07,8.857081628060845e-08
parameter hold-out,1001,0.24,2.6436412236457466e-05,3.074778431894354e-05,0.00012293596057014292,1.6152198112334905e-16,2.7885155067620137e-08,0.0,0.0,0.9999984619748902,0.9999856728714359,1.527446673203532e-05,5.126632682118696e-07,8.112919980185857e-08
parameter hold-out,1002,0.28,4.2613565773654706e-05,4.568039184883608e-05,0.00020273050732459293,1.342430833644948e-16,2.503999403295614e-08,0.0,0.0,0.9999985628976771,0.9999814218535034,1.940960178871919e-05,5.395197012641361e-07,7.321474337206397e-08
parameter hold-out,1003,0.32,2.8367889006068313e-05,2.7187676057991665e-05,0.0001383391768782305,2.0344110375597405e-16,2.5534696131542145e-08,0.0,0.0,0.9999986353645145,0.9999705436609997,3.0188546037827583e-05,5.749433733186537e-07,6.42608312978581e-08
parameter hold-out,1004,0.36,8.365768498154043e-06,8.7464935149252e-06,5.80779989202017e-05,1.941207922620872e-16,2.391101263072946e-08,0.0,0.0,0.9999986787903591,0.9999255074390724,7.514107871779394e-05,6.251034830667257e-07,5.378228599184337e-08
parameter hold-out,1005,0.40,2.955891097621236e-05,2.2537529206675095e-05,0.0002589902632122162,1.492572764642615e-16,2.5645571462205335e-08,0.0,0.0,0.999998686286806,0.9971062517828572,0.0028949890489094942,7.080820538623152e-07,4.140499992258413e-08
parameter hold-out,1006,0.44,2.1218800906424296e-05,2.1164371425258733e-05,0.00021231640769955957,2.0366037824595283e-16,2.571750798975225e-08,0.0,0.0,0.9999986543420901,0.9999330169514119,6.737161398489246e-05,9.582851735556086e-07,2.685643485470505e-08
parameter hold-out,1007,0.46,2.0892201873577746e-05,1.8664671178716652e-05,0.00028141628609980025,2.8450948016883557e-16,2.3486530080462498e-08,0.0,0.0,0.9999986057083915,0.9999770334515271,2.161315175054337e-05,2.7350826927032324e-06,1.8688568296642543e-08
parameter hold-out,1008,0.48,9.095099010700883e-06,9.0592401164259e-06,0.00042233868335314595,9.4443666492855e-17,3.217673218066513e-08,0.0,0.0,0.9999985159622213,0.9999905881072608,9.239490797458024e-06,1.6447383863271671e-06,9.811364251944866e-09
parameter hold-out,1009,0.49,1.1294580255859394e-05,8.187975938517962e-06,0.0006111885737931325,2.0132221802790824e-16,2.6652676627107476e-08,0.0,0.0,0.9999984179043634,0.9999940948855179,6.376628177687e-06,1.1065040975452688e-06,5.066571872499934e-09
parameter hold-out,1010,0.20,0.00026516915633870006,0.0003177594048111919,0.0010967440026780398,1.228342432721837e-16,3.341610566418622e-08,0.0,0.0,0.9697261642145425,0.8967875437500166,0.09110696533938115,0.03623934174773967,0.006243199401832854
parameter hold-out,1011,0.24,8.256429642459992e-05,7.340986321702015e-05,0.000294881040337837,2.1298624958660207e-16,2.9494645371748017e-08,0.0,0.0,0.9679938570171239,0.8941987836521422,0.09151160762962798,0.04031393896014165,0.005994186392925058
parameter hold-out,1012,0.28,9.585821801172189e-05,0.00011155620752103714,0.0005336233344018662,1.5603824390744575e-16,2.6932875851376916e-08,0.0,0.0,0.9656621869535814,0.888196297392872,0.09439328152514757,0.04618915511875371,0.005502673339068774
parameter hold-out,1013,0.32,0.000129096040886026,0.000143229144443304,0.0008014896490726097,1.755911562347242e-16,2.9581861689736975e-08,0.0,0.0,0.9624862244013923,0.8768955924619989,0.10037178955873215,0.05534729501019668,0.004808234410348913
parameter hold-out,1014,0.36,0.00010087843369214407,0.00010789428970819365,0.0007381101102418219,1.8235766173866173e-16,2.7125368676258685e-08,0.0,0.0,0.9580062740293279,0.8563377447751652,0.11025411834670883,0.07135860057713149,0.003955312072421327
parameter hold-out,1015,0.40,7.905263035718264e-05,7.85794616322299e-05,0.0006983393975822174,1.0325045579003591e-16,2.5031838388070458e-08,0.0,0.0,0.9512738307879218,0.8171885705966395,0.12383077223412818,0.1046029497624198,0.0029784928700389425
parameter hold-out,1016,0.44,6.107063853308003e-05,5.704764361339452e-05,0.0006250715172084003,1.5654775882578348e-16,2.444653546334812e-08,0.0,0.0,0.940462879198349,0.7346248304740428,0.19012850094880338,0.13261900752233866,0.0018928458768291989
parameter hold-out,1017,0.46,5.2331800828466276e-05,4.850387606784238e-05,0.0008342668176004906,1.4692489925741975e-16,2.7023783872404113e-08,0.0,0.0,0.9318355105879893,0.6584081414075039,0.2801067753728478,0.12800966138107325,0.0013066101381207884
parameter hold-out,1018,0.48,7.267245579197733e-06,7.118733431471043e-06,0.0002406184048542082,2.7616386086545183e-16,2.603882195903694e-08,0.0,0.0,0.9187515379605514,0.5413707037083554,0.42080359025937547,0.1184700685064786,0.0006825337105960294
parameter hold-out,1019,0.49,1.4652155259584255e-05,1.2300242475879869e-05,0.0007810189039704112,5.005206833391881e-16,2.5124888749726155e-08,0.0,0.0,0.907524724282457,0.5129451744349439,0.46263396356616854,0.11649818971461841,0.00035084420811806337
parameter hold-out,1020,0.20,4.79921954418595e-05,6.017842316467897e-05,0.00023608083275140394,1.0137022744527088e-16,3.025434944865291e-08,0.0,0.0,0.9994497621498157,0.9981646044128968,0.0011332385832033142,0.0010097793569787301,0.0002424253143126726
parameter hold-out,1021,0.24,6.479106096479129e-05,8.015434450624006e-05,0.0003481627069917612,1.7773461778952476e-16,3.4506273801350114e-08,0.0,0.0,0.9994167838664529,0.998046480332054,0.001197446019368833,0.0011337633018236345,0.00020483824165748094
parameter hold-out,1022,0.28,8.426946146459653e-05,9.1714514212371e-05,0.00046886396001201365,1.350383996091513e-16,2.4911019654839967e-08,0.0,0.0,0.9993721789450406,0.9978381291410138,0.0013108999254030466,0.0013088008506328664,0.00016866556341801087
parameter hold-out,1023,0.32,7.204914819912368e-05,8.140021960926858e-05,0.0004842922708411378,1.420941274042267e-16,2.460815851336399e-08,0.0,0.0,0.9993109506367347,0.9974745225041164,0.0015832744233976786,0.0014958154139771416,0.00013444891555851186
parameter hold-out,1024,0.36,7.009662824110425e-05,6.193199187555803e-05,0.00036182158569737435,1.5131723909429809e-16,2.117142553557143e-08,0.0,0.0,0.9992237729442754,0.9967952780534312,0.0020501652110227657,0.001830041171553704,0.00010228991330837397
parameter hold-out,1025,0.40,0.00010488808886496563,9.936330058634304e-05,0.0007388261160258089,1.6834918353153115e-16,2.461639026021587e-08,0.0,0.0,0.999091348762951,0.9952983464366695,0.0030069957084766824,0.0025370434154118222,7.196356114512706e-05
parameter hold-out,1026,0.44,4.941067628503561e-05,4.1011762879435077e-05,0.00046905509408604084,1.4866526897740528e-16,2.4458744610801548e-08,0.0,0.0,0.9988760218895887,0.9905163691226965,0.005785404962194387,0.004784729596757507,4.297489314699647e-05
parameter hold-out,1027,0.46,2.9337451353072105e-05,2.9368631780606062e-05,0.0006224886357082342,2.42726766484027e-16,2.279837608727209e-08,0.0,0.0,0.9987018089848635,0.9817983350446933,0.010256000653876617,0.009213046175430834,2.8769010294774746e-05
parameter hold-out,1028,0.48,2.098732973082325e-05,1.5668341858003307e-05,0.0005766827300491743,1.1155254369562366e-16,2.5389758789366924e-08,0.0,0.0,0.998431458950013,0.9295038071799064,0.04304485575073482,0.02901644011680934,1.4568108890841366e-05
parameter hold-out,1029,0.49,1.6834134465617913e-05,1.2225159426092476e-05,0.0009273704262425122,2.756312198067608e-16,2.4600320832470457e-08,0.0,0.0,0.9981955978982598,0.5868274919788088,0.33360966038279843,0.08114450672714275,7.373879168950814e-06
parameter hold-out,1030,0.20,9.624028345963837e-05,0.00012309062616322434,0.0004251179389661637,1.1113789405234596e-16,2.5838208892076862e-08,0.0,0.0,0.9999931360060753,0.9999843304931554,1.3466616103459365e-05,7.657216744243953e-06,1.3957750162820074e-06
parameter hold-out,1031,0.24,0.00010359525976965454,0.00012474674814083996,0.00046802439123367625,1.63110883503253e-16,2.7119242881333077e-08,0.0,0.0,0.9999929742624643,0.9999836941659408,1.325493643597314e-05,8.794851160818216e-06,1.26731341434215e-06
parameter hold-out,1032,0.28,0.00010446743970185113,0.0001229081762668411,0.0005123925485210131,1.6980196756525557e-16,2.8868457622293558e-08,0.0,0.0,0.9999927043847061,0.9999821564684311,1.3527204837914892e-05,1.0478827619683816e-05,1.1145735153287568e-06
parameter hold-out,1033,0.32,9.208285027021063e-05,0.00010415786677650814,0.0005019646043020748,2.0163670451046298e-16,2.3987164533886433e-08,0.0,0.0,0.9999922888092393,0.9999790305036792,1.4520036955374575e-05,1.3196395708409422e-05,9.428171852628915e-07
parameter hold-out,1034,0.36,6.410410864867665e-05,6.843981447342955e-05,0.0004057650586046821,1.9753833170715777e-16,2.2714764556930598e-08,0.0,0.0,0.9999916555541867,0.999972421667317,1.8201011610225497e-05,1.6945364708071385e-05,7.568705038618706e-07
parameter hold-out,1035,0.40,3.7041731664203873e-05,3.8523002420051745e-05,0.0003092277107725317,1.9512280352433844e-16,2.474349807325131e-08,0.0,0.0,0.9999906573356623,0.9999552108225683,2.9772831996038574e-05,2.3776155337025815e-05,5.595888992807837e-07
parameter hold-out,1036,0.44,3.731671523096476e-05,3.7397830309147204e-05,0.00038811129235957005,1.8218451195602066e-16,2.6146923899991407e-08,0.0,0.0,0.9999890197302,0.9998702506182359,7.338161056635951e-05,6.68981656712609e-05,3.505832191781741e-07
parameter hold-out,1037,0.46,3.6414594003075345e-05,3.657307171331848e-05,0.0005744657173675196,1.6500392723871593e-16,2.898586114785534e-08,0.0,0.0,0.9999876873835228,0.9992440242891261,0.00058745188416859,0.00017998796346556194,2.404430345584795e-07
parameter hold-out,1038,0.48,1.9984755337164726e-05,1.86531826994758e-05,0.0008238217166511927,4.1591735611066122e-16,2.9638986559829116e-08,0.0,0.0,0.9999856085321912,0.9979559065994578,0.001875207133741638,0.00018390342645803798,1.2472383338988027e-07
parameter hold-out,1039,0.49,1.679691904121043e-05,1.599722013671634e-05,0.0008316821184855229,2.4504912409744424e-16,2.4383439149631763e-08,0.0,0.0,0.9999837975664831,0.9868684216191167,0.013106644533641024,5.924665793046884e-05,6.391531029972196e-08
parameter hold-out,1040,0.20,0.00025518268248401034,0.00032026032309772154,0.0010540922679658149,1.6341066952696903e-16,3.244446991862778e-08,0.0,0.0,0.9242379987715544,0.9166703477709321,0.12016553220082246,0.03450377646845312,0.004298183373502234
parameter hold-out,1041,0.24,4.624562716211081e-05,5.357185140165101e-05,0.00020898519184788712,1.9834676060429923e-16,3.7965259749276335e-08,0.0,0.0,0.9210834110108779,0.905839143794633,0.1289342609620684,0.040247437178667064,0.0038828009987002753
parameter hold-out,1042,0.28,8.421917460853084e-05,9.177432107343557e-05,0.0004005231689302379,1.3607728801472785e-16,3.434896885077109e-08,0.0,0.0,0.9242141015074724,0.8747243878905689,0.14822297971762466,0.04939897611364727,0.0034164082074398232
parameter hold-out,1043,0.32,0.00018910851937169765,0.0002111824926142911,0.0009721352879118405,1.2007022036274672e-16,3.793331544261422e-08,0.0,0.0,0.9259722580595998,0.816094493743298,0.18886882380110506,0.06599042729010204,0.0028986817280406097
parameter hold-out,1044,0.36,0.0002231059268311441,0.00024238145307678319,0.001231040937869879,1.868596662089645e-16,2.7704624488650318e-08,0.0,0.0,0.9260827367655746,0.6928453994537301,0.27571910428246094,0.10256460655475544,0.002333406000526267
parameter hold-out,1045,0.40,0.0001648874176002666,0.00017104767760118736,0.0010023548035203492,2.2098974546570923e-16,2.5435291176367006e-08,0.0,0.0,0.9238844632430996,0.4532859763416293,0.41049024220236935,0.20997029534259293,0.0017242932275348317
parameter hold-out,1046,0.44,8.06530864155977e-05,8.155478079992303e-05,0.0007834777372460145,1.0985746587760623e-16,2.933783011742864e-08,0.0,0.0,0.9180102539345809,0.54568718004423,0.3227641041485794,0.21207969548603114,0.001071678508271236
parameter hold-out,1047,0.46,4.184956180810675e-05,3.382722857218363e-05,0.0006253466547095689,1.9423222916826223e-16,2.6575101493249236e-08,0.0,0.0,0.9124481626919031,0.7483808453085212,0.1905983354201716,0.1476022735882157,0.0007288748815004352
parameter hold-out,1048,0.48,3.3878527720590964e-05,2.9208386219669014e-05,0.0008937199311828762,4.428540469053115e-16,2.6896318281015353e-08,0.0,0.0,0.9034937361863521,0.8730807866982193,0.11413472303102226,0.10884991956859405,0.00037404766797302614
parameter hold-out,1049,0.49,3.0929361993108986e-05,2.8888446462129635e-05,0.0012630385469841472,3.0403728421205674e-16,1.884720693500263e-08,0.0,0.0,0.9110672727634218,0.8959594788558923,0.10583333970878771,0.08690052060453779,0.0001904993454650004
parameter hold-out,1050,0.20,3.227483017937212e-05,4.192551138378602e-05,0.00013946839361501714,2.5015549343273827e-16,1.999226826858767e-08,0.0,0.0,0.9731162293206698,0.9714884380042842,0.025942000810009982,0.022024905322935346,0.007418470735568999
parameter hold-out,1051,0.24,0.00012858376782725776,0.00013811387548365092,0.0004922504650946345,2.557088473770312e-16,2.9748087433656418e-08,0.0,0.0,0.9724686350527891,0.9690951055136013,0.029117991117434155,0.023069070039766187,0.006234662662432368
parameter hold-out,1052,0.28,0.0001301357583958043,0.0001240172275597863,0.0004927544465471665,1.8145334981906796e-16,2.2182563725315696e-08,0.0,0.0,0.971319716427537,0.9651048579752612,0.03366196409826024,0.024791602795965092,0.0051106418274897945
parameter hold-out,1053,0.32,8.643868620805623e-05,8.137924502013437e-05,0.0004422630484970379,1.7818720924521683e-16,2.783207448956411e-08,0.0,0.0,0.9694884343007947,0.9583747280283345,0.04063033957889254,0.027450771951197408,0.004060483733840959
parameter hold-out,1054,0.36,7.006918393475874e-05,7.674981563307309e-05,0.000504169942767158,2.221865276377955e-16,2.953656408591393e-08,0.0,0.0,0.9666280942080573,0.9462319049490623,0.052461783935392144,0.03162862263725876,0.003083267517668479
parameter hold-out,1055,0.40,5.422847120181033e-05,5.61814899862236e-05,0.00047628746450075496,1.940067971257141e-16,2.166887202741577e-08,0.0,0.0,0.9620139664668969,0.9211641937679758,0.07601350550080165,0.03867151380904019,0.00216830143334836
parameter hold-out,1056,0.44,4.491981993494578e-05,3.817722725605552e-05,0.0003965312764894381,1.7877842900239314e-16,2.8124501842509052e-08,0.0,0.0,0.9540557848806804,0.8560003747896453,0.1366354886505985,0.05195223677403537,0.001297019678978461
parameter hold-out,1057,0.46,4.2411053606245796e-05,4.209229546987095e-05,0.0006034175729526738,1.6112833855744595e-16,2.4063771195796956e-08,0.0,0.0,0.9474814741613855,0.7773952186620445,0.21048342326808894,0.06357749538059548,0.0008698797032133758
parameter hold-out,1058,0.48,6.663540015988261e-06,5.656446951085344e-06,0.00021261192542504804,3.551504141807002e-16,2.439131272978821e-08,0.0,0.0,0.9372050267416518,0.6190798090330835,0.362085354769585,0.0811985499596351,0.0004412819611856844
parameter hold-out,1059,0.49,2.834200306845339e-06,2.323680949018237e-06,0.00014225415371487172,5.388582766121557e-16,2.7106536972037855e-08,0.0,0.0,0.9287547768953471,0.4907471523634369,0.48657579994796646,0.09370617513076936,0.00022354913466006253
parameter hold-out,1060,0.20,7.055881196423322e-05,8.146425267197367e-05,0.00029447504575788884,1.557547390299436e-16,3.192878968371683e-08,0.0,0.0,0.9979082912864119,0.9905565105773287,0.0072294768773715,0.002853339239460809,0.001455879967444445
parameter hold-out,1061,0.24,7.662917592752193e-05,7.402996730792833e-05,0.0003038767341153742,1.9205999011247294e-16,3.120765682110096e-08,0.0,0.0,0.9978234965786205,0.9840580044446186,0.013719648513837966,0.0031415641053534156,0.0012604726771789439
parameter hold-out,1062,0.28,4.242314429293582e-05,4.88859871319684e-05,0.00028021200325227525,2.27010545221177e-16,3.539776348483485e-08,0.0,0.0,0.9977180681913226,0.9663261663724837,0.03130270938928121,0.0035920646635195074,0.0010579282040345235
parameter hold-out,1063,0.32,7.253901549083799e-05,7.968697328520842e-05,0.0005316288385810136,2.439943752632728e-16,3.196955747481879e-08,0.0,0.0,0.997584048382902,0.8802496811947244,0.11688323304956831,0.004403602388319245,0.0008549994101223709
parameter hold-out,1064,0.36,7.215393061601003e-05,7.722916327268486e-05,0.0006472427152444573,1.9541767086735962e-16,2.988423426836457e-08,0.0,0.0,0.997407789980687,0.7024076210783237,0.29324116139121387,0.0062921199304251845,0.0006567051633145937
parameter hold-out,1065,0.40,6.385768598568939e-05,5.847103960030357e-05,0.0006706364698516859,1.8131270060568833e-16,2.4417286116108207e-08,0.0,0.0,0.9971631047051959,0.9493917096330975,0.03888287482909085,0.014112267093206182,0.00046526616672454025
parameter hold-out,1066,0.44,1.802090783491245e-05,1.6657203209205478e-05,0.00028948202554467865,2.4520035157198547e-16,2.6198962593399684e-08,0.0,0.0,0.996803630135332,0.6214010820498206,0.37094296555695966,0.010596743522737886,0.0002795517855159094
parameter hold-out,1067,0.46,3.551667997309546e-05,3.3014059638055215e-05,0.0005851272083898897,2.1008888599611452e-16,2.5041614052996704e-08,0.0,0.0,0.9965389992056253,0.9564080582767548,0.04049828125820051,0.006348451237569357,0.00018773205302227377
parameter hold-out,1068,0.48,2.8170438585387995e-05,2.823792007290907e-05,0.0008551023354809859,2.7727005406895235e-16,2.8584357938010534e-08,0.0,0.0,0.996161339934968,0.9888341361785008,0.01086223924956431,0.0040318419775106935,9.527073353116734e-05
parameter hold-out,1069,0.49,7.961413463572997e-06,7.879091300429465e-06,0.0006454437521011341,5.477025010614495e-16,3.132841261907781e-08,0.0,0.0,0.9958642686464142,0.993060909671768,0.007748338737118662,0.0032707632627259537,4.8311376634871916e-05
parameter hold-out,1070,0.20,5.564990524531556e-05,6.470625727080445e-05,0.00034484978851752633,1.3515728622412426e-16,3.7133468398153226e-08,0.0,0.0,0.9971335656392706,0.9923158124274086,0.005325114187211542,0.0035975259990028347,0.0016321406930555713
parameter hold-out,1071,0.24,6.0166633799361206e-05,6.552946451006467e-05,0.0004438748843050379,2.0171856026947606e-16,5.7030421370626585e-08,0.0,0.0,0.9970480121279969,0.990192555870468,0.006193525551643846,0.005096540830239854,0.001474099554563921
parameter hold-out,1072,0.28,5.92368360632075e-05,4.9422842058502e-05,0.000338289050498938,2.3999555229542886e-16,3.972050011897917e-08,0.0,0.0,0.9969412072514177,0.9885120589847843,0.007628118445019741,0.0056189442930833205,0.0012970294253140098
parameter hold-out,1073,0.32,0.00012589684079925603,0.00013214229547597116,0.000620174943966456,1.5564258775375363e-16,3.8679481946798046e-08,0.0,0.0,0.9968062073286214,0.9864475862426728,0.010384039371210076,0.005244122106644375,0.0011028480941041446
parameter hold-out,1074,0.36,0.00013751937627602947,0.0001374222017236363,0.0007302122482912687,1.9297123059999452e-16,3.172710304129628e-08,0.0,0.0,0.9966299639087672,0.9807063683719992,0.017284122840629548,0.004460474466404497,0.0008934390592529619
parameter hold-out,1075,0.40,2.2191492813965646e-05,1.7031235185695422e-05,0.00023863357654879268,1.9425923147495334e-16,2.5827318498985556e-08,0.0,0.0,0.9963847620649269,0.9510814707327382,0.048176042424602994,0.0036823837015703643,0.0006692535466419789
parameter hold-out,1076,0.44,6.752501422024751e-05,6.856131101632978e-05,0.000768807913859339,1.7730192043294295e-16,3.344464847721394e-08,0.0,0.0,0.9960416370314042,0.6003031530424712,0.4003318139891524,0.0031220600706785115,0.0004267611288409611
parameter hold-out,1077,0.46,4.1382996267527444e-05,3.717232353691382e-05,0.0005658851672601237,1.985223127820871e-16,3.1740484775655334e-08,0.0,0.0,0.9957818581183381,0.9328122008095698,0.06817556511513424,0.0029734939204885697,0.00029609327392927546
parameter hold-out,1078,0.48,9.568452353836564e-05,9.58971938888044e-05,0.0018747036836471419,2.3110394708591156e-16,2.8171497297544702e-08,0.0,0.0,0.9954001629018044,0.9817187569092546,0.019832871662303273,0.002959817351178998,0.0001560578674929131
parameter hold-out,1079,0.49,3.9178064059786965e-05,3.9124507004538694e-05,0.0013764576025153095,5.678161009856021e-16,2.7455145808933064e-08,0.0,0.0,0.9950580522411289,0.9892359924709793,0.012590754256842274,0.003067432701078183,8.073178182632633e-05
parameter hold-out,1080,0.20,6.353023538333978e-05,5.916094174911098e-05,0.00031530873031118006,8.587992046766286e-17,2.572544626850109e-08,0.0,0.0,0.9999935704188859,0.9999319754784916,6.245874484985958e-05,1.0332269156436187e-05,1.6408625153187536e-06
parameter hold-out,1081,0.24,4.9342850291405444e-05,5.128033849203216e-05,0.0002200254217960778,1.1198568360632919e-16,2.2302317660812134e-08,0.0,0.0,0.9999933148715243,0.9999288282607183,6.457257225549235e-05,1.1791418026351466e-05,1.525453616381563e-06
parameter hold-out,1082,0.28,6.50745739780607e-05,7.026376542293989e-05,0.00033077629594130246,1.091952530194739e-16,2.781034401014662e-08,0.0,0.0,0.999992984599835,0.9999201855775935,7.153988111019485e-05,1.3946537874742057e-05,1.38564177020524e-06
parameter hold-out,1083,0.32,6.195232719774392e-05,5.0889034356668274e-05,0.00032893223444154787,1.8538455428686704e-16,2.122280171703413e-08,0.0,0.0,0.9999925524678464,0.9999001163784075,8.870897372189786e-05,1.74284349036497e-05,1.2178666870529656e-06
parameter hold-out,1084,0.36,4.47341831620126e-05,3.76185548324001e-05,0.000251814322124363,1.3147913709866623e-16,3.288021632343088e-08,0.0,0.0,0.9999919677095324,0.999846253743174,0.00013688931725789718,2.3894937572250077e-05,1.019590222079277e-06
parameter hold-out,1085,0.40,6.193688851180566e-05,4.96471391323911e-05,0.0005056079115571036,1.506643682572269e-16,2.3441625659271884e-08,0.0,0.0,0.999991132187333,0.9995881230057622,0.0003810073337885092,3.923685902647863e-05,7.881222027839817e-07
parameter hold-out,1086,0.44,4.485741788804952e-05,4.5535759961930906e-05,0.0005432628265501172,1.5016800334906598e-16,3.305081222964107e-08,0.0,0.0,0.9999899527018141,0.966720646362691,0.033212517855486096,0.00010248143769142515,5.177296574519206e-07
parameter hold-out,1087,0.46,1.978314282810288e-05,1.9518698107329396e-05,0.0002842650921096127,1.4098211171500692e-16,2.9561759342630372e-08,0.0,0.0,0.9999890411060003,0.9992371145163566,0.0004831876340744219,0.0002907234809254471,3.6426237599475385e-07
parameter hold-out,1088,0.48,1.4348287793259204e-05,1.0973310139216773e-05,0.0005130957954951224,4.284313753583743e-16,3.462721415032653e-08,0.0,0.0,0.9999876773597245,0.9850506590687305,0.014857664922434873,0.00011187661795688279,1.9435254572256178e-07
parameter hold-out,1089,0.49,1.6500178612122025e-05,1.6310257988362208e-05,0.0008277991474976586,5.385560949933868e-16,2.587716883808407e-08,0.0,0.0,0.9999863561942248,0.9981274162454258,0.001820968107267491,6.794389769820727e-05,1.0127114504327437e-07
parameter hold-out,1090,0.20,0.00010246480694170635,0.00011349270148551248,0.0005229112525963218,1.406050125860927e-16,4.2699177669827644e-08,0.0,0.0,0.9993480716597003,0.9956439033588125,0.0029238269249958868,0.0017571804915134065,0.0003319237087746736
parameter hold-out,1091,0.24,0.0001876536446768929,0.00021213555189204139,0.0010349417007265637,2.3524502080682217e-16,3.5432910142648694e-08,0.0,0.0,0.9993161025945534,0.9955508402955323,0.0028197513261160826,0.002025882817920895,0.00029696395140513086
parameter hold-out,1092,0.28,0.00020473815330200303,0.00022549093947169866,0.00118911390187856,1.26696957985991e-16,2.6477291910255132e-08,0.0,0.0,0.9992784546544452,0.994449007451177,0.0035942713875141874,0.0024326454795402432,0.00025871955865266425
parameter hold-out,1093,0.32,0.00017250906015472574,0.0001832965766853772,0.001090305629937555,2.347244379046352e-16,3.8163876644591395e-08,0.0,0.0,0.999233083714543,0.9775397186164358,0.019939331042410736,0.003114011891988756,0.0002176755207979031
parameter hold-out,1094,0.36,0.00014173524332795938,0.00014869009450144547,0.001123981344279042,1.7524006778855075e-16,3.1045413118223314e-08,0.0,0.0,0.9991762170661955,0.9945276464937811,0.004455102050407997,0.0016745957527904672,0.00017427832055213563
parameter hold-out,1095,0.40,0.000141730354008511,0.00014400554528546107,0.0013392434186999857,1.5362234816388075e-16,2.9561406519129767e-08,0.0,0.0,0.9990997498608803,0.992039648341172,0.008005094830821423,0.0007409457129168911,0.00012876459622733456
parameter hold-out,1096,0.44,9.799323497691042e-05,9.000842287139915e-05,0.0015871297022097201,3.349346937563851e-16,3.1071810362958383e-08,0.0,0.0,0.9990027114575127,0.9724678262996544,0.027653469843404197,0.0008382884089976764,8.08326211576022e-05
parameter hold-out,1097,0.46,5.175450998547801e-05,5.195647769940443e-05,0.0009651940208705557,1.7495099928440522e-16,2.7169290675577997e-08,0.0,0.0,0.9989266272691656,0.8720325679031867,0.12817999400407437,0.0009220697186271198,5.562456887676813e-05
parameter hold-out,1098,0.48,4.6806532037817474e-05,4.596640532603285e-05,0.0011704488186191479,2.8179089746960724e-16,2.2890316218260965e-08,0.0,0.0,0.9988111969190049,0.8783472661699423,0.12198141949910947,0.0010431073588196705,2.9072047564727753e-05
parameter hold-out,1099,0.49,8.45433900119371e-06,7.909311371620173e-06,0.0010236767667528303,4.3721950071859837e-16,3.110172785654498e-08,0.0,0.0,0.9986928503728764,0.9665103721927837,0.033613455685152845,0.0011634732358649926,1.5069601588478295e-05
parameter hold-out,1100,0.20,0.00019614639146583933,0.00022444285422237566,0.001029837860270275,1.6613671344976528e-16,2.8733233966497844e-08,0.0,0.0,0.9616942156310322,0.8336827596839079,0.181358512003054,0.020174505890429226,0.0031168760885071155
parameter hold-out,1101,0.24,0.00011509907648695287,0.00011936008782123638,0.0005860052823613756,1.5562039160362466e-16,2.8204348359467506e-08,0.0,0.0,0.9646824630196131,0.8233060596779098,0.1875461086776933,0.02141244772231698,0.0030788635135263155
parameter hold-out,1102,0.28,9.896313074063439e-05,0.0001142378615874419,0.0006080157843301613,1.5798854803797328e-16,2.7173889552598945e-08,0.0,0.0,0.966698247362576,0.8062687299668301,0.2009608310780382,0.0230535812548221,0.0029643343840691505
parameter hold-out,1103,0.32,0.00010715049098378349,0.00010946825891539576,0.0006477800093271687,1.5356372583839387e-16,3.042411576154665e-08,0.0,0.0,0.9678124196197906,0.778118962853758,0.2257519204347521,0.025417711538283715,0.0027415380555283805
parameter hold-out,1104,0.36,9.099883247403595e-05,7.941300747494524e-05,0.0005468865018763944,1.446499538763264e-16,2.7575849619533615e-08,0.0,0.0,0.967987128447319,0.7300525728202599,0.27001486562176985,0.02935963942449266,0.0023924248284908837
parameter hold-out,1105,0.40,7.527800462295022e-05,7.795644876923324e-05,0.0008256624934756291,1.191670005839298e-16,3.0501105963747245e-08,0.0,0.0,0.9669954321952746,0.6440837190939093,0.34834483535967303,0.03858089345765107,0.001908083946935254
parameter hold-out,1106,0.44,4.780831978551837e-05,3.4460833121546223e-05,0.0005267375165626832,8.739215853632902e-17,2.5045392067749708e-08,0.0,0.0,0.9645658446765043,0.489965073974526,0.4383181116435654,0.1059836236801265,0.001280125841663307
parameter hold-out,1107,0.46,3.6799679877350244e-05,2.6646369400561462e-05,0.0006154530683642131,1.7717977375331617e-16,3.442485092563573e-08,0.0,0.0,0.9622356332868455,0.43869139945454283,0.3820699232049943,0.2162746565936242,0.0009073150429302997
parameter hold-out,1108,0.48,3.6921532434661675e-05,3.7011900596083726e-05,0.000960743277729987,3.0764499952691794e-16,2.5681977977782466e-08,0.0,0.0,0.9584859134697227,0.711865504615688,0.26495820605307213,0.0646014245527198,0.000486752813544381
parameter hold-out,1109,0.49,3.109430134489017e-05,2.9614939099628977e-05,0.0013701725237671469,4.2312471880652686e-16,3.16724118480302e-08,0.0,0.0,0.9548211907232502,0.7828909162174295,0.2083204136223069,0.05412616827825819,0.00025399738357545113
parameter hold-out,1110,0.20,8.740721704144336e-05,0.00011129703350308507,0.0003580545312021666,1.5478041790246118e-16,2.6789763603442455e-08,0.0,0.0,0.9929051210690293,0.991341563912091,0.009559818219746682,0.005119802408760076,0.001066705664069859
parameter hold-out,1111,0.24,6.420006263856281e-05,5.9299688312142874e-05,0.00022786278056346755,1.3096322792556763e-16,3.297904878924762e-08,0.0,0.0,0.9918237934511319,0.9914764901098121,0.010112681158770585,0.005655653317421026,0.0009304796291427324
parameter hold-out,1112,0.28,7.383919231736708e-05,6.608170394941243e-05,0.0002825818981806411,1.7791688933326517e-16,2.7672555810488034e-08,0.0,0.0,0.9914493040579244,0.9902243305800038,0.011130000711634329,0.0064090061590623805,0.0007869510631006345
parameter hold-out,1113,0.32,4.810568097578141e-05,4.60233125760283e-05,0.00026102323124718724,1.5139400614552868e-16,3.0592778575680626e-08,0.0,0.0,0.9912193149464913,0.9876576403065818,0.01292592485199582,0.007554866276446564,0.0006407895718024272
parameter hold-out,1114,0.36,3.031416587881715e-05,2.5451909828948235e-05,0.00017722670059467852,2.032461273949547e-16,3.1576301362719226e-08,0.0,0.0,0.9907013039413602,0.9829937025474685,0.016292496278616824,0.009517447996391518,0.0004953522308702812
parameter hold-out,1115,0.40,4.180278205940848e-05,3.3494864389256625e-05,0.00029746289021350466,1.950736632150724e-16,2.5299236404282506e-08,0.0,0.0,0.9897093681406979,0.9725518759498832,0.02374770234143548,0.013639960862140943,0.0003522483833888956
parameter hold-out,1116,0.44,3.9473563029300137e-05,2.9083903274620858e-05,0.00039356554176719644,1.9661963739445746e-16,2.2493395935402335e-08,0.0,0.0,0.9878238958136835,0.9376504926878961,0.04741461528358359,0.026909896742211635,0.0002114264388327706
parameter hold-out,1117,0.46,1.2745333481016096e-05,1.145222805020221e-05,0.00023875051167962107,2.0738054951767982e-16,2.3332222674668788e-08,0.0,0.0,0.9861859142531966,0.8743547870585611,0.08653399486555147,0.05279684406854696,0.00014153211911817622
parameter hold-out,1118,0.48,2.6553486634307854e-05,1.95524872653949e-05,0.0006423398889014423,2.9616994949160034e-16,2.38277087532681e-08,0.0,0.0,0.9835422171131811,0.6412504794093383,0.19139093483683173,0.18376054546306966,7.14395335679785e-05
parameter hold-out,1119,0.49,1.924487662487292e-05,1.528523814336586e-05,0.0009933394619408864,7.647512744400266e-16,2.2834276076835047e-08,0.0,0.0,0.9812832299262245,0.4591279203145182,0.3851168112368472,0.17445821835136469,3.608436736424153e-05
parameter hold-out,1120,0.20,0.0002035155823364405,0.0002227535241950862,0.0010187684259852542,1.5208591899185811e-16,3.635408123117147e-08,0.0,0.0,0.9790077800158532,0.9296639652705224,0.05979841252534411,0.019046528962730905,0.012448286464697018
parameter hold-out,1121,0.24,0.00013910303563197525,0.00011621444606388228,0.0005953050212160322,1.832103632025198e-16,2.866245380082426e-08,0.0,0.0,0.9778270443054335,0.9246461451286446,0.06776623894941892,0.018857614796568205,0.010910386546093774
parameter hold-out,1122,0.28,4.2879665722694196e-05,4.151196178695085e-05,0.00026009614513684874,2.5323410492991644e-16,2.4726286986038566e-08,0.0,0.0,0.9763810690614171,0.9156077286925534,0.07921476586518382,0.01951833200973013,0.00928142514834395
parameter hold-out,1123,0.32,8.737480624455313e-05,9.203918485458599e-05,0.000692870297230599,9.464127322859084e-17,2.9244088413378858e-08,0.0,0.0,0.974584342059588,0.899960741970615,0.09686223165117179,0.020963199270485473,0.007601544847657313
parameter hold-out,1124,0.36,8.206474004634414e-05,8.659585585054002e-05,0.0007786439279521245,1.5442573202094625e-16,3.505043415159169e-08,0.0,0.0,0.972284010638433,0.8716839963180989,0.12684736487194417,0.02322921402864328,0.005906250407562739
parameter hold-out,1125,0.40,7.641686589573347e-05,7.843005947980553e-05,0.0009470380757496918,1.738387944238726e-16,2.3160678449713348e-08,0.0,0.0,0.9691591853750097,0.814882572600891,0.1852011146349493,0.02650021847999953,0.004220414691482399
parameter hold-out,1126,0.44,1.4773762364692734e-05,1.5005079278571038e-05,0.00023806373005979593,2.2464072005706645e-16,2.5179372596116115e-08,0.0,0.0,0.9649966156686752,0.6830159578429145,0.31881444651895535,0.030660236769228452,0.0025507203412603874
parameter hold-out,1127,0.46,4.4910497202962086e-05,4.2941793473178134e-05,0.001193853554407774,1.7208213953028763e-16,2.5922004685871165e-08,0.0,0.0,0.9617999358372991,0.5571793502482547,0.44512829193251263,0.03416305565716335,0.0017176956740976637
parameter hold-out,1128,0.48,3.267516725120695e-05,3.1634951242055816e-05,0.0016250603582184332,9.583736593388321e-17,2.2539540356314604e-08,0.0,0.0,0.957095989842418,0.6177453452199522,0.3852686182769109,0.038936810929038855,0.0008757480248386939
parameter hold-out,1129,0.49,1.8216583611525615e-05,1.7222477439251077e-05,0.0014277423500693508,5.152298618573979e-16,2.512004696269591e-08,0.0,0.0,0.9525900370851252,0.7100607128221331,0.29345154764001474,0.04334713637612893,0.000447862483685332
parameter hold-out,1130,0.20,0.00015692055452185076,0.00020363730753967756,0.0007163521640428135,1.2107250162843547e-16,2.4474060295678003e-08,0.0,0.0,0.9793446896650214,0.9740147935058426,0.031025151742076956,0.01451838149190149,0.0010649287864627948
parameter hold-out,1131,0.24,4.9669203231626665e-05,6.220998259505004e-05,0.00026127990071359806,2.2280119599656786e-16,2.8770542279147182e-08,0.0,0.0,0.9766320327588391,0.9747541737112155,0.030897670021050764,0.01655877232718748,0.0011436166028847177
parameter hold-out,1132,0.28,5.335620921738256e-05,4.7846252301749455e-05,0.00022487764938829467,1.7554551012952966e-16,2.5250556980908903e-08,0.0,0.0,0.9750366593275035,0.9724885261673818,0.03178888115460556,0.019554460423032955,0.0011267549370489781
parameter hold-out,1133,0.32,2.5198433926998027e-05,2.2572920584418185e-05,0.00010168084989558132,1.6164082137076442e-16,2.9347336448200373e-08,0.0,0.0,0.9747704392374191,0.9656872923595645,0.03416258288478492,0.024351577620794002,0.001028707643863958
parameter hold-out,1134,0.36,9.968698016320552e-06,1.057118480145881e-05,5.553893979286643e-05,1.2549887770013233e-16,2.517903386619575e-08,0.0,0.0,0.9737569635636489,0.9531496786734074,0.03913843381604658,0.033092925668061934,0.0008678988657467632
parameter hold-out,1135,0.40,1.8628176185450295e-05,1.8663723814904668e-05,0.0001376338054828656,1.2348635198903202e-16,2.8423395217227925e-08,0.0,0.0,0.9715610208971218,0.9250680884486548,0.052765083816820886,0.04993114943576545,0.0006607724203097792
parameter hold-out,1136,0.44,3.3322701658207275e-05,3.266588376794953e-05,0.00033916070629654547,1.808731420523103e-16,2.6553769902580425e-08,0.0,0.0,0.967232917058077,0.8369203025264715,0.11726339444263773,0.07808352710294136,0.00041912302355788566
parameter hold-out,1137,0.46,3.2573535700937116e-05,3.21679732130824e-05,0.00046740930459928276,2.059930202998154e-16,2.5724946130614052e-08,0.0,0.0,0.9634433142896267,0.7077248633418455,0.220047740780599,0.10833313347165639,0.000287493747708052
parameter hold-out,1138,0.48,2.484007324764826e-05,1.9294714304514333e-05,0.000604861197736998,2.4405990850873516e-16,2.2723783789677795e-08,0.0,0.0,0.9573523023092824,0.46451201887109594,0.44159988153208546,0.13634735396050937,0.00014843115082698748
parameter hold-out,1139,0.49,6.318805513979085e-06,5.479454214333821e-06,0.0003829489313345117,6.281016053491771e-16,2.4534993898858084e-08,0.0,0.0,0.9521764660296324,0.6374355103169029,0.28351215279593794,0.12680388038234297,7.574812049412282e-05
parameter hold-out,1140,0.20,0.00011267573041057667,0.00013599473693538014,0.0006300523323162315,1.113308313087892e-16,2.6887052870487238e-08,0.0,0.0,0.9738221452063992,0.8705555519817162,0.07072625333602735,0.07036531057782185,0.014471897034553585
parameter hold-out,1141,0.24,8.725096066291252e-05,9.877715855409575e-05,0.0004893491002661348,1.1747010716099276e-16,2.766647936051235e-08,0.0,0.0,0.972582849886186,0.8631290206544652,0.0792702017948179,0.07257171588603102,0.012446639105107647
parameter hold-out,1142,0.28,0.00010557526039158222,0.0001196978868379694,0.0006815314535025291,2.7289972010670217e-16,3.0981944986413345e-08,0.0,0.0,0.970821916623271,0.850355516336491,0.09187103219908768,0.07653383957505766,0.010396923122378663
parameter hold-out,1143,0.32,0.00018312821776652924,0.00019682238839198378,0.0012234589457476275,1.5710483813132718e-16,3.329419693208951e-08,0.0,0.0,0.9684051529592796,0.8289861637122353,0.11083678195524974,0.0833141187473231,0.008374890212047273
parameter hold-out,1144,0.36,0.00016776378976376084,0.0001737542508481326,0.0012905144592631262,1.360543636521033e-16,3.357584655241992e-08,0.0,0.0,0.9650700407054613,0.7922144197957378,0.14186168596283524,0.09433345435879933,0.006413389591123987
parameter hold-out,1145,0.40,9.816139038147798e-05,0.00010157310318558108,0.0010817380977379749,1.2362084569895953e-16,2.6322161143328557e-08,0.0,0.0,0.9602707571197449,0.7244423533804237,0.198559244192313,0.1121498530336303,0.004525378013442656
parameter hold-out,1146,0.44,5.312385289215859e-06,5.394584847587286e-06,7.493651454492873e-05,1.6715607337306853e-16,3.3745059941069345e-08,0.0,0.0,0.9533182197895936,0.589244029076837,0.31587822376930624,0.13887245445874524,0.0027036121235873537
parameter hold-out,1147,0.46,2.5939564096550416e-05,2.167602515079897e-05,0.0005115100865281195,9.429431716661001e-17,2.6776080739864294e-08,0.0,0.0,0.9479794463348692,0.4788483244636555,0.4187646085864188,0.15264749007113207,0.001809989180198826
parameter hold-out,1148,0.48,2.8166093389314973e-05,2.7900974584764565e-05,0.0010911908686200538,1.154014099013099e-16,2.4603819881143525e-08,0.0,0.0,0.9401771305689273,0.5601438651780597,0.34153451656170947,0.15740700580569414,0.0009172072934342282
parameter hold-out,1149,0.49,4.3020649258387985e-06,4.103947757566086e-06,0.00018923769555559335,2.8098928937686347e-16,2.6697848589435557e-08,0.0,0.0,0.9330418533104506,0.6421553885875281,0.2715840263512858,0.15267425465106782,0.00046601999598730925
parameter hold-out,1150,0.20,0.00022716212473633052,0.0002347012220044555,0.000743480439015925,2.1655828386691195e-16,3.083586619900853e-08,0.0,0.0,0.9199325688771283,0.8902796335535542,0.09415741185801686,0.0624609773982601,0.033403875215036107
parameter hold-out,1151,0.24,0.00013788709942406555,0.00017052876380328834,0.000580197899634782,2.2688941521476943e-16,2.8749320354529727e-08,0.0,0.0,0.918651406427364,0.8779274261065175,0.10448749043068886,0.07264508303566215,0.02642678447767617
parameter hold-out,1152,0.28,0.0001088731428308221,0.00011890537951714852,0.00045765100409225106,2.6981704364828605e-16,2.9777206466172764e-08,0.0,0.0,0.915828051585496,0.8610597836526164,0.11935250500571572,0.08314440644754688,0.020557828787304378
parameter hold-out,1153,0.32,0.00016954104534697031,0.00019532641106498233,0.0008384423792355003,2.737220083648724e-16,3.489036904883852e-08,0.0,0.0,0.9109598909595186,0.8370526926888741,0.14208021199457807,0.09406544365660166,0.015602045824145401
parameter hold-out,1154,0.36,0.00012212732971752827,0.0001256712135013629,0.0006302707657541437,1.9701635591124125e-16,2.4481700507989012e-08,0.0,0.0,0.9030942585575029,0.800977994041837,0.17885380082255017,0.10544858715625387,0.01137108538860403
parameter hold-out,1155,0.40,0.00012612795068030203,0.00012339159611574662,0.0009308206598954439,1.063038268004561e-16,2.5881783989464356e-08,0.0,0.0,0.8902864299720297,0.7429010489700111,0.2406198881190795,0.11837774418504425,0.007700088473545963
parameter hold-out,1156,0.44,5.821716532323095e-05,5.423021087929775e-05,0.0006052889143494028,2.319816124264695e-16,2.2712206796836625e-08,0.0,0.0,0.8688092140543934,0.6429827531345598,0.34594826204053114,0.1377113113123556,0.004441812440931359
parameter hold-out,1157,0.46,6.935126131124258e-05,6.935354901294251e-05,0.0010190041612139719,1.7855905689013374e-16,2.728652339903725e-08,0.0,0.0,0.8513976007970161,0.5671486271438113,0.4241667811856224,0.15387571068049677,0.0029256319013044748
parameter hold-out,1158,0.48,5.1246206748085154e-05,4.4695170676514376e-05,0.001194975722359304,2.4788626047807693e-16,3.377874831312197e-08,0.0,0.0,0.8251778619957459,0.5252085254856192,0.469185422824237,0.17920619563029652,0.0014579698197447202
parameter hold-out,1159,0.49,1.240015418399597e-05,1.1851756242314368e-05,0.0007389221480619656,2.5682356564630595e-16,2.7311385515945982e-08,0.0,0.0,0.8041722771002596,0.5857970214684929,0.4092970298782848,0.19982029534595996,0.0007338046930942006
parameter hold-out,1160,0.20,8.093475964851028e-05,8.324832314535123e-05,0.0003664708375458376,1.391776857951945e-16,2.388624064584338e-08,0.0,0.0,0.9992690081571087,0.9743145459564322,0.024682736272652387,0.0012375503075357974,0.0004995041550267489
parameter hold-out,1161,0.24,6.512618624522958e-05,5.6859158057926406e-05,0.00026443042614817384,1.6458613493204657e-16,2.8681619711543568e-08,0.0,0.0,0.9992403918869242,0.8883417157045437,0.11055152659479274,0.0014061386256414576,0.0004408269686612315
parameter hold-out,1162,0.28,7.414107565460694e-05,8.375945907056827e-05,0.0003354936765662585,1.860749188889262e-16,3.6698375110570615e-08,0.0,0.0,0.999205530171699,0.7885113357456565,0.21011169415338815,0.0016820923510470934,0.0003777668122470466
parameter hold-out,1163,0.32,0.00011194156727083856,0.00012027923745909212,0.0005517264312635796,2.1838393165163713e-16,3.016280366568949e-08,0.0,0.0,0.9991620927878169,0.9714670014154384,0.026821507586850545,0.0022092298808866085,0.00031196209908341453
parameter hold-out,1164,0.36,8.981857346975588e-05,9.196332705681364e-05,0.00047501604186563594,1.5338864063947255e-16,2.3208380058481964e-08,0.0,0.0,0.9991060137663255,0.9891764381387252,0.007923850336006831,0.0035388844837156695,0.00024485256628295206
parameter hold-out,1165,0.40,4.0006284486435504e-05,3.314705319907845e-05,0.00039336955886245514,1.1570542457467018e-16,2.099406505896844e-08,0.0,0.0,0.9990293174371492,0.9875715499685576,0.009958431034211757,0.0032588203669559382,0.00017722932020941564
parameter hold-out,1166,0.44,1.5660133691799797e-05,1.593324908901121e-05,0.00020354341358480053,2.1035023818199795e-16,2.9773657228233553e-08,0.0,0.0,0.9989197230698816,0.6751191337411944,0.324219232188613,0.001598628895805292,0.00010880500346295652
parameter hold-out,1167,0.46,2.24819846887117e-05,2.2686482904555576e-05,0.00042384134509559435,2.2062793111003014e-16,2.3385110243616806e-08,0.0,0.0,0.9988392655482176,0.9832948246656791,0.016599393428498668,0.0011858993614219126,7.39011038786718e-05
parameter hold-out,1168,0.48,1.308852775517089e-05,1.3111854047359223e-05,0.0006282911495418954,2.8181577159202463e-16,2.6679396745337782e-08,0.0,0.0,0.9987243131542406,0.995692239927718,0.004617018646951329,0.0009261700991809107,3.797359014801068e-05
parameter hold-out,1169,0.49,4.697103053672713e-06,4.344226443127119e-06,0.0003423750400704794,2.693411054230572e-16,2.731406479043293e-08,0.0,0.0,0.998630995394371,0.9973963857041624,0.003108061459853531,0.0008438727248057729,1.93814808786931e-05
parameter hold-out,1170,0.20,0.00012142849540658766,0.00014554434191146965,0.00046314359748673463,1.196430225258204e-16,2.3018951146837562e-08,0.0,0.0,0.970369459252238,0.9603623404539791,0.032407329266763284,0.026624696519230388,0.010252435654679872
parameter hold-out,1171,0.24,0.00010429422319461396,0.00013313200446870598,0.0004715806795918734,1.578989734946019e-16,2.4847867542289693e-08,0.0,0.0,0.968153619126464,0.9586339746955356,0.03564428143108185,0.02920754813388558,0.008317803293151878
parameter hold-out,1172,0.28,0.00016873301501549418,0.0001922975561710785,0.0007654473468585379,1.5354009522705624e-16,2.221245957262151e-08,0.0,0.0,0.9651384019807301,0.9555788098154924,0.040060450761662036,0.03249268036572024,0.0066426073254763855
parameter hold-out,1173,0.32,0.00014751031792386145,0.00015452609090421213,0.0007184910578031517,2.0644151081204936e-16,2.6192109530150592e-08,0.0,0.0,0.9609181702047351,0.9504731861154951,0.04640271071363029,0.03693771521054694,0.0051734444623854035
parameter hold-out,1174,0.36,6.073157766123344e-05,6.240588036385912e-05,0.000352068019727986,1.3324843582384445e-16,2.1145560005921652e-08,0.0,0.0,0.9547017093912381,0.9418186182163361,0.05618067486054964,0.04338122682548582,0.0038661551732987395
parameter hold-out,1175,0.40,3.511861913163978e-05,2.8851612923704865e-05,0.0002190860843866638,2.325023868280267e-16,2.7190424066888885e-08,0.0,0.0,0.9447572792989514,0.9260739546925231,0.07290846417307381,0.053570512832674916,0.0026819020541376287
parameter hold-out,1176,0.44,1.8397961036309313e-05,1.7627984150778e-05,0.00020796777312310678,2.4386187999416755e-16,2.3463088138473493e-08,0.0,0.0,0.9268758620486436,0.8933884568055077,0.10640670681108741,0.07172294117067175,0.0015834553679872352
parameter hold-out,1177,0.46,2.725746939090693e-05,2.703468744514761e-05,0.00046747174836535787,1.923736305832137e-16,2.343999402427336e-08,0.0,0.0,0.9113118927739701,0.8615346753608071,0.13859193670704628,0.08740418123833715,0.001054712908056224
parameter hold-out,1178,0.48,2.329238845776558e-05,2.165246312128364e-05,0.000643205336826077,2.2112204280443324e-16,2.160983182671653e-08,0.0,0.0,0.8857662014479948,0.8047076825724172,0.19598325320123147,0.1131541687236429,0.0005313887241662104
parameter hold-out,1179,0.49,1.3912907427447226e-05,1.0440573994248616e-05,0.0006064285082699041,4.164215735093218e-16,2.722844511835203e-08,0.0,0.0,0.8641002045995835,0.7552149419488143,0.24559276740384522,0.13488554972873523,0.00026820945694353763
parameter hold-out,1180,0.20,0.00015736370121966417,0.0001897831167342131,0.0009075134697916825,2.0584801281327212e-16,3.841577818959761e-08,0.0,0.0,0.9840471256219278,0.5864033663427509,0.40520114491419823,0.01479044716148334,0.009617738833055535
parameter hold-out,1181,0.24,0.00013209225936940662,0.0001401218088729821,0.0007324757956810144,1.0252892366160607e-16,2.652299123089478e-08,0.0,0.0,0.9841300626901119,0.6770378175213793,0.3147896071280185,0.015550803542161066,0.008455327512151245
parameter hold-out,1182,0.28,0.00011165930886227389,0.00012760087994824812,0.00047664082503204796,1.7226612154667293e-16,3.234305631648614e-08,0.0,0.0,0.9839989023469751,0.7743554144921015,0.21760914440777065,0.01666426553434534,0.007211912802049588
parameter hold-out,1183,0.32,0.00016207686241107136,0.00015134753918427364,0.0007492481716715285,2.1914907445404758e-16,2.4235710584724422e-08,0.0,0.0,0.983646001156127,0.8552815820084972,0.1363659576158157,0.01860879910636335,0.005923965364471568
parameter hold-out,1184,0.36,0.00013356225265184746,0.00013706665914464187,0.0011881092208465152,1.6269201860999688e-16,2.8874056982287065e-08,0.0,0.0,0.9830321492815345,0.9086569941004558,0.08001921882259115,0.023591481861613736,0.004622888290403694
parameter hold-out,1185,0.40,0.00016482812599233785,0.00012678985236340025,0.0013834666191991573,1.7716999813995217e-16,3.1544278412906873e-08,0.0,0.0,0.9820574638546095,0.9043825169489853,0.06524091464282594,0.04502118310619777,0.0033248513658882314
parameter hold-out,1186,0.44,0.00011091313251156742,9.135663002239605e-05,0.000993724274740537,2.276018355238341e-16,2.6783505449875422e-08,0.0,0.0,0.9805405867855993,0.9408627287591036,0.05225392245221096,0.02438679470596135,0.002024093476590666
parameter hold-out,1187,0.46,3.1270354665757934e-05,3.1508214102359096e-05,0.0004988028914261259,1.6221665032138283e-16,3.018459932649632e-08,0.0,0.0,0.979398686552386,0.9735203464387744,0.028142582803759836,0.017553977275965856,0.0013667028193704819
parameter hold-out,1188,0.48,2.760482844321753e-05,2.7651660598992243e-05,0.0005524182102880722,2.9865774285448946e-16,2.8762907193706113e-08,0.0,0.0,0.984230778675877,0.9777751638351326,0.024931174694339902,0.01234638638060956,0.0006972153253737494
parameter hold-out,1189,0.49,1.3252100671865314e-05,1.1063700691616957e-05,0.0007807814936107516,5.536451050036598e-16,2.658228751502682e-08,0.0,0.0,0.9877538860431457,0.9764851797058693,0.02519836118158495,0.010179724711177021,0.0003543281272428465
parameter hold-out,1190,0.20,7.550905136589399e-05,8.747575681880233e-05,0.000598631021087178,1.9758040550033562e-16,2.7375434074462605e-08,0.0,0.0,0.9982339345771769,0.8646368194251147,0.1361376682092592,0.0008062169438307684,0.00017822992655919478
parameter hold-out,1191,0.24,0.00012508918311322803,0.0001244195760685316,0.0006053513140962792,1.7242702803953904e-16,3.715445414499191e-08,0.0,0.0,0.9984573049879073,0.8308300593995144,0.16984462429667507,0.000864817557329682,0.00015755567945108977
parameter hold-out,1192,0.28,0.00015588487343470655,0.00014860399900508975,0.0007977045482597091,1.144179937497504e-16,2.4144935960490203e-08,0.0,0.0,0.9986348174011086,0.7432030542486877,0.25731824778368984,0.0009495999486527828,0.00013622235063941434
parameter hold-out,1193,0.32,0.00013822772067362436,0.00011458088174002492,0.0008235424555751332,1.5895272671677886e-16,1.8538094375300844e-08,0.0,0.0,0.998775203774165,0.5207489723451918,0.47945400025353174,0.0010857402912768444,0.00011428590991178116
parameter hold-out,1194,0.36,0.0001258203338606062,9.805182041199192e-05,0.0008126680463345277,1.4934667008650965e-16,3.0124241524018415e-08,0.0,0.0,0.9988837766951387,0.7961380510240621,0.20356645448395677,0.0013445071327624412,9.16268569152263e-05
parameter hold-out,1195,0.40,0.00012494776367105097,0.00010068308640365974,0.001001121372056306,1.9960293573323588e-16,2.9434174903779996e-08,0.0,0.0,0.9989617485815215,0.9413947121045154,0.05758324282856143,0.0020227798217134466,6.791272511113057e-05
parameter hold-out,1196,0.44,6.812698091872918e-05,6.74013281563143e-05,0.0008221960960908661,2.0894208312524826e-16,2.6974061825424697e-08,0.0,0.0,0.999020522549075,0.9771883263020168,0.01752325349211666,0.006254955947605001,4.265209571878329e-05
parameter hold-out,1197,0.46,4.93142246595482e-05,4.6566514454204715e-05,0.0006869829031829901,2.539044273514305e-16,2.8493063896829133e-08,0.0,0.0,0.9990303756254075,0.9446091796555836,0.04647749446041527,0.009910205349683529,2.9292319775302612e-05
parameter hold-out,1198,0.48,5.682459585429232e-05,5.447756058737701e-05,0.0013329509555812767,2.1530232530464139e-16,2.5022483373313098e-08,0.0,0.0,0.9990195225625329,0.9750723329058364,0.020372771821928308,0.005571928584718157,1.5258927115861762e-05
parameter hold-out,1199,0.49,1.2083940610548545e-05,1.10929637013226e-05,0.0006143475725419824,7.513808882471345e-16,2.8824954071222918e-08,0.0,0.0,0.9989808538979199,0.9910290545897227,0.005869850259281212,0.0041200572948129665,7.887635500810512e-06
parameter hold-out,1200,0.20,0.00012337286776676346,0.00016323213558720157,0.0005723051814305608,3.007171243946863e-16,2.203287908819274e-08,0.0,0.0,0.9972523308100503,0.9966045597346387,0.0025067798402354496,0.0024016357666207114,0.0012317320752526799
parameter hold-out,1201,0.24,0.00010668308013082619,0.00012298380458328773,0.0004551489516340455,2.4759118681741476e-16,2.2288839675665516e-08,0.0,0.0,0.9971584439280249,0.9961190168933061,0.0030600494244798788,0.0026793596987445705,0.0009785564209628212
parameter hold-out,1202,0.28,0.0001246389752771429,0.00012997292715402595,0.0005175156910585159,2.1116405144864173e-16,2.514266181149501e-08,0.0,0.0,0.9970103715557749,0.9953834692957367,0.003932188175183348,0.002904534408194893,0.0007625939102799899
parameter hold-out,1203,0.32,0.00011026853570948419,0.00011075602679680721,0.00050427445100125,2.8061752835585424e-16,2.903054251353126e-08,0.0,0.0,0.9967868207948867,0.9941880581217611,0.005225875432959741,0.003212021144640851,0.0005791776029359541
parameter hold-out,1204,0.36,6.823691025835924e-05,7.306477963186841e-05,0.000413641050088271,1.983644129763359e-16,3.158868098883519e-08,0.0,0.0,0.996447153227792,0.9920053813541836,0.007458167885926702,0.0036598958880982697,0.0004223923789974305
parameter hold-out,1205,0.40,7.100328611588833e-05,7.227925032130483e-05,0.000540091486359007,2.569421462585377e-16,1.943558659136768e-08,0.0,0.0,0.9959059569848767,0.9871256219619566,0.012286877759810338,0.004385121600404269,0.0002863051585381366
parameter hold-out,1206,0.44,9.112532523204597e-05,8.746433589732192e-05,0.0009491893904960434,2.3058429483459505e-16,2.512415903866966e-08,0.0,0.0,0.994972179090057,0.97083705779262,0.028118313151275873,0.005862986837467722,0.00016530008836294983
parameter hold-out,1207,0.46,8.55650949084725e-05,8.405697779845213e-05,0.0012482085314909426,2.402346947683752e-16,2.5717836199122927e-08,0.0,0.0,0.9941948588717696,0.9403419643408902,0.05753415717858874,0.007685727238869339,0.00010886067842822271
parameter hold-out,1208,0.48,3.762887662852165e-05,3.742144329063944e-05,0.0010247142709527216,4.666864842709842e-16,2.7062359657368946e-08,0.0,0.0,0.9929621606891275,0.7969708028473347,0.1934974210571737,0.01618454394577739,5.418262311234373e-05
parameter hold-out,1209,0.49,1.4976068470141551e-05,1.4636302360478374e-05,0.000876698701489373,2.798799780164148e-16,2.220637399328218e-08,0.0,0.0,0.9919254813968149,0.5246177378923871,0.3926516469436321,0.09052767144938129,2.7203300881377674e-05
parameter hold-out,1210,0.20,0.00012439223590331796,0.0001550011849482464,0.0005089012457177776,1.2731462960451304e-16,2.957821025756973e-08,0.0,0.0,0.8879813045611762,0.8712544005843084,0.1737644905595799,0.060912966600250924,0.0061844027145038895
parameter hold-out,1211,0.24,0.00013850834308269875,0.000153102406428427,0.0006217512877365432,1.8658263306271288e-16,2.5353484883964217e-08,0.0,0.0,0.8751350290552533,0.8750959700881805,0.17544601276686453,0.06802983096409218,0.0064817034548778464
parameter hold-out,1212,0.28,9.988407384887964e-05,0.00011748091517041792,0.0005389717066171737,2.4086735829538596e-16,3.631136522197647e-08,0.0,0.0,0.877006335365244,0.8569986986186986,0.18097792747168678,0.07880706999400007,0.006336929780827333
parameter hold-out,1213,0.32,4.612181839215957e-05,4.222515295309801e-05,0.00022576929555132204,2.027371244141413e-16,2.468913753874153e-08,0.0,0.0,0.8764627755782015,0.8303422376134219,0.1901839973475538,0.09722804642890341,0.005789831128454888
parameter hold-out,1214,0.36,3.747174061251082e-05,3.958992890223632e-05,0.00020475005211867262,1.476981620862272e-16,2.5258559675189215e-08,0.0,0.0,0.8726934340483516,0.7886360718863392,0.19939792662590688,0.1343100800118274,0.004912363208218052
parameter hold-out,1215,0.40,2.6531322933774235e-05,2.3341836144017345e-05,0.00018223281237808356,2.329801628260727e-16,2.969232836010442e-08,0.0,0.0,0.8639830597128647,0.7186401055702726,0.22001647344441394,0.19357652965710584,0.003774514550238751
parameter hold-out,1216,0.44,4.320275554285305e-05,4.412930139603215e-05,0.00042877323865022905,1.1982656705187703e-16,3.2785699940198214e-08,0.0,0.0,0.8469758085481065,0.5958377592232837,0.39073705872682885,0.16422374557306396,0.0024245897276236592
parameter hold-out,1217,0.46,4.198611066429621e-05,3.600128816827906e-05,0.0005167282183997505,2.530364423618062e-16,2.7335401786900667e-08,0.0,0.0,0.8323780171975869,0.5050159560459828,0.504545225352137,0.15647402009716077,0.0016767365501293742
parameter hold-out,1218,0.48,3.510953021640501e-05,3.51922919526276e-05,0.0008521300850720262,1.1967710564783625e-16,2.4002295383687893e-08,0.0,0.0,0.8098414517917719,0.6311924085773755,0.39585929319229496,0.16258658835844925,0.0008748872971803501
parameter hold-out,1219,0.49,2.6588508475162088e-05,2.445672688054892e-05,0.0011372399489934942,8.369508491393089e-16,3.3815584906231494e-08,0.0,0.0,0.7913204216543632,0.6981694763669108,0.33618857671080304,0.1740480389404958,0.00044959798692627436
parameter hold-out,1220,0.20,0.00027955622011262163,0.0003572916705039052,0.0011788636590251342,1.4719877889185711e-16,3.269033464051272e-08,0.0,0.0,0.8951492935262388,0.803539027444865,0.18111327080190232,0.10601207760265322,0.013764267007775905
parameter hold-out,1221,0.24,6.0401449962397264e-05,7.591265732226826e-05,0.000272253443660352,1.8855669610477557e-16,3.04696444889331e-08,0.0,0.0,0.8838149286139385,0.8065541872148129,0.17738702466411216,0.1184344029404133,0.0137444263280084
parameter hold-out,1222,0.28,0.00015258422326659183,0.00014404302583631966,0.0005535828675895546,2.799304618526806e-16,3.1060176080666135e-08,0.0,0.0,0.8686568769422451,0.8065390821437413,0.1763271224659562,0.13563967103470356,0.012920242029402888
parameter hold-out,1223,0.32,0.00021255805250132635,0.00019970324851667352,0.0008719237135316829,1.8630465844974e-16,1.9603490885767897e-08,0.0,0.0,0.8475634487517314,0.8026243475176441,0.17794736627025048,0.16054363994956913,0.011454907914702618
parameter hold-out,1224,0.36,0.00019346514933480942,0.0001945297389336833,0.0010071620712098356,1.6717943414398254e-16,2.3281477932398693e-08,0.0,0.0,0.8165985758889649,0.7932396053829256,0.1982767731724823,0.18259969287845432,0.009509295894414058
parameter hold-out,1225,0.40,0.0001193650867282062,0.00012503023504669645,0.0008228278538193606,1.8077610491663248e-16,3.121853810115721e-08,0.0,0.0,0.7752542173701543,0.7678464558173503,0.2579011049262282,0.19207713424172834,0.007204602372664455
parameter hold-out,1226,0.44,2.4552400098362503e-05,2.4767542267914185e-05,0.00024078145320286448,3.3132923515106217e-16,2.5132719528009092e-08,0.0,0.0,0.7425746989123546,0.6852493601513995,0.3551022205629687,0.21259654933061847,0.0046001452953135895
parameter hold-out,1227,0.46,4.1659472325055615e-05,3.953236377397639e-05,0.0005281844363580701,1.9492320859891609e-16,3.417627726880107e-08,0.0,0.0,0.7159852349654003,0.6214857019393746,0.426739085655492,0.23226185745268826,0.00318392551685982
parameter hold-out,1228,0.48,5.677741793809082e-05,4.8887028479420924e-05,0.0014584837812570896,2.75453046326195e-16,2.7647274622348082e-08,0.0,0.0,0.6769411436505091,0.535705683249488,0.5211837031213653,0.26483974405673877,0.001670449549304178
parameter hold-out,1229,0.49,4.302640297043723e-05,3.9333077969990576e-05,0.0020954486648962376,8.091328342829555e-16,2.7920905550203696e-08,0.0,0.0,0.6467109157674861,0.5806119208247439,0.4810435305617672,0.2913797130804644,0.000863084479329139
parameter hold-out,1230,0.20,0.00011830694084054739,0.00013049666659961293,0.0004827407770064189,2.1200415521040566e-16,2.8947302205131674e-08,0.0,0.0,0.9564834835168228,0.9383713838497436,0.07254784482142644,0.024448669350598876,0.008145091350462954
parameter hold-out,1231,0.24,9.1372807256575e-05,0.00011362514031929068,0.0003913067405864654,1.827908869915591e-16,2.580591253731457e-08,0.0,0.0,0.9576104670913164,0.9289551771770982,0.08082760015029963,0.02583541167907981,0.006825343121865353
parameter hold-out,1232,0.28,5.616976782384649e-05,5.890828578869638e-05,0.0002258361309381808,2.2165934509266126e-16,2.4077247002977983e-08,0.0,0.0,0.9580012273738671,0.914896121413761,0.09396562099901692,0.027580111307738322,0.005577389851723557
parameter hold-out,1233,0.32,7.556138279938818e-05,7.648674410259212e-05,0.0004462795180533722,2.304649895743084e-16,3.447043524697198e-08,0.0,0.0,0.957533175616241,0.8923933904717206,0.11572404225350266,0.029868246748546906,0.004412014025665351
parameter hold-out,1234,0.36,0.00011131364149443895,8.95784542241823e-05,0.0006021259811279185,2.030104351268552e-16,2.7107099407344988e-08,0.0,0.0,0.9559353186823302,0.8527319599031139,0.15480548476719624,0.03303450922971548,0.0033289371995734226
parameter hold-out,1235,0.40,0.00010203159059976729,8.270063304781782e-05,0.0007027137044061599,2.3196581201583816e-16,2.620038833101252e-08,0.0,0.0,0.9526142953004136,0.7735742735316453,0.23340881278673226,0.03784241956317425,0.002319193247285064
parameter hold-out,1236,0.44,3.9081413353832276e-05,3.575319106685196e-05,0.0003940079568549494,1.5107976159911707e-16,3.000764592630171e-08,0.0,0.0,0.9464214812365775,0.6012863930618804,0.3917768441453458,0.05896646897085342,0.0013673552070152873
parameter hold-out,1237,0.46,4.049181569899336e-05,3.9619984396215355e-05,0.0007005847230346147,2.136637670931172e-16,3.028460423503613e-08,0.0,0.0,0.9411528834168262,0.539762580855043,0.4618428272624734,0.05621369679417472,0.0009078199437385862
parameter hold-out,1238,0.48,4.8950765534591045e-05,3.792881554327858e-05,0.0013335568029028456,4.024440668833032e-16,1.9602409875909373e-08,0.0,0.0,0.9329358992787276,0.7009401902341573,0.3063604730345417,0.059295010106749764,0.0004547138569199221
parameter hold-out,1239,0.49,1.7089696136116686e-05,1.210219253222502e-05,0.0009390299192581607,2.035666962364917e-16,2.901492373456223e-08,0.0,0.0,0.9260333661266341,0.7745137743550741,0.2337692446365632,0.06550341802798346,0.00022929815974597856
parameter hold-out,1240,0.20,6.0629381999967206e-05,7.145394843205233e-05,0.00032192355284783717,1.9727818307505498e-16,3.4161886061497135e-08,0.0,0.0,0.9958729711496551,0.6396793592275741,0.35944904282117607,0.0034956235106787226,0.00141988928846248
parameter hold-out,1241,0.24,4.5633817780272924e-05,5.1388678473528814e-05,0.0002732804909618079,2.2385478916758037e-16,3.570865302062966e-08,0.0,0.0,0.9962339596324475,0.7386638741682833,0.26007506530840196,0.003827368787891843,0.001250751609401324
parameter hold-out,1242,0.28,2.548409350930395e-05,2.8532158513680213e-05,0.00020736381235018377,1.4340610484768711e-16,2.754350021360291e-08,0.0,0.0,0.9964918973167066,0.8436670927331154,0.15442752875166477,0.004348256582391153,0.0010695782161659697
parameter hold-out,1243,0.32,6.627741876185847e-05,6.967890796639015e-05,0.0003247963101301507,1.5533399152103283e-16,2.3794481314160423e-08,0.0,0.0,0.9966642987219126,0.9172999616408435,0.07981115471438245,0.005295741885394269,0.0008806407684758753
parameter hold-out,1244,0.36,9.911450284585855e-05,0.00010297692373386263,0.0005454550409069942,1.627322405436385e-16,3.592373306526804e-08,0.0,0.0,0.9967588232716398,0.955989154124019,0.03898893913871678,0.007531276456313779,0.0006879367574991132
parameter hold-out,1245,0.40,5.686214918658445e-05,5.8995003577466895e-05,0.0003738445407746944,1.4031982656257545e-16,3.147352514913808e-08,0.0,0.0,0.9967704137432525,0.9669850659994991,0.01878052548185444,0.01694544020232786,0.0004941533719729079
parameter hold-out,1246,0.44,3.676356260626134e-05,3.111928269702047e-05,0.0003673135246494768,1.7759236738784664e-16,2.7540690913068313e-08,0.0,0.0,0.9966973521510529,0.5779265873129189,0.4160713213033077,0.008913920209617544,0.000299841913287702
parameter hold-out,1247,0.46,1.6128548232206538e-05,1.566742868364376e-05,0.00022879590194226204,2.7467134995347253e-16,3.3004335309229024e-08,0.0,0.0,0.9965993954087052,0.9544030065823519,0.0427624062368929,0.0060244895326788265,0.00020216639233604247
parameter hold-out,1248,0.48,3.7363919230996376e-05,3.740936135313725e-05,0.0007935947446559861,2.0992130033485248e-16,2.7717410501113265e-08,0.0,0.0,0.9964276446727107,0.9879223041992953,0.01159932428682401,0.003967445163835803,0.00010310473833541908
parameter hold-out,1249,0.49,1.2423582279597663e-05,1.2368184383415932e-05,0.00046938761141196623,4.696603212111696e-16,2.605434018628664e-08,0.0,0.0,0.9962518247796894,0.9923876353845759,0.008161391181044069,0.0031536114868713216,5.2456389677125e-05
parameter hold-out,1250,0.20,0.00012330997190618587,0.00014550939103109647,0.0005084090250426457,3.015067631207698e-16,3.182738409288613e-08,0.0,0.0,0.936126401410752,0.6337896805497214,0.4004907430200499,0.02098878436099759,0.008386384128507665
parameter hold-out,1251,0.24,0.00011390684046651654,0.00012812874106991139,0.0006882269940851283,1.687332140679279e-16,3.4345418630688876e-08,0.0,0.0,0.9419509298817095,0.5865381558681722,0.4425133095751581,0.02187818270742536,0.007278590043126627
parameter hold-out,1252,0.28,0.00011358988369624071,0.00011813024574674792,0.0005935409484243135,1.5589145222219207e-16,2.8190806432184657e-08,0.0,0.0,0.9465164892527163,0.5174595513813965,0.5070754945469579,0.02305300334770466,0.006130130864965218
parameter hold-out,1253,0.32,6.980194212270916e-05,7.645460328859997e-05,0.0003608629748812453,1.9478686993927455e-16,3.5876158374657926e-08,0.0,0.0,0.949952611872025,0.5965616236992966,0.423883489236254,0.024793008436372575,0.004970491252318514
parameter hold-out,1254,0.36,6.715974063072483e-05,7.04209031550568e-05,0.00036676646000908955,1.5496919896258453e-16,3.6609468508938096e-08,0.0,0.0,0.9522913427625452,0.7035785530323964,0.31235447655259285,0.028088005841224388,0.0038232090121760234
parameter hold-out,1255,0.40,0.00010061896795398926,9.978897509974612e-05,0.0006049054270160861,1.2883030040600433e-16,2.8028408491321248e-08,0.0,0.0,0.9533970685127321,0.7993786691148521,0.20308573037767447,0.04159637739079457,0.002701341065298976
parameter hold-out,1256,0.44,8.376450251278809e-05,8.520971779614681e-05,0.000720470088910611,1.7656162268667847e-16,2.983187756606522e-08,0.0,0.0,0.9531788966201582,0.8084249457504412,0.118727174048992,0.1183109377700049,0.0016073704795727633
parameter hold-out,1257,0.46,3.482428564025654e-05,3.4977620434258115e-05,0.00042615582841845574,1.5664217916579845e-16,2.458692432884306e-08,0.0,0.0,0.9520494843614007,0.918253290824858,0.08763756466658922,0.041026380208012796,0.0010709057112817323
parameter hold-out,1258,0.48,1.1744311552071293e-05,1.137262645131533e-05,0.0005177602840716574,3.084989183682355e-16,2.6407093188074957e-08,0.0,0.0,0.9496758510139214,0.9491219575278363,0.06437215433021634,0.03634664155367341,0.0005386637875780466
parameter hold-out,1259,0.49,1.1240059603629164e-05,1.1025978088245152e-05,0.0010405315444668157,6.453896980917591e-17,3.361966030622162e-08,0.0,0.0,0.96006588037841,0.946963412456091,0.055372744103726376,0.03740930774290649,0.0002721973038415195
parameter hold-out,1260,0.20,0.0001463306318366159,0.0001607958553639268,0.0008956972406443312,1.3551229519518323e-16,2.2370879464014297e-08,0.0,0.0,0.9789428245471196,0.8314591484971968,0.1846445568812526,0.004407559549880323,0.0005838574726011891
parameter hold-out,1261,0.24,0.00014307407368159788,0.00014442348143019098,0.0005976214485442622,1.3866423102952301e-16,2.8695071623694317e-08,0.0,0.0,0.9809917697108548,0.8126966041052178,0.20130327947669224,0.0045993645459227175,0.000564787717696835
parameter hold-out,1262,0.28,0.0001484893652055836,0.00015848601898964357,0.0007082435637994337,2.071390125656358e-16,2.416917388046119e-08,0.0,0.0,0.9826032934514979,0.7761759029579319,0.23605982661983071,0.004844448822868083,0.0005421885190965219
parameter hold-out,1263,0.32,0.00011345881830044445,0.0001209149349742502,0.0006003242495266027,1.809204536611665e-16,4.134497522979624e-08,0.0,0.0,0.9838312646224102,0.705815488488083,0.3048983468337963,0.005179140326404021,0.0005080904605383965
parameter hold-out,1264,0.36,6.180057388084448e-05,6.601886679700127e-05,0.0003817358085783109,1.2486331961187934e-16,2.967897859259392e-08,0.0,0.0,0.9846928208800271,0.5708295239547623,0.4385097124199149,0.005690649987428351,0.0004544506322447791
parameter hold-out,1265,0.40,4.295986085025359e-05,4.0790336317042216e-05,0.00029747939611957574,1.8763058518776573e-16,2.915231234739723e-08,0.0,0.0,0.985147195602937,0.6529696259682911,0.3548926236630782,0.006717076600121404,0.0003738073293702708
parameter hold-out,1266,0.44,2.4059295539845588e-05,2.376081953440384e-05,0.00037587397205203043,1.2596712467027762e-16,2.882650729580481e-08,0.0,0.0,0.9852241168558359,0.845950930648093,0.15567195858161534,0.012945639991429307,0.0002591521556732743
parameter hold-out,1267,0.46,7.5639277452206104e-06,5.607258889953481e-06,0.0001263396773842013,2.1979596610982874e-16,2.619155020073719e-08,0.0,0.0,0.9849320910293308,0.48498143423799744,0.4345648450863067,0.09530899593171333,0.000186692796572997
parameter hold-out,1268,0.48,1.8055188068272045e-05,1.3715548086583898e-05,0.0005769534339884196,1.7408529662509677e-16,2.1157258307147698e-08,0.0,0.0,0.984222150545101,0.946756082009857,0.057787023663976006,0.011115099681785675,0.00010176830570602303
parameter hold-out,1269,0.49,1.0336742728839744e-05,8.005327380910925e-06,0.0005710795734112334,6.800951271171228e-16,2.8027202678999512e-08,0.0,0.0,0.9832457157016639,0.9622890179237424,0.045237067352031236,0.009166563956196562,5.3554888029725285e-05
parameter hold-out,1270,0.20,0.00026144347729134483,0.00030205155284294114,0.001397608998641642,1.195342272569317e-16,3.438001905573958e-08,0.0,0.0,0.9708366170748224,0.889549894405048,0.06575763226149366,0.06010860517430291,0.013665561457701092
parameter hold-out,1271,0.24,0.000166797920579535,0.000154083124805487,0.0007482586272654513,2.0709881849376747e-16,2.5817803141596863e-08,0.0,0.0,0.969384060089819,0.8869455002303407,0.07460708834820103,0.05694693194472138,0.012121023416381698
parameter hold-out,1272,0.28,6.415440071378924e-05,5.183776804535827e-05,0.0002988776563274112,1.8534533711403636e-16,2.5737955378958323e-08,0.0,0.0,0.967623410291374,0.8784147843603723,0.0873087149384031,0.0562205563608986,0.010454300238731066
parameter hold-out,1273,0.32,4.870385873441527e-05,4.9058880062186466e-05,0.00037899509986617417,1.9318929380234518e-16,4.539593672086035e-08,0.0,0.0,0.9654414476953519,0.8602740854169484,0.1068311433652435,0.05874892509746771,0.008696968864539745
parameter hold-out,1274,0.36,3.867276947081309e-05,4.1199388194065756e-05,0.0003821872589062511,1.7536815797824223e-16,2.7522776486338266e-08,0.0,0.0,0.9626428788982416,0.8226577861834804,0.1397913156022777,0.06799950621411223,0.006877503449225071
parameter hold-out,1275,0.40,7.552505403552705e-05,7.184160005691635e-05,0.000789643916961755,1.462834178138891e-16,3.087133801966598e-08,0.0,0.0,0.9588196136787278,0.726790725877838,0.20300853746653852,0.10637455411524732,0.005014697394035422
parameter hold-out,1276,0.44,3.5000421074330836e-05,3.559497296647054e-05,0.0003901771381542186,1.2956977225594729e-16,2.6140774293980036e-08,0.0,0.0,0.9537121201922918,0.4479219336859785,0.34254007851205376,0.2529219320946366,0.0031046378377837
parameter hold-out,1277,0.46,7.420113752933626e-05,5.3388646339985715e-05,0.0014582053635158131,1.1671065710660013e-16,2.5126233770359456e-08,0.0,0.0,0.9497494797169046,0.49432351648344014,0.4682569063311648,0.08576252519157898,0.0021203733517957102
parameter hold-out,1278,0.48,5.897245125502984e-05,4.6771131791331236e-05,0.001961467404440299,7.672566442654997e-17,2.2376325502287807e-08,0.0,0.0,0.9438771852898731,0.63319641177691,0.3593323898371287,0.06278506244118291,0.0010978932622226546
parameter hold-out,1279,0.49,3.416532813268265e-05,2.4355065647409956e-05,0.002288737281164284,2.6297197980576346e-16,2.9164004812368594e-08,0.0,0.0,0.9381868515962629,0.7197789000153875,0.27753900536129367,0.06404960865204895,0.0005651985218923685
parameter hold-out,1280,0.20,9.397088285443651e-05,0.00011494384259705029,0.00049674864700314,2.16702542452817e-16,2.7850068795502156e-08,0.0,0.0,0.9999942723294747,0.9999895163099648,7.784773896914638e-06,5.355919785060889e-06,3.0639159253068784e-06
parameter hold-out,1281,0.24,7.939856259310654e-05,8.886987322905519e-05,0.0004146645667952933,2.504155868225919e-16,2.5422414010375062e-08,0.0,0.0,0.9999940986526494,0.9999841322225803,1.0214901606546847e-05,8.883342244802817e-06,2.666871538800568e-06
parameter hold-out,1282,0.28,5.193959398005104e-05,5.4854276098580346e-05,0.0003285988790586148,2.19963020148573e-16,2.6070840983039434e-08,0.0,0.0,0.9999938626607872,0.9999701539924267,2.3081687110960548e-05,1.0640314171007599e-05,2.2514975435142257e-06
parameter hold-out,1283,0.32,8.16030132330689e-05,9.041303669383599e-05,0.0005725089048867504,2.1270705358881762e-16,2.970949928520759e-08,0.0,0.0,0.999993542255192,0.9999062636655859,8.446263591452277e-05,1.3863438841832073e-05,1.8313208082575017e-06
parameter hold-out,1284,0.36,7.641063914719714e-05,8.159337895062282e-05,0.0006483088052010891,2.4135616635348237e-16,2.8690220700883515e-08,0.0,0.0,0.999993099268744,0.9771388971190479,0.022843642677232417,2.1377782618076714e-05,1.4164643397959e-06
parameter hold-out,1285,0.40,6.027228766666929e-05,5.7267548945261696e-05,0.0006439903745092227,3.567346030069787e-16,2.64130406700116e-08,0.0,0.0,0.9999924573524733,0.9998641963687369,9.14855347489983e-05,5.088693772579872e-05,1.011247187975283e-06
parameter hold-out,1286,0.44,1.5963768575346903e-05,1.2414696794282035e-05,0.00021894056624676154,2.239563549105133e-16,2.6539720495111214e-08,0.0,0.0,0.9999914809129349,0.998414486722798,0.0015731548965627104,2.0542055580248158e-05,6.128928806950453e-07
parameter hold-out,1287,0.46,3.620709404858534e-05,2.8855509025396453e-05,0.000542795706925859,1.8341573673516174e-16,2.8934895263343943e-08,0.0,0.0,0.9999907407402524,0.999613623356671,0.00038189758426180985,1.3290531802229115e-05,4.1362053109894265e-07
parameter hold-out,1288,0.48,2.2403381840945766e-05,2.2195514262075426e-05,0.0007274119354841861,4.125865054732163e-16,3.607523439464114e-08,0.0,0.0,0.9999896526788281,0.9999466156700613,5.354233906718382e-05,9.925021187462948e-06,2.1099983309266694e-07
parameter hold-out,1289,0.49,6.962250649605402e-06,5.495068428889477e-06,0.00043338946017916507,8.909260179385384e-16,2.5967739974162025e-08,0.0,0.0,0.9999887724602877,0.9999712207392262,3.077908998722275e-05,9.0994333767004e-06,1.0727321285431805e-07
parameter hold-out,1290,0.20,0.00010871194327044611,0.000133672209477266,0.0004220079466613199,3.2122690508910067e-16,2.3531925290910426e-08,0.0,0.0,0.9254623848957239,0.9203764564044503,0.0743634174491593,0.05282255074837206,0.02694631757223315
parameter hold-out,1291,0.24,0.0001492170061531611,0.00018928608770642244,0.0006456437934440614,2.037067383789878e-16,3.609599157910105e-08,0.0,0.0,0.9232070067010253,0.9133065268367909,0.08164449937514541,0.0604741735061165,0.02124599233850315
parameter hold-out,1292,0.28,0.00023119392445394678,0.0002549347119212128,0.0009591537604855204,1.438456446101441e-16,2.5529906446147425e-08,0.0,0.0,0.9190612168262533,0.9037038918714302,0.0915326059285498,0.06886148166203859,0.016596504072665677
parameter hold-out,1293,0.32,0.00024561571268448085,0.000253953900757965,0.0011174092968803326,2.340471199896433e-16,2.4939852973854452e-08,0.0,0.0,0.9122977344974273,0.8901053194629308,0.10560087759373574,0.07897993284727944,0.012696565088145852
parameter hold-out,1294,0.36,0.00014866322140380512,0.00013319930622285225,0.0007431245833181501,2.3413640197386296e-16,3.088126834370888e-08,0.0,0.0,0.9015241768119742,0.869700929762428,0.12676451875827346,0.09240477815431576,0.00934599453478099
parameter hold-out,1295,0.40,8.6943729513377e-05,9.070581749033653e-05,0.0006920890944322972,1.6121469646922612e-16,2.819422039755938e-08,0.0,0.0,0.8838193236321613,0.8364898692992719,0.160982230970856,0.1121962603791818,0.0063985728279575506
parameter hold-out,1296,0.44,1.864675417823114e-05,1.8415973821949483e-05,0.00021229551022287517,2.710514723144873e-16,2.2307272927618186e-08,0.0,0.0,0.852773614522309,0.7765783144232203,0.2217973959020602,0.14507891811259238,0.00373403844930536
parameter hold-out,1297,0.46,4.22273953551375e-05,4.1361382149266596e-05,0.0006155097416966799,1.1336246989614888e-16,2.7528967068829114e-08,0.0,0.0,0.8269162929101105,0.7266871977112553,0.27192167553369095,0.17180730231297117,0.002474155265386055
parameter hold-out,1298,0.48,3.4691860875155535e-05,2.7903122807378047e-05,0.0008762189449243552,2.952371708044095e-16,2.4842211864806057e-08,0.0,0.0,0.7869982916307394,0.65297805836751,0.34662782652071567,0.21271405128274146,0.0012407859841002103
parameter hold-out,1299,0.49,7.199372411096152e-06,7.022773964302316e-06,0.0003956071607863164,2.975658872245341e-16,2.3311877396098855e-08,0.0,0.0,0.7552922955609341,0.5998170083886188,0.3996603416110918,0.24446854764558795,0.0006249586866106957
parameter hold-out,1300,0.20,0.00022326304862316527,0.0002647945639414645,0.0008468968539078665,1.6716397614721264e-16,2.8320546148357172e-08,0.0,0.0,0.9999960614813839,0.999989302632516,8.104484691822802e-06,3.7298415084624568e-06,2.8181828700124453e-06
parameter hold-out,1301,0.24,0.0002553141216197563,0.00029786479502900683,0.0010653990796746587,2.0592221398925577e-16,2.924643339514445e-08,0.0,0.0,0.9999959899023105,0.9999881538903398,9.528332724890972e-06,3.840977003691496e-06,2.5099885994561187e-06
parameter hold-out,1302,0.28,9.474074108451806e-05,9.167997044177856e-05,0.0004250651841352543,2.144868472642398e-16,3.6597692654819085e-08,0.0,0.0,0.9999958843371266,0.999988472713171,9.501425833032008e-06,3.9749179367093584e-06,2.1704262169509307e-06
parameter hold-out,1303,0.32,0.00016959080795986092,0.00018730843369989258,0.0007634746917843002,3.9255353763313955e-16,2.6599737506150406e-08,0.0,0.0,0.9999957380466516,0.9999900290582755,8.266611045011929e-06,4.142287714371507e-06,1.8090320564656587e-06
parameter hold-out,1304,0.36,0.00013282115336118926,0.0001418746058475579,0.0006918114506833668,2.455262433964328e-16,3.463042387560071e-08,0.0,0.0,0.9999955385508907,0.9999922057212827,6.4488882367534675e-06,4.3620221325514855e-06,1.4340330790489475e-06
parameter hold-out,1305,0.40,9.257306793309767e-05,8.930386702828545e-05,0.0005260833161186462,1.829768823317826e-16,2.6824811565014707e-08,0.0,0.0,0.999995259162192,0.9999905759147327,8.529289158501162e-06,4.5949205300045e-06,1.048771777224582e-06
parameter hold-out,1306,0.44,9.540722366916899e-05,7.386075634002578e-05,0.0009282697886243373,2.1862506856218518e-16,3.227759325281165e-08,0.0,0.0,0.9999964255309227,0.9999948515736216,5.06428999849599e-06,3.0064212447437946e-06,6.49340595991768e-07
parameter hold-out,1307,0.46,0.00021387013964517586,0.000201713984625241,0.002956582280914604,2.9790852866188883e-16,3.1403948616917334e-08,0.0,0.0,0.999997287388094,0.9999945595000118,5.352901701559828e-06,2.3458922620470916e-06,4.421607866126213e-07
parameter hold-out,1308,0.48,6.211813029619124e-05,5.852295676479826e-05,0.0017279299697919486,2.417898359584791e-16,2.0012183127677306e-08,0.0,0.0,0.9999980721009952,0.9999941579818656,5.750128738596728e-06,1.7818652456242509e-06,2.2773812484383007e-07
parameter hold-out,1309,0.49,3.5854613325636066e-05,2.636942786763807e-05,0.0015963261912150042,1.7521840542175737e-16,3.309340228650167e-08,0.0,0.0,0.9999984427049748,0.9999938609331652,6.049149953761196e-06,1.5269973182486666e-06,1.1615807717849482e-07
parameter hold-out,1310,0.20,0.00011418442195450046,0.00013959254709449892,0.0005740124281961893,1.4227244800428093e-16,3.7730628279514066e-08,0.0,0.0,0.9935838516275222,0.9816783050936082,0.018515271192655336,0.005894219090831643,0.0003109885573061239
parameter hold-out,1311,0.24,0.00012348973403669697,0.00014392587054886817,0.0005162148678047896,1.646619322063932e-16,3.1794810689312435e-08,0.0,0.0,0.9888812708245514,0.983302007993588,0.02016475971512573,0.007360374398203348,0.00030207939555433437
parameter hold-out,1312,0.28,9.610892819587693e-05,0.00011069227319190011,0.00048730489861770307,1.2878295882450353e-16,2.6910263567068734e-08,0.0,0.0,0.9845284769192383,0.8128220518348145,0.1925446340221387,0.009921786071935185,0.000285480671603844
parameter hold-out,1313,0.32,7.568180680528337e-05,6.083896391422638e-05,0.0004058926303954532,1.86069543821678e-16,2.697462541420297e-08,0.0,0.0,0.9853922817718161,0.9749555898995347,0.024132486944276645,0.015257647948425952,0.0002591919262480063
parameter hold-out,1314,0.36,0.0001132117334883126,0.00010274800492125772,0.0005605463210257385,1.6245830129465457e-16,2.7968024212635227e-08,0.0,0.0,0.9858866233703236,0.9674519861969425,0.03055738546362356,0.015865448522384275,0.00022199924111499704
parameter hold-out,1315,0.40,0.00010064139811245696,8.247463544642735e-05,0.000791097315416078,1.4462976933857456e-16,3.456800212825476e-08,0.0,0.0,0.9859377365943204,0.8781330617431549,0.12126105652202214,0.014467550440479674,0.00017343969394697874
parameter hold-out,1316,0.44,5.8406542676445125e-05,5.1628450165955674e-05,0.000717934864943726,1.7155286757650094e-16,2.5998319011212617e-08,0.0,0.0,0.985361548185645,0.8371857824699961,0.16277209392581143,0.014577801125455711,0.00011342178909974372
parameter hold-out,1317,0.46,1.4881060468173388e-05,1.1182270538337952e-05,0.0002592724581269019,2.2708639376905328e-16,2.6817399022206454e-08,0.0,0.0,0.9846561054974102,0.9563860940542457,0.043725607261285326,0.015150885272865957,7.902479364189359e-05
parameter hold-out,1318,0.48,6.167000855052178e-05,5.5414854248483686e-05,0.0016792608507408147,2.94838415149597e-16,2.8967992554156753e-08,0.0,0.0,0.9839215992597619,0.9834146885515505,0.01635897623224536,0.016292061118865928,4.1360738649803774e-05
parameter hold-out,1319,0.49,2.1413347934315067e-05,1.673791876762425e-05,0.001234124088463838,4.613710968831802e-16,3.1925038925033546e-08,0.0,0.0,0.9896264487764449,0.9822830829969199,0.017384685668784004,0.010709109486973926,2.126019796812427e-05
parameter hold-out,1320,0.20,3.6576455743479186e-05,4.15305856615819e-05,0.00014556756357175297,1.8728526444103355e-16,2.7467891567892048e-08,0.0,0.0,0.9760133132292426,0.9703754799969792,0.034937020553817116,0.016110397680746007,0.0025676523343596703
parameter hold-out,1321,0.24,9.270990385381785e-05,8.86839669484076e-05,0.0003545196269993557,1.8109680737923691e-16,2.5052651642582733e-08,0.0,0.0,0.9759849680065332,0.9681610673479955,0.03557281833185604,0.017739622684609425,0.002538498476460764
parameter hold-out,1322,0.28,0.00010647893714394363,9.986429818884065e-05,0.0004018587974779725,1.6919122027086707e-16,2.8359893037983442e-08,0.0,0.0,0.9754302692834989,0.9647239288622944,0.037486672775606876,0.020012119071371223,0.002334578658927869
parameter hold-out,1323,0.32,8.526573496635917e-05,6.972872532478341e-05,0.00036565010274610137,2.118738752900759e-16,2.5553004986165284e-08,0.0,0.0,0.9741905795307835,0.9592335138047144,0.04112084242053081,0.02342746261571581,0.0020184951021737373
parameter hold-out,1324,0.36,7.562665782109974e-05,7.964626071003916e-05,0.0005093538005520803,2.5094663638531014e-16,3.0353322864912765e-08,0.0,0.0,0.971939854193329,0.9498594789091112,0.04740394177473614,0.02917832850912736,0.001633727852578635
parameter hold-out,1325,0.40,6.651738693713191e-05,6.776240977422586e-05,0.0005603532161218367,2.295579573697357e-16,2.04703838590731e-08,0.0,0.0,0.967962719536822,0.9318204122784896,0.05809655186041266,0.0409381589309905,0.001206676538389936
parameter hold-out,1326,0.44,4.909845110528941e-05,3.7094012045393695e-05,0.00048275897097909245,1.9606455905456183e-16,2.2077609703214722e-08,0.0,0.0,0.9606403377913318,0.8892952959550222,0.07517736231538219,0.07410996911534525,0.0007498840033133746
parameter hold-out,1327,0.46,2.8026290622842217e-05,2.7882094226998727e-05,0.000426758819280113,3.0155448793873956e-16,2.5672188856844928e-08,0.0,0.0,0.9542891072307748,0.8415810981242576,0.12349549204554465,0.08001372239068882,0.0005110125576629566
parameter hold-out,1328,0.48,1.2983096066860248e-05,1.0466771283062846e-05,0.0003118417199669614,2.2604262322659566e-16,2.9053537426121614e-08,0.0,0.0,0.9439642971322019,0.7445700314370718,0.2320577283131373,0.07921122793843947,0.00026285221067703045
parameter hold-out,1329,0.49,7.1997551116529646e-06,7.132056318117579e-06,0.0004838010164873039,5.796218649296481e-16,2.7695983228455705e-08,0.0,0.0,0.935094164272891,0.6553691352396195,0.3300950160395163,0.07936719529617085,0.000133984145660791
parameter hold-out,1330,0.20,6.504966902858222e-05,8.042377155617977e-05,0.0002999000451915737,1.4896342952069867e-16,2.3581740682085535e-08,0.0,0.0,0.9976826288269535,0.9893358313362428,0.007683093766163525,0.004217753671463434,0.001086846269144393
parameter hold-out,1331,0.24,9.446088204776466e-05,0.00010711380329485971,0.0004293592137423492,1.7668673704151953e-16,3.235546082758142e-08,0.0,0.0,0.9977101970891504,0.9877725476975899,0.008904459349793916,0.004709957422805875,0.000914125720348945
parameter hold-out,1332,0.28,5.886161107515935e-05,6.304671230901257e-05,0.00028408235567811436,1.7810021212749097e-16,3.2832388400517084e-08,0.0,0.0,0.9976936554222473,0.9851961310038829,0.010946584610173163,0.005426890906349554,0.0007453961002811156
parameter hold-out,1333,0.32,2.2518166022776304e-05,2.494370781607717e-05,0.00017501440853693071,1.3982703936869906e-16,2.2913774025889883e-08,0.0,0.0,0.9976270183975534,0.980509847014484,0.014709286093882553,0.006568997859413317,0.0005852285867877733
parameter hold-out,1334,0.36,3.5332628681452004e-05,2.7855474010533783e-05,0.00023883255154425639,1.6885707014579186e-16,3.1919449164116925e-08,0.0,0.0,0.9974958423414179,0.9702754651799775,0.023127535787606134,0.00865778294251624,0.000436142385383329
parameter hold-out,1335,0.40,3.8302475634540305e-05,3.54058135348633e-05,0.0003408857816235279,2.0149855401392474e-16,3.7043770087250505e-08,0.0,0.0,0.997268312312894,0.9377255576310414,0.05118798358437763,0.013516287443776129,0.00029880543931735606
parameter hold-out,1336,0.44,3.013542077980706e-05,2.2628933867281588e-05,0.0003644882186366965,1.5877879035499035e-16,2.6386095558652212e-08,0.0,0.0,0.9968984318888916,0.6827218058673642,0.2875540426611824,0.03259612010607663,0.00017259527749503872
parameter hold-out,1337,0.46,4.264585522567842e-05,3.709024137020007e-05,0.0006211268576825542,2.3867023419532455e-16,3.023341184646981e-08,0.0,0.0,0.9966024159090058,0.6907208621637421,0.23172290048412014,0.08070990162845071,0.00011333377761007191
parameter hold-out,1338,0.48,8.066464225516962e-06,6.303937787684195e-06,0.00029017216122359307,4.3769399644737555e-16,2.8842990371244908e-08,0.0,0.0,0.99615574653619,0.5233724604173587,0.42551970760173363,0.05484591434521731,5.616631182433674e-05
parameter hold-out,1339,0.49,1.2492010223514902e-05,1.2358722899025775e-05,0.0007907062790711262,2.0204358753934924e-16,3.2941827559920707e-08,0.0,0.0,0.9957610365880962,0.7782066644421501,0.1961568571962022,0.03001201516736619,2.8209312458303718e-05
parameter hold-out,1340,0.20,0.0003715773658102539,0.00046843806397672523,0.0018860494207484603,1.1205688700408364e-16,2.0178200193525133e-08,0.0,0.0,0.9033242422895573,0.8304715913224495,0.2192924104418909,0.04082515062644945,0.00586643882000846
parameter hold-out,1341,0.24,0.00019913533315216438,0.00024398636652073807,0.0010759258320059007,1.2978850267770187e-16,2.3074098188245334e-08,0.0,0.0,0.9124903501045699,0.8141477832228015,0.22358486568655067,0.0435987314007757,0.006017699439283615
parameter hold-out,1342,0.28,0.00020152388618252252,0.00023103977337906014,0.0010797153921856646,1.6506845534772692e-16,2.441506540689608e-08,0.0,0.0,0.9190079634285344,0.7933470756440374,0.2341750540967259,0.04728770680250833,0.005905092478919676
parameter hold-out,1343,0.32,0.00024124764769717442,0.0002584358089101806,0.001296441801584272,2.0301135990585127e-16,2.610919984188552e-08,0.0,0.0,0.9228747783551986,0.7647522101251747,0.25375448892252706,0.05267232273563706,0.005490652188154248
parameter hold-out,1344,0.36,0.000231664936758234,0.0002393623572969371,0.0013608109038090446,2.4396804815890963e-16,2.1857063876698627e-08,0.0,0.0,0.9238982918140147,0.7223340235631853,0.28622675036115636,0.06219006917070162,0.004775794705322885
parameter hold-out,1345,0.40,0.00018020968016574084,0.00017176354441729235,0.0012647915585747057,1.531181521307494e-16,2.409279532795822e-08,0.0,0.0,0.9213973899747007,0.6546764192234141,0.3275294149729869,0.09199223655304332,0.0037783162836238613
parameter hold-out,1346,0.44,0.00011048296905101038,0.00010289797878660952,0.0010253761812791665,2.07191967023097e-16,2.6289276984139924e-08,0.0,0.0,0.9142751643703433,0.5412240513345474,0.38069272296042383,0.16065074106987673,0.0025087329718537876
parameter hold-out,1347,0.46,9.303004052040281e-05,8.204588673228908e-05,0.0011164311346982022,2.0361845435445318e-16,2.951108570355571e-08,0.0,0.0,0.9073394742328212,0.5316893455271346,0.4590032299641897,0.09947546238160196,0.0017683032961330356
parameter hold-out,1348,0.48,1.729839592576576e-05,1.722481959364273e-05,0.00043822806794912683,2.1243820822230055e-16,3.468149975764726e-08,0.0,0.0,0.8961432527556541,0.6462380586086327,0.35862469342524395,0.09786131578334091,0.0009437711178686062
parameter hold-out,1349,0.49,1.8033331361971233e-05,1.608011178331955e-05,0.001215006380422275,2.469779322589412e-16,2.4455038555623728e-08,0.0,0.0,0.8856092842275529,0.7056288090578559,0.302476158976318,0.10539778685201211,0.0004910262100316724
parameter hold-out,1350,0.20,0.000342505801844562,0.0004236019182695957,0.001666017138443617,1.3229611668756316e-16,3.5941621024050455e-08,0.0,0.0,0.9786378819777868,0.8930062500054137,0.09517676889960501,0.027799558579009523,0.005599967471985618
parameter hold-out,1351,0.24,0.00026739076595195583,0.00029559876727367434,0.0012485941549454115,2.7370243514359615e-16,2.0466552177769938e-08,0.0,0.0,0.9789351091120209,0.886695383243998,0.09889399986455658,0.030695092579865548,0.0049996082066869245
parameter hold-out,1352,0.28,0.00020294949960013617,0.00022550088512759866,0.0010573501289293744,1.5673319222279813e-16,2.4584854427128114e-08,0.0,0.0,0.9787463821183693,0.8758181389683051,0.1063718859973672,0.034892116067710824,0.0043549032375886
parameter hold-out,1353,0.32,0.00016692549097955292,0.00018474411009813117,0.0010220508400248678,2.513787610906651e-16,3.257470420474625e-08,0.0,0.0,0.9780151700036923,0.8573402597280416,0.11960948754044079,0.04152676759391953,0.0036653055785952704
parameter hold-out,1354,0.36,0.00014604924376753273,0.00014071442132793007,0.000999492895632565,8.569653818692233e-17,2.8221448883354983e-08,0.0,0.0,0.9765896756646375,0.8246784033860823,0.14244947009966602,0.05354594454348986,0.002933317654946794
parameter hold-out,1355,0.40,0.00011833052310427305,0.00010474668652048009,0.0009405101034662116,1.5573421139389641e-16,3.016111261540536e-08,0.0,0.0,0.9741241010837575,0.761840293904544,0.1811696977639054,0.0809803053186345,0.0021616199959746773
parameter hold-out,1356,0.44,8.774773229990696e-05,8.853308701377774e-05,0.001382190076621914,1.5521685873450996e-16,3.0360425208644956e-08,0.0,0.0,0.9700455756933699,0.6283746539213401,0.2270806057205696,0.1733097344186053,0.0013480561624878505
parameter hold-out,1357,0.46,4.461060540308336e-05,4.5015663940840324e-05,0.0010176274177627449,2.1126314436895844e-16,2.8539944991860495e-08,0.0,0.0,0.9667599448322338,0.513114440927056,0.30440051741098756,0.21486137097044836,0.0009220098709580333
parameter hold-out,1358,0.48,5.789349518807708e-05,5.801998444487224e-05,0.0025132804847311173,2.7654272986721134e-16,2.5416340472425463e-08,0.0,0.0,0.961858481463066,0.522416827037032,0.3638928072425353,0.15150168246780885,0.00047726044705619796
parameter hold-out,1359,0.49,3.2819233338742695e-05,2.79592003671264e-05,0.0014416366518945445,4.2010602396598224e-16,2.3849737464738256e-08,0.0,0.0,0.9575215929548146,0.6396056216739763,0.283498496236642,0.11858333088036149,0.00024422456989060907
parameter hold-out,1360,0.20,0.0003332216716330851,0.00038899264382991094,0.0013896887611137645,1.4743796333079646e-16,2.297814433421948e-08,0.0,0.0,0.9334625546495652,0.6194669857995284,0.3962886291324271,0.034987807195188125,0.015117364443722723
parameter hold-out,1361,0.24,0.00011540169377884255,0.00010540405158166865,0.0005862976002584468,3.229519267108886e-16,3.221307185134311e-08,0.0,0.0,0.9400485964261898,0.6510659188886285,0.3578042196689889,0.03773035604746621,0.01333941585901619
parameter hold-out,1362,0.28,0.0001251751626231395,0.00014059319669344658,0.0007469167311313846,1.7503115720882125e-16,3.1736797008724935e-08,0.0,0.0,0.9451132716613335,0.695201379145695,0.3063899948842271,0.042051964003617257,0.011422192149815272
parameter hold-out,1363,0.32,0.00013758095451370724,0.00014720774900082266,0.0007898083543541178,1.337831992392781e-16,2.930351687907432e-08,0.0,0.0,0.9488822604385612,0.7461648948218307,0.24556867353877862,0.05016049829257609,0.00941441056386104
parameter hold-out,1364,0.36,0.00018389988121199227,0.00019291921471298134,0.0011287170874859699,1.5925396901073712e-16,3.6297020586918874e-08,0.0,0.0,0.9514684310636301,0.7884597906065473,0.18201500353156813,0.07096151786807793,0.0073602752125687615
parameter hold-out,1365,0.40,0.00021571539570441596,0.0002245457052259155,0.0013867546983656052,1.5042286562716009e-16,3.6656157536106165e-08,0.0,0.0,0.9528152693523201,0.744706526429563,0.1739361250710064,0.1237594472020099,0.005287995646088779
parameter hold-out,1366,0.44,0.00013946617708159023,0.00013745543853394497,0.0013117599917648352,2.299750857794856e-16,2.7786565144176922e-08,0.0,0.0,0.95298159927641,0.7611895933547183,0.20621295078857424,0.07692104003564063,0.003204258676431542
parameter hold-out,1367,0.46,2.520600783584727e-05,2.5281361663874925e-05,0.0007212002611369085,1.1529247283532428e-16,3.033221911920373e-08,0.0,0.0,0.9521392236686801,0.898249892096587,0.0891276305330793,0.05839376562571505,0.0021576148355110787
parameter hold-out,1368,0.48,3.774539391747541e-05,3.14952780393394e-05,0.0011287756114058698,1.3232807447856097e-16,2.4032100759443747e-08,0.0,0.0,0.950229717871211,0.9455131941302545,0.06004139614765268,0.04317642303079404,0.0010993375374157394
parameter hold-out,1369,0.49,4.028667641563112e-05,3.818135471313707e-05,0.0013539346024496151,5.624251064232458e-16,2.9101333362874798e-08,0.0,0.0,0.9591514583808493,0.9479079212902327,0.05557302519945387,0.03677396111201821,0.0005590724150842699
parameter hold-out,1370,0.20,5.94480656948948e-06,7.623392385884794e-06,2.9150867719871664e-05,1.8331757691529298e-16,2.8827075932381762e-08,0.0,0.0,0.9839260330962751,0.978280473750463,0.01858078931162692,0.013966199056469258,0.0052476928826763435
parameter hold-out,1371,0.24,0.00011897319992125548,0.00012610758900825727,0.0004468948336448901,1.2594116659237029e-16,2.668765790155543e-08,0.0,0.0,0.9832528263585415,0.9768625241536779,0.020932209086041584,0.014536752049436127,0.00440521579926602
parameter hold-out,1372,0.28,0.00014089147662362273,0.00014114481767885152,0.0005585100575772243,2.2101109124123646e-16,2.1656829430569464e-08,0.0,0.0,0.9822797056964404,0.9743013869365601,0.02430332097555777,0.015494783589891443,0.0036067945943939203
parameter hold-out,1373,0.32,0.0001120161036498572,9.078724620889694e-05,0.0005109303211021366,1.7171563992186022e-16,3.111607873452517e-08,0.0,0.0,0.9808797104291642,0.9698107761040722,0.02948464211046333,0.016955887088151524,0.002862757985747755
parameter hold-out,1374,0.36,9.139371529219311e-05,9.3405049802438e-05,0.0006382116835869089,1.5664431757639608e-16,2.696672922223987e-08,0.0,0.0,0.9788151903560227,0.9615278427448607,0.038303679991835,0.01919253107205234,0.0021722141009373214
parameter hold-out,1375,0.40,7.468535452009798e-05,6.896917153594656e-05,0.0006132406989267987,1.4578567661588775e-16,2.6221547937347706e-08,0.0,0.0,0.9755925332605245,0.9441071500637527,0.055938643630899926,0.02283846554799351,0.0015270252136049655
parameter hold-out,1376,0.44,6.956776353935561e-05,6.089922764218285e-05,0.0006469600289436017,2.537322532867114e-16,2.572571007709809e-08,0.0,0.0,0.9701437187217965,0.8969730318459874,0.10232255330559603,0.02956589614684705,0.000913364246327478
parameter hold-out,1377,0.46,5.139724693847086e-05,5.138399677349747e-05,0.0007451565236953868,2.611167202279983e-16,3.052013393252628e-08,0.0,0.0,0.9656579575940619,0.835755127503941,0.1620461751259282,0.035732583431941335,0.000612598016335773
parameter hold-out,1378,0.48,1.1392009234284289e-05,1.1305258855390535e-05,0.0004038209607797926,2.592951554183873e-16,2.3682236322411755e-08,0.0,0.0,0.9586178324045141,0.6937697305256215,0.3004573856645352,0.04676713476817888,0.0003108323055302915
parameter hold-out,1379,0.49,3.155790333580237e-06,2.9413290913155514e-06,0.00014974445276930663,2.1289515682813457e-16,2.7913375039211723e-08,0.0,0.0,0.952733681053584,0.5582275947369847,0.4317119344271307,0.05710296365046023,0.00015748477154576431
parameter hold-out,1380,0.20,0.00016130395554222503,0.00018284453768801988,0.0005379619821312936,1.6027195697130651e-16,2.959710819295595e-08,0.0,0.0,0.8575653713138846,0.8423974929704487,0.15826961845550191,0.10853670505069901,0.03346443753114481
parameter hold-out,1381,0.24,0.00028292195238954787,0.00030451359631741983,0.0009798661586816757,2.0907329450198655e-16,2.8971425292093844e-08,0.0,0.0,0.8426265995176975,0.8416944966737309,0.1692152460133714,0.11888034002658072,0.028029338635360963
parameter hold-out,1382,0.28,0.0002432990525243445,0.000288629454175597,0.0010670752877264054,2.3898826844102106e-16,2.413892810034936e-08,0.0,0.0,0.8402736561158365,0.8201017305794921,0.18201516757363978,0.13503435417898443,0.022953143442028406
parameter hold-out,1383,0.32,0.0001735085085290574,0.00019525115323050182,0.0008378247883464217,2.3033518656408693e-16,3.051590884823582e-08,0.0,0.0,0.8346033638418118,0.7896564518120489,0.19429323903389054,0.16339609923482581,0.018229127646700073
parameter hold-out,1384,0.36,8.366221950910066e-05,8.701691308822479e-05,0.00042599521395157947,1.7173535960993212e-16,2.420778442308426e-08,0.0,0.0,0.8242581516986071,0.7448128532490539,0.2153951759194335,0.20179495929745006,0.013831342132019718
parameter hold-out,1385,0.40,0.0001369393180860603,0.00012791592053525245,0.0007885159269264617,2.49740623832717e-16,2.9530433238274675e-08,0.0,0.0,0.8065234862254156,0.6754246690894176,0.3003547812055016,0.20817423124868129,0.009714011807670835
parameter hold-out,1386,0.44,8.6418686046567e-05,8.079989583401822e-05,0.0007583817349278065,1.3094537419987515e-16,2.7722014037904975e-08,0.0,0.0,0.7761379348225785,0.565086234960998,0.42437896656066726,0.2288166718352256,0.00580170578779955
parameter hold-out,1387,0.46,4.725661161743791e-05,4.7741342759127046e-05,0.0006782564423179701,2.113316869606397e-16,2.3909612881579913e-08,0.0,0.0,0.7517707277692538,0.5057856080367215,0.4880026526296389,0.2502471771126006,0.00388997008376032
parameter hold-out,1388,0.48,4.974863054964207e-05,4.331496625464234e-05,0.0010987961123152012,3.879843900827217e-16,3.0253165934140673e-08,0.0,0.0,0.7160407535353235,0.6022671098967446,0.395567848422538,0.2843580004389064,0.0019754373125982034
parameter hold-out,1389,0.49,1.329951192186596e-05,1.3116305939677408e-05,0.0005936728237673576,3.1290586944194884e-16,2.7514468276125036e-08,0.0,0.0,0.6892743183286694,0.6571861171723313,0.34212014867563373,0.3107378419110065,0.0010047302425153241
parameter hold-out,1390,0.20,7.875238560378133e-05,9.857447107041362e-05,0.00033425427600779445,1.2757652941558123e-16,3.400191936074238e-08,0.0,0.0,0.9401123922080378,0.9045473982978642,0.13036925678474456,0.02373642134113406,0.0012957950709457037
parameter hold-out,1391,0.24,6.171952504432129e-05,7.478036227091545e-05,0.0003399543441879771,1.9656645452278883e-16,2.2498250393502167e-08,0.0,0.0,0.9433143770410586,0.8960328309402161,0.13198313245681897,0.02712577360386733,0.0015732202617857111
parameter hold-out,1392,0.28,4.926204195277886e-05,5.247494497017246e-05,0.000269988883173873,1.403957526302436e-16,2.7028401006415673e-08,0.0,0.0,0.9454785252216878,0.8815339013706022,0.13899967959882542,0.03225505249973485,0.0017354425464782828
parameter hold-out,1393,0.32,1.5224629197352337e-05,1.4110191450978449e-05,7.781908857613194e-05,1.6405208635090038e-16,3.1355249593716424e-08,0.0,0.0,0.9465493956529843,0.8560941545688422,0.15476036855302283,0.04083950926586698,0.0017556890799697723
parameter hold-out,1394,0.36,2.5390651990393673e-05,2.525185418007709e-05,0.00013596394350115927,1.486914962623927e-16,3.204450430934871e-08,0.0,0.0,0.9463220959650563,0.8080481604343341,0.18643199099470914,0.05760838507170098,0.001625710619660073
parameter hold-out,1395,0.40,6.009627007359064e-05,4.566661746113274e-05,0.00041723732963193307,1.0023865741258722e-16,3.184552701630135e-08,0.0,0.0,0.9442800069633618,0.7076540592721059,0.2468966991270641,0.09989492100222884,0.0013486646807885417
parameter hold-out,1396,0.44,2.9594163455567002e-05,2.510786326811844e-05,0.00027051226236490426,2.0635118822975797e-16,2.199414339933378e-08,0.0,0.0,0.9395431573958787,0.4975756139032564,0.30626399223455153,0.25576573315655066,0.0009288935181564857
parameter hold-out,1397,0.46,2.7577318241172662e-05,2.2497386167953614e-05,0.0004227297969758856,2.388904659144487e-16,2.823519901262025e-08,0.0,0.0,0.9351191277666103,0.4574188389789679,0.35503508479486967,0.251747487173715,0.0006643268292998258
parameter hold-out,1398,0.48,6.96109791921987e-06,6.912174015620524e-06,0.0001988423425937647,1.749824190942536e-16,2.8572666289261672e-08,0.0,0.0,0.9279013214473285,0.6980134877017634,0.2298639903084944,0.14392430543763093,0.000358318048932902
parameter hold-out,1399,0.49,1.2487408570253365e-05,1.208159334262693e-05,0.0006977674544936478,2.7305353625989944e-16,2.469860879878953e-08,0.0,0.0,0.9212556822274385,0.792117777883004,0.18348174487322724,0.10306397578198873,0.00018729549379434474
parameter hold-out,1400,0.20,9.131916888466423e-05,0.00010562906666752784,0.0003561413539804237,1.1081158871485244e-16,2.1760043194938765e-08,0.0,0.0,0.9999940973310577,0.9999902890607126,8.808751481032864e-06,3.847111557340637e-06,2.9482749553892363e-06
parameter hold-out,1401,0.24,9.408709436752468e-05,0.00011709297802773933,0.0004531936988280108,1.0369296009690213e-16,2.8268793430542923e-08,0.0,0.0,0.9999937013751357,0.9999894787334359,9.907941580519705e-06,4.496058904247949e-06,2.406042556745127e-06
parameter hold-out,1402,0.28,0.00010275477423276493,0.00012146771470285757,0.0005445232980234348,1.5182978822493303e-16,2.2754400515086434e-08,0.0,0.0,0.9999931918196397,0.9999880807676984,1.1490001411389904e-05,5.306499803286626e-06,1.9183987198914186e-06
parameter hold-out,1403,0.32,9.181945368953064e-05,0.00010441114076138612,0.0005605486902385143,1.460795114250043e-16,3.202822837258649e-08,0.0,0.0,0.9999925122826803,0.9999856547937208,1.3948845907402416e-05,6.385082927698117e-06,1.4860669050105743e-06
parameter hold-out,1404,0.36,6.877587415132933e-05,7.147884204215243e-05,0.00047193135425377896,1.4236523254898141e-16,2.9101169548458437e-08,0.0,0.0,0.9999915591245669,0.999981097354101,1.8236123606729642e-05,7.996662478334278e-06,1.1030605066364628e-06
parameter hold-out,1405,0.40,5.398376201603043e-05,5.221695051940751e-05,0.0004455510223901869,1.9644152134300598e-16,2.618911829400926e-08,0.0,0.0,0.999990119075575,0.9999708825404703,2.729168735439362e-05,1.093842344137969e-05,7.601156703534214e-07
parameter hold-out,1406,0.44,5.269787376619548e-05,5.196994639175132e-05,0.0005759777441685741,1.9847875723415878e-16,2.6745048120174508e-08,0.0,0.0,0.9999877299513931,0.9999371623764334,5.53502678086545e-05,1.9252586643839848e-05,4.4624534990338365e-07
parameter hold-out,1407,0.46,5.0336697899419e-05,5.072680541842608e-05,0.0007576260993124419,2.380123793290276e-16,2.2569114541255663e-08,0.0,0.0,0.9999857707857195,0.9998725529937291,0.00010519598465079136,3.5997197585741965e-05,2.9652948675570767e-07
parameter hold-out,1408,0.48,2.5864822475991835e-05,2.586131335033649e-05,0.0009145219603701014,1.979487774244731e-16,2.4630225065398873e-08,0.0,0.0,0.9999826692560393,0.9993908848551591,0.000372938923214591,0.0002530201519559212,1.4905395905560548e-07
parameter hold-out,1409,0.49,1.3323505123765121e-05,9.460170464990072e-06,0.0007062847379011249,2.218595778357251e-16,2.5834954431023437e-08,0.0,0.0,0.9999800283702038,0.9944999101344792,0.003680849113652714,0.0018432882021549033,7.525063097227096e-08
parameter hold-out,1410,0.20,8.313346858976389e-05,0.00010411686495052475,0.0004405480263353208,1.7286774269941018e-16,2.3335220863261434e-08,0.0,0.0,0.9589527168150977,0.9558808668223887,0.06082090010406819,0.02259824515093398,0.0017218567702804901
parameter hold-out,1411,0.24,6.711035402534169e-05,6.375698995935598e-05,0.00028026145700536077,1.0506759502703843e-16,3.119447359115501e-08,0.0,0.0,0.9579733568383084,0.9548881593727186,0.05866938659163674,0.02671718456109817,0.0017348475941759728
parameter hold-out,1412,0.28,7.077359859332916e-05,6.979971994344427e-05,0.0002957128598058896,1.625336383042811e-16,3.129785742620032e-08,0.0,0.0,0.9593356635200461,0.9472186802965834,0.05867242964996683,0.03309447600094809,0.0016766903349864244
parameter hold-out,1413,0.32,5.361956837011486e-05,5.869467974373383e-05,0.00025474473380801793,1.4570841008307028e-16,3.9477987202760554e-08,0.0,0.0,0.9599101108394457,0.9322384626437299,0.062320314253144014,0.04401376673661589,0.0015401832940564887
parameter hold-out,1414,0.36,6.0947460404366545e-05,6.565682164747752e-05,0.00033602946110555473,1.7854876670053366e-16,3.135579397704565e-08,0.0,0.0,0.9595239803230022,0.898255093184343,0.07516356797357174,0.06579346951950155,0.0013260777526329136
parameter hold-out,1415,0.40,4.2133412148172956e-05,4.1593514527768874e-05,0.0002840422515534395,2.508573158609188e-16,2.3351431933817333e-08,0.0,0.0,0.95776442027694,0.78794279109446,0.13203199753962086,0.12130227067430756,0.0010391577766607595
parameter hold-out,1416,0.44,2.4701072250737846e-05,1.9097289407513783e-05,0.0002361868406668695,3.2027126795886944e-16,2.206228223615533e-08,0.0,0.0,0.9538054048994195,0.4475898636452252,0.3184544772919554,0.27940391369321693,0.0006829498707351534
parameter hold-out,1417,0.46,4.28843110363596e-05,3.753337975777468e-05,0.000574804953442282,1.47052100968758e-16,2.6127370612766787e-08,0.0,0.0,0.9502048356157539,0.5484047829162098,0.3876600217547881,0.11310608233099124,0.00047815459741014116
parameter hold-out,1418,0.48,1.1814962841365923e-05,1.180294184798523e-05,0.00035574649646114085,2.0459224534231586e-16,2.6416976880898032e-08,0.0,0.0,0.9443934778866033,0.7832267846369915,0.1956579966975905,0.07638962306069784,0.000252422165540386
parameter hold-out,1419,0.49,8.649183919441466e-06,8.643874554403827e-06,0.0003682167430079095,7.500913593491835e-16,2.8487100244597927e-08,0.0,0.0,0.9393573981982998,0.8617945054809285,0.1254296027699126,0.07320344985244973,0.00013034625124717483
parameter hold-out,1420,0.20,0.00012323874601791144,0.00013467042472159896,0.00048285602439932754,2.1484481877162214e-16,3.2320442828135427e-08,0.0,0.0,0.9871676537936642,0.95618022762669,0.04943850346522695,0.0066883042147916644,0.0005569848262905243
parameter hold-out,1421,0.24,7.809157487112058e-05,9.343671804929791e-05,0.0003641288115005293,1.1841164088610111e-16,2.5108725608171756e-08,0.0,0.0,0.9876812496557568,0.9534618073346767,0.05058714842696342,0.007692937911338442,0.0006056836221169186
parameter hold-out,1422,0.28,7.306157522107227e-05,8.059314190789061e-05,0.0003585454031745589,1.8772421765055822e-16,2.535949423550635e-08,0.0,0.0,0.9879891384899253,0.9472053541235352,0.05500292778054105,0.009209784695723743,0.0006258080500566248
parameter hold-out,1423,0.32,7.83044848186232e-05,7.852850438542568e-05,0.00046521561989337887,1.2910865395703937e-16,2.28839382819011e-08,0.0,0.0,0.9880773260963263,0.9337642466841038,0.06585628194856767,0.011733166214648419,0.0006095951024395576
parameter hold-out,1424,0.36,8.397726820807093e-05,8.608191365647408e-05,0.0007002694857969014,1.6461476316448104e-16,2.5614681071125465e-08,0.0,0.0,0.9878986018868311,0.9013534971730189,0.09361620241028855,0.016624088212011223,0.0005531046590421075
parameter hold-out,1425,0.40,4.7935558050456405e-05,5.001325909358008e-05,0.0005626104514386473,1.3423788921610808e-16,2.293349888586255e-08,0.0,0.0,0.9873374918945171,0.7962180599523638,0.18691357321387508,0.029081743570478883,0.00045490592246247226
parameter hold-out,1426,0.44,6.457094029154477e-05,4.8253750008812956e-05,0.0008410683205496934,1.175347531180861e-16,2.5881306057566e-08,0.0,0.0,0.9862366192887166,0.5345781271328324,0.39187676171947905,0.08678211738003902,0.00031326862364875277
parameter hold-out,1427,0.46,5.1266375187681826e-05,4.631623264295364e-05,0.0006257103091376808,1.1937681075283872e-16,2.6799782084499377e-08,0.0,0.0,0.9852447106824322,0.5993602878521992,0.2447801961351142,0.17005621820804698,0.00022459585569257508
parameter hold-out,1428,0.48,3.959537358499911e-05,3.814543180703473e-05,0.000929677628130633,1.404580573372912e-16,2.2960611002347662e-08,0.0,0.0,0.983640401970094,0.7025662722076653,0.23883053777815214,0.07445481614360316,0.00012157720438357561
parameter hold-out,1429,0.49,2.507723011888862e-05,2.323841045643782e-05,0.001061759970762121,2.13684966475944e-16,2.9996356434895065e-08,0.0,0.0,0.9821022957457304,0.8570486238943223,0.10730280231702924,0.053248673112196256,6.362631116995779e-05
parameter hold-out,1430,0.20,8.787266620679123e-05,0.00010450547408410988,0.00036355186235499627,1.8906057037855337e-16,3.002091604948595e-08,0.0,0.0,0.9891686942747379,0.974114837965271,0.0281856035092395,0.007658094673937174,0.0008893196730809874
parameter hold-out,1431,0.24,3.797009603317191e-05,4.006972724388706e-05,0.00019852288997400006,1.52539508638574e-16,2.794524039621994e-08,0.0,0.0,0.9893660670218457,0.9728426060535589,0.028087496007947323,0.008825436633447504,0.0008872719663211633
parameter hold-out,1432,0.28,5.69091791206424e-05,6.65195349230957e-05,0.00037377542876128203,1.9105097253313945e-16,2.788123742130587e-08,0.0,0.0,0.9893925646139567,0.9698847196378548,0.029306536989947563,0.010573703559474897,0.0008497830975927927
parameter hold-out,1433,0.32,7.282139821579587e-05,8.188915893561281e-05,0.000536504494378066,1.257263319690222e-16,2.8476050484252044e-08,0.0,0.0,0.989218867522125,0.9637645128284325,0.032812803062279,0.013439628010869684,0.0007747859130464063
parameter hold-out,1434,0.36,8.508152107229217e-05,9.213616490994783e-05,0.0007364524506210579,9.233778418228565e-17,2.6236971317674154e-08,0.0,0.0,0.9887794061681117,0.9501421061911208,0.04158707210219228,0.018841925746145384,0.0006636901783983132
parameter hold-out,1435,0.40,6.00386905811896e-05,5.769949574750142e-05,0.0006130102801510564,1.8228811321003205e-16,3.647081969585967e-08,0.0,0.0,0.9879304862105919,0.9109722531799631,0.0687579823643702,0.03180508287584753,0.000519037757745605
parameter hold-out,1436,0.44,7.449955605853463e-05,6.067797206284113e-05,0.0007546601396345215,1.4429916919347477e-16,2.2163967059028113e-08,0.0,0.0,0.9864312521751297,0.7050632533652245,0.22516318453405942,0.08274476362864655,0.0003416846503739686
parameter hold-out,1437,0.46,5.8772303775424566e-05,5.5809011795125065e-05,0.0007696218707568213,1.6844174373398015e-16,2.393377262330764e-08,0.0,0.0,0.9851634840644086,0.46952994722513186,0.3507935628063097,0.19380467908487237,0.00023981612553394623
parameter hold-out,1438,0.48,3.246446554592286e-05,3.217580409742344e-05,0.0008329684930330622,4.930808744164556e-16,1.9691047766048388e-08,0.0,0.0,0.9831660881906912,0.5572772724972909,0.35204635707390824,0.10697695751009215,0.0001271416990977391
parameter hold-out,1439,0.49,1.9785119979165154e-05,1.801511257585028e-05,0.0008441440787469044,4.589300128424576e-16,2.9797466162990614e-08,0.0,0.0,0.9813710213276337,0.7684721420206037,0.1846332180172162,0.06517302157867053,6.5835871695994e-05
parameter hold-out,1440,0.20,7.938169418530481e-05,9.773603918635747e-05,0.0003382952617083314,1.5902836101980999e-16,2.7627101364399135e-08,0.0,0.0,0.8813902301788026,0.8302496111407418,0.16249839909302236,0.11288002359734037,0.013054011933790837
parameter hold-out,1441,0.24,0.00012542699055099416,0.00015465023248342598,0.0005271762426498504,1.9104707444227135e-16,2.5098185650624728e-08,0.0,0.0,0.8659302770088165,0.8331301695220854,0.1614235687562416,0.12727183705167813,0.0124122592881269
parameter hold-out,1442,0.28,3.888268457921567e-05,4.6301905910974765e-05,0.00016604277275736958,2.1052262446222197e-16,2.338065309661233e-08,0.0,0.0,0.8442374054199282,0.8336038846198263,0.16338705253134547,0.14755699127324756,0.011268946801632816
parameter hold-out,1443,0.32,8.830047347411714e-05,9.962886362314976e-05,0.0004100965349935932,2.6701809707472765e-16,3.376303400854923e-08,0.0,0.0,0.8310707686497947,0.8123698348462784,0.17779763873347929,0.1688811515168787,0.009725906911353353
parameter hold-out,1444,0.36,0.00011899301806417852,0.00012934693828988466,0.0006029400624146252,2.949591455296733e-16,2.3145760196285367e-08,0.0,0.0,0.8243965387541432,0.7628607044561809,0.22590873978388815,0.17868433294668057,0.007890935444880509
parameter hold-out,1445,0.40,0.00011100063308455115,0.00010797678483297885,0.0006999836552726104,2.7940553251531145e-16,2.640642780316807e-08,0.0,0.0,0.8112808748629861,0.6811776778697632,0.3073664931624137,0.19417858435688723,0.005849555626185364
parameter hold-out,1446,0.44,5.7886246216027114e-05,5.0958617050105736e-05,0.000558820650878108,2.0676174470896134e-16,3.45271490894313e-08,0.0,0.0,0.7870970454925666,0.5438614383872034,0.4468467459821365,0.21864919899736732,0.0036491938518770275
parameter hold-out,1447,0.46,4.037352549247191e-05,4.07777845408965e-05,0.0005037537308085375,2.0120001179938866e-16,2.9719697457654826e-08,0.0,0.0,0.7671288184425228,0.5452107834837076,0.4473176690615399,0.23759534187276302,0.002491655120764288
parameter hold-out,1448,0.48,3.780993911362382e-05,3.084100545966831e-05,0.0008113519757783696,3.528925236582186e-16,3.0540215817184856e-08,0.0,0.0,0.7373946146338278,0.6587786473915725,0.33646350293513116,0.2660114419581435,0.00128467517492414
parameter hold-out,1449,0.49,1.3486418196442124e-05,1.1094043899428854e-05,0.0007163611978587477,9.38450209981819e-16,2.5557720932801664e-08,0.0,0.0,0.719433026471494,0.7149511667142617,0.2879108740468724,0.277204698962997,0.0006577680877080067
parameter hold-out,1450,0.20,0.00034714131802506443,0.00040631252020147644,0.0014190698192680304,1.2670133754908248e-16,2.3909605639619702e-08,0.0,0.0,0.9510998460197335,0.8227163451394566,0.15003630018197003,0.06505247036553681,0.01113168243772553
parameter hold-out,1451,0.24,0.00015252175640927013,0.0001848326207995691,0.0007033755333911136,1.8162124547255954e-16,2.07759636712702e-08,0.0,0.0,0.9495365405058744,0.8177257839873535,0.14979502092249342,0.07243791723075102,0.010580171184493134
parameter hold-out,1452,0.28,0.0001019650332951762,8.89032570687723e-05,0.0003750980004525328,1.1092438421463897e-16,1.719607330160839e-08,0.0,0.0,0.9453766332506881,0.8095832439291303,0.1522387914596229,0.08318729083832019,0.009658564041576166
parameter hold-out,1453,0.32,0.00014442134674290389,0.00014850342046060752,0.0007872737919613976,1.681171959562952e-16,2.8068175274709877e-08,0.0,0.0,0.9394115976757714,0.7948518430966327,0.1572161644887844,0.10010625373186641,0.008415047529561877
parameter hold-out,1454,0.36,0.00011063375587785518,0.00011124261805641062,0.0007226144657565435,1.1729351039766913e-16,3.432753860824773e-08,0.0,0.0,0.9311577891366718,0.7689541261559807,0.16334480729184225,0.1296269482683642,0.00691176105342565
parameter hold-out,1455,0.40,6.825987828171458e-05,6.998696893010914e-05,0.000589313925517077,2.4108373760778496e-16,2.265261844902265e-08,0.0,0.0,0.9190964744775516,0.7229628951389818,0.1871436710048192,0.16555180872683384,0.005200455692051546
parameter hold-out,1456,0.44,6.915992642620831e-05,6.895040487753805e-05,0.0007963112640361316,1.5320196201903624e-16,3.102389720461132e-08,0.0,0.0,0.9001838073988669,0.6378894493543524,0.30183628696624565,0.15660654273336677,0.0033039101080719925
parameter hold-out,1457,0.46,7.35165690647767e-05,7.359958685848298e-05,0.0012723955990608135,1.3863388945801949e-16,2.501471457863866e-08,0.0,0.0,0.8854331899401691,0.5693321914658843,0.3904991211449513,0.15217533482555864,0.002281265158593461
parameter hold-out,1458,0.48,3.258683510172864e-05,3.218641684461057e-05,0.0009495813731484828,2.675577840608152e-16,2.794456021156717e-08,0.0,0.0,0.8636770906091172,0.5044067969289232,0.4750739083080659,0.15597726538126366,0.0011931098182807753
parameter hold-out,1459,0.49,1.624537397116243e-05,1.4652276664579013e-05,0.0009138252809287344,6.567263411420112e-16,2.98305101314863e-08,0.0,0.0,0.8455176611270498,0.5728895134912503,0.41552356965088116,0.16533052352756272,0.000614061857409601
parameter hold-out,1460,0.20,5.387199509108679e-05,5.86705180099304e-05,0.0002681370468415641,1.542743851871572e-16,4.309333526483109e-08,0.0,0.0,0.9983153427586068,0.9975119984955588,0.002764162335538415,0.0012039115569781426,0.0002040847376616384
parameter hold-out,1461,0.24,6.784744971338917e-05,7.597803692700487e-05,0.0002752974182615121,1.9529956961124396e-16,3.029139512100613e-08,0.0,0.0,0.9983401515966494,0.9976784839688465,0.0023328437949461413,0.0014637479015809577,0.0001848208688925345
parameter hold-out,1462,0.28,3.081252297018911e-05,2.5534481074600454e-05,0.00015504247993295382,3.080811542831882e-16,2.7743792012197877e-08,0.0,0.0,0.9980965624814896,0.9977965630056989,0.002037420865958762,0.001906336409894463,0.0001627916531244539
parameter hold-out,1463,0.32,7.308848921946453e-05,8.062755320230773e-05,0.0004630026240726143,2.4805510845587674e-16,2.746435316636551e-08,0.0,0.0,0.9978682885344365,0.9361656382406314,0.06302380549667258,0.0027932541092883316,0.00013831946678236027
parameter hold-out,1464,0.36,6.452874119866804e-05,6.915572331631315e-05,0.0004922980799731565,1.4765180935218477e-16,2.3980333267140395e-08,0.0,0.0,0.9978898491305537,0.9943044795439051,0.005180971449927162,0.0025113362078906525,0.00011172576157674777
parameter hold-out,1465,0.40,3.597005828833732e-05,3.124562351051616e-05,0.00034409376067771246,1.8494431791680532e-16,2.9207587492412082e-08,0.0,0.0,0.9978469517992392,0.9815815217835636,0.018316368610550672,0.002173823566275932,8.316486557878918e-05
parameter hold-out,1466,0.44,4.126803177964307e-05,3.205386928814841e-05,0.0004256152358313735,1.2492353019370822e-16,2.8431711068539252e-08,0.0,0.0,0.9977085444002807,0.8231044952217013,0.17695098602180823,0.0021786366920681015,5.243035191347901e-05
parameter hold-out,1467,0.46,2.374489348240206e-05,1.9417007774731953e-05,0.0003659744026931367,2.7106087561903084e-16,2.885000078957285e-08,0.0,0.0,0.9975723786766515,0.9824512418935414,0.017664910645562942,0.0022695956764145378,3.604917859457371e-05
parameter hold-out,1468,0.48,2.9934040992148154e-05,2.5460935062223885e-05,0.0007452878290111324,2.3940450293914874e-16,2.9593275552794008e-08,0.0,0.0,0.9973472466530862,0.9951142229897744,0.0050672969331325805,0.0024520687216890657,1.8704373510565883e-05
parameter hold-out,1469,0.49,1.4418631074862452e-05,1.330224520168725e-05,0.000543713328997748,4.969468331192986e-16,2.958398299247485e-08,0.0,0.0,0.9971462429237704,0.9970675780238998,0.00314993448079384,0.0026269309312148027,9.578419468822335e-06
parameter hold-out,1470,0.20,7.055403043347235e-05,8.430052906094055e-05,0.00030874562092842757,1.4270331380648819e-16,3.060823171789658e-08,0.0,0.0,0.9999978148803762,0.9999929472492102,4.41897892712722e-06,3.646071150082984e-06,1.1691965420836982e-06
parameter hold-out,1471,0.24,5.6880998679996946e-05,6.592988660393122e-05,0.00026453833133458323,2.6035435396629983e-16,2.868516865806843e-08,0.0,0.0,0.9999977926494559,0.999991846474882,4.960502710491904e-06,4.424475792258959e-06,9.7240976662315e-07
parameter hold-out,1472,0.28,6.60153706105724e-05,7.46229664728924e-05,0.0003293031581774491,1.2890577151579259e-16,2.195734012957044e-08,0.0,0.0,0.999997728141446,0.9999901389382314,5.748215168320988e-06,5.594214799560573e-06,7.840048071030923e-07
parameter hold-out,1473,0.32,7.759090617330032e-05,8.11461552045237e-05,0.0003977333356877941,2.7324186270987855e-16,2.7752512149912557e-08,0.0,0.0,0.9999976117729307,0.9999872078517201,7.562867272242946e-06,6.997280510296621e-06,6.089737824111932e-07
parameter hold-out,1474,0.36,5.522514781212482e-05,5.663409652051599e-05,0.0003298160380405435,1.58603999703848e-16,2.6695094463009704e-08,0.0,0.0,0.9999974242876624,0.9999812535338948,1.1603662262345438e-05,9.256047093701965e-06,4.4944626670322756e-07
parameter hold-out,1475,0.40,4.48193843571062e-05,4.649775820484367e-05,0.0004918018985567947,1.4703311458879514e-16,3.4074470335341597e-08,0.0,0.0,0.9999971244753486,0.999964291224805,2.3884971483651615e-05,1.4385604682412335e-05,3.0533886554309007e-07
parameter hold-out,1476,0.44,1.6796545619078218e-05,1.6974674295660917e-05,0.00022050910339006932,2.4709957627977535e-16,2.2751945124011275e-08,0.0,0.0,0.9999966457573969,0.9998196833638736,0.00014994586108413047,3.3510859101797544e-05,1.7513469842660772e-07
parameter hold-out,1477,0.46,2.9321073147361814e-05,2.8367687153730768e-05,0.000535945333298671,2.289147246459618e-16,2.889295585872582e-08,0.0,0.0,0.9999962675766085,0.7595473971564857,0.24031405542679127,8.039611112453089e-05,1.1464657007281476e-07
parameter hold-out,1478,0.48,1.0251062534324626e-05,9.738892708318336e-06,0.0002681343533522727,1.7586774208449163e-16,2.8287725140417462e-08,0.0,0.0,0.9999956976910529,0.999041856721918,0.0008707966996792526,9.20157745856964e-05,5.666097543380041e-08
parameter hold-out,1479,0.49,1.4363085411759123e-05,1.3897548078715753e-05,0.0007727434436928801,5.669247832000143e-16,2.1526699681733668e-08,0.0,0.0,0.999995202645135,0.9951752543475268,0.004798636823125361,3.692452517579215e-05,2.8411968740148516e-08
parameter hold-out,1480,0.20,5.2137684030592076e-05,5.6359282843547724e-05,0.00022951039557941386,2.812482233065919e-16,2.245160600700185e-08,0.0,0.0,0.9996820005426066,0.9315436516383507,0.06866755655142275,8.193114620616982e-05,6.097837561729193e-06
parameter hold-out,1481,0.24,4.618922919529847e-05,4.1038275152146926e-05,0.0002579081648559039,1.3159653296382622e-16,3.270016595464614e-08,0.0,0.0,0.999714069974144,0.9799358638800493,0.020239955928617374,9.988629374258929e-05,6.1961757975902035e-06
parameter hold-out,1482,0.28,7.045430594643762e-05,7.582708870225178e-05,0.000320052538195622,1.9749962076887038e-16,2.7251962611621602e-08,0.0,0.0,0.9997384867231984,0.9941578507597458,0.0059640751663637475,0.00012975286692424603,6.1591274727126424e-06
parameter hold-out,1483,0.32,0.0001242767717593586,0.0001352586116048978,0.0006252797432882667,2.606186249427055e-16,3.633264649830016e-08,0.0,0.0,0.999756451185845,0.9979861914956483,0.0020615814860560303,0.00018736206729951782,5.919414797331629e-06
parameter hold-out,1484,0.36,0.00013604812253358782,0.00014321129962457973,0.0007513076816906838,1.0392263702402457e-16,4.53829908731042e-08,0.0,0.0,0.9997683939718276,0.9990197918419637,0.0008733958542875572,0.000331707864030414,5.40737022679009e-06
parameter hold-out,1485,0.40,7.073703570259459e-05,7.354443451074134e-05,0.00046357970172019274,1.6969323686647543e-16,2.2356205142473325e-08,0.0,0.0,0.9997736659054843,0.9987608893300877,0.0009908374526112437,0.0004689180631586028,4.5480330190901e-06
parameter hold-out,1486,0.44,3.585884507762629e-05,3.07744483497828e-05,0.0003343096668207683,2.0566153047917856e-16,3.0721989490759245e-08,0.0,0.0,0.9997717408503246,0.6655521877955387,0.33427705111249784,0.00032352867346067515,3.2405072464757076e-06
parameter hold-out,1487,0.46,1.6121069646667648e-05,1.603076604819387e-05,0.00028392841888940116,3.288333690060522e-16,2.5349821883591777e-08,0.0,0.0,0.9997650848041187,0.9973535032616927,0.00258431108903419,0.0002941329348288315,2.3718813791096023e-06
parameter hold-out,1488,0.48,3.6074762921043486e-05,3.5735212580501246e-05,0.0007372991235974246,3.886717906785828e-16,2.1945105819674997e-08,0.0,0.0,0.9997508640366516,0.9994714362316035,0.000491718518111959,0.00028530087554968163,1.3151376516409219e-06
parameter hold-out,1489,0.49,1.068952510363118e-05,1.0654303009988911e-05,0.0004659270852360835,3.3657065265082936e-16,2.5013007092380298e-08,0.0,0.0,0.9997340724618717,0.9997027408018903,0.0002937346768770398,0.00026901461224217355,6.963794598443999e-07
parameter hold-out,1490,0.20,0.0001329676396948886,0.00014583941019507087,0.0005211426924943004,1.7287372889658846e-16,2.9130713138688674e-08,0.0,0.0,0.9661471896788458,0.913283025480484,0.07525799903809692,0.038333166311596716,0.00702400093553404
parameter hold-out,1491,0.24,6.178054310808766e-05,6.1020861602994634e-05,0.00024094136744580035,1.6747571305312587e-16,2.5551161789100116e-08,0.0,0.0,0.9657667902113722,0.9106850583593915,0.0733654793685935,0.0438246186034223,0.006369773162081168
parameter hold-out,1492,0.28,6.746307649936193e-05,6.048782781237444e-05,0.0003268457849386914,2.3983964370428214e-16,3.02219508059897e-08,0.0,0.0,0.964868845327162,0.9039999373472961,0.07367739304660711,0.0518323773180507,0.005621232698131566
parameter hold-out,1493,0.32,8.530527184149117e-05,6.963120055276185e-05,0.0004369393373392293,1.7360014434460351e-16,3.3289532012010886e-08,0.0,0.0,0.9633326594479579,0.8904886216429925,0.07700710298121072,0.06439299033037477,0.004787141286491579
parameter hold-out,1494,0.36,7.07667833236455e-05,6.43783258641305e-05,0.00037323211599606245,1.7516551513308334e-16,3.082528303609025e-08,0.0,0.0,0.9609113755904851,0.8635976444165017,0.08627420899317896,0.08537461529483678,0.0038771822279817193
parameter hold-out,1495,0.40,3.422303946384648e-05,2.6708216309142702e-05,0.00024912141665276425,2.58642454310869e-16,3.349457803458568e-08,0.0,0.0,0.9570786123298735,0.8048547761312814,0.13081346400491994,0.10439082136127191,0.0028967079740522227
parameter hold-out,1496,0.44,2.6788606878011855e-05,2.0100190138494678e-05,0.0002670411713439628,2.216876510453249e-16,3.0696646449020814e-08,0.0,0.0,0.9510458653330703,0.652755207809462,0.2431961907518347,0.15114648793023272,0.0018377995230130547
parameter hold-out,1497,0.46,1.6986104236064214e-05,1.712578310534476e-05,0.00036143816596244816,2.0724841161963237e-16,3.105697803948248e-08,0.0,0.0,0.9462193381871772,0.4974838735099236,0.364002103061567,0.19096176937273499,0.001270118814151541
parameter hold-out,1498,0.48,1.2771893261084894e-05,1.25134686514001e-05,0.0003434738208755977,1.8176451506740757e-16,2.5822940630637307e-08,0.0,0.0,0.9389037433443016,0.5513816378288658,0.3001868175932832,0.20872699696349165,0.0006646666361585207
parameter hold-out,1499,0.49,2.4619316852682508e-05,2.3831578215527625e-05,0.001489539509505736,5.626793932320749e-16,3.539061325029466e-08,0.0,0.0,0.932266227357739,0.660684234246474,0.21788423515709587,0.1884769768144852,0.00034230247972569884
independent-mesh hold-out,0,0.20,0.0006670220229150594,0.0008304792348442856,0.002691076657598451,1.6477678261555686e-16,2.509823840290355e-08,0.0,0.0,0.9836775806947473,0.9785072692056676,0.017411627726957833,0.016265621845050437,0.004097220742396338
independent-mesh hold-out,1,0.24,8.44698165914605e-05,9.40615014730981e-05,0.0003260834397101245,1.398216471513466e-16,2.4774112424755024e-08,0.0,0.0,0.9565957565597117,0.9554034314792753,0.05334713464193929,0.03129386557119384,0.003347017551632338
independent-mesh hold-out,2,0.28,0.00015708768059877881,0.00016222911675740917,0.0009321131003848666,1.8257068069105182e-16,2.5881442517751404e-08,0.0,0.0,0.972801887020829,0.9066344643301312,0.07725011409113886,0.03387740581360359,0.009443502518957597
independent-mesh hold-out,3,0.32,0.00012560434306536417,0.00014389888529616393,0.0007016798076600226,1.7764482681009877e-16,3.1034936787026274e-08,0.0,0.0,0.9973550285349417,0.9972076773545673,0.0026415319162684013,0.0025450694735911408,0.00024639887586396864
independent-mesh hold-out,4,0.36,6.965538813630693e-05,5.421422235829922e-05,0.0003994402526419224,1.9212752428785392e-16,2.2148178742026575e-08,0.0,0.0,0.9846546914453205,0.924291337815083,0.07823607258904672,0.01177502706213478,0.0010125954375504475
independent-mesh hold-out,5,0.40,0.00016347866166312273,0.00015943717964334763,0.0019018873091481807,2.1973710587313923e-16,2.746503871480159e-08,0.0,0.0,0.9727579082514267,0.7115714178968277,0.18230839113862632,0.12974285630797888,0.0037117824135928642
independent-mesh hold-out,6,0.20,8.277517854717655e-05,8.9695898843002e-05,0.0002902257011041056,1.8637714870496418e-16,2.6928171070763766e-08,0.0,0.0,0.9957625280045838,0.9951860912553957,0.005251427344423301,0.003186295419399001,0.0006137121090135308
independent-mesh hold-out,7,0.24,7.170323306600141e-05,8.324110676551033e-05,0.0003514376184543433,1.7037497508823038e-16,3.102847468957596e-08,0.0,0.0,0.973018376955482,0.8389091923703412,0.10936509614044179,0.06784022314189353,0.010932679419888252
independent-mesh hold-out,8,0.28,6.181754934410263e-05,6.651690278151888e-05,0.0002443013453239635,1.0921756080144577e-16,2.5862977969951037e-08,0.0,0.0,0.9233105494782412,0.7962317258718323,0.16973471069641624,0.08661422236096918,0.024006554211522476
independent-mesh hold-out,9,0.32,0.00010285554676928115,0.00011549873444629008,0.0007059718150795662,2.1854276324800453e-16,2.7385594128061556e-08,0.0,0.0,0.9529590338392698,0.8402569734042712,0.09810639823657312,0.09444752606684118,0.014152293364410621
independent-mesh hold-out,10,0.36,1.9659291115735596e-05,1.913566490202125e-05,0.00010210828497009118,1.2283816926785602e-16,3.268714723701196e-08,0.0,0.0,0.9314084780815559,0.839292442677404,0.1095011086314148,0.10809833294947557,0.0117127887499178
independent-mesh hold-out,11,0.40,8.7200448528795e-05,8.138618088458624e-05,0.000644381214209239,1.90270894319101e-16,2.342845911168978e-08,0.0,0.0,0.9330419047373082,0.82283119609797,0.15466729488168174,0.08494664930191526,0.004490217743056658
independent-mesh hold-out,12,0.20,0.0002030640800379552,0.00027913338259168694,0.0008277256660997944,1.1980080792992e-16,2.7719781523961762e-08,0.0,0.0,0.8628915590271221,0.8542393373750196,0.12334567339335228,0.12216911581673044,0.03756972673425106
independent-mesh hold-out,13,0.24,0.00018524937474910592,0.00021272510804175562,0.0011501592621653645,1.5017228256963878e-16,3.341100443401642e-08,0.0,0.0,0.9700122522659841,0.8245037051869649,0.10664665113153826,0.08512703082500989,0.013710569532589962
independent-mesh hold-out,14,0.28,9.966099343431066e-05,0.00011727584021608467,0.00046265946062167256,2.4399709685588704e-16,2.3363411957285824e-08,0.0,0.0,0.9393758522932498,0.8734530334288689,0.1339095721568891,0.04557727025002557,0.007787387187623913
independent-mesh hold-out,15,0.32,0.00013292279403887572,0.00014210775246721995,0.0010035930297876603,1.8289579000425264e-16,2.1914903708942734e-08,0.0,0.0,0.9827098197455593,0.8997305547667478,0.06543003773694211,0.04642753810871717,0.005682547950083324
independent-mesh hold-out,16,0.36,1.653412220208286e-05,1.7988602473328724e-05,0.00012829359255007506,1.6812713017030662e-16,1.808172699067657e-08,0.0,0.0,0.9761965938113274,0.8623805494369406,0.13383999426618062,0.02543833298295678,0.0021515880630420866
independent-mesh hold-out,17,0.40,8.297700023201214e-05,8.736580709039753e-05,0.0006125140025956906,1.6780627781339463e-16,2.1391427612181863e-08,0.0,0.0,0.9378365795669661,0.8740335169501847,0.109078961477644,0.07604918576590727,0.002868234870027861
independent-mesh hold-out,18,0.20,0.00025764217161300645,0.00031525352437886106,0.0012573082314504905,1.5605771461961816e-16,2.2355823852302718e-08,0.0,0.0,0.9368707671543899,0.857596986683152,0.1360718132057107,0.05561485310959742,0.013786690661927958
independent-mesh hold-out,19,0.24,1.8965819966020574e-05,2.4059719153516487e-05,9.37633108937323e-05,7.894142259971773e-17,2.2012501385350605e-08,0.0,0.0,0.997480543650255,0.9963838495799939,0.003187156285444273,0.001976596923660261,0.0009713124246362871
independent-mesh hold-out,20,0.28,0.000255364926250655,0.0003102901119523739,0.001218985998649109,1.6420153023978914e-16,2.4658586053698706e-08,0.0,0.0,0.9247308590612295,0.8896691893245099,0.10319399810582468,0.06453957214205835,0.017704631850969165
independent-mesh hold-out,21,0.32,5.3915209963169567e-05,4.90832899721469e-05,0.00022852285131215049,1.0485092360204906e-16,2.379335781567062e-08,0.0,0.0,0.9744631077290958,0.8990259054268447,0.10365011365292952,0.020454449613044056,0.002375317869615993
independent-mesh hold-out,22,0.36,9.357533779074077e-05,9.898364362739248e-05,0.00049895735175428,2.265594412135441e-16,2.0313988064951898e-08,0.0,0.0,0.9081264855725805,0.8020767538511446,0.16216330233047035,0.11679234462519793,0.010653096264649015
independent-mesh hold-out,23,0.40,3.8600586221171205e-05,3.512312516453618e-05,0.00026190082836263513,1.7986874776874463e-16,2.0516578218906046e-08,0.0,0.0,0.9975806899573897,0.9938425685260281,0.004743838108043086,0.0037711556057862324,6.291838238565501e-05
independent-mesh hold-out,24,0.20,0.00022743586174510323,0.00030556097146526036,0.0009181406978639897,2.0485380693327976e-16,2.968457539298889e-08,0.0,0.0,0.9000695852029298,0.8666850885480764,0.1092925228816058,0.0946473168247908,0.029493128712081148
independent-mesh hold-out,25,0.24,0.0004040727451571442,0.0004964906131939364,0.0016173826359142996,1.8958390548937107e-16,2.9617612981689685e-08,0.0,0.0,0.8847472693679603,0.8397710966489887,0.14169629933453406,0.11543956663506644,0.01861452298829767
independent-mesh hold-out,26,0.28,0.00019372478195600441,0.00021760593945807413,0.0008871058356253298,2.034838728380134e-16,2.1698718183169843e-08,0.0,0.0,0.9708908694023807,0.9702031670313638,0.029461889241984923,0.024858557507274816,0.0045118907048035325
independent-mesh hold-out,27,0.32,2.6333475032820185e-05,2.7355448793591877e-05,0.00014403705362238357,1.913782632581056e-16,2.809798031669868e-08,0.0,0.0,0.997505667334157,0.9960778970715313,0.003684130619222933,0.002354718283000442,0.0003773396767281674
independent-mesh hold-out,28,0.36,5.819528488076645e-05,5.615139833521666e-05,0.0002951476033932654,9.71147443804815e-17,2.3915466223885974e-08,0.0,0.0,0.9625139190384521,0.9089106484545818,0.08187479994389076,0.04077635069973832,0.005891265685806878
independent-mesh hold-out,29,0.40,6.742264955662773e-05,6.967382215864827e-05,0.0006100814688502181,1.637679699438017e-16,3.0083411313669596e-08,0.0,0.0,0.9773883095979283,0.5192658502725738,0.48812817099702444,0.014046622606265031,0.001017600931975202
independent-mesh hold-out,30,0.20,0.0001292224120505071,0.0001718002345240012,0.0005550688171004329,1.8948862549446097e-16,2.7240549994953395e-08,0.0,0.0,0.94211184010671,0.9356647281466726,0.054644605419874245,0.04573613206746559,0.02179891720762822
independent-mesh hold-out,31,0.24,2.9589037348213844e-05,3.8095078417436756e-05,0.0001484669212488966,2.5083671680090205e-16,2.4190501346110306e-08,0.0,0.0,0.9979775668016917,0.996844779202463,0.002736141394942059,0.0018234929982776464,0.0006186613381978034
independent-mesh hold-out,32,0.28,6.462227270969531e-05,6.403433699439188e-05,0.0002703085240715355,2.2467757731999015e-16,3.341370922220132e-08,0.0,0.0,0.9621014096305128,0.7935450456248743,0.23064121329334,0.012764069042859245,0.000999056046356195
independent-mesh hold-out,33,0.32,0.00013085727124517295,0.00015047636276627972,0.0006982307034705859,1.9330083047451194e-16,3.044985440147527e-08,0.0,0.0,0.977731653977509,0.9615899568095774,0.0327650192166133,0.024803619880843727,0.0030602647256463217
independent-mesh hold-out,34,0.36,0.00011232965616769734,0.00011653693198988385,0.0006367690805569302,1.2463553970253094e-16,2.4236176097710964e-08,0.0,0.0,0.9658161044561167,0.9389103920433326,0.05913771365181789,0.03198603185986956,0.004093806673632106
independent-mesh hold-out,35,0.40,0.00021836240813572654,0.00022927004129493202,0.0015977237000057085,1.0754623290952325e-16,2.7269131135536637e-08,0.0,0.0,0.8220876283317186,0.8106100562119946,0.1881535220857347,0.17207466309081215,0.007490465733600162
independent-mesh hold-out,36,0.20,8.075503784204046e-05,9.87760284215411e-05,0.0003927629321551944,1.6999804103543448e-16,2.84742094580405e-08,0.0,0.0,0.998674292190881,0.9962657313011742,0.0033168545013700377,0.0008937570724518198,0.0008468827443983538
independent-mesh hold-out,37,0.24,4.2243221582677894e-05,3.981285377250767e-05,0.00019690177304540777,1.9267506771842613e-16,3.298517962061208e-08,0.0,0.0,0.9676106468077261,0.7909191065089444,0.15655228588936912,0.07433364172361495,0.010555039950007429
independent-mesh hold-out,38,0.28,2.3888520866851595e-05,2.5647846511369163e-05,9.803013177808373e-05,2.136667830884783e-16,2.120801380352554e-08,0.0,0.0,0.964450189693318,0.9256731979440931,0.0645550316718167,0.032527733357887195,0.012811607183148924
independent-mesh hold-out,39,0.32,0.00013476610308341488,0.0001527573256439373,0.0007915034047355424,1.4081026827273002e-16,2.6558373320475066e-08,0.0,0.0,0.9540113941944955,0.8788850221518316,0.09968504107133343,0.06140051506150319,0.005968938779176914
independent-mesh hold-out,40,0.36,0.00016817884627712794,0.00018397873162748207,0.0011145491099739512,1.5013604446963566e-16,2.877737096187336e-08,0.0,0.0,0.9171634403816228,0.7122472924450204,0.186863652835608,0.17127217580440235,0.01218272290384742
independent-mesh hold-out,41,0.40,3.532767902019372e-05,3.052549133714355e-05,0.00021981408929637464,1.6490251959694584e-16,3.160956681907349e-08,0.0,0.0,0.9926396011118436,0.8978974977029321,0.10364954717616207,0.005528566373553922,0.0002494645254931649
independent-mesh hold-out,42,0.20,0.00045549989661414165,0.0004903056540377807,0.0014824514288465113,1.702174056033267e-16,2.0460644713191123e-08,0.0,0.0,0.9139564365172669,0.8348759320931397,0.1462833004535272,0.08898748305295594,0.01597597796599643
independent-mesh hold-out,43,0.24,0.00016361844290558035,0.00017099136894085058,0.0006051979282669429,1.7155654036981588e-16,2.9483559745598697e-08,0.0,0.0,0.9677883881201215,0.9675325831759304,0.0336700277433961,0.026389938972026267,0.0046066775519569845
independent-mesh hold-out,44,0.28,6.74717997889592e-05,7.517647518289889e-05,0.0005527452433691907,1.8501980616715578e-16,2.8727778866256472e-08,0.0,0.0,0.9938725846263342,0.8181669091206774,0.1834043018043777,0.0041218764637337485,0.0004131917627646792
independent-mesh hold-out,45,0.32,5.0118494936723946e-05,5.619450794004664e-05,0.0003645238582626845,1.959688732809826e-16,2.7060177944481853e-08,0.0,0.0,0.9598749991514525,0.7880922899303408,0.13286894031986785,0.10755083819371974,0.011582565991086822
independent-mesh hold-out,46,0.36,0.0001659384435475137,0.0001640863231029701,0.0011323518638637654,1.7040698627871463e-16,3.553366556374423e-08,0.0,0.0,0.9916465147745476,0.9105218919405169,0.0514443707044036,0.04450102174314596,0.0020157552776619413
independent-mesh hold-out,47,0.40,3.9072374290144466e-05,3.889132687251941e-05,0.00026412222923986113,1.744220633064257e-16,2.760927381837454e-08,0.0,0.0,0.9686161301557221,0.8519179594939073,0.1329524791151,0.0430834384577987,0.0034892191658062767
independent-mesh hold-out,48,0.20,0.00019723910623299176,0.00022980133948087385,0.0008396492028224017,1.497656158575403e-16,2.8776425691350206e-08,0.0,0.0,0.9926338623439243,0.9314707073602152,0.06666444645567714,0.008253338639482693,0.0010761509407972074
independent-mesh hold-out,49,0.24,0.00010019997400876143,9.937541095225022e-05,0.00041066258882763835,1.5422259502350948e-16,2.9767189509350467e-08,0.0,0.0,0.9944668350621012,0.9488778955013929,0.05314822639039049,0.003154026166836078,0.00038677338647619895
independent-mesh hold-out,50,0.28,0.00013618587112893611,0.00015005582194347263,0.0007211245589256674,1.765156600294237e-16,2.428679678340639e-08,0.0,0.0,0.949042334238243,0.8889873684468591,0.10882918508717195,0.03548570789014085,0.017627646950740584
independent-mesh hold-out,51,0.32,8.458956409071834e-05,9.75611903496415e-05,0.00045062063400905857,1.6659163813158611e-16,3.319174804534364e-08,0.0,0.0,0.9589082400551066,0.9461499305136222,0.04653430260243953,0.04444111638131321,0.003916514802995345
independent-mesh hold-out,52,0.36,0.00018730982970440542,0.00017373603685402923,0.0012028944672377562,1.5922679516270334e-16,3.475759736338983e-08,0.0,0.0,0.9659319921185444,0.8433999671159896,0.15584126534160192,0.02779084510459706,0.006972787386487833
independent-mesh hold-out,53,0.40,0.00014577231241560292,0.00015127270698356336,0.001055844715857788,1.2190320228575162e-16,2.674025558536311e-08,0.0,0.0,0.8496781297176181,0.789141741432745,0.21085829905687464,0.14278713188034736,0.007784279198775112
independent-mesh hold-out,54,0.20,8.821776274953217e-05,0.00011173540025490049,0.0003693112353246242,2.162268125495803e-16,2.6794662603239088e-08,0.0,0.0,0.9943446514774421,0.9923361157654788,0.006350350722365333,0.0038744199703426943,0.0030983619832709716
independent-mesh hold-out,55,0.24,0.00021710259061047364,0.00028242972890448506,0.001015468035593462,1.905692849628829e-16,2.8995319705427384e-08,0.0,0.0,0.9478207417177817,0.941617737779104,0.05718770304222943,0.04031839800212491,0.01295071774100094
independent-mesh hold-out,56,0.28,0.0002277129676868461,0.0002753574107644098,0.0010682543217292086,2.3760200491471224e-16,2.850962967273182e-08,0.0,0.0,0.9335292482444609,0.9313600144073487,0.06814016301518512,0.05949327668331636,0.007323207467410125
independent-mesh hold-out,57,0.32,0.0001462773259104557,0.00016009867333266402,0.000742242826431543,1.3127663725883356e-16,2.5283175078947645e-08,0.0,0.0,0.9930844503428327,0.9848863251417772,0.014173747587363098,0.006306787069973701,0.0015305014107615754
independent-mesh hold-out,58,0.36,8.537446610968008e-05,8.161822119853119e-05,0.00047213698541199555,1.6399447986675356e-16,2.7658594288932202e-08,0.0,0.0,0.9625908347856555,0.9126936680466304,0.08697413783581083,0.03500208573571306,0.002830616144506532
independent-mesh hold-out,59,0.40,0.00017810846132915715,0.00017702103808438344,0.0013872709494486398,1.4353288396073885e-16,2.1814927365564475e-08,0.0,0.0,0.9353493250736682,0.883386533023754,0.1157084116269868,0.06180637924802979,0.003639612184090608
independent-mesh hold-out,60,0.20,0.00011566088320743296,0.00014738616854369287,0.0005193622531916558,1.2410358140727742e-16,2.993135426881787e-08,0.0,0.0,0.9885803953944687,0.9800854643212725,0.019295838175586447,0.011412698106615106,0.0006059180533550773
independent-mesh hold-out,61,0.24,0.00018580589720576708,0.00019251523052298412,0.0008283211406056399,2.226391728663266e-16,2.7733557774524e-08,0.0,0.0,0.9804345506975338,0.9438801482839116,0.03844262190499029,0.030090760204481776,0.007170015833962467
independent-mesh hold-out,62,0.28,0.00012181249106026102,0.0001426935985060812,0.0006182611064169475,1.5170854000716741e-16,2.1601980425857098e-08,0.0,0.0,0.9475742329411191,0.7732363172690407,0.14954258618482752,0.11591370738992071,0.013593688497474757
independent-mesh hold-out,63,0.32,1.982637243626584e-05,2.2189508905718385e-05,0.00014042576789887238,2.687799821486525e-16,2.421201858665544e-08,0.0,0.0,0.9979604015401944,0.9968611925723884,0.003115924099075706,0.0020158068764423334,4.733585625705091e-05
independent-mesh hold-out,64,0.36,3.058315071469893e-05,2.6590825126505958e-05,0.00019680952501751885,1.5281002369131987e-16,2.967382696481914e-08,0.0,0.0,0.9746375915751866,0.8603099013907265,0.14205509276222142,0.021138140149289514,0.0018229825399567617
independent-mesh hold-out,65,0.40,0.00010476826328893408,0.00010834020091839535,0.0011397992861416678,2.7252891261116274e-16,3.059032391885178e-08,0.0,0.0,0.9540462820111879,0.7808089147832121,0.19734389737772132,0.06276288773918416,0.0049658160717012375
independent-mesh hold-out,66,0.20,6.773639472427756e-05,7.783876613619201e-05,0.0002497288165849664,1.5299136688557354e-16,2.656535425603098e-08,0.0,0.0,0.939511422321921,0.9275497754840046,0.06066278458321893,0.05814755579886679,0.014110315999459335
independent-mesh hold-out,67,0.24,0.00020669038328362117,0.0002513420976386742,0.0009917750689366527,2.1677978118707923e-16,2.5915112926640148e-08,0.0,0.0,0.9589471534579099,0.9122343697997287,0.07196012040751784,0.04219859855448241,0.014622358082267665
independent-mesh hold-out,68,0.28,0.0001151086993554414,0.000140484151233943,0.0005661804732335562,1.437213484397815e-16,2.8788225756671785e-08,0.0,0.0,0.9788991355855866,0.9687000995659308,0.026782569717183385,0.021500351898316318,0.004082989285098195
independent-mesh hold-out,69,0.32,7.927054454988315e-05,7.353355972850251e-05,0.0003388789606976698,1.7655844403932912e-16,2.9356715991562018e-08,0.0,0.0,0.962837367431353,0.9241266172019534,0.08427690299577734,0.02646524109621333,0.002265021937817366
independent-mesh hold-out,70,0.36,0.00011969802239030384,0.00012459779954071318,0.0007870329070829459,1.52931986175678e-16,3.317854352535464e-08,0.0,0.0,0.9359733662788524,0.8801972737564419,0.1258052018919603,0.05385901504649048,0.004306046247154413
independent-mesh hold-out,71,0.40,9.241372632215643e-05,9.750009739279421e-05,0.0006916926472890269,3.1340790493006307e-16,3.398909939306096e-08,0.0,0.0,0.892598017821193,0.7183237601490742,0.257743209281205,0.12429883158270602,0.007284870010065505
independent-mesh hold-out,72,0.20,0.00016072451253471386,0.0001800176187998973,0.0006989843059769703,1.5150611826027964e-16,3.821400008234037e-08,0.0,0.0,0.9514666154579247,0.8821211468367941,0.10572043693513766,0.032003198395592174,0.02869351671042709
independent-mesh hold-out,73,0.24,4.503832334111597e-05,5.159960485931397e-05,0.00024553877989809186,1.4381256269835522e-16,3.409581240000318e-08,0.0,0.0,0.9602452793228919,0.9007188092360552,0.06463503921213733,0.0635048574114854,0.010885596992511211
independent-mesh hold-out,74,0.28,0.00011816625550623061,0.00012003950479630756,0.0005375940164699457,1.5627205555336213e-16,2.3126856657385807e-08,0.0,0.0,0.9563886527190627,0.9471611770077801,0.053236676425769326,0.03559649850277287,0.007541227043074564
independent-mesh hold-out,75,0.32,0.00020000857695184424,0.00021568847083189876,0.0009915140326621878,1.1735134004852072e-16,1.873245040788142e-08,0.0,0.0,0.9462515560836596,0.9257191233166979,0.07117664136372581,0.049303500303338355,0.007373414998223136
independent-mesh hold-out,76,0.36,0.00021718977228644105,0.00023005762556082142,0.0011478007955243298,1.9027503257927674e-16,2.6134187531227795e-08,0.0,0.0,0.892740436389061,0.7750319268293027,0.18904069092635697,0.13333988464778196,0.010332785596474174
independent-mesh hold-out,77,0.40,0.00016697666051586842,0.00013877798390901828,0.0012911147918767286,1.6617073440706494e-16,2.1201416989549694e-08,0.0,0.0,0.9867038699443031,0.9334318532741588,0.042003715526763234,0.03531062183949501,0.0025177306650982995
independent-mesh hold-out,78,0.20,0.0002494288034625567,0.0002949081919245442,0.001021439197368289,1.585948779652826e-16,3.0444485701343085e-08,0.0,0.0,0.9772701100255244,0.9213727741566795,0.058043724507235314,0.03543469431283371,0.007962119336082554
independent-mesh hold-out,79,0.24,0.00018360601039877885,0.00021756445177560245,0.000745898756502737,1.830211120179311e-16,3.643062762661499e-08,0.0,0.0,0.9449610811764546,0.8778089323793782,0.08288354185262821,0.07863780913403713,0.015840964873231708
independent-mesh hold-out,80,0.28,0.0002464580574053046,0.0003030491599575639,0.0011558826036321536,2.1092489258524706e-16,2.2890946816636937e-08,0.0,0.0,0.9090679130062743,0.901281921220148,0.08987502555976953,0.08845220014795367,0.01112707476663682
independent-mesh hold-out,81,0.32,0.00012466808106662838,0.00013185902047397954,0.0008273195122151745,1.3385495224877535e-16,2.5921668779304724e-08,0.0,0.0,0.9602035398067357,0.8803403501002406,0.08726637705815507,0.06498720095734223,0.007173603975998177
independent-mesh hold-out,82,0.36,0.00018139188226967598,0.00019760197528206542,0.0009906604911580374,1.7686085976125967e-16,2.4335709327250693e-08,0.0,0.0,0.8935465556139593,0.7388455912710251,0.20458837025794277,0.15267188064111098,0.010765498296423696
independent-mesh hold-out,83,0.40,0.0001462478298260303,0.0001436439227572057,0.0011152073145740341,1.7872262774918035e-16,1.9912494351258834e-08,0.0,0.0,0.9819077670864618,0.9630054385928566,0.03430635297516599,0.020013587050252094,0.000855386754593866
independent-mesh hold-out,84,0.20,0.00026093046868948456,0.00028127641749590076,0.0008972882709495865,1.5517363180736805e-16,2.9180225347604444e-08,0.0,0.0,0.9334366873938769,0.8882894704682966,0.0870896504913158,0.07408179021074962,0.017035660894484786
independent-mesh hold-out,85,0.24,0.0005175529944751299,0.0004948969953343747,0.0015733423657692982,1.3219891162737203e-16,3.036511648007853e-08,0.0,0.0,0.8481795864551972,0.8036482756475186,0.1689199426949344,0.15285671877282592,0.026488959054373092
independent-mesh hold-out,86,0.28,0.00024921552827377743,0.0002999869386387584,0.0012163034136972047,1.115507737157478e-16,2.946463153791698e-08,0.0,0.0,0.9471877939016469,0.9056724120863486,0.0904799877327863,0.04053530405462362,0.015979837051603437
independent-mesh hold-out,87,0.32,6.218639476474953e-05,6.124678335958499e-05,0.00039803216389915167,1.6136473591841623e-16,2.7141633831100414e-08,0.0,0.0,0.9434863131072273,0.7221923719307732,0.3017557415543893,0.029626325309325137,0.0028441185868063813
independent-mesh hold-out,88,0.36,7.210147638579429e-05,7.8878216696627e-05,0.0004000121399281391,2.1668781199070085e-16,2.859960520995498e-08,0.0,0.0,0.9645903809832714,0.9013035262943274,0.09273705626761808,0.03541044935148878,0.00602899135351136
independent-mesh hold-out,89,0.40,6.874152988712533e-05,5.838080313796946e-05,0.0005762235150793471,1.2920948368118276e-16,3.135205121974457e-08,0.0,0.0,0.9925545936158586,0.9719682771582597,0.02694896962430816,0.007849986427097153,0.0006704294102607559
independent-mesh hold-out,90,0.20,2.6821500045387373e-05,3.4420182819410956e-05,0.00011781513431563261,1.9156069672978126e-16,2.595725126231437e-08,0.0,0.0,0.9992630986922031,0.9981965569607361,0.002113998572264644,0.00039024286486783914,3.571636582284313e-05
independent-mesh hold-out,91,0.24,8.66699164817384e-05,0.00011256863434484999,0.00038460622454023266,1.347859391761069e-16,2.18728202920759e-08,0.0,0.0,0.8832629375401159,0.8358085758834701,0.16174278996933142,0.08425772780430701,0.034834174127276366
independent-mesh hold-out,92,0.28,0.00012757641452850287,0.0001402856904586761,0.0006152750386166769,1.6725808278181327e-16,2.5192701470477595e-08,0.0,0.0,0.9907641360518592,0.9827892051638938,0.016212106483382123,0.0088234401848307,0.0014154481506409224
independent-mesh hold-out,93,0.32,7.721312079369019e-05,7.627754225825889e-05,0.00039789321433872257,1.3883074663233102e-16,2.5162226945966885e-08,0.0,0.0,0.9725116202855358,0.9442170266436828,0.0423671881361013,0.03711711218335544,0.0037893578093728193
independent-mesh hold-out,94,0.36,1.636916929219185e-05,1.679687485830604e-05,9.710749039675341e-05,1.4804712507384592e-16,2.540147562459062e-08,0.0,0.0,0.9893059485581936,0.9231787930198294,0.0766291799740446,0.009932453913397891,0.0009653792494138868
independent-mesh hold-out,95,0.40,0.00014845353644434792,0.00012824592660061078,0.000915788551671392,2.2488293437729636e-16,2.7104004772884514e-08,0.0,0.0,0.9749217041557683,0.8689548959252344,0.13111508825420493,0.022471840924948125,0.002697305120257187
independent-mesh hold-out,96,0.20,9.53566910047611e-05,9.769627285967833e-05,0.0003267686846640525,1.3975090617792243e-16,3.2256095303305665e-08,0.0,0.0,0.91344722760346,0.8542198277695099,0.13975485737209722,0.04964746049488629,0.04292903157159689
independent-mesh hold-out,97,0.24,2.5927161921721204e-05,2.449179963735087e-05,9.403652233496928e-05,1.8101487164587813e-16,2.705079578406801e-08,0.0,0.0,0.9909039047027752,0.9904822542081203,0.008521891576283825,0.00846564729581044,0.001625873308243045
independent-mesh hold-out,98,0.28,7.558648181795591e-05,8.962829989464158e-05,0.0003767064886350019,1.724911158477456e-16,2.9386356916834964e-08,0.0,0.0,0.9513473211451956,0.8613295025647504,0.13005453325446917,0.04936716630190684,0.007971755364852819
independent-mesh hold-out,99,0.32,1.9285749875157282e-05,1.9979258764026363e-05,0.0001247538506020224,1.8535661910386783e-16,2.8197013424845933e-08,0.0,0.0,0.9957653913888344,0.9691514560928004,0.02851076504887801,0.005249078533933214,0.0013236428371360249
independent-mesh hold-out,100,0.36,7.547697730746398e-05,8.269836608981574e-05,0.000531650353474281,1.9886719482246402e-16,2.7702117802399138e-08,0.0,0.0,0.975097070067438,0.9481002832960257,0.05081559046560838,0.024346420805237117,0.0016699065835633813
independent-mesh hold-out,101,0.40,0.0001133774672047702,0.0001196047902953156,0.000744047270149232,1.3424242577185996e-16,2.6641454746089092e-08,0.0,0.0,0.8997053259863843,0.6606390823815577,0.2735025088869271,0.15934321470710347,0.0071749518262913675
independent-mesh hold-out,102,0.20,0.00012384166831790332,0.00014706861763607898,0.0006915453948912802,1.257681514318077e-16,3.0147208795424856e-08,0.0,0.0,0.9756447026919167,0.9288075086778117,0.07087973811923051,0.01577284475609363,0.008908480859687831
independent-mesh hold-out,103,0.24,0.00019669115048649762,0.00024944412361464703,0.0009099120844646705,2.689018455844381e-16,2.5091295304082675e-08,0.0,0.0,0.9719504975147278,0.9331294568199257,0.06257754060809703,0.027401896831830187,0.005025961350921925
independent-mesh hold-out,104,0.28,6.46222727953106e-05,6.40343370932884e-05,0.0002703085236923859,1.4530776417303866e-16,3.3414487886665245e-08,0.0,0.0,0.9621014096306645,0.7935450456285955,0.23064121329712514,0.012764069042647786,0.0009990560465149823
independent-mesh hold-out,105,0.32,0.00010939512174846119,9.34022429760154e-05,0.00048634293149437194,2.2448209219915884e-16,2.852342025578761e-08,0.0,0.0,0.9784902597723517,0.9603386435257641,0.03929131826949585,0.017874582531490886,0.0039942188376747454
independent-mesh hold-out,106,0.36,0.00010357319643131263,0.00010088753352295536,0.0005662382189622474,2.0220765000276556e-16,1.6396684428404432e-08,0.0,0.0,0.9028870493660338,0.8069095916306789,0.18829071915727266,0.08755762412111634,0.014145600313838273
independent-mesh hold-out,107,0.40,0.00010614823608387244,9.605254846945079e-05,0.0006624481983300617,1.365524049527678e-16,2.7605076524098254e-08,0.0,0.0,0.966048853808075,0.818458167321183,0.16969268538853635,0.042189656176530525,0.0037717373904102643
independent-mesh hold-out,108,0.20,0.00011296423596180092,0.00015214298908568648,0.00047125468167403715,2.284471001856714e-16,2.8313690369533388e-08,0.0,0.0,0.9431430505963604,0.922039597201047,0.0711103830137079,0.051952078190044694,0.01182627648234369
independent-mesh hold-out,109,0.24,0.0001036155578684484,0.00011435284185769382,0.0004384030521596552,1.4145156968562754e-16,2.6679999200583696e-08,0.0,0.0,0.967950843622782,0.8379565292674692,0.16213793555942088,0.026243424616861098,0.005817737790033704
independent-mesh hold-out,110,0.28,0.00010173526375246169,0.00011525186994516895,0.00047651285983430814,1.7193213440495073e-16,2.2936649148097195e-08,0.0,0.0,0.9653834652430592,0.8824696324489512,0.11568813759632655,0.02211025778087166,0.014457362433500796
independent-mesh hold-out,111,0.32,0.00022883524669144154,0.0002640167480582309,0.001154165349565558,1.5872984866489369e-16,2.1790236672526056e-08,0.0,0.0,0.9111499795201611,0.8828066625861511,0.11681884097768379,0.07679871203704648,0.012158524337142604
independent-mesh hold-out,112,0.36,9.283297877224394e-05,0.00010197452299121511,0.0005811447025072609,2.067544443241856e-16,2.6154159076724987e-08,0.0,0.0,0.9564984406402252,0.9519054363529486,0.04470066212880166,0.04377458159314408,0.003063340981707336
independent-mesh hold-out,113,0.40,6.607770131571729e-05,6.412180116500237e-05,0.0006016085616570748,1.439783422760765e-16,1.9170386331803048e-08,0.0,0.0,0.9741540011495503,0.9294669778066282,0.06996715439756745,0.024510825725885997,0.0019080519738866816
independent-mesh hold-out,114,0.20,0.0002052252852378727,0.0002484606271379832,0.0008376302974907458,2.780896278805909e-16,3.005566788181778e-08,0.0,0.0,0.998294576945857,0.9972294177312274,0.0021259841670622113,0.0017087015679914414,0.0006390331743030618
independent-mesh hold-out,115,0.24,0.000378855739250233,0.0004959686661819072,0.001626452704927455,1.90677121637821e-16,2.6241938044597113e-08,0.0,0.0,0.8617941758454764,0.8487355721429439,0.1379974601303001,0.12408341692398575,0.02778206354270364
independent-mesh hold-out,116,0.28,0.00010678801709547932,0.00010062479289427849,0.00040424101845419765,1.545717743239296e-16,2.5845499928371163e-08,0.0,0.0,0.9742647716960142,0.9650624294093408,0.03687777943871519,0.021065386639200913,0.0027184174890945542
independent-mesh hold-out,117,0.32,4.997362778795627e-05,4.618126652964862e-05,0.00023374780408922925,2.1999944125736496e-16,2.5625865765800503e-08,0.0,0.0,0.9746508631445193,0.956607677862442,0.034903347303516664,0.030623326266785718,0.0032154087116254594
independent-mesh hold-out,118,0.36,4.636078934845286e-05,4.246847719574791e-05,0.000323643618607676,1.5824955415341517e-16,3.146068679437084e-08,0.0,0.0,0.9591770349122902,0.841888217910341,0.10714251002837373,0.08403101556763176,0.007826172575383664
independent-mesh hold-out,119,0.40,0.00022344062237376018,0.00023385652706259515,0.001769980854523259,1.4000362166011446e-16,2.1550818001059357e-08,0.0,0.0,0.9996698647854732,0.9986368655245288,0.0012487335725543918,0.0004292403602334826,1.9706118248344385e-05
independent-mesh hold-out,120,0.20,9.641111084494956e-05,0.00011245695076477009,0.0003939274256274416,2.0199755822671245e-16,2.3053604791177827e-08,0.0,0.0,0.9812321878078291,0.976456985013873,0.01708876432718742,0.016910516049592823,0.008305723743459602
independent-mesh hold-out,121,0.24,8.313996006039147e-05,7.369810790618717e-05,0.0003085928409206367,2.0503740683903965e-16,2.7202557977816452e-08,0.0,0.0,0.9983994181176213,0.9967690366176964,0.0022117703501781443,0.0020584564012416126,0.0005612924343372153
independent-mesh hold-out,122,0.28,9.116252833221956e-05,8.253002318723257e-05,0.0004461056974202569,1.2811302974208621e-16,3.379579476299812e-08,0.0,0.0,0.9957619902787143,0.9914366466901277,0.0073053719885063624,0.004564568229199505,0.0009308459747566098
independent-mesh hold-out,123,0.32,0.0001955716944429176,0.00019784368216807489,0.000955695423291518,1.0002862505760724e-16,2.2819564153561123e-08,0.0,0.0,0.9815212400475385,0.9446362006999003,0.050659940968544113,0.018690605124228356,0.0043761557573696866
independent-mesh hold-out,124,0.36,0.00021134475650629728,0.0002291891852950153,0.0012835902581030078,1.4495600839214584e-16,2.5275946403119616e-08,0.0,0.0,0.9801714438731819,0.9005349744244187,0.07004237158667896,0.04697747924255004,0.002511763364727903
independent-mesh hold-out,125,0.40,6.695849122683065e-05,7.019271733392118e-05,0.00048017357898229356,1.7019828332010325e-16,1.840195710395714e-08,0.0,0.0,0.9337226593954233,0.8500854179541812,0.11738805613619761,0.09359082711924141,0.005083843173263183
independent-mesh hold-out,126,0.20,3.287855031375166e-05,4.3727138180606934e-05,0.00014924710056314974,1.2936248505485975e-16,3.21200868207454e-08,0.0,0.0,0.9766769692925305,0.9731745386285467,0.023911402662114563,0.019081053427290755,0.00714834779361305
independent-mesh hold-out,127,0.24,3.6945515172240106e-05,4.4919162797805755e-05,0.0001690834445664739,1.6329164639422208e-16,1.439426018575953e-08,0.0,0.0,0.9968930821326369,0.9951201453854306,0.0034041588064288642,0.0031071257715609047,0.001476581267549165
independent-mesh hold-out,128,0.28,6.149764646042028e-05,5.514028899778577e-05,0.0002515679126059542,1.070457557540566e-16,2.3492061795174218e-08,0.0,0.0,0.9978417665282191,0.9975426177956355,0.0028894590371324265,0.001593548595703498,0.0001321315978835459
independent-mesh hold-out,129,0.32,0.00018610873009377595,0.0002146519062612712,0.001044329456779231,1.3396327017462411e-16,2.3135652708557193e-08,0.0,0.0,0.9299683771504984,0.8662001525951685,0.13091467591369702,0.059184547552768196,0.01359696917143162
independent-mesh hold-out,130,0.36,5.920931049595289e-05,5.4545122862981826e-05,0.0003381938068544977,1.7250936549239136e-16,2.4237607712931864e-08,0.0,0.0,0.9855998635119476,0.9833397881073453,0.015239849916329462,0.014918905637483265,0.00090486112145092
independent-mesh hold-out,131,0.40,4.847492998394223e-05,3.744282001971807e-05,0.00029975702383569947,1.2973903016783375e-16,2.3313722316569247e-08,0.0,0.0,0.9850052948010647,0.9455909508219988,0.05099277716846204,0.017959443959900106,0.00044880849633618827
independent-mesh hold-out,132,0.20,0.00046868446787131485,0.0005195368771543906,0.0026774890616837787,1.9003486873584368e-16,2.429077512884149e-08,0.0,0.0,0.9960581055220011,0.9599992867894341,0.026362671065793247,0.01514738608753895,0.0025355044828722023
independent-mesh hold-out,133,0.24,0.00018764778463602346,0.00024230333014528055,0.0008613034048790343,1.6792047272561354e-16,2.552171390133436e-08,0.0,0.0,0.9421907051968285,0.9369337901679134,0.05463670776936676,0.053187108151751844,0.012946914815458168
independent-mesh hold-out,134,0.28,0.0002307199011062989,0.00027433840581972223,0.0011823413433136624,2.0489185572706255e-16,2.4659878487090245e-08,0.0,0.0,0.9874819990545581,0.9707249976002051,0.027758317394459397,0.009836080451431292,0.004146638445731395
independent-mesh hold-out,135,0.32,2.6324728628255974e-05,2.9861877657606924e-05,0.00014783341371930924,2.3026779063528694e-16,3.978774563326623e-08,0.0,0.0,0.9979621331934869,0.997133028781584,0.002865331323319166,0.001970879115087927,6.917978569578894e-05
independent-mesh hold-out,136,0.36,0.00011351602539611863,0.0001078655972035435,0.0006928826532165686,1.5088371639829667e-16,3.065826216462664e-08,0.0,0.0,0.9768252137829591,0.9460565372345289,0.05178993502509732,0.023562730593933153,0.001834952995679163
independent-mesh hold-out,137,0.40,0.0001611771412339259,0.00016866217595393345,0.0011884407642355566,2.2645676165888073e-16,3.408735513392368e-08,0.0,0.0,0.9737040174596835,0.8182674470676442,0.10601586828528935,0.09996677376311816,0.002411326965492061
independent-mesh hold-out,138,0.20,7.025150288160034e-05,8.643337690716206e-05,0.0003137377125969165,1.9663703658225415e-16,2.892617024081675e-08,0.0,0.0,0.9985844355076541,0.997882885459601,0.001978290458389418,0.0010964125060848472,0.0004563859244132291
independent-mesh hold-out,139,0.24,0.0002178591130593234,0.00022504519882621504,0.0008267600368596786,1.282926764081377e-16,2.9124012465995848e-08,0.0,0.0,0.9365804745254299,0.8098670266303466,0.1296789641117539,0.10533856478940906,0.018664402330439662
independent-mesh hold-out,140,0.28,0.00025827450236492967,0.0002852964058897765,0.0014049535119085095,1.165603712420391e-16,1.8796903482272458e-08,0.0,0.0,0.951908509136078,0.8169256814901642,0.16182036138690856,0.06175739485924349,0.007876497530525257
independent-mesh hold-out,141,0.32,8.88645684711535e-05,0.00010053648709992066,0.0005389573553389001,1.0749898394032532e-16,2.5414089560773776e-08,0.0,0.0,0.9993964635378675,0.9992832148417442,0.0007208659203647863,0.0005613210832770771,3.76324181099266e-05
independent-mesh hold-out,142,0.36,0.00025865029248630186,0.0002823639356661552,0.001507775920673078,1.159838151722359e-16,2.4893080882776896e-08,0.0,0.0,0.9585545184099921,0.8418027336315017,0.11859823403751514,0.07543221997211845,0.006028592673837292
independent-mesh hold-out,143,0.40,6.508083413302445e-05,6.134794661330076e-05,0.0005046692655822757,1.4195611954526885e-16,1.981195204799419e-08,0.0,0.0,0.9959317082903298,0.9903660607969241,0.007147057861849408,0.006267917706646483,0.00028967651316035253
independent-mesh hold-out,144,0.20,0.00012936052463644894,0.0001711244187282734,0.0005617336137073165,1.9984586951420214e-16,2.5393702281392802e-08,0.0,0.0,0.9887100153920126,0.9866686047822031,0.012797815418602266,0.00889389974189231,0.002919226857194399
independent-mesh hold-out,145,0.24,0.0002569262451680962,0.0003292449870346887,0.0010753747977687907,1.9388009226242533e-16,2.7662561368239262e-08,0.0,0.0,0.8873220695700107,0.8380173305503568,0.13330363025760433,0.1199461957047583,0.021655995548600863
independent-mesh hold-out,146,0.28,8.350079554136303e-05,8.656062694451178e-05,0.0003545472738012101,2.0837451742094899e-16,2.529318500613073e-08,0.0,0.0,0.9856337862618008,0.9808606993398231,0.018765844820779448,0.01202927570006238,0.0027146576769947815
independent-mesh hold-out,147,0.32,0.00021440213268790595,0.00024150399468973166,0.0011947299189164814,1.5761024809970642e-16,3.721954285110278e-08,0.0,0.0,0.9967837787192727,0.9960653131026033,0.003592580840417073,0.003157552389044374,0.0003942196898171205
independent-mesh hold-out,148,0.36,0.00021832841738072484,0.00023738687667568744,0.0012825867568332697,1.9611384785851543e-16,2.8226538881511622e-08,0.0,0.0,0.9650607839225931,0.8414677736964407,0.1165372937498865,0.07160550559211383,0.005684312030621149
independent-mesh hold-out,149,0.40,2.19914534195089e-05,2.2527907051017344e-05,0.0001728631113928359,2.0718426188337493e-16,2.2012090910985428e-08,0.0,0.0,0.9312148619657331,0.9141330698313186,0.08259188225207945,0.06873984139394979,0.003303126249948706
independent-mesh hold-out,150,0.20,0.00015625357631001132,0.0001928339707692767,0.0006478815372911967,1.7198118897865214e-16,2.484433284751969e-08,0.0,0.0,0.9550124252133411,0.830179393874875,0.10467614335410604,0.09036600432171159,0.019604635660319145
independent-mesh hold-out,151,0.24,7.281666424424595e-05,8.374094447399967e-05,0.00034876719509887503,1.4922033939164442e-16,2.4624420724717e-08,0.0,0.0,0.9981745986281235,0.9979224997569086,0.0025315864886568886,0.0012939889394737631,7.61162893298554e-05
independent-mesh hold-out,152,0.28,0.00031545226410212025,0.0003568971887741312,0.001476117638656704,1.9157663544282324e-16,2.54651254254344e-08,0.0,0.0,0.9326198051553727,0.8972429155938763,0.10254323153479224,0.051563652095848914,0.0157322511637385
independent-mesh hold-out,153,0.32,0.00011603891783296548,0.00010644363817953255,0.0005924892263043939,1.3091456481411664e-16,2.2822889352882313e-08,0.0,0.0,0.9763941323612896,0.8321284656833099,0.10819704789637484,0.07749896884574158,0.005808804861330552
independent-mesh hold-out,154,0.36,5.961259562316493e-05,6.421302899478101e-05,0.00043695105434032346,1.7184132985770902e-16,2.4471310779083816e-08,0.0,0.0,0.9940104608473233,0.9741134724570917,0.017825020141662356,0.012963396050245301,0.001099239114266041
independent-mesh hold-out,155,0.40,6.854772801697745e-05,6.331155729161897e-05,0.0007739925616224804,9.350237297893776e-17,2.407393795832391e-08,0.0,0.0,0.9896421690765793,0.6482102466112033,0.2753054295600488,0.08532631124175288,0.0015769914160085592
independent-mesh hold-out,156,0.20,0.00023863778786230923,0.00032825800396962937,0.0010975637351229748,1.0050524845886016e-16,2.2730976020883027e-08,0.0,0.0,0.9992046791593548,0.99906314107863,0.0007875512121133393,0.000745816768946181,0.0002006670933470535
independent-mesh hold-out,157,0.24,0.00021655238949621066,0.00022367198878591075,0.0007856712060497826,2.067657180380515e-16,3.250629017440388e-08,0.0,0.0,0.9628444791284626,0.9174783556567574,0.05720703901301433,0.051226398059254816,0.011318946534800797
independent-mesh hold-out,158,0.28,9.505930112507306e-05,9.810815954449697e-05,0.00043402542493114674,2.557688279479777e-16,2.7264446031337336e-08,0.0,0.0,0.9869866254758458,0.9850682405235761,0.014168423794846159,0.012202996619188623,0.0015761930817992753
independent-mesh hold-out,159,0.32,7.68256005230506e-05,8.27796758344201e-05,0.0004305680105475789,1.457907860182399e-16,2.3954471403700646e-08,0.0,0.0,0.9924098080499857,0.9065867974085883,0.08256361405577209,0.016926674740312692,0.0014540687280301195
independent-mesh hold-out,160,0.36,0.00012018862436675466,9.81682147894042e-05,0.0005861641902989805,1.9172825120167633e-16,2.605163956650109e-08,0.0,0.0,0.9882887057257945,0.9864342724026738,0.013112873129813863,0.011270501285503099,0.0008916000045497266
independent-mesh hold-out,161,0.40,0.00013496726610099104,0.0001408169258800001,0.0011430811661561663,2.348271707211405e-16,2.98724688346705e-08,0.0,0.0,0.967993121047568,0.9507892932070117,0.04851127976850361,0.031093570787686417,0.0016721385031149107
independent-mesh hold-out,162,0.20,8.24767930327651e-05,0.00011254302681227344,0.0003793761644422238,1.8619440274096182e-16,2.482688546463864e-08,0.0,0.0,0.9791217068509988,0.9740205396245846,0.02250192643053802,0.019714846782934788,0.004656320317060341
independent-mesh hold-out,163,0.24,0.000244875684645653,0.00024580098559317664,0.0008516578928239434,1.4415992826655939e-16,2.8712198571634474e-08,0.0,0.0,0.9521136781621026,0.8835951754000103,0.10118847081485903,0.04345013637522191,0.019757746946540804
independent-mesh hold-out,164,0.28,0.00023618560056950727,0.0002880851576718798,0.001167962663147544,2.468656536201657e-16,2.976044651276535e-08,0.0,0.0,0.9507437686289747,0.9498220070557057,0.049248224536000466,0.042324218367833094,0.007737770935584126
independent-mesh hold-out,165,0.32,0.00011927800894335352,0.00012572332998141546,0.0008551487526740231,1.6130446245286764e-16,2.7497052338892067e-08,0.0,0.0,0.9831144239157678,0.9323839472998422,0.05806966992382741,0.021488352375905587,0.0049416020095384575
independent-mesh hold-out,166,0.36,0.0002679035288713376,0.00027379879787896007,0.0015030220171030955,1.513440893484769e-16,1.8183521192080644e-08,0.0,0.0,0.9416539634713204,0.7721498440207046,0.1483145180131235,0.13092289348668812,0.007538256227795788
independent-mesh hold-out,167,0.40,0.0001450954356472041,0.00012374225637127185,0.0008023039744398928,2.1555307403959982e-16,2.3435231988962935e-08,0.0,0.0,0.8432436980018393,0.7000983697341504,0.29849776171581877,0.1478431267914629,0.010415520226852505
independent-mesh hold-out,168,0.20,0.00030236184980657457,0.0003762428557889455,0.0010943181834612396,2.1542311669824646e-16,2.4442445945613415e-08,0.0,0.0,0.9011860777475994,0.8810330137084125,0.09959463653179645,0.08942961809066147,0.02909071767512566
independent-mesh hold-out,169,0.24,2.0465560226799448e-05,2.4712575447525093e-05,9.278017439181901e-05,1.9747605755330037e-16,1.7695872839225385e-08,0.0,0.0,0.9980178561243447,0.9973652277518801,0.002687368860953888,0.001571598152667677,0.0003573849724057647
independent-mesh hold-out,170,0.28,0.0001351284725003683,0.00015221385240690426,0.000642128838431937,1.7749145179333272e-16,2.5484433014776143e-08,0.0,0.0,0.9909975902625144,0.9447992320931221,0.053658440386795465,0.009271079569734572,0.0013348863705326926
independent-mesh hold-out,171,0.32,0.00012400273472962394,0.0001399866260212938,0.0006418142231930953,1.6766402546303158e-16,3.026290926719079e-08,0.0,0.0,0.9506454981550843,0.7579032103180767,0.161083086008812,0.12063618703233561,0.009483750267450254
independent-mesh hold-out,172,0.36,7.553709861755898e-05,5.886174635470724e-05,0.0003834108134530308,1.3058511954298022e-16,2.403936358932124e-08,0.0,0.0,0.9730910499051881,0.9575472515652346,0.041033482958944316,0.026078844117320508,0.0022421188260498804
independent-mesh hold-out,173,0.40,4.262310580942881e-05,4.464852718794943e-05,0.0004055651268141947,1.924577466609325e-16,2.7747210503686376e-08,0.0,0.0,0.9514890146648656,0.8357195465390617,0.15034116543382725,0.05818907906856541,0.0043072212932288014
independent-mesh hold-out,174,0.20,0.0001536072312610862,0.0001668512933973351,0.0006789723289044044,1.4342783241932528e-16,3.92730449951622e-08,0.0,0.0,0.9714749843247578,0.9107120363117539,0.06080631461675808,0.04244867405188358,0.014571975762838217
independent-mesh hold-out,175,0.24,0.00019512907601100746,0.00022740538377198283,0.0008593321146679673,1.2878823397916507e-16,3.001088105313094e-08,0.0,0.0,0.9441134633285639,0.8928968618407417,0.0991114665867809,0.041309945335054124,0.022532139262098416
independent-mesh hold-out,176,0.28,0.00022887688253526927,0.0002487630278123548,0.0009175992241520662,2.930150244289803e-16,3.1295663613088594e-08,0.0,0.0,0.9296419657617133,0.8306618777373592,0.15077055166420858,0.06817208605402922,0.020946255401553482
independent-mesh hold-out,177,0.32,7.978640629485987e-05,7.358509552543905e-05,0.00040435525571105933,2.2122786387608829e-16,3.1315966463720895e-08,0.0,0.0,0.9931586197690722,0.9861105377829539,0.012005377379865168,0.008061644713323896,0.0006618288668828283
independent-mesh hold-out,178,0.36,0.00020483002648610335,0.00022311269171442657,0.0012043287656920399,1.4638483264225442e-16,3.051410645861205e-08,0.0,0.0,0.9531252040121321,0.8633058926734295,0.09857746475148502,0.0799555908039857,0.005310008310891609
independent-mesh hold-out,179,0.40,4.06664004758541e-05,3.587845189322781e-05,0.00029821605873585393,1.420447747176823e-16,2.7074746307783643e-08,0.0,0.0,0.9981446839176403,0.9895939798693855,0.010576135252128782,0.0016001164305215426,8.57458941000501e-05
independent-mesh hold-out,180,0.20,0.00014682209385132096,0.0001669157907247953,0.0005595810954380945,2.1378491710091635e-16,2.3185373025491508e-08,0.0,0.0,0.9907935926129823,0.9825735445075799,0.01238230574839836,0.010785334262684531,0.003489748691838035
independent-mesh hold-out,181,0.24,5.313779472915427e-05,6.143587678749643e-05,0.0002266622846823173,2.0688538007458516e-16,2.4750878082478184e-08,0.0,0.0,0.9638095070700424,0.918929200783508,0.10015237534463842,0.014889822146136843,0.0022389490655944887
independent-mesh hold-out,182,0.28,4.538924349068065e-05,4.1578764265846316e-05,0.00017431459185375504,1.4240059103994357e-16,2.8173078688840652e-08,0.0,0.0,0.9934728289214609,0.9902518687289189,0.007655139653019388,0.00669814888724231,0.001921231530956689
independent-mesh hold-out,183,0.32,0.0002410632012898491,0.0002782269491614386,0.0013585783727504321,1.5685820237483889e-16,3.094761789936812e-08,0.0,0.0,0.9448887967551908,0.8938347479620411,0.10219610642976956,0.048422245098852686,0.010497267122141782
independent-mesh hold-out,184,0.36,3.411700920505835e-05,3.5098741097752165e-05,0.00020823802692476306,2.6247668998433784e-16,2.8288293712792385e-08,0.0,0.0,0.9206847856044592,0.9080716373768085,0.09064565155208222,0.07544085808689796,0.005114600332160279
independent-mesh hold-out,185,0.40,6.663426947600793e-05,6.873759499223112e-05,0.0005957253427932949,1.7517712321751706e-16,2.1746971409164877e-08,0.0,0.0,0.9884494608990645,0.9672740896170436,0.024859930833247557,0.019042091346253565,0.0003852635088041431
independent-mesh hold-out,186,0.20,0.00022825514753093307,0.00029763939285911296,0.0009768056711473311,1.6060957793699705e-16,2.510486322692794e-08,0.0,0.0,0.9342542656197211,0.8871996361717006,0.08879446691694895,0.07126012596917865,0.018636438341382698
independent-mesh hold-out,187,0.24,0.0003201237468238855,0.00031961820040757354,0.0012303809792302053,1.6315828145276152e-16,2.8731618983370854e-08,0.0,0.0,0.943770722802602,0.9077421814172609,0.08779899816107826,0.040984892201701026,0.019715822203950583
independent-mesh hold-out,188,0.28,8.9087758531848e-05,7.910821723672095e-05,0.00033786158333532043,2.580094790011536e-16,2.773536965833644e-08,0.0,0.0,0.9916296170575424,0.9860126923432373,0.012202039941161575,0.009066852292774133,0.0010848492088766065
independent-mesh hold-out,189,0.32,0.00011076543284206555,9.92499830061131e-05,0.0004758842220780431,1.8449393335957124e-16,2.9168796406155722e-08,0.0,0.0,0.9338489156341306,0.8788954392968219,0.09819333232962978,0.0734954002954112,0.015546000837905171
independent-mesh hold-out,190,0.36,2.8297746268818063e-05,2.7268585884964174e-05,0.000175792618603323,1.8981755176047033e-16,2.5377910118165657e-08,0.0,0.0,0.992149404844627,0.9892669507277455,0.01067245527828568,0.007285477132325121,0.0006247598381375903
independent-mesh hold-out,191,0.40,9.288642413879965e-05,8.488185039667203e-05,0.0006213371803880113,1.7609464464278134e-16,2.85042934472275e-08,0.0,0.0,0.908122964213165,0.5777793088732083,0.3161237036517318,0.18991415580486154,0.007728616366841285
independent-mesh hold-out,192,0.20,0.000108350358843159,0.00012414247862975827,0.0005643862709889251,1.4996741443012574e-16,2.6224996053968966e-08,0.0,0.0,0.9715755651767545,0.860101292835464,0.07940370304154387,0.07369296112367575,0.015148658622453019
independent-mesh hold-out,193,0.24,8.106434556156563e-05,9.000526467647078e-05,0.00032080516768911,2.1967440601541761e-16,2.4951512130701036e-08,0.0,0.0,0.9760553079462316,0.9547346201638801,0.03584473668387395,0.027766070789592864,0.005617694780421296
independent-mesh hold-out,194,0.28,0.00010784425541914983,0.00012648618146933008,0.0005251811576172476,2.4919165665651675e-16,2.486892237425284e-08,0.0,0.0,0.991503215918229,0.9748918056097334,0.020824490577949342,0.00933823525414176,0.003461524587133789
independent-mesh hold-out,195,0.32,0.0004065910662130668,0.00046371333677891057,0.001992607318653134,1.2411430275353992e-16,2.6646818244997092e-08,0.0,0.0,0.8341542396117712,0.8106245365289324,0.18686662235741547,0.14929722257555805,0.019490398613221566
independent-mesh hold-out,196,0.36,5.756783452361345e-05,6.25108373903219e-05,0.00037951570436945813,2.34659403447517e-16,3.213730224199911e-08,0.0,0.0,0.9791200902722971,0.9693061284817025,0.026853945475667468,0.023691614032763365,0.001042166227492832
independent-mesh hold-out,197,0.40,3.6255666553729805e-05,3.805567573961671e-05,0.00030228690794992203,1.5513543160286611e-16,1.817120109457425e-08,0.0,0.0,0.980617690874798,0.9643653632579045,0.0348034668310345,0.019360771234473263,0.0008662518586028111
independent-mesh hold-out,198,0.20,0.00016078826617921905,0.00017242059121154313,0.0005870531369947412,2.4692545515213383e-16,2.317879796512921e-08,0.0,0.0,0.9399738984508536,0.8777950434891848,0.09499331392956148,0.0617999744518932,0.025425070428678136
independent-mesh hold-out,199,0.24,0.00012769580737690894,0.0001459070293737414,0.0005510087742707526,1.5526520304076004e-16,2.5321237084979403e-08,0.0,0.0,0.9957531450833162,0.9908422483501116,0.007976281550811818,0.003795735597749904,0.0016271317703951845
independent-mesh hold-out,200,0.28,0.00026252544596338633,0.00030293634735443885,0.0012089114368528148,1.3666164109254303e-16,3.539276902348887e-08,0.0,0.0,0.9663274088361142,0.8852795028581136,0.07905902108290899,0.0612470566816427,0.008362919569102989
independent-mesh hold-out,201,0.32,0.00033190517060302185,0.00036821593519706543,0.0017321183515531051,2.627162644498052e-16,2.675477455431865e-08,0.0,0.0,0.9663708560998605,0.9419300045079583,0.05494743056415714,0.03112230288044045,0.005501020170620315
independent-mesh hold-out,202,0.36,4.682810298536827e-05,5.0821597518169736e-05,0.0003838074107291508,1.6900082509635104e-16,3.079251355695527e-08,0.0,0.0,0.9952741917187242,0.9905170899256851,0.007160555591426723,0.006949925961672691,0.0001018137221601162
independent-mesh hold-out,203,0.40,0.00015625400502166433,0.00015420669583630624,0.0013011413120012074,1.4139316892198298e-16,2.924462396401558e-08,0.0,0.0,0.9360467890815691,0.8400553558211545,0.15915270473649126,0.0602214165521627,0.00457240781359878
independent-mesh hold-out,204,0.20,0.00020520542273229378,0.0002785214673840994,0.0008622937938182728,2.8462923761302083e-16,3.0594653800243055e-08,0.0,0.0,0.954188553249696,0.9494697916222715,0.049885516193342826,0.03067475929404385,0.015850155282757347
independent-mesh hold-out,205,0.24,0.00017725992509416734,0.00020846791259014543,0.0007179675261120775,1.9389299521348594e-16,2.8246632881874996e-08,0.0,0.0,0.9555890279194179,0.9371190608651923,0.05434023183907609,0.03964628764201167,0.013190854259399235
independent-mesh hold-out,206,0.28,0.00015992212058326777,0.00018262728334883318,0.0006986429914260124,2.357245447190445e-16,2.3794691671929055e-08,0.0,0.0,0.9271524410085404,0.9240853383156031,0.07667011129252499,0.06082263011003568,0.011130745024808654
independent-mesh hold-out,207,0.32,8.75120698531866e-05,9.89804628231258e-05,0.0004673712201971919,1.7680347471598552e-16,2.641304263189264e-08,0.0,0.0,0.9574862387149214,0.8097596555750944,0.12285245097927619,0.10010154484154231,0.009926489154191087
independent-mesh hold-out,208,0.36,8.043960765718976e-05,8.357676674994388e-05,0.0005347245159681499,2.024116703932486e-16,2.722319940136699e-08,0.0,0.0,0.9790929843197254,0.9658570668177874,0.027820827474439102,0.0260192008414665,0.0012213164277714104
independent-mesh hold-out,209,0.40,0.0001982320460975626,0.00018417550825778259,0.0012602193000547598,1.49989666618357e-16,2.6882206289798772e-08,0.0,0.0,0.8532892523192912,0.8074954142830506,0.18731295478207552,0.1431778942999955,0.008519432786123726
independent-mesh hold-out,210,0.20,0.00020743032777306518,0.00023414045215947263,0.0008587271128445182,1.851095455166202e-16,2.7741024355188203e-08,0.0,0.0,0.9522338417233239,0.9111133800381228,0.08375255659940965,0.04256832361877025,0.010331867652244095
independent-mesh hold-out,211,0.24,6.74206591696873e-05,8.104921516424462e-05,0.00034851699008624974,1.9744474475059003e-16,2.8097258674295738e-08,0.0,0.0,0.9994403768829987,0.9986362599918706,0.0009295191725665857,0.0008015137735286081,0.000192048475859985
independent-mesh hold-out,212,0.28,0.00012780818496815072,0.00014848420118446194,0.0007363946953173998,2.4038340099805903e-16,2.4043147464108638e-08,0.0,0.0,0.9518563399324648,0.8449856097186572,0.12197703530225312,0.0652513409626595,0.01589473782162306
independent-mesh hold-out,213,0.32,0.00013799731617904678,0.00011364801216069574,0.0007249595398111689,1.8665747550338562e-16,2.6912447072151656e-08,0.0,0.0,0.9914436919374083,0.9412099080368884,0.0457419368412492,0.01998574019283041,0.0016599348450124652
independent-mesh hold-out,214,0.36,0.0001219840590902278,0.00011216499795232174,0.0006403359104625845,1.4751879436040055e-16,2.4626887727331856e-08,0.0,0.0,0.974187562971934,0.9538571523835128,0.04114661681091971,0.02768866654368398,0.003094910661698638
independent-mesh hold-out,215,0.40,6.511055876454404e-05,5.7585091659008405e-05,0.00041944640902031227,2.632320188296177e-16,2.2097089266708852e-08,0.0,0.0,0.9982251270515509,0.9969217236838623,0.0026505004090865763,0.002134738460192033,6.9329812575836e-05
independent-mesh hold-out,216,0.20,8.488715770840592e-05,0.0001079859123377095,0.00045686142017685086,1.608980361956988e-16,2.263071722774342e-08,0.0,0.0,0.999477958146763,0.997946563455359,0.0012110543228863377,0.001108095287245862,0.00025571272265799747
independent-mesh hold-out,217,0.24,7.415242959744605e-05,7.312064590299089e-05,0.00036134166998236293,1.3147795593983325e-16,3.4402080149188725e-08,0.0,0.0,0.9835203255836186,0.9425879181971304,0.04220372192417501,0.027526734316934594,0.004173490215158581
independent-mesh hold-out,218,0.28,0.0002537923455326432,0.0002920575081374973,0.0012130721915377734,1.295415987612421e-16,2.984203225565328e-08,0.0,0.0,0.9328262977597821,0.8972104136950838,0.09677496916024844,0.058603174909572404,0.014502950109374553
independent-mesh hold-out,219,0.32,7.588508719738749e-05,7.723464634431406e-05,0.0004031798811343535,2.2876426625614366e-16,2.846072333925497e-08,0.0,0.0,0.9984780123848755,0.9976716912651371,0.002368373805981215,0.001329666828434862,0.0001519748751021333
independent-mesh hold-out,220,0.36,7.731730037281151e-05,6.769267544818748e-05,0.00044446599591256315,2.188550477329946e-16,2.1953008900723537e-08,0.0,0.0,0.9625333401443669,0.8712443499320657,0.11516922479042731,0.047690607069321385,0.003386450569774976
independent-mesh hold-out,221,0.40,0.0001258938081109939,0.00011861392801166302,0.000906487311001634,1.2456841052758045e-16,2.8512868003348916e-08,0.0,0.0,0.9820646148376065,0.9550590710709652,0.041526601915769915,0.020557717583682574,0.000882089817546847
independent-mesh hold-out,222,0.20,0.0001926222298908642,0.0002088822730160747,0.0008384631392429694,1.5476170172239734e-16,2.9518782806692055e-08,0.0,0.0,0.9546976209948118,0.8727024550117516,0.11424780025823347,0.0303866734654659,0.02797029702409308
independent-mesh hold-out,223,0.24,0.00015179414726714847,0.00019121894574051628,0.0007239927555298338,1.969250569057943e-16,2.7835862930528685e-08,0.0,0.0,0.9831445221364432,0.9707097133738365,0.026443574059955406,0.016409329513132977,0.003309193136744875
independent-mesh hold-out,224,0.28,0.00014314484118572662,0.00014795079223970688,0.0005965357135807439,2.544565223951237e-16,2.739660043340592e-08,0.0,0.0,0.9839972815930916,0.9810585273218525,0.01825893841517213,0.016014724326253366,0.0006754642781146168
independent-mesh hold-out,225,0.32,0.00018685078165015228,0.00021468478161607696,0.0010008885532294038,1.3314383726441288e-16,1.912526887875197e-08,0.0,0.0,0.929479927627483,0.8723566109872526,0.12439484379840626,0.05809542944755192,0.015503540109541058
independent-mesh hold-out,226,0.36,4.5035805750727436e-05,4.896922365917667e-05,0.00026941267375579146,2.2044456394500667e-16,2.8146153539286533e-08,0.0,0.0,0.9466332453321615,0.9302438174228154,0.06858566350237454,0.05052783089894242,0.003979291867347793
independent-mesh hold-out,227,0.40,0.00010796910129295292,9.252458092126232e-05,0.0007545473332642162,1.6152009649531088e-16,2.5715368965288187e-08,0.0,0.0,0.9939248008858697,0.9365766227841079,0.0371707338403153,0.03173563147941658,0.0006612108101346674
independent-mesh hold-out,228,0.20,0.00012970899688843888,0.00016457934181341794,0.0005619811388312538,2.571828113437563e-16,2.8688566140233422e-08,0.0,0.0,0.9999068584177373,0.999888477944823,9.724916715958102e-05,8.227406575900965e-05,2.5220661427209867e-05
independent-mesh hold-out,229,0.24,0.00021836469453772236,0.00025092775064338937,0.0009342342236916912,1.6286366777278049e-16,2.368938502574078e-08,0.0,0.0,0.951376631306024,0.8776353231382595,0.12182937801877992,0.025031580945680133,0.024251392295338188
independent-mesh hold-out,230,0.28,9.273212644978201e-05,8.152837951317217e-05,0.00037402708242423966,2.466468898878452e-16,2.6278639599915708e-08,0.0,0.0,0.9767245906080532,0.9630547414769441,0.040730702276469646,0.01731983626425274,0.002162742834727733
independent-mesh hold-out,231,0.32,0.0001479717713874353,0.00015056237480512324,0.0008207677461847331,1.3323301418148127e-16,2.8561185055370073e-08,0.0,0.0,0.9978752718834748,0.9977017280156506,0.002298506574461073,0.002079644619086835,4.6813066758260006e-05
independent-mesh hold-out,232,0.36,0.00013104896603320702,0.00013449321697664017,0.0007822349630173733,1.9112613846235241e-16,2.319439223582359e-08,0.0,0.0,0.9857782801785602,0.9623986843713547,0.03414471932743198,0.0164816341814929,0.001260015822050045
independent-mesh hold-out,233,0.40,0.00016253863813585662,0.00017108919703435677,0.0013344546479863927,1.9630034467294805e-16,2.3111542502972484e-08,0.0,0.0,0.9292982011370015,0.7508890557384025,0.1738902939082113,0.14175086009789095,0.004498244935074273
independent-mesh hold-out,234,0.20,0.00021557813418493903,0.0002662919556403977,0.0009831051044384696,2.137856286013691e-16,2.8263504574663006e-08,0.0,0.0,0.9450806690362435,0.8768815106729931,0.11014279747017373,0.03744744558567785,0.030269611433535223
independent-mesh hold-out,235,0.24,0.00015306662204372175,0.00018563306831410637,0.0006623242157180769,1.8890540545336727e-16,2.8775599263770067e-08,0.0,0.0,0.9885641901725675,0.9860658151459587,0.011503385612313462,0.010338020029627686,0.0035406510921597383
independent-mesh hold-out,236,0.28,6.858842904625804e-05,8.397053959902175e-05,0.0003406377818626644,2.8511721053214826e-16,2.8097896461486556e-08,0.0,0.0,0.9671911770003436,0.9550883887049183,0.039056105753899825,0.03357489004505945,0.0050597464665257065
independent-mesh hold-out,237,0.32,0.0001024787913495048,0.00010392173380408443,0.0005353321204603806,1.3786355403225703e-16,3.1337395792199186e-08,0.0,0.0,0.9972543217731015,0.9962897723719122,0.003019700368651346,0.0029980573506560608,0.0004369123876143853
independent-mesh hold-out,238,0.36,4.42334151450194e-05,4.416410305145903e-05,0.00027224821878468834,2.1523920624309453e-16,2.6137558099869188e-08,0.0,0.0,0.972604073214028,0.968570908982304,0.029687008092689832,0.02738680198496429,0.0017585643396979167
independent-mesh hold-out,239,0.40,2.7547411865396547e-05,2.552758754429731e-05,0.0001924382595168004,1.880572724712314e-16,2.4514074625389287e-08,0.0,0.0,0.9038958567351346,0.8890381452923527,0.11046451738737871,0.09255193551500872,0.004063936741156691
independent-mesh hold-out,240,0.20,9.285789436132028e-05,8.577930120842228e-05,0.0003208943058908318,1.556604515461877e-16,2.3763899494700462e-08,0.0,0.0,0.9718211082665231,0.9508885397987865,0.04652531305175529,0.016829458899391962,0.013943029885017956
independent-mesh hold-out,241,0.24,0.00012302509737398116,0.0001394582461560172,0.0004897327355165625,1.1967448157348734e-16,2.7111591954705337e-08,0.0,0.0,0.9884934305808293,0.9871099622297334,0.011224146174233477,0.00995572400301365,0.003222458243550288
independent-mesh hold-out,242,0.28,6.595880656810821e-05,7.362659000346644e-05,0.00040018946049357953,1.9624376480227635e-16,2.308904213369214e-08,0.0,0.0,0.9943685255767793,0.9894386245940782,0.007818701436199785,0.0075805067302743565,0.0007995874342745231
independent-mesh hold-out,243,0.32,5.633495957802891e-05,4.725801281618792e-05,0.00025673520223891557,2.0459114157461974e-16,2.288482815311504e-08,0.0,0.0,0.989764034464628,0.9796930658223254,0.01633017965424023,0.012801086764600433,0.0014148451150852337
independent-mesh hold-out,244,0.36,9.14058218171066e-05,8.669157369337102e-05,0.0005337764355224313,1.6941784162910586e-16,2.4199290757043257e-08,0.0,0.0,0.9904738498049797,0.9896874699693196,0.009981903272423492,0.009210079761785159,0.0006507285606679181
independent-mesh hold-out,245,0.40,0.0001543027218817361,0.0001415083541902233,0.0009941998265737498,2.1246160152188184e-16,2.6427934502556108e-08,0.0,0.0,0.9705588519003816,0.8323805549812487,0.1279195295995022,0.06652507004375251,0.0028584931889565255
independent-mesh hold-out,246,0.20,0.00040857754558004276,0.0005407622171947894,0.0017931008292671707,1.3400536347690836e-16,2.1403180584778293e-08,0.0,0.0,0.9938845290843147,0.9918314886033613,0.007834214446104411,0.003936577784311609,0.0024914219383945554
independent-mesh hold-out,247,0.24,0.00016842650921298734,0.00021272164852174683,0.0008371240955395302,1.38255107979086e-16,2.853191946888676e-08,0.0,0.0,0.9748286680909389,0.9465105138998989,0.0429266079171365,0.02690274297806955,0.008793858304258372
independent-mesh hold-out,248,0.28,0.0003415788106017943,0.0004110464534999441,0.001567011903585309,1.6174310158772846e-16,2.5366585549648747e-08,0.0,0.0,0.9430021206522616,0.8994803114213521,0.09945917273472304,0.04283052152945192,0.014919159458603242
independent-mesh hold-out,249,0.32,0.00011049712156930502,0.00011568273188176585,0.0007610684734512061,1.4702046389655908e-16,2.8906153501062906e-08,0.0,0.0,0.9933559541839271,0.9738240042347986,0.02262346677090608,0.008515875422225948,0.0016820270170360494
independent-mesh hold-out,250,0.36,0.00011134603149756099,0.00011475366221184267,0.0006866187975698209,2.232340787904607e-16,2.3887836316396117e-08,0.0,0.0,0.9962130321574088,0.9879627861677795,0.011588341200050575,0.0039332137896959,0.00031879888975246557
independent-mesh hold-out,251,0.40,0.00013786338645411226,0.00014181386695062944,0.001542009292908314,8.354230368179867e-17,2.508400850939671e-08,0.0,0.0,0.9566339020638193,0.7248120812636853,0.23728921255621796,0.07574219755972064,0.005451598067659138
independent-mesh hold-out,252,0.20,0.0002528701358222272,0.0003202037647355128,0.0010437990881541313,1.4447974276218596e-16,3.0313681677907695e-08,0.0,0.0,0.9986298923239217,0.9982510397121372,0.0013687300272989366,0.0012244659253811798,0.0005307658828016856
independent-mesh hold-out,253,0.24,5.285412788525786e-05,5.7784777960014545e-05,0.00023519198897429573,1.8007524950165759e-16,2.257118675364069e-08,0.0,0.0,0.9987960726800124,0.9983979716570643,0.001923531540445546,0.0007535812920257581,0.00012844448711304046
independent-mesh hold-out,254,0.28,6.94388171133008e-05,7.277421370776724e-05,0.0002972610381509372,1.5978990742259324e-16,2.663986631677671e-08,0.0,0.0,0.9860695333286148,0.9668933164790309,0.03145276155449584,0.013773774970093083,0.0017977932076102543
independent-mesh hold-out,255,0.32,0.0001473799052828476,0.00016138989096361184,0.0006690878812554001,2.4985252047490817e-16,3.061119300545998e-08,0.0,0.0,0.8827035197050396,0.8208949346233653,0.17786691052308343,0.09973830018875884,0.018661317470727256
independent-mesh hold-out,256,0.36,8.554339772437801e-05,8.158503769365263e-05,0.0004680563509235355,1.0248515647139935e-16,2.63457259215345e-08,0.0,0.0,0.991593910484542,0.9805968812181852,0.018892939821472887,0.007851327994985864,0.0010528840621462493
independent-mesh hold-out,257,0.40,4.8197038776422245e-05,4.414548302358282e-05,0.0003078089871477026,1.5648802546833078e-16,2.7224975038538595e-08,0.0,0.0,0.9973617455273273,0.9950019829519879,0.0050010125963765575,0.0025739609573944104,6.312018469563896e-05
independent-mesh hold-out,258,0.20,8.555847264085856e-05,0.00011066183967403408,0.0004014933631775458,1.3351826921081188e-16,2.9686880682712312e-08,0.0,0.0,0.9983811164716255,0.9958957398585829,0.002839319746273728,0.0022899735079653367,0.0005963123559212787
independent-mesh hold-out,259,0.24,4.962460907602982e-05,6.0221035024611614e-05,0.0002659575903002941,1.9456705601165548e-16,3.0267911018757735e-08,0.0,0.0,0.9998530430654462,0.9991209200153566,0.0008835284729700019,0.0001246667905194313,1.7620004933132716e-05
independent-mesh hold-out,260,0.28,0.00018060091071162487,0.00022029662552137377,0.0009466374637012221,1.5370122952509963e-16,2.3968283355211208e-08,0.0,0.0,0.9999637516551921,0.9999399422298876,5.4096163524079956e-05,3.61883598501986e-05,5.933786497665253e-06
independent-mesh hold-out,261,0.32,9.960603437851833e-06,9.74734033598824e-06,4.7762341435205624e-05,1.725865881046038e-16,2.492027249739687e-08,0.0,0.0,0.9940642062353306,0.9921407809047493,0.007334987107140501,0.005705892447483228,0.000754473434076707
independent-mesh hold-out,262,0.36,0.0001705988049918482,0.00018018386210146115,0.0009991438486679004,1.5792577800945804e-16,2.6646649248293935e-08,0.0,0.0,0.9506599503767061,0.9281191745635855,0.06696366061745919,0.04956171080625894,0.00453168171869084
independent-mesh hold-out,263,0.40,6.613713221249037e-05,6.938944450245926e-05,0.0005339856001698797,1.6279815361968308e-16,2.5909357514603302e-08,0.0,0.0,0.9195997518521773,0.8708877071308394,0.12315994559472773,0.08243088216633636,0.004004000685652959
independent-mesh hold-out,264,0.20,0.00046338372733680194,0.0005320580429847918,0.002664816210904742,1.2318172031100686e-16,3.512387122003955e-08,0.0,0.0,0.98898819028314,0.9549157058668697,0.041023222888551904,0.007801155089655476,0.007377526926976987
independent-mesh hold-out,265,0.24,0.0003478456466311757,0.00039346940061579094,0.0014042341224653817,2.0966347254731901e-16,2.6872499241811182e-08,0.0,0.0,0.9671919596753511,0.9650437715863023,0.03441255269227801,0.02740550689280045,0.005907059726839166
independent-mesh hold-out,266,0.28,0.0002867535229390777,0.00033927650090864037,0.0013470550316017208,2.0682227568541204e-16,2.293558017358297e-08,0.0,0.0,0.9697688633293279,0.9462005157973864,0.053303770970903455,0.02272863680938101,0.007842081258418848
independent-mesh hold-out,267,0.32,0.00012741318428879011,0.00012699123708069467,0.0005646878257208487,1.6570052406677152e-16,2.2297057817366203e-08,0.0,0.0,0.9405260176689926,0.8367892301533036,0.13548176114919858,0.07991655330551418,0.007488201902711527
independent-mesh hold-out,268,0.36,3.320641834336065e-05,3.441267355019604e-05,0.0002257439917573675,1.9466990136096466e-16,3.1302913565884323e-08,0.0,0.0,0.9874811743060404,0.9547801759827623,0.033345032874369435,0.02306120208982495,0.0013286881380861835
independent-mesh hold-out,269,0.40,7.979669759216212e-05,8.370834585076971e-05,0.0006879105130746294,1.7686662387165117e-16,2.3293271055939034e-08,0.0,0.0,0.9861248257274746,0.9793755842575677,0.020079514261459885,0.013871776850767693,0.000570664467721158
independent-mesh hold-out,270,0.20,4.773933330653776e-05,5.761467455905638e-05,0.00018648377568104333,1.4000280060962532e-16,2.230778630278425e-08,0.0,0.0,0.9779104925233973,0.9760886063586887,0.023258089133617453,0.019274203381340553,0.0034563898652080934
independent-mesh hold-out,271,0.24,0.0001366563817715233,0.00017619236602809424,0.0006809046806263631,1.5149662264677804e-16,2.2952884396000082e-08,0.0,0.0,0.9927612036426181,0.9863982046629104,0.010604158373267619,0.008498981074972966,0.0017479661172765193
independent-mesh hold-out,272,0.28,5.472442813768735e-05,6.355470008674556e-05,0.0002871638517342855,1.745093879711854e-16,2.3542431025535487e-08,0.0,0.0,0.9604562882557327,0.8842453128235916,0.11220328454642604,0.028490178970288424,0.014636555604467565
independent-mesh hold-out,273,0.32,0.00020298718785353935,0.00023181458411095852,0.0012737857707405124,1.16092568934182e-16,3.018925877733385e-08,0.0,0.0,0.9557645641417987,0.8699277707042492,0.10021073028763658,0.06511648896321057,0.008860070243778408
independent-mesh hold-out,274,0.36,9.969390775059719e-05,8.571633953413105e-05,0.0005356494094872593,1.5733360671185748e-16,2.5506507142068687e-08,0.0,0.0,0.9874961395411167,0.9796305739682833,0.019525991851044505,0.012473863772170048,0.0009030847179524664
independent-mesh hold-out,275,0.40,0.00018858279858676013,0.0001850928971555408,0.0014183829779858832,1.969165665083987e-16,3.090389973922196e-08,0.0,0.0,0.9954200212502551,0.9891961034240541,0.01057540593241732,0.0046194147195790895,0.0002242252762516567
independent-mesh hold-out,276,0.20,0.00023789391853313397,0.0003148561588073094,0.0009157795534600129,1.2861923593533598e-16,3.378400875674368e-08,0.0,0.0,0.8969111469822906,0.8577325466441083,0.11847057337092809,0.10411096510510108,0.022907502508579525
independent-mesh hold-out,277,0.24,0.0001648619466073818,0.0002087728351589734,0.0006950159812082477,1.0572227410469748e-16,2.9842755773369e-08,0.0,0.0,0.8762969608333792,0.8718295241856118,0.11485502638975452,0.11029432368252011,0.026922023504973667
independent-mesh hold-out,278,0.28,0.00018700228986566966,0.0001806218740452537,0.0006844390084056798,1.9970127111370082e-16,3.264852227351006e-08,0.0,0.0,0.9393152043747813,0.8412532469159067,0.1255194055258603,0.07726290747218136,0.016767548115795155
independent-mesh hold-out,279,0.32,7.188776893985604e-05,7.316457039410388e-05,0.0003576760121225908,1.864407621683939e-16,2.8068103670661696e-08,0.0,0.0,0.9943094864145403,0.97385716052599,0.02525322863513641,0.006033436631221205,0.0005347918772456936
independent-mesh hold-out,280,0.36,7.543183231376529e-05,7.669633962765505e-05,0.00040628712814518426,1.3782860534886436e-16,2.6340845324361607e-08,0.0,0.0,0.9273868118726237,0.7630106290810836,0.20374674739164506,0.09525062152389258,0.010698510095500033
independent-mesh hold-out,281,0.40,0.00010892833992812533,0.00010693939061596034,0.0007625695464062324,1.4602485329201104e-16,2.2647247212722283e-08,0.0,0.0,0.9430859976339024,0.8072802313463062,0.1551256385930675,0.0905653081917236,0.004127030962631765
independent-mesh hold-out,282,0.20,0.00012839250476759877,0.00016845438213061644,0.0005464327053482915,2.0612273277542135e-16,2.514264029908759e-08,0.0,0.0,0.9829572790691248,0.9766571391219652,0.02154015227377732,0.0165009026202376,0.0023209343988813847
independent-mesh hold-out,283,0.24,5.45416440077501e-05,5.028917824674289e-05,0.00020650735466016797,1.6590354279450352e-16,2.2830492795484356e-08,0.0,0.0,0.978211148885991,0.9381491284999393,0.05976629007492709,0.013280681850711866,0.010597688807279574
independent-mesh hold-out,284,0.28,0.0004163103158793318,0.0005162887679008005,0.001913057744819765,1.5005271310329109e-16,2.3803706340606965e-08,0.0,0.0,0.8362287641005479,0.8042244885893596,0.19599038626758247,0.1346463620374633,0.029407665208733377
independent-mesh hold-out,285,0.32,5.1852291040631744e-05,5.090239931094685e-05,0.00021722074627221767,1.795482072541945e-16,1.9793943014792193e-08,0.0,0.0,0.9380112683431656,0.8792317565135873,0.08666454426290064,0.0802024308201564,0.015867237638148044
independent-mesh hold-out,286,0.36,0.00016782523435618948,0.00018349291807048923,0.0010691946393663414,1.9848273975839259e-16,2.977682202959436e-08,0.0,0.0,0.9539336671273295,0.9048147738685844,0.09065881593812329,0.0449559624454794,0.005486542168440352
independent-mesh hold-out,287,0.40,2.7668569507665893e-05,2.521337685624741e-05,0.00018751828981247956,1.632221460544834e-16,2.721840103187219e-08,0.0,0.0,0.9251677057232538,0.8776942683913893,0.11105440353226355,0.08255260165600417,0.0035848361741276113
independent-mesh hold-out,288,0.20,0.00019546102373311282,0.00020941023397914044,0.0007592597198423286,2.744632855748162e-16,2.578747101466574e-08,0.0,0.0,0.9698337518496492,0.9402150226493344,0.050873465894632916,0.024477125094400726,0.014610227393993694
independent-mesh hold-out,289,0.24,2.6213430749175787e-05,3.262837209113588e-05,0.00014238731387861798,1.9871645940763478e-16,2.4211637433192206e-08,0.0,0.0,0.9995166576554,0.998407731189182,0.0014360370071095706,0.0005316342727275685,0.00010770881000834022
independent-mesh hold-out,290,0.28,0.00025536012085777344,0.00029662987272931505,0.0011638321403167552,2.0983755047565788e-16,3.1908614030961987e-08,0.0,0.0,0.9613501485391187,0.9362478513215277,0.06337387160131147,0.029215357715982687,0.009644185869830254
independent-mesh hold-out,291,0.32,8.768031416897832e-05,8.808114214109074e-05,0.0004507852036112201,1.4899618076410054e-16,3.081830991090119e-08,0.0,0.0,0.9977957595101655,0.9965964738475792,0.0032719893290243944,0.0020912977867756826,0.00024393002809864866
independent-mesh hold-out,292,0.36,0.00010208731283555415,0.00010615817582149327,0.0006506505964278249,1.900259295119805e-16,2.5836011728196783e-08,0.0,0.0,0.9916021841064944,0.9801569233769735,0.02001090119962149,0.007652664044684255,0.0006006476688852708
independent-mesh hold-out,293,0.40,5.5181131785226014e-05,5.487386547272009e-05,0.0004705816753725964,1.3323327999794457e-16,2.072345000541285e-08,0.0,0.0,0.9999938768438242,0.9999801354594006,1.8773751149367574e-05,6.710038528329471e-06,4.971622428890558e-07
independent-mesh hold-out,294,0.20,0.000211026997074453,0.0002841498078431365,0.0009123535274774602,1.412124995335207e-16,2.4888662338211273e-08,0.0,0.0,0.9918243893611277,0.9890921575114655,0.009235307411980118,0.006308750539171872,0.003561975025092585
independent-mesh hold-out,295,0.24,9.584657656481188e-05,0.00010791276625852955,0.0004041846732460036,1.516201626606814e-16,2.3778848365294554e-08,0.0,0.0,0.9815677984077978,0.9751814779979204,0.02012272605969765,0.018891016863870683,0.004240591805853855
independent-mesh hold-out,296,0.28,0.00015929035239101996,0.00019220099088952013,0.0006830221460310083,2.065697554459296e-16,2.2806745225613716e-08,0.0,0.0,0.9009339021044989,0.8137303360215848,0.17478536404060166,0.08451144182029784,0.026218942222984046
independent-mesh hold-out,297,0.32,9.548587983090582e-05,8.888927874350925e-05,0.0004513423655903425,2.3140132963072113e-16,3.073972331436123e-08,0.0,0.0,0.9913239460993537,0.9093862157557219,0.089617409850983,0.008615289091311071,0.0011081736643921954
independent-mesh hold-out,298,0.36,0.00017893652441534338,0.00019352529962840138,0.0009952571313255974,1.2976995892414454e-16,2.683513985322287e-08,0.0,0.0,0.9228578711206983,0.812900677191228,0.1697134156011602,0.08547003270589677,0.009333939722850916
independent-mesh hold-out,299,0.40,8.148536161531812e-05,7.919284281821913e-05,0.0006921319633935828,1.9582903095483107e-16,2.653303960517791e-08,0.0,0.0,0.9784994416809665,0.9493801986129031,0.04890548933924801,0.02176937565339377,0.001457766879282827
independent-mesh hold-out,300,0.20,4.9690643952541525e-05,6.082426082340951e-05,0.00020812503485495532,1.73585919222161e-16,2.6551522275667338e-08,0.0,0.0,0.9989922906266371,0.9989629291185028,0.0012707328890434425,0.0006526585661502103,0.00012125544700350514
independent-mesh hold-out,301,0.24,7.278506540619876e-05,8.84391694516101e-05,0.0003459206365800464,1.9212662998220635e-16,2.9271362603078552e-08,0.0,0.0,0.9734871133583349,0.9196850519855643,0.07126572330421735,0.02283796429991669,0.012770995999285172
independent-mesh hold-out,302,0.28,7.997073103893548e-05,9.735837598004264e-05,0.0004343724909909931,1.3266154007428746e-16,3.295148120051926e-08,0.0,0.0,0.9967390020141539,0.996687011963018,0.003544962701379455,0.0026880274390620475,0.0003383164833088737
independent-mesh hold-out,303,0.32,7.609172226631911e-05,7.590057070056118e-05,0.0003581606305334118,1.3569331572623495e-16,2.3939170106983373e-08,0.0,0.0,0.9737543500110536,0.9703538317708421,0.027457240841170013,0.02535776280564363,0.0030446209120824166
independent-mesh hold-out,304,0.36,0.00016984212823324574,0.00015229819854656941,0.0009301742910595154,1.6349612006467804e-16,2.5673549156010377e-08,0.0,0.0,0.9941640733643766,0.9929148504349797,0.0068319036852610765,0.005684120532566533,0.00040811708236115343
independent-mesh hold-out,305,0.40,0.00024406497728372972,0.00025577834147966227,0.0017090985048311782,1.4879398733407883e-16,2.2402446851296667e-08,0.0,0.0,0.9141463067927025,0.7475970776417354,0.21772809596347986,0.11544711929124446,0.0057755336568274425
independent-mesh hold-out,306,0.20,0.00011959008782837326,0.00012024441385435459,0.0005165080629872438,1.9190576832470514e-16,3.4463188324825736e-08,0.0,0.0,0.9964015892670239,0.9923550450710198,0.005167043700449673,0.0036016621108731542,0.002474370041209216
independent-mesh hold-out,307,0.24,0.0004805061565446316,0.0005536496709231403,0.002044364205626627,1.3691705316061724e-16,2.7523425754012677e-08,0.0,0.0,0.9859138023310187,0.9846018879250384,0.013818979074673164,0.012522610377377855,0.0031135597575278383
independent-mesh hold-out,308,0.28,0.0003077082013517719,0.00033969615466824025,0.0014781055016389777,2.1160851999024102e-16,2.308349245735488e-08,0.0,0.0,0.951825505967881,0.9218778933005568,0.07696203224019177,0.03719389381989864,0.011915417499868724
independent-mesh hold-out,309,0.32,0.00017528586558706902,0.0001953387505798685,0.0010222555479357629,2.389653701117216e-16,2.3258923006303783e-08,0.0,0.0,0.9391398394682682,0.8472387244106201,0.1213806915715376,0.08126636024618256,0.01091742442623181
independent-mesh hold-out,310,0.36,0.00014091437249057556,0.00014197510161038793,0.0007489569990604519,2.5085408570009e-16,2.1203096271940112e-08,0.0,0.0,0.8762265162382018,0.815143671299829,0.18326672538994523,0.11329358494193541,0.011945790862227863
independent-mesh hold-out,311,0.40,0.00010361419859902834,9.499053732513734e-05,0.0007643338059087972,1.602925676980381e-16,2.1329560510411283e-08,0.0,0.0,0.956827103252891,0.9198558401914199,0.08062290923318419,0.04099065127920713,0.0018313709773024442
independent-mesh hold-out,312,0.20,0.0001222393496959002,0.00015827381911339168,0.0005002667836085156,1.4621746492603726e-16,3.056424809554655e-08,0.0,0.0,0.9273585267041001,0.8608343865242032,0.09761714683800221,0.0907896843567658,0.023501720795449918
independent-mesh hold-out,313,0.24,0.00010887895800997793,0.0001341902754058873,0.0005731209620268287,1.258511736952512e-16,2.7033191700552363e-08,0.0,0.0,0.9752796488476952,0.9445948947596324,0.05128015019927189,0.018601304799302214,0.010205876949146713
independent-mesh hold-out,314,0.28,7.437355442795969e-05,7.693991413234186e-05,0.0003144471275987767,2.0130323111403504e-16,2.731134986683995e-08,0.0,0.0,0.9853553321050381,0.9786406041975044,0.01765275419296788,0.015652718902958683,0.002691436655650654
independent-mesh hold-out,315,0.32,9.806140396249492e-05,0.00010759641197702181,0.0005044376939769733,1.806279353137838e-16,2.5068285944273886e-08,0.0,0.0,0.9442154503246161,0.8482359048696032,0.14805294252863352,0.04596545031992006,0.013451141380296938
independent-mesh hold-out,316,0.36,0.00013894601145649714,0.00014957625176893814,0.0007827172296729251,1.7349089965016452e-16,2.712651880842729e-08,0.0,0.0,0.9432155846821295,0.6982537658912124,0.1806320480561276,0.16906558002340688,0.008493989171193346
independent-mesh hold-out,317,0.40,0.00015091306497485123,0.00015885451561455747,0.0012001147858123275,1.791712170257844e-16,2.0251406671421707e-08,0.0,0.0,0.9991578027143644,0.997811056786848,0.001908979771788305,0.0010839201518153883,4.3505112979887155e-05
independent-mesh hold-out,318,0.20,8.031912811242537e-05,0.00010885559205218605,0.00033404475522507733,2.6890502545365115e-16,2.986988788633815e-08,0.0,0.0,0.9492721110877419,0.9374291090646665,0.05186313044900052,0.041897663389346015,0.019576232858900807
independent-mesh hold-out,319,0.24,0.00018182865848298256,0.00019148009911147947,0.0006908471922528613,1.5975806524739584e-16,2.8188168784521897e-08,0.0,0.0,0.956886921427225,0.8939682794933882,0.07541460209666001,0.061216295938824175,0.012581313580720425
independent-mesh hold-out,320,0.28,0.00015847544884342788,0.00014294269179559874,0.0006148494358239344,1.7512638018294832e-16,2.2752078434632338e-08,0.0,0.0,0.9535585791463376,0.848374139573981,0.1284106486194438,0.053288696402849216,0.016460861271086438
independent-mesh hold-out,321,0.32,0.00018002720718181693,0.00015928695023813183,0.0008536628497409372,1.3689162731437126e-16,3.0172991057991405e-08,0.0,0.0,0.961260980325841,0.9051221662609723,0.06388659115166655,0.06378114075220077,0.005991775903607613
independent-mesh hold-out,322,0.36,0.00019627597982532316,0.00019197529728157638,0.0010366634277350444,1.0335532746687877e-16,2.598412880118294e-08,0.0,0.0,0.8672814025810875,0.8664653248910943,0.13249249796990947,0.12492201351029134,0.00895599046068463
independent-mesh hold-out,323,0.40,7.289207204247521e-05,6.959446789423326e-05,0.000568902250302545,1.693101436305956e-16,1.943958582118899e-08,0.0,0.0,0.9233463485900408,0.7880502905513573,0.2081971823315692,0.074049792024502,0.006333215296685667
independent-mesh hold-out,324,0.20,0.0002711254909424258,0.0002884335084513569,0.0008834825342292961,1.6101405813901546e-16,2.7915742721368212e-08,0.0,0.0,0.9263210808045389,0.8956389263629588,0.09004053458042684,0.06257059492922507,0.025482851102261346
independent-mesh hold-out,325,0.24,0.00014040878924546557,0.00016152509779748082,0.0007023205972793266,1.4987730345527045e-16,3.5763328294243966e-08,0.0,0.0,0.9629163131678402,0.8886228419245835,0.0837017985193086,0.04932234387928508,0.015432483955478837
independent-mesh hold-out,326,0.28,0.00011001591968984913,0.00011396169563924096,0.0004937508097509068,1.615102929772868e-16,2.7795425491195705e-08,0.0,0.0,0.9989294701284058,0.9987334067429816,0.0012668431949223841,0.0009343930708130982,0.00013648068131132154
independent-mesh hold-out,327,0.32,0.00013395633917105617,0.00015302885578372675,0.0007249491977432026,1.891758944364864e-16,2.0526347344758976e-08,0.0,0.0,0.9972679723635486,0.994055276481964,0.004574150455694217,0.0035291470011362992,0.0005649012514039973
independent-mesh hold-out,328,0.36,6.563517464151345e-05,5.202586024745299e-05,0.0003197386222226635,1.0012572979080242e-16,2.88880520137073e-08,0.0,0.0,0.9986603670358418,0.997004246635282,0.0029603968344932927,0.0012109969597639202,0.00016409000416793865
independent-mesh hold-out,329,0.40,0.00011494873935605335,0.00011908845875973258,0.0008690491236784988,1.6846892811672608e-16,2.819168420461876e-08,0.0,0.0,0.9866059391424721,0.9581490654651705,0.028040333175302645,0.02642188690349489,0.0008480784038584279
independent-mesh hold-out,330,0.20,6.532614110896419e-05,8.477599759647033e-05,0.00029779761633301954,2.066414822649059e-16,3.001396192617821e-08,0.0,0.0,0.997098336036336,0.9957840881524938,0.003310696645680906,0.0020523618651420972,0.0017525331470407944
independent-mesh hold-out,331,0.24,0.00018163953496510345,0.00016177108361530986,0.0006757755559200873,2.1724852617175535e-16,2.9324715664692553e-08,0.0,0.0,0.9503112508553593,0.8708615131673394,0.11422510996684686,0.042153196187356225,0.02250403557145741
independent-mesh hold-out,332,0.28,7.564724090657273e-05,8.736140855752053e-05,0.000365845745613711,1.1746269083278046e-16,2.2988006484144173e-08,0.0,0.0,0.982456473185622,0.9816279087069418,0.017319521492719366,0.016905133111448742,0.0016730770928431316
independent-mesh hold-out,333,0.32,0.00016200024590169748,0.00016489728071881276,0.0007538776730208286,1.4365873652374517e-16,2.977863725324069e-08,0.0,0.0,0.9572305823422019,0.8591660845104182,0.1336159688681156,0.0389170723393811,0.011197233230925727
independent-mesh hold-out,334,0.36,8.99940110923079e-05,9.86205249560795e-05,0.0006072109310702074,2.1955365048051253e-16,2.5886282123552654e-08,0.0,0.0,0.9930221954802795,0.9845010060499655,0.015521758830999077,0.0065387460547790665,0.00042805454156850015
independent-mesh hold-out,335,0.40,7.703175590205613e-05,7.885837151983406e-05,0.0006159177354296424,1.6891680060887524e-16,2.8301267067774338e-08,0.0,0.0,0.9520092195243851,0.8550732103583405,0.12353846320755855,0.06606851274623063,0.003388221159098647
independent-mesh hold-out,336,0.20,0.0002491380372093158,0.00024913426281030605,0.0007904040445966918,1.792295910166566e-16,2.5882491237209824e-08,0.0,0.0,0.9444862822666699,0.8991171810089535,0.07834659512225634,0.05664353555878774,0.02145220651601705
independent-mesh hold-out,337,0.24,8.350590353095251e-05,0.00010162384426309036,0.0003738023168022546,1.4200728175986337e-16,2.994715292571612e-08,0.0,0.0,0.9883575580840249,0.9714181160598558,0.023659867022864517,0.013895120723976726,0.0026917886622746523
independent-mesh hold-out,338,0.28,5.9708380017319856e-05,5.456296269294925e-05,0.00024927154186304604,2.122391331793154e-16,2.9133618969014485e-08,0.0,0.0,0.9967244903173836,0.9939046405036898,0.004248457412288059,0.003983388456783345,0.0011391255294583484
independent-mesh hold-out,339,0.32,0.00030793435319921266,0.0002898532923482561,0.001796115122736624,1.8650268016458792e-16,2.817688046307666e-08,0.0,0.0,0.9912961153074561,0.941149010475542,0.043299472356515725,0.02141694700869593,0.002928661102737522
independent-mesh hold-out,340,0.36,0.00012715506802047708,0.00011509644444047815,0.0006973591517367617,1.5283924865382543e-16,2.5294165451166327e-08,0.0,0.0,0.9869714785833004,0.9707969033572323,0.028648111372626933,0.012612294301169738,0.0010196815826637123
independent-mesh hold-out,341,0.40,0.0001668199425630688,0.00017275364296293874,0.001222080884856604,1.4593457733790523e-16,1.943097728150478e-08,0.0,0.0,0.9568528706805762,0.8526917689772264,0.13375862470846606,0.053571797497138716,0.003402843273888159
independent-mesh hold-out,342,0.20,0.0001297715390685595,0.00015622987929357786,0.0005096303889923512,1.9931596676120757e-16,2.6055312058467922e-08,0.0,0.0,0.9754053749410848,0.9676611223185798,0.03524227069689679,0.01746194443823726,0.0042163737553693155
independent-mesh hold-out,343,0.24,0.00012733534724701937,0.00016304996482261928,0.0006490988929377723,1.632759009099208e-16,2.863831757091453e-08,0.0,0.0,0.9957417778679654,0.9946973435209913,0.004503771759015447,0.003817000964204835,0.0012340540895313587
independent-mesh hold-out,344,0.28,0.00017668567762657263,0.00018632243310747306,0.0008916939113270366,2.377467786136969e-16,3.4290347080515146e-08,0.0,0.0,0.981764135819999,0.9512629614211153,0.034254751083091936,0.02804243524726157,0.004681099516885418
independent-mesh hold-out,345,0.32,0.00016505071911873713,0.00018971831083747427,0.0008140639213710919,2.1457458243773173e-16,2.748803967973211e-08,0.0,0.0,0.9193809742867086,0.8050330622243199,0.13624712445955672,0.1276036758000838,0.012004507419242081
independent-mesh hold-out,346,0.36,0.00027806463942364274,0.0002959918392536809,0.0016878638116989383,1.5744609274191119e-16,2.7670508435009406e-08,0.0,0.0,0.911919351126741,0.751989341359135,0.16711127780264717,0.1612310956278524,0.008332261940181801
independent-mesh hold-out,347,0.40,5.0051177040377014e-05,5.223941919478858e-05,0.00037754523249957403,1.2336507957641452e-16,3.1397442000014666e-08,0.0,0.0,0.9980114767654875,0.9887168559594336,0.006898303193179169,0.006178394207180844,0.0001871297034053523
independent-mesh hold-out,348,0.20,0.00022673343903621278,0.000260716741666513,0.0007900817548542808,1.9683149229991767e-16,3.5320696497304304e-08,0.0,0.0,0.9150912095890885,0.8506925149518719,0.10917598342425656,0.09806665441247218,0.027105478456079177
independent-mesh hold-out,349,0.24,0.00014515667954324531,0.00018365957747235314,0.0006434085674026065,1.956424267473526e-16,1.812870556928781e-08,0.0,0.0,0.9696466508740567,0.9554427431300528,0.037347195418096925,0.02948555822968538,0.008014310804819213
independent-mesh hold-out,350,0.28,9.099828417522639e-05,0.00010466622903046028,0.0004709074008521241,2.553629536167377e-16,2.430466672675822e-08,0.0,0.0,0.9996562343673527,0.9994513330411425,0.000496328485951692,0.0003195747909376733,7.604089812684817e-05
independent-mesh hold-out,351,0.32,0.00019015234261777445,0.00018824073520473325,0.001129912849138141,1.484382866578599e-16,3.250236129904654e-08,0.0,0.0,0.9756031600804734,0.923383667596629,0.07255582828842846,0.022473193806443203,0.00599918937779826
independent-mesh hold-out,352,0.36,4.496722092879686e-05,4.761097098746574e-05,0.00027425794210464785,2.562270979248515e-16,2.4188980212402597e-08,0.0,0.0,0.9961363040299811,0.9882010716305504,0.011165316949979468,0.00395289369195018,0.0005391341200905562
independent-mesh hold-out,353,0.40,4.894885631409879e-05,4.93175934727586e-05,0.0004065003418690528,1.5601443564475703e-16,2.618266532937598e-08,0.0,0.0,0.9781976587907826,0.9640063316262287,0.036085465422732804,0.02080643635113687,0.0009146284018326903
independent-mesh hold-out,354,0.20,0.00015860551973261784,0.00016262006108530339,0.0006027788059113893,1.4380863445031222e-16,2.9333010123019173e-08,0.0,0.0,0.9673767504519551,0.8614991361591118,0.09322705886517507,0.06440818626527622,0.013491316965521825
independent-mesh hold-out,355,0.24,0.00012310422681885725,0.00015607541602407978,0.000557829607885839,1.8708533883201013e-16,2.433123343043752e-08,0.0,0.0,0.9994024059343579,0.9992674907525139,0.0006610737546618946,0.0005824974544133078,8.703408853310102e-05
independent-mesh hold-out,356,0.28,0.0001983165335878354,0.0002347214193422945,0.001014944481400976,1.8743947516010335e-16,2.2605694000872565e-08,0.0,0.0,0.9511080006798888,0.9045190351678908,0.09436277580208313,0.03584903669651209,0.014085616837992199
independent-mesh hold-out,357,0.32,6.203359278133169e-05,6.5292435397096e-05,0.00032882700231574136,2.33696704756611e-16,3.1719272114854546e-08,0.0,0.0,0.988868350384421,0.9856692471296652,0.013826193594427801,0.010502536177781536,0.0011371310704666089
independent-mesh hold-out,358,0.36,3.618821587795919e-05,3.4630997413358624e-05,0.0001766883288690274,1.577240849387683e-16,2.9247850945498734e-08,0.0,0.0,0.9947138942027334,0.9721210147978067,0.026416116623704147,0.005747729236965511,0.0009933465478574783
independent-mesh hold-out,359,0.40,7.060540394107557e-05,7.442013009726514e-05,0.0005375789997762799,1.4559754000894932e-16,2.4246650599528758e-08,0.0,0.0,0.9622899472098484,0.9342593756336831,0.06266587743274304,0.03878409064650732,0.0019359123462268995
independent-mesh hold-out,360,0.20,0.00019254520304611382,0.00019444524905337345,0.0006750962770050131,1.0854311186938982e-16,3.522328360616139e-08,0.0,0.0,0.958409645204873,0.8897513997810255,0.09520127127015615,0.030648077259982354,0.02593307676226404
independent-mesh hold-out,361,0.24,0.00021757630746226393,0.0002446555416248755,0.0009022932246075231,1.0401998252968229e-16,1.9489880580285625e-08,0.0,0.0,0.9998402433414878,0.9998363439240212,0.00015554919194589882,0.00013706947413262308,3.067716189670735e-05
independent-mesh hold-out,362,0.28,6.615718405366773e-05,8.098091253337039e-05,0.0003332232172684877,1.3899736664600085e-16,2.8880177661006233e-08,0.0,0.0,0.9854743840745392,0.9841442119663143,0.014235966476087585,0.013694682913146322,0.002440332963157293
independent-mesh hold-out,363,0.32,3.767593908338552e-05,3.791234655939013e-05,0.00018821525960104272,2.1398316607276711e-16,3.037624772529233e-08,0.0,0.0,0.9931916397474817,0.9798462846001994,0.01574230929881156,0.010238667780932426,0.0009777995839894433
independent-mesh hold-out,364,0.36,7.679725460001153e-05,7.086854832308355e-05,0.00047785445598883284,2.041987883641059e-16,3.2034499344328896e-08,0.0,0.0,0.9932736872775123,0.9792708975483723,0.016131340242768955,0.010254978344765837,0.0010689297510670943
independent-mesh hold-out,365,0.40,2.5421076630314517e-05,2.5007293133055813e-05,0.00019302677875882615,2.307591345802994e-16,2.8168204638771845e-08,0.0,0.0,0.9495595351392426,0.9347700292879094,0.0651070358554647,0.04858815316730499,0.0019875553005962074
independent-mesh hold-out,366,0.20,0.00035609942508338946,0.0003523252331907372,0.001155421316225427,1.5902217387284677e-16,2.8002666780373035e-08,0.0,0.0,0.9934930421989543,0.9906484476317468,0.008512156893536724,0.005759062523647883,0.0015839708637515042
independent-mesh hold-out,367,0.24,0.00017997342605048224,0.00018162921800929765,0.0006498264956431717,1.9116852446477933e-16,2.8449260549027234e-08,0.0,0.0,0.9813400768117622,0.9778122269606737,0.02349077786339174,0.014564811337879782,0.0027838746307357583
independent-mesh hold-out,368,0.28,0.00017611385846914789,0.00019577816799602635,0.0008004487461996182,1.6638274243203088e-16,2.0000143927610615e-08,0.0,0.0,0.9708911990932494,0.8990519815399445,0.08621434294482204,0.03337786661193409,0.010590330842565398
independent-mesh hold-out,369,0.32,2.844440082720773e-05,3.1998017141894384e-05,0.0001710766655312481,1.8324042549861486e-16,3.001214591897576e-08,0.0,0.0,0.9936461586146438,0.9877377843105805,0.010378120761005869,0.007232494602320289,0.0010067855581446354
independent-mesh hold-out,370,0.36,0.0001569188270482878,0.00016501036218207515,0.0009587642781591797,2.9892780119937797e-16,2.405868350300497e-08,0.0,0.0,0.9818618914303807,0.9461362716693941,0.052389932904781944,0.018139865393699706,0.0015747205801949174
independent-mesh hold-out,371,0.40,6.254422910873664e-05,6.115306590752441e-05,0.00046381970202880046,1.6234659363372561e-16,2.083994993758053e-08,0.0,0.0,0.99984142519807,0.9997341229237072,0.00022069483585111582,0.00019836948452476964,5.5664046902020415e-06
independent-mesh hold-out,372,0.20,0.00014860926052255157,0.0001712167267096502,0.00055320296792488,1.0462291868660044e-16,3.858058080706616e-08,0.0,0.0,0.9654661517607843,0.9310283662793405,0.06576162098921015,0.01927715215249381,0.018372241122611276
independent-mesh hold-out,373,0.24,0.00011893395127010104,0.00013499497301431627,0.0004929470056333491,1.2542042398635436e-16,2.8885177597242293e-08,0.0,0.0,0.9540616319478595,0.7886284711702971,0.1516218808799537,0.09152470754023373,0.014027627184159586
independent-mesh hold-out,374,0.28,9.892400660005194e-05,0.0001119574697552935,0.0004564267199187648,1.292227130514421e-16,2.905484006264768e-08,0.0,0.0,0.9702127637760518,0.9636769383723176,0.03309930812909887,0.028635225952787054,0.004354440425244896
independent-mesh hold-out,375,0.32,0.00017939580564877068,0.0002054286002603538,0.0010454935992923972,2.1812826189673038e-16,3.2278544883259005e-08,0.0,0.0,0.967184683220313,0.9320819926443802,0.061764208676715,0.03306699635810332,0.005834648347924275
independent-mesh hold-out,376,0.36,7.422814645103608e-05,7.742012260259378e-05,0.0004974678062959325,1.7074795244161513e-16,2.671319666473086e-08,0.0,0.0,0.9967104604791671,0.9933011720143551,0.006539264407567474,0.003080232768226509,0.00037097966096573794
independent-mesh hold-out,377,0.40,0.00010300423361134662,0.00010765982024365699,0.0008713435628874017,2.004219589327349e-16,2.4932224274882517e-08,0.0,0.0,0.9289123394312231,0.8734334435129906,0.10783888456209655,0.08682491031424097,0.0030834404397320483
independent-mesh hold-out,378,0.20,4.817515524775408e-05,5.7024474458565435e-05,0.00019266531202830127,1.0488507910142866e-16,2.81527473576639e-08,0.0,0.0,0.9980320993442077,0.9979542013923379,0.0024918668451635265,0.0012890774536138505,0.00023259826170721995
independent-mesh hold-out,379,0.24,0.0001386100211764996,0.00015511720312085385,0.0005689005256355865,1.7123982355518407e-16,3.1382030124528996e-08,0.0,0.0,0.9980652644915519,0.9973419914225322,0.002540018051373273,0.001680942711057672,0.0003704792587632459
independent-mesh hold-out,380,0.28,0.00018695102310310057,0.0001818988904760977,0.000697528202331349,1.539770841127436e-16,2.9518405765672485e-08,0.0,0.0,0.9525354958189166,0.8862668918777425,0.09794008761548165,0.04940749303773614,0.013937204565243022
independent-mesh hold-out,381,0.32,0.00028366111674330973,0.0003245232822819773,0.0015829761354977658,2.0356932123329986e-16,2.4527859928035685e-08,0.0,0.0,0.9788468481446059,0.9778338413085537,0.021157504396719814,0.01982980316333066,0.0022762138451084012
independent-mesh hold-out,382,0.36,0.000335622640320961,0.0002709373584714832,0.0014117840601454309,1.7622172799512765e-16,2.6196736870634473e-08,0.0,0.0,0.8811265242813171,0.7233319096514582,0.2696783017108219,0.10931702175058851,0.01643259641681223
independent-mesh hold-out,383,0.40,3.107263788116266e-05,3.224850639159119e-05,0.00032397696253663424,1.409899066820515e-16,2.2443980165865534e-08,0.0,0.0,0.9916531698744899,0.9135269269413955,0.08200631820664817,0.01225832449193678,0.0005542892408147684
independent-mesh hold-out,384,0.20,6.468410392958165e-05,6.05073968026214e-05,0.0002253747920063384,2.975740770369381e-16,2.2408694885072258e-08,0.0,0.0,0.9989175617464084,0.9964371152369401,0.0031746716298372223,0.0012532071994283945,0.0002179605444219811
independent-mesh hold-out,385,0.24,0.00020389319687557278,0.0001902124858404686,0.0007390761015346357,2.0094295276911288e-16,2.47223854682325e-08,0.0,0.0,0.9714018971140689,0.9127701407143156,0.06479335611410411,0.03933464328378712,0.011770240718845183
independent-mesh hold-out,386,0.28,9.64965581217342e-05,0.00011416158210623224,0.0005227550135799364,2.3910336986738535e-16,2.862537827184936e-08,0.0,0.0,0.99986993771895,0.9997568397283557,0.00020373466644810594,0.00013931927467457296,2.9971843075027604e-05
independent-mesh hold-out,387,0.32,6.94060171534158e-05,7.871478174539722e-05,0.0004519541715403435,2.0039466400469423e-16,2.2576768451427463e-08,0.0,0.0,0.9525015480922587,0.8663273637657679,0.1269305889758619,0.04231173394406555,0.011878969769493404
independent-mesh hold-out,388,0.36,3.996109351702905e-05,4.2037719981839594e-05,0.00023092981093681807,1.3508347402348154e-16,3.2644692118068015e-08,0.0,0.0,0.9978036939723134,0.996143645702976,0.0034631517548398064,0.0025060533564615576,8.468719658406986e-05
independent-mesh hold-out,389,0.40,3.094570534005385e-05,3.222647979492362e-05,0.0002431520089963915,2.021056590597885e-16,3.06934794787621e-08,0.0,0.0,0.9694106327628698,0.9233249856816182,0.0534899875368498,0.052094508478451304,0.0017067120159141359
independent-mesh hold-out,390,0.20,0.0002218187739141467,0.0003058763970386569,0.0009670151969781145,2.593920098887323e-16,2.4801269499179827e-08,0.0,0.0,0.963531827952709,0.9575980346269591,0.0363106451460727,0.03162732963801745,0.011008366614786895
independent-mesh hold-out,391,0.24,9.862352637719028e-05,0.00010645683246037144,0.0005009533816314941,2.0221054875884726e-16,2.7340986026315456e-08,0.0,0.0,0.9945807288772307,0.9821433878591362,0.01307872283788772,0.007863381953913957,0.002334595817724882
independent-mesh hold-out,392,0.28,0.00018061822680923823,0.00021421526751043093,0.0008601807304364028,1.9894407568214384e-16,2.0778021222860347e-08,0.0,0.0,0.9969931237639157,0.9927048612669463,0.005109124920966863,0.004245591718573104,0.0009347440063983143
independent-mesh hold-out,393,0.32,1.982979088205157e-05,2.2191609460487765e-05,0.00014043813384477787,1.703749560098964e-16,2.579725604459263e-08,0.0,0.0,0.997960401645797,0.9968611854008053,0.003115928740588008,0.002015809816563578,4.7335910857937706e-05
independent-mesh hold-out,394,0.36,7.05082491648291e-05,6.972118608305574e-05,0.0004151110901974382,1.1758599667774753e-16,2.35927149032849e-08,0.0,0.0,0.9915725366678113,0.987850912629649,0.01098422779338665,0.008979076246034251,0.0006259787024177909
independent-mesh hold-out,395,0.40,3.201490891488906e-05,3.3584074900751924e-05,0.0002457753873850504,1.0186294506858038e-16,2.500165086709747e-08,0.0,0.0,0.9982136134183569,0.9968065385395974,0.0029884642744309633,0.001898400014289836,9.444298712631285e-05
independent-mesh hold-out,396,0.20,0.00011299348635209791,0.00010688016105570971,0.0004758016943423193,1.0853007300186187e-16,2.7280770557950046e-08,0.0,0.0,0.9993642288360121,0.9929087031240386,0.007193760848471404,0.00048509783623490297,5.03656721440743e-05
independent-mesh hold-out,397,0.24,0.00015979076013594132,0.00015934645434767584,0.000586922862429166,2.0902230135467134e-16,3.02561323647885e-08,0.0,0.0,0.9265101993820619,0.8729005956960805,0.11306585074562357,0.06348497999458397,0.024053545138129614
independent-mesh hold-out,398,0.28,6.776954940518284e-05,7.711378047213243e-05,0.00032332929571228915,1.7088510955273482e-16,2.6042656642688353e-08,0.0,0.0,0.9926566629666096,0.9920530794010319,0.007156559806804302,0.0069163727794142385,0.0012140673218508419
independent-mesh hold-out,399,0.32,0.0002979380698373843,0.00034258353247032064,0.0014540433959550029,1.576237857489119e-16,2.875849487426906e-08,0.0,0.0,0.9220182500646178,0.8204832590145573,0.13343332753988874,0.11218394002649353,0.012311772259123601
independent-mesh hold-out,400,0.36,9.018134337689708e-05,9.614895290313399e-05,0.000584616816525198,1.6961570578722325e-16,2.911561923847265e-08,0.0,0.0,0.9950961738391855,0.9909920856966753,0.008787714251295225,0.004638699549503875,0.0004956839936712553
independent-mesh hold-out,401,0.40,2.04256580462739e-05,2.142470910264695e-05,0.0001579010578024318,1.540600651714772e-16,2.2095789221509363e-08,0.0,0.0,0.9989591123278183,0.9973479003470002,0.00200552610001381,0.0016306085821510333,5.6080167490251945e-05
independent-mesh hold-out,402,0.20,0.0002654516763069021,0.0003634831495059077,0.0011216932197126645,1.5595120240843448e-16,3.466166785449196e-08,0.0,0.0,0.9337345210454061,0.922951319552647,0.07459610321501488,0.05425800822034144,0.014302134103304446
independent-mesh hold-out,403,0.24,0.0005878475836127532,0.0007360514511577069,0.0026238747248982777,1.3709717879790031e-16,2.407229746458874e-08,0.0,0.0,0.9796836306174074,0.97723665566999,0.020341893727027674,0.017894656993588692,0.004756748423441576
independent-mesh hold-out,404,0.28,0.00016342003011721501,0.00017554624036465272,0.0007397581969276329,1.761487725527244e-16,2.537092673396446e-08,0.0,0.0,0.9982027815983213,0.9978572904985881,0.002068558250399343,0.0017984900616532307,7.412139280071664e-05
independent-mesh hold-out,405,0.32,0.00012546267627795495,0.00011966527837874124,0.0007272113984824589,1.0458130374535775e-16,2.421073953694117e-08,0.0,0.0,0.9713976543518256,0.9088773012674918,0.09061980606379116,0.02176608345123231,0.007357185783856394
independent-mesh hold-out,406,0.36,0.0001391416561342879,0.00012153542408218007,0.0007658963040814222,2.3933200552208646e-16,2.3726768627211897e-08,0.0,0.0,0.9519496646252202,0.8843988180007855,0.10199381384069217,0.05605394270523784,0.005626678310848113
independent-mesh hold-out,407,0.40,4.8911750842019296e-05,5.0832078957243105e-05,0.00043713483742737066,1.594111893923469e-16,2.278169532573811e-08,0.0,0.0,0.9980862511223639,0.9909040009855044,0.006672792542133848,0.0041629759825068495,0.00017715342575549338
independent-mesh hold-out,408,0.20,4.7707585194545256e-05,6.280319910955958e-05,0.0002246427533877704,2.1379599097487798e-16,1.9827577101743905e-08,0.0,0.0,0.9871355467191428,0.9839266565516358,0.017258132129200125,0.009986341113836223,0.001697860588635865
independent-mesh hold-out,409,0.24,0.00013177900393714152,0.000140826173912705,0.000702423961172883,1.8148194977567745e-16,2.8154020644135917e-08,0.0,0.0,0.9756391516477488,0.9111267822039629,0.06305728425550909,0.03964612703145917,0.010545563260119666
independent-mesh hold-out,410,0.28,0.00021394705488127485,0.0002565919158450746,0.0010796358805683665,1.787515319841219e-16,2.6493724331210056e-08,0.0,0.0,0.9957409158896752,0.9953660435927754,0.004215136386237551,0.004014295026161168,0.0006560836479859181
independent-mesh hold-out,411,0.32,0.0002852725472127185,0.00030295195773695515,0.0013414427951459488,1.8425890214076626e-16,2.9238451232948442e-08,0.0,0.0,0.9311875064207435,0.9054154728807859,0.08921569301187111,0.06444422750526634,0.009421176774809036
independent-mesh hold-out,412,0.36,5.842892147917626e-05,6.272266333112442e-05,0.0003169239838567787,1.5812618427486287e-16,2.2151950744884555e-08,0.0,0.0,0.9905023252664732,0.9501663921215512,0.04577886151850394,0.011780161620695253,0.0018038152857135145
independent-mesh hold-out,413,0.40,5.8726743534605284e-05,6.17654527259109e-05,0.00042901167702325227,1.5002126359495142e-16,1.9836275814010688e-08,0.0,0.0,0.997842406184226,0.992269803860819,0.007532724475328323,0.0021730615242646556,0.00017545373438245782
independent-mesh hold-out,414,0.20,9.77639849018952e-05,0.00012193274295131754,0.0004230442182313523,1.0600065618525591e-16,2.3111546163374983e-08,0.0,0.0,0.9965200868532159,0.9951443504951556,0.005248702614952685,0.0028431871908222222,0.00023923193161366893
independent-mesh hold-out,415,0.24,0.000132936602250852,0.00016736564969407392,0.0005944898773176023,1.7583703027247436e-16,2.974942216223722e-08,0.0,0.0,0.998207089158395,0.9977141025264749,0.002070563389531564,0.0017950216950497926,0.00021473409752713462
independent-mesh hold-out,416,0.28,0.00027649949910909806,0.00033422000194072697,0.0013849959722831875,1.733276859712859e-16,2.8639444098855635e-08,0.0,0.0,0.994800605543644,0.9947886690011807,0.00507734057976382,0.0045399902217792,0.0007813720063373449
independent-mesh hold-out,417,0.32,0.00012586439003917498,0.00011190305927042887,0.000630819765370552,1.8059387740368586e-16,3.540455480324592e-08,0.0,0.0,0.9490313010733752,0.8266967701108064,0.13132716134056552,0.08189575200835225,0.011098794324119088
independent-mesh hold-out,418,0.36,0.00011822432892451665,0.00012876447364618235,0.0007484856637027914,1.737362384935778e-16,2.4558031822565845e-08,0.0,0.0,0.9951328237342835,0.9814465380000352,0.014356725985975883,0.008553292256062056,0.0005350127635603024
independent-mesh hold-out,419,0.40,5.906619632948865e-05,6.071249262803172e-05,0.0004974389222575233,1.948262182054146e-16,2.2800878044039434e-08,0.0,0.0,0.9910075019000792,0.9893619660530336,0.010377486733646746,0.008932920486590657,0.0003313538650584388
independent-mesh hold-out,420,0.20,0.0001985051807244909,0.00022417437460854888,0.0007949717743354829,1.9062564882779233e-16,3.124948980624109e-08,0.0,0.0,0.9938211483836923,0.9579323670771074,0.04117037069735519,0.006290273776313252,0.0008443023664751506
independent-mesh hold-out,421,0.24,8.13552611340291e-05,0.00010005669034206336,0.00037948496189660493,1.8536121028888732e-16,2.121090358803068e-08,0.0,0.0,0.9948843071684521,0.9943011629825061,0.005254867139085067,0.004368534262493052,0.0011936235170864385
independent-mesh hold-out,422,0.28,0.00026066878092822414,0.00031864853449354804,0.0013015573821504689,2.042777557322387e-16,3.022995132715886e-08,0.0,0.0,0.9540618910289059,0.9535903336322329,0.04636260547454094,0.038541159778213735,0.007318342666160169
independent-mesh hold-out,423,0.32,0.00011679722125611754,0.00013048415272074024,0.0007826486408291492,1.6843416764610446e-16,3.13941419312518e-08,0.0,0.0,0.9854955027895761,0.9539780460766999,0.04141724370716373,0.01572630719565864,0.003370145135515063
independent-mesh hold-out,424,0.36,0.00017816468277240477,0.00016150000270648802,0.0009249050947926253,1.7385332381899846e-16,2.4279659786494487e-08,0.0,0.0,0.9924249605216184,0.9714399767189148,0.02449138957207475,0.010522928996407527,0.001157895339835827
independent-mesh hold-out,425,0.40,3.630877230204498e-05,3.56102278289185e-05,0.00026381922528292376,1.6453223652700747e-16,2.7517643012507673e-08,0.0,0.0,0.9121267007270544,0.90668509381758,0.09256371532304149,0.0851624381404239,0.003489115982200575
independent-mesh hold-out,426,0.20,0.0002526223613163593,0.00034225412957457184,0.0011319134763251805,1.4691330822015743e-16,2.2918005961213315e-08,0.0,0.0,0.9784511104432736,0.9515907993754189,0.042675764137251174,0.022269137821417626,0.005093904792924671
independent-mesh hold-out,427,0.24,9.333907006979472e-05,9.203810279197788e-05,0.00040161159741901374,1.6428335061490112e-16,3.365518481306429e-08,0.0,0.0,0.9963648998213365,0.9951440968476288,0.0054362303431480085,0.0029338364464112374,0.00011851865586006564
independent-mesh hold-out,428,0.28,9.190911112579924e-05,0.00010351820042602144,0.0004630263329333058,1.5278815539856527e-16,2.6235853260593058e-08,0.0,0.0,0.9895348936013904,0.9792384868496984,0.01915027816267717,0.010417940060328703,0.0016633987831078615
independent-mesh hold-out,429,0.32,8.254277685586053e-05,7.574015431264811e-05,0.0004272787640098683,1.9969256599730197e-16,3.0858006538373856e-08,0.0,0.0,0.9966394933335891,0.9935371759966171,0.005774462928107889,0.0033320496429439976,0.0007166111901347945
independent-mesh hold-out,430,0.36,0.00012602493349960395,0.00013689119194395974,0.0008438953935450291,2.759835398154135e-16,2.6356697775360925e-08,0.0,0.0,0.9713078230440428,0.9507259048368021,0.04425109246159758,0.031534044259728944,0.0022451571098486924
independent-mesh hold-out,431,0.40,4.838467458154245e-05,4.239782415312461e-05,0.0003255298265977403,1.898370007030154e-16,2.2994915438288273e-08,0.0,0.0,0.9956813970303133,0.9909521023195704,0.00875384562872672,0.004319121390592167,0.0002913638378357318
independent-mesh hold-out,432,0.20,0.00020354157462306114,0.0002583045097759551,0.0008602670909869541,1.2791365041924804e-16,2.2493953384412752e-08,0.0,0.0,0.947637437033279,0.8888534712129399,0.07686178660753859,0.06871663774851654,0.018053295636631352
independent-mesh hold-out,433,0.24,0.00010629437196043866,0.0001157161675234132,0.0004471823701865041,1.1856588266439962e-16,3.145958996653026e-08,0.0,0.0,0.9441352032807493,0.8844800600274852,0.11503933304191465,0.03194577303992363,0.02438680402048391
independent-mesh hold-out,434,0.28,0.00025641318824059443,0.00026406798489472485,0.0011863127557864882,1.5330632179081677e-16,2.7192373421463285e-08,0.0,0.0,0.9461723623016061,0.8776922324682928,0.11305490809677429,0.04688240654061428,0.016203738726048057
independent-mesh hold-out,435,0.32,0.00010662131962122298,0.00011895232167656544,0.000779500259390233,1.1356633797922546e-16,2.715439680067839e-08,0.0,0.0,0.9949792600924647,0.9814237449136655,0.01799542308282305,0.004271900464683057,0.0013190993919274987
independent-mesh hold-out,436,0.36,4.9977244574912697e-05,4.793993929493278e-05,0.0002598266184316145,1.3920883628290128e-16,3.0905115867821476e-08,0.0,0.0,0.9986004036493762,0.996864155150069,0.002717127055805549,0.0016493280098648503,0.00016794832718462272
independent-mesh hold-out,437,0.40,8.51508106074528e-05,7.538355627985468e-05,0.0006299970383976764,2.032329550883867e-16,1.9347444195156927e-08,0.0,0.0,0.9908818559337204,0.9808117600730171,0.014156214204714575,0.013583983854319472,0.0005676008978844907
independent-mesh hold-out,438,0.20,0.0002851877366104812,0.00033184177373697237,0.001073899788126434,1.2175561839554183e-16,3.565106137262194e-08,0.0,0.0,0.9462821713109514,0.9124821790703758,0.06330562223367732,0.06122894614598926,0.016788211967802003
independent-mesh hold-out,439,0.24,0.00010438358295028983,0.00012962427621039787,0.0004928260396088941,1.517587578885421e-16,2.9082711367756474e-08,0.0,0.0,0.9989307554915009,0.9976144260546685,0.0022602604959512385,0.0007407701703097804,0.00045149894971582784
independent-mesh hold-out,440,0.28,0.00021154475991199035,0.00022659769881471086,0.0010504917496060701,1.4411695350504424e-16,2.4257599412116207e-08,0.0,0.0,0.9518246900061546,0.8720393350169902,0.10191479615657376,0.06050935994461064,0.013716011247688153
independent-mesh hold-out,441,0.32,7.768501803321057e-05,7.503701920071763e-05,0.0004909396941381683,1.1136952672726137e-16,2.427525048519471e-08,0.0,0.0,0.9963191301474322,0.9699672473149387,0.026282065359712885,0.006851265828378633,0.0005895861250900115
independent-mesh hold-out,442,0.36,4.0818668116600545e-05,4.478341678408625e-05,0.00027886397953062476,1.4126667191167196e-16,3.056938184784502e-08,0.0,0.0,0.9842230115319206,0.9809899529916369,0.01755177887723031,0.01623083309592965,0.0010141523134110755
independent-mesh hold-out,443,0.40,4.1563374835392334e-05,3.306079320205163e-05,0.000292012005870028,2.0151977833690476e-16,2.3556936573336802e-08,0.0,0.0,0.999770294795755,0.9995907754167579,0.0003855149155604653,0.0002466001860494914,6.829119915490965e-06
independent-mesh hold-out,444,0.20,0.00017456469506620846,0.00017897102111810148,0.0005894753578974368,1.623016535759506e-16,3.19772474794878e-08,0.0,0.0,0.9577787466765585,0.892481234976866,0.07487436377849846,0.056012869088205,0.018907389960171286
independent-mesh hold-out,445,0.24,0.0002049783193674698,0.00020094788932757592,0.0007704000944652146,1.9953214661888548e-16,2.7880357922417923e-08,0.0,0.0,0.9499821267251977,0.9183426727527665,0.0630965036872624,0.0556644966826526,0.012932155874105736
independent-mesh hold-out,446,0.28,6.220932005669995e-05,7.180567633567484e-05,0.00029512516395289394,1.292251331013251e-16,2.5856061509150224e-08,0.0,0.0,0.9762606194783148,0.9665947832917456,0.02725846925007855,0.02586977578236309,0.004003855264437241
independent-mesh hold-out,447,0.32,0.00015862328877511072,0.00014724130348563096,0.0007375590333836879,1.719475598312064e-16,2.7178664419112984e-08,0.0,0.0,0.9230908011969133,0.8657819863711753,0.10120817070666038,0.10047805568430214,0.009454870066979823
independent-mesh hold-out,448,0.36,0.00017297929273038648,0.00018864843121685473,0.0009475938158158151,1.9573503470701396e-16,2.62373333657613e-08,0.0,0.0,0.8967551043445148,0.7818359837369602,0.19567915750752118,0.11556592652267979,0.010529447797191538
independent-mesh hold-out,449,0.40,0.0001335164892104471,0.00012894031179479538,0.0009575561082737319,1.1289924757458592e-16,2.2341663760319707e-08,0.0,0.0,0.9987972795227708,0.9959014430482844,0.0029393072293700372,0.002286442998170436,8.191722228713112e-05
independent-mesh hold-out,450,0.20,0.00021455624823401044,0.00027124194748313473,0.0009230362115926544,2.1445737699233102e-16,2.652354208210468e-08,0.0,0.0,0.9923696452453262,0.96795053397559,0.027148763059438134,0.010450623625718638,0.002132604864482329
independent-mesh hold-out,451,0.24,0.0001372963170558483,0.0001580752514635823,0.0005679884191840389,1.4819099162949874e-16,2.6515101467763405e-08,0.0,0.0,0.9443024647539062,0.9413461158688707,0.05069142997861504,0.049779125250208146,0.013788496577798447
independent-mesh hold-out,452,0.28,0.000177419203400653,0.0001950538972437779,0.0007550666637777744,2.19844598312605e-16,2.8983458440670462e-08,0.0,0.0,0.9281675576590852,0.9247664260152462,0.0746127467948999,0.060396228729290666,0.01189837486281368
independent-mesh hold-out,453,0.32,0.00022753278628504553,0.00025570120148287004,0.0013618869425193248,2.0290307947828607e-16,2.521210401732785e-08,0.0,0.0,0.9505300978054378,0.8763302746872369,0.11284964174535188,0.049702385722765786,0.01050487407432994
independent-mesh hold-out,454,0.36,0.0001953724475916033,0.0001873422153263971,0.001029048005499644,2.0163952340878472e-16,2.841206219404502e-08,0.0,0.0,0.9557954873342127,0.9146225165162088,0.08414591892793584,0.040316444680173986,0.005016705594465248
independent-mesh hold-out,455,0.40,4.22038670414589e-05,3.66886885800917e-05,0.00026693779970291963,1.7555231267208102e-16,2.396700059363666e-08,0.0,0.0,0.961671334690394,0.9195341145991716,0.07724452433966979,0.03916001127349357,0.002367831442912969
independent-mesh hold-out,456,0.20,0.00021722233117803957,0.0002136693975353854,0.0006866380225614312,2.5708358265792633e-16,3.084347990159341e-08,0.0,0.0,0.942454093255001,0.9393864704904011,0.06039189596211731,0.039015230791967996,0.018750851007394636
independent-mesh hold-out,457,0.24,4.380555102809263e-05,5.5084937787362755e-05,0.00022592506181284068,1.9051513480799394e-16,2.998882232447876e-08,0.0,0.0,0.9978780280649978,0.9957755211942865,0.0043435785347942,0.00171139535489402,0.00029213860945910444
independent-mesh hold-out,458,0.28,9.235858731553873e-05,0.00010318109214871084,0.00045409028828894294,3.3186505848600066e-16,2.7271335834082635e-08,0.0,0.0,0.9904723457739952,0.9873970075213967,0.013752632021875634,0.007882271242494809,0.0004990355246329453
independent-mesh hold-out,459,0.32,0.00021657012898749172,0.00022281831270661595,0.0011055409682651036,1.7214913051380765e-16,2.7158297660581685e-08,0.0,0.0,0.9969989846044857,0.9959508730049016,0.0036530329491303954,0.0030495640652264144,0.0003438292528444909
independent-mesh hold-out,460,0.36,0.00012207720992796106,0.00010109338918962118,0.0006073032827333584,2.511668093312144e-16,2.6550374015792092e-08,0.0,0.0,0.9934010007528906,0.9888185182728418,0.009164546024381328,0.008094279929837354,0.0005420387705548527
independent-mesh hold-out,461,0.40,0.00011292218358510693,0.0001046316345085257,0.0009224948481239953,9.846558259638902e-17,2.4239589633113736e-08,0.0,0.0,0.9581063940293688,0.8782580406525855,0.11886366481372579,0.041577938493362145,0.0031839997538491414
independent-mesh hold-out,462,0.20,0.0006320806687377389,0.0007293400801135721,0.0023830139576256136,1.807082528161306e-16,2.560031928460537e-08,0.0,0.0,0.9897817148899091,0.9889899664204201,0.00976716449279096,0.008833006964198885,0.002610501791480529
independent-mesh hold-out,463,0.24,0.00022895348282828018,0.00024989973447333164,0.000831198159969847,1.9259843103781523e-16,3.8524987346536116e-08,0.0,0.0,0.9308389674038788,0.8682897072551855,0.10868347636876333,0.0706369074327248,0.02167198110951957
independent-mesh hold-out,464,0.28,0.00010323558192105824,0.00012125781872812153,0.000503724422142368,1.538084291502876e-16,2.6490765189076157e-08,0.0,0.0,0.9977982373012266,0.9975322236163986,0.0021971259318707523,0.0021815534769383626,0.00028786041320333307
independent-mesh hold-out,465,0.32,0.00017806322798911465,0.00020120324287444056,0.0010881873093248058,8.783987245638463e-17,2.3826160556287716e-08,0.0,0.0,0.9377887158881651,0.839028449772549,0.1494092104353715,0.05945776522843705,0.014229706718648823
independent-mesh hold-out,466,0.36,6.60821945452921e-05,6.681150497086775e-05,0.0004309790712982384,2.3978865146343647e-16,2.700121414724856e-08,0.0,0.0,0.9956801252310291,0.9934726605215051,0.005289477102144306,0.005169857112557315,0.0003863388882102631
independent-mesh hold-out,467,0.40,8.543812990758471e-05,8.705426575692155e-05,0.0006613227652163986,2.0252458263061707e-16,2.3377539871976692e-08,0.0,0.0,0.9985966524071215,0.9975410148022501,0.0020435380390028553,0.0017583232312432455,6.427437119757402e-05
independent-mesh hold-out,468,0.20,0.0003216113923334016,0.0004193097295074103,0.0012845033718346423,1.395269457269657e-16,1.9653308781627405e-08,0.0,0.0,0.8777890804146871,0.843036849446905,0.15546037861234174,0.075530700305736,0.04778875407530237
independent-mesh hold-out,469,0.24,7.352337379044722e-05,9.066494903369364e-05,0.00037676865107200353,1.490753762799075e-16,2.245862619668399e-08,0.0,0.0,0.9999233024379927,0.9998852632846383,0.00010445095733935168,5.775665720372963e-05,2.9150610883726536e-05
independent-mesh hold-out,470,0.28,4.010563570569326e-05,3.633414053526145e-05,0.00015760507786610683,1.5661182370791201e-16,2.535379758665948e-08,0.0,0.0,0.9802321762516498,0.9610957770986256,0.03410721212924588,0.02134283704290083,0.0032197965514062276
independent-mesh hold-out,471,0.32,5.586938720064271e-05,6.389994708753065e-05,0.0003125807574187426,2.214122804625359e-16,2.7222775453023746e-08,0.0,0.0,0.9942148003221553,0.9910098855346862,0.007342265002295401,0.006437688647071674,0.0010003187419012694
independent-mesh hold-out,472,0.36,0.0002561919103477376,0.0002819891073025402,0.0016808802303043846,1.2044911820565782e-16,2.662208715921096e-08,0.0,0.0,0.9524299475238772,0.9276048063810581,0.07232971372018918,0.04305556238330711,0.00441762973448564
independent-mesh hold-out,473,0.40,2.8595578406816187e-05,2.8447264344898636e-05,0.0002608998887925177,2.1477439726553482e-16,2.5125782638191362e-08,0.0,0.0,0.9981639993939314,0.9947837399565254,0.005083002223541081,0.0018779964623409082,9.088062209206403e-05
independent-mesh hold-out,474,0.20,0.00018265125537645667,0.00022155814170684708,0.0007627617241971762,1.7481101543132845e-16,2.9718891848656453e-08,0.0,0.0,0.946149711754506,0.7861814057482407,0.17563413183261103,0.07658818427268431,0.015163813867691072
independent-mesh hold-out,475,0.24,0.00017033533485694992,0.00015644673401205453,0.0006166691633814588,1.0651557010956679e-16,2.2906531681755465e-08,0.0,0.0,0.9713317926586625,0.9177119227665858,0.05211131382105098,0.04970408966668869,0.009192197011351162
independent-mesh hold-out,476,0.28,0.00012210573433714056,0.0001306743392517784,0.0005267682871858141,1.8663077485648556e-16,3.0527737553453603e-08,0.0,0.0,0.9843397214234485,0.9751025866126488,0.02140483631416772,0.017145547607111015,0.001989864431689323
independent-mesh hold-out,477,0.32,0.00016921021816630627,0.00019381115104650512,0.0008962393463911944,1.295796997291155e-16,1.936431834667188e-08,0.0,0.0,0.9749270781160922,0.950291495769804,0.04792131087876414,0.02227314036028842,0.004496878276969161
independent-mesh hold-out,478,0.36,0.00010271627586264181,0.00011281400218097279,0.0006477789157673594,1.4885427066009138e-16,2.452669478882403e-08,0.0,0.0,0.9638465108859365,0.9339424782676916,0.0596998644519992,0.03971817944159127,0.0028718495670525916
independent-mesh hold-out,479,0.40,4.350342052444811e-05,4.43115175314156e-05,0.0002967767007402158,1.75084144440032e-16,2.5029108921442605e-08,0.0,0.0,0.9893112983488703,0.8744645953466096,0.11908665389301394,0.015950228601083284,0.0012410234951113512
independent-mesh hold-out,480,0.20,2.42279504736944e-05,3.050410400889637e-05,0.00010090082904239807,2.0645237135544428e-16,2.530217563465166e-08,0.0,0.0,0.9961897648364425,0.9942088942460844,0.005306373808261026,0.002234025360270278,0.0020601675056934215
independent-mesh hold-out,481,0.24,0.00047381235542607594,0.0005750708138049813,0.0020920076874612653,1.689046318057383e-16,3.088635522982503e-08,0.0,0.0,0.9900908376336194,0.9884787002516822,0.009721723594945617,0.009521678477538268,0.0021578410824135467
independent-mesh hold-out,482,0.28,0.00028025912298513145,0.0003135079652004848,0.0013035751307055939,2.074160269513727e-16,3.364550986661771e-08,0.0,0.0,0.9485652327104745,0.9287512055572464,0.07046357762213813,0.0411227407390252,0.010892209191171898
independent-mesh hold-out,483,0.32,0.00019956071732220215,0.00021882422399703853,0.0011378093017663411,1.5180908485631255e-16,2.453644868630147e-08,0.0,0.0,0.9473061727948873,0.8791330402519729,0.09197778455867517,0.07309725785452394,0.008441088332339015
independent-mesh hold-out,484,0.36,7.607517268751829e-05,8.014361165343155e-05,0.0004263002692445503,1.2613514139469233e-16,2.940362068746414e-08,0.0,0.0,0.9501206688918936,0.8842494922109453,0.09157807414621408,0.06631981408222787,0.007662176719391652
independent-mesh hold-out,485,0.40,8.134378359217137e-05,7.777766097081168e-05,0.0005754183426954351,1.0484262881959655e-16,2.984363463947845e-08,0.0,0.0,0.9227492133358149,0.7278845344682114,0.2296345406248911,0.11369202158537388,0.006161704536560956
independent-mesh hold-out,486,0.20,3.330630730165939e-05,4.394907867646794e-05,0.00015814556715477274,9.312843978636931e-17,2.701700219139355e-08,0.0,0.0,0.9918128442887529,0.9911499251816243,0.01101835714712848,0.005398150665168738,0.000619015008283917
independent-mesh hold-out,487,0.24,0.00013271412892751163,0.00017128099421992538,0.0006167614120718168,1.9570022303322926e-16,3.503130332923218e-08,0.0,0.0,0.9958359161463864,0.9957608774936257,0.0038827709644891355,0.0035644051873550174,0.0009609311020296057
independent-mesh hold-out,488,0.28,0.0005100091453152539,0.0006219255132155314,0.002612624414434384,1.2436867460229425e-16,2.7932874278908066e-08,0.0,0.0,0.9757433681253225,0.9744041883259134,0.025115870007527786,0.02065859839084028,0.00396798623586694
independent-mesh hold-out,489,0.32,0.00018470903549940625,0.00020912110274125056,0.0010518877023835372,1.8880507037878998e-16,2.3782413123934526e-08,0.0,0.0,0.9995889529922902,0.9995426297085471,0.0004572657359523629,0.00036215193903724007,4.8303488007189205e-05
independent-mesh hold-out,490,0.36,0.00015837042360413123,0.00017309180726093957,0.0010035206435811395,1.826360406932989e-16,1.99101939188408e-08,0.0,0.0,0.9967757810586708,0.9881233311179318,0.009727579958834687,0.005059364003965074,0.00033659636636735956
independent-mesh hold-out,491,0.40,0.00011797883562982723,0.00011833253260022661,0.0009608639272723196,2.990964278851322e-16,3.1746082363832764e-08,0.0,0.0,0.9612378509466519,0.9374344257914058,0.05907247187025411,0.04043179318656498,0.0019292807160045825
independent-mesh hold-out,492,0.20,4.9793448987208695e-05,5.730571727272351e-05,0.0002158929799979273,1.3990106622409568e-16,3.322563505490866e-08,0.0,0.0,0.9900287858863015,0.9848646142656945,0.012962821673302845,0.006374489438388733,0.005771310258549178
independent-mesh hold-out,493,0.24,4.9502450771336776e-05,6.26915906936108e-05,0.00024118935989209738,1.5596375053070456e-16,2.3019091927321207e-08,0.0,0.0,0.999725184287526,0.9994615955564009,0.00042950256503233766,0.00032843721867285033,5.5056370049448044e-05
independent-mesh hold-out,494,0.28,0.00027328647373293176,0.00033110320014804025,0.0014091774816531758,1.6056994603094149e-16,2.7223047409801382e-08,0.0,0.0,0.9550771285683787,0.9159341524448997,0.07596475597606112,0.041481337378957484,0.011422372936356182
independent-mesh hold-out,495,0.32,2.5102995119191667e-05,2.2434474286518102e-05,0.00010789517852180157,1.2855447737083825e-16,3.200043908932435e-08,0.0,0.0,0.985052836294487,0.9813178482088915,0.017385730136942976,0.01430665361816016,0.0019357256323744721
independent-mesh hold-out,496,0.36,5.058583749944291e-05,5.55662092278539e-05,0.00034022310262859037,2.1206231274276291e-16,2.4783617053038562e-08,0.0,0.0,0.9796514486932837,0.9723904224705278,0.026748055244688058,0.019567016423593153,0.0016565227507550164
independent-mesh hold-out,497,0.40,6.0957067698177494e-05,6.0813545109979144e-05,0.0004669701304836979,1.3093457718221732e-16,2.6861793400255754e-08,0.0,0.0,0.9996313206804368,0.9994944119611556,0.0004666739977689097,0.000396059032443566,1.1856910429960572e-05
independent-mesh hold-out,498,0.20,0.00019145933851030935,0.00021378752419946612,0.0007494757242757472,7.787450315911637e-17,3.380301341082543e-08,0.0,0.0,0.9767503141938397,0.9371896412497872,0.06268928015818334,0.014638163121330951,0.008667085390158539
independent-mesh hold-out,499,0.24,0.0002046413034307583,0.000250029070348607,0.0008795682553185166,1.6214046681335318e-16,3.0512100297639874e-08,0.0,0.0,0.9688051401735138,0.9654359871890498,0.03403171157919038,0.02726320333926002,0.00442908068926607
independent-mesh hold-out,500,0.28,0.00012793341091858697,0.00013048255929329325,0.0005351407470871028,1.8479297655406355e-16,3.3341884573448443e-08,0.0,0.0,0.9800226268394263,0.9745129109411862,0.022872048095359428,0.019616779054363084,0.002963276138567118
independent-mesh hold-out,501,0.32,0.0002212728488847353,0.0002553596880107874,0.0012415302928328665,1.4095471019138275e-16,2.459409645819365e-08,0.0,0.0,0.9421003953372594,0.9036253784303073,0.08987156506427237,0.05531302314801253,0.008958772369774763
independent-mesh hold-out,502,0.36,0.00011531696385708967,0.00012144384180605831,0.0007298982834327421,2.7665815389010976e-16,2.8912514851824715e-08,0.0,0.0,0.9705338371162848,0.9563004730247764,0.04188985011095829,0.029156313796514222,0.0021842571118266168
independent-mesh hold-out,503,0.40,0.00014339261845016882,0.00015076157699924267,0.0011451617816239886,1.0498964079633721e-16,2.534064689469387e-08,0.0,0.0,0.9327648811901132,0.8852274541138524,0.11110082932789749,0.0671869582093656,0.0035541203041458366
independent-mesh hold-out,504,0.20,0.0002096907151345905,0.00023214265941032218,0.0007939618890019659,1.2670247758686265e-16,3.007397626270841e-08,0.0,0.0,0.9508974272781607,0.9174671187459419,0.0740153268207898,0.034672054157556156,0.022944609326657293
independent-mesh hold-out,505,0.24,0.00012683484235806596,0.00011813453254081919,0.00042799555730268504,1.6869396545450848e-16,3.038400935394338e-08,0.0,0.0,0.9828694111750363,0.9828011053695945,0.015752967172540586,0.015309070447044043,0.0032657642903339106
independent-mesh hold-out,506,0.28,0.00014258361531094448,0.00017435847481628124,0.0007375528420915955,1.577002855385149e-16,2.420839945390939e-08,0.0,0.0,0.9996590366943956,0.9995355239793705,0.00038738622098771,0.0003611634521424415,5.628579584489946e-05
independent-mesh hold-out,507,0.32,0.00013982701007241429,0.00012742459937795705,0.0006237729047268851,3.4208498030240556e-16,2.4184026242626478e-08,0.0,0.0,0.9976008077743327,0.9913902147089749,0.0058355171539633,0.004681728824756095,0.0004987606646559261
independent-mesh hold-out,508,0.36,0.00017313957515576017,0.0001555461450206081,0.0009046375600041215,1.992397495118867e-16,2.661558574452661e-08,0.0,0.0,0.9899513514392271,0.9791749829285757,0.020042712993210594,0.010066638378404729,0.000815186663237899
independent-mesh hold-out,509,0.40,6.248670765781997e-05,4.6827295389002996e-05,0.00038532854191521235,1.188999731579572e-16,2.9552671826536068e-08,0.0,0.0,0.9142061304236472,0.7579688895514965,0.23548408634203588,0.08526921984820762,0.007121122591518676
independent-mesh hold-out,510,0.20,0.00021760371658428786,0.00022752753504199998,0.0007798077894158981,1.59753613451577e-16,2.84719765091897e-08,0.0,0.0,0.998739686926069,0.9985620273795442,0.0013805333000469343,0.0010362481274936801,0.0002821116809433539
independent-mesh hold-out,511,0.24,0.00022902886505023602,0.00028424868350650093,0.0010788907248417872,1.9523829014319724e-16,2.7161583701582757e-08,0.0,0.0,0.9456992309710216,0.9175400664297488,0.08021450016684664,0.03828747945201069,0.01818785857342388
