id,x,y,reference_temperature,operator_temperature,valid
BH14,-1.0,-1.0,2.833620730897689e-17,0.0,True
BH14,-0.9833333333333333,-1.0,0.007877696450422418,0.007880182702005379,True
BH14,-0.9666666666666667,-1.0,0.01575696196261388,0.015760365404010747,True
BH14,-0.95,-1.0,0.023639161820013636,0.023640548106016093,True
BH14,-0.9333333333333333,-1.0,0.031526493976131845,0.03152073080802147,True
BH14,-0.9166666666666666,-1.0,0.03941995342275843,0.03940091351002689,True
BH14,-0.9,-1.0,0.04732080254841617,0.04730307568833747,True
BH14,-0.8833333333333333,-1.0,0.0552320330678306,0.055230249542673186,True
BH14,-0.8666666666666667,-1.0,0.06315351082095463,0.06315742339700897,True
BH14,-0.85,-1.0,0.07108579268459568,0.07108459725134472,True
BH14,-0.8333333333333334,-1.0,0.07903306878547617,0.07901177110568046,True
BH14,-0.8166666666666667,-1.0,0.08699476191926406,0.08693894496001625,True
BH14,-0.8,-1.0,0.09497156723047573,0.09494992733247286,True
BH14,-0.7833333333333333,-1.0,0.10296624961916022,0.10296339592000961,True
BH14,-0.7666666666666666,-1.0,0.11097823751458756,0.11097686450754629,True
BH14,-0.75,-1.0,0.11900843515536892,0.11899033309508289,True
BH14,-0.7333333333333334,-1.0,0.12706039643790262,0.12700380168261957,True
BH14,-0.7166666666666667,-1.0,0.13513258791179017,0.13507663659482883,True
BH14,-0.7,-1.0,0.14322347284849565,0.1432025703252478,True
BH14,-0.6833333333333333,-1.0,0.15133868657164656,0.15132850405566667,True
BH14,-0.6666666666666667,-1.0,0.15947555794723348,0.15945443778608553,True
BH14,-0.65,-1.0,0.16763402065801045,0.16758037151650446,True
BH14,-0.6333333333333333,-1.0,0.17581704385572883,0.17572510728840937,True
BH14,-0.6166666666666667,-1.0,0.18402220275321143,0.183975043292233,True
BH14,-0.6,-1.0,0.19224953701744776,0.19222497929605664,True
BH14,-0.5833333333333333,-1.0,0.20050191139643558,0.20047491529988037,True
BH14,-0.5666666666666667,-1.0,0.2087764929969268,0.20872485130370405,True
BH14,-0.55,-1.0,0.217073256448042,0.21697478730752762,True
BH14,-0.5333333333333333,-1.0,0.22539471431877342,0.22531735643360848,True
BH14,-0.5166666666666666,-1.0,0.23373717754976353,0.23368382972625834,True
BH14,-0.5,-1.0,0.2421011798883018,0.24205030301890806,True
BH14,-0.4833333333333334,-1.0,0.2504887104102595,0.2504167763115579,True
BH14,-0.4666666666666667,-1.0,0.2588955742812989,0.25878324960420773,True
BH14,-0.44999999999999996,-1.0,0.26732287293794166,0.26724629481920115,True
BH14,-0.43333333333333335,-1.0,0.2757716356522396,0.27571295115125233,True
BH14,-0.41666666666666663,-1.0,0.28423875491720796,0.28417960748330373,True
BH14,-0.4,-1.0,0.2927237588323035,0.292646263815355,True
BH14,-0.3833333333333333,-1.0,0.3012283937568292,0.3011262953621371,True
BH14,-0.3666666666666667,-1.0,0.30974946797959685,0.309677349229115,True
BH14,-0.35,-1.0,0.31828571507178716,0.3182284030960929,True
BH14,-0.33333333333333337,-1.0,0.3268392316931539,0.32677945696307087,True
BH14,-0.31666666666666665,-1.0,0.3354079187099296,0.3353305108300487,True
BH14,-0.30000000000000004,-1.0,0.3439890622637651,0.3439077034325125,True
BH14,-0.2833333333333333,-1.0,0.352584970190933,0.3525251108225284,True
BH14,-0.2666666666666667,-1.0,0.3611929233752088,0.3611425182125443,True
BH14,-0.25,-1.0,0.36981221718110313,0.3697599256025602,True
BH14,-0.2333333333333334,-1.0,0.37844334664810286,0.3783773329925761,True
BH14,-0.21666666666666667,-1.0,0.3870841840883079,0.3870266783066071,True
BH14,-0.19999999999999996,-1.0,0.39573406208459255,0.3956921625358237,True
BH14,-0.18333333333333335,-1.0,0.40439327085684273,0.4043576467650401,True
BH14,-0.16666666666666663,-1.0,0.4130600251280258,0.4130231309942568,True
BH14,-0.15000000000000002,-1.0,0.42173365977972566,0.4216886152234733,True
BH14,-0.1333333333333333,-1.0,0.4304141866022354,0.4303835153368772,True
BH14,-0.1166666666666667,-1.0,0.4391001549688367,0.439079799807572,True
BH14,-0.09999999999999998,-1.0,0.44779092967295464,0.447776084278267,True
BH14,-0.08333333333333337,-1.0,0.4564862693825983,0.45647236874896185,True
BH14,-0.06666666666666665,-1.0,0.4651848093148325,0.4651723179969191,True
BH14,-0.050000000000000044,-1.0,0.47388612192279284,0.47388296384283146,True
BH14,-0.033333333333333326,-1.0,0.48258968995111906,0.4825936096887439,True
BH14,-0.01666666666666672,-1.0,0.49129454769086633,0.49130425553465623,True
BH14,0.0,-1.0,0.5000001064863218,0.5000149013805686,True
BH14,0.016666666666666607,-1.0,0.5087056614642304,0.5087246891553661,True
BH14,0.033333333333333215,-1.0,0.5174105060416871,0.5174338011286514,True
BH14,0.050000000000000044,-1.0,0.5261140603562611,0.5261429131019368,True
BH14,0.06666666666666665,-1.0,0.5348153772001725,0.5348520250752223,True
BH14,0.08333333333333326,-1.0,0.54351398712045,0.5435611370485077,True
BH14,0.10000000000000009,-1.0,0.5522092778554548,0.5522551401026481,True
BH14,0.1166666666666667,-1.0,0.5609000021503604,0.5609467991660928,True
BH14,0.1333333333333333,-1.0,0.569585879961094,0.5696384582295375,True
BH14,0.1499999999999999,-1.0,0.5782664084725483,0.5783301172929824,True
BH14,0.16666666666666674,-1.0,0.5869401064182005,0.5870158868282795,True
BH14,0.18333333333333335,-1.0,0.5956068681505023,0.5956736618076363,True
BH14,0.19999999999999996,-1.0,0.6042660903951964,0.604331436786993,True
BH14,0.21666666666666656,-1.0,0.6129159851261056,0.6129892117663496,True
BH14,0.2333333333333334,-1.0,0.6215568156582489,0.6216469867457064,True
BH14,0.25,-1.0,0.6301879688425507,0.6302799760147804,True
BH14,0.2666666666666666,-1.0,0.6388073825022751,0.6388868079333013,True
BH14,0.2833333333333332,-1.0,0.6474154181367704,0.6474936398518221,True
BH14,0.30000000000000004,-1.0,0.6560114022715277,0.6561004717703431,True
BH14,0.31666666666666665,-1.0,0.6645924619569479,0.6647073036888639,True
BH14,0.33333333333333326,-1.0,0.6731601274115436,0.6732588597057557,True
BH14,0.3500000000000001,-1.0,0.6817143188573852,0.6817976051622499,True
BH14,0.3666666666666667,-1.0,0.6902509109886099,0.6903363506187439,True
BH14,0.3833333333333333,-1.0,0.6987718646565925,0.6988750960752377,True
BH14,0.3999999999999999,-1.0,0.7072764099642472,0.7074001821134969,True
BH14,0.41666666666666674,-1.0,0.715761385614385,0.7158550516326885,True
BH14,0.43333333333333335,-1.0,0.72422843104077,0.7243099211518798,True
BH14,0.44999999999999996,-1.0,0.732677176173059,0.732764790671071,True
BH14,0.46666666666666656,-1.0,0.7411044347839325,0.7412196601902624,True
BH14,0.4833333333333334,-1.0,0.749511864537637,0.7496209539440926,True
BH14,0.5,-1.0,0.7578989373334997,0.7579793098227907,True
BH14,0.5166666666666666,-1.0,0.7662625186399876,0.7663376657014889,True
BH14,0.5333333333333332,-1.0,0.7746053081415052,0.774696021580187,True
BH14,0.55,-1.0,0.7829266031579908,0.7830543370553724,True
BH14,0.5666666666666667,-1.0,0.791223223472845,0.7913088543213511,True
BH14,0.5833333333333333,-1.0,0.7994978303896451,0.7995633715873297,True
BH14,0.6000000000000001,-1.0,0.8077502476292183,0.8078178888533085,True
BH14,0.6166666666666667,-1.0,0.8159776549692994,0.8160724061192872,True
BH14,0.6333333333333333,-1.0,0.8241830435769706,0.8242749059452111,True
BH14,0.6499999999999999,-1.0,0.832366370593593,0.8324249541958969,True
BH14,0.6666666666666667,-1.0,0.8405248417088325,0.8405750024465829,True
BH14,0.6833333333333333,-1.0,0.8486615035443477,0.8487250506972689,True
BH14,0.7,-1.0,0.8567768123182412,0.8568730950540524,True
BH14,0.7166666666666666,-1.0,0.864867873268844,0.864925443251153,True
BH14,0.7333333333333334,-1.0,0.8729390632736904,0.8729777914482535,True
BH14,0.75,-1.0,0.8809916570593714,0.8810301396453539,True
BH14,0.7666666666666666,-1.0,0.8890219590510633,0.8890824878424547,True
BH14,0.7833333333333332,-1.0,0.8970340948263039,0.8970898956466838,True
BH14,0.8,-1.0,0.9050287614646557,0.905059329821879,True
BH14,0.8166666666666667,-1.0,0.9130053453217599,0.9130287639970743,True
BH14,0.8333333333333333,-1.0,0.9209669125158594,0.9209981981722691,True
BH14,0.8499999999999999,-1.0,0.9289143162121991,0.9289647113176748,True
BH14,0.8666666666666667,-1.0,0.9368471839233553,0.9368736280937723,True
BH14,0.8833333333333333,-1.0,0.9447679393191772,0.9447825448698697,True
BH14,0.8999999999999999,-1.0,0.9526792396527607,0.952691461645967,True
BH14,0.9166666666666667,-1.0,0.9605800695730403,0.960600378422064,True
BH14,0.9333333333333333,-1.0,0.9684735126107267,0.9684922907643659,True
BH14,0.95,-1.0,0.9763608303173653,0.9763692180732743,True
BH14,0.9666666666666666,-1.0,0.9842430544903376,0.9842461453821829,True
BH14,0.9833333333333334,-1.0,0.9921223333378163,0.9921230726910916,True
BH14,1.0,-1.0,0.9999999999999999,1.0,True
BH14,-1.0,-0.9833333333333333,-5.684980973375133e-17,8.464611080540906e-17,True
BH14,-0.9833333333333333,-0.9833333333333333,0.007876847914937425,0.007876375260453776,True
BH14,-0.9666666666666667,-0.9833333333333333,0.015755308676090627,0.015752751776231484,True
BH14,-0.95,-0.9833333333333333,0.02363680118609245,0.02362912954671203,True
BH14,-0.9333333333333333,-0.9833333333333333,0.031523098855367436,0.03150550857127523,True
BH14,-0.9166666666666666,-0.9833333333333333,0.03941576498936915,0.039381888849301036,True
BH14,-0.9,-0.9833333333333333,0.04731636907351693,0.04728053929327395,True
BH14,-0.8833333333333333,-0.9833333333333333,0.05522593119096443,0.05520444034409194,True
BH14,-0.8666666666666667,-0.9833333333333333,0.06314684974878634,0.06312834189833047,True
BH14,-0.85,-0.9833333333333333,0.07107918372282743,0.07105224395587345,True
BH14,-0.8333333333333334,-0.9833333333333333,0.07902555736534955,0.07897614651660462,True
BH14,-0.8166666666666667,-0.9833333333333333,0.08698607189588577,0.08690004958040809,True
BH14,-0.8,-0.9833333333333333,0.09496243995650927,0.09490894056036438,True
BH14,-0.7833333333333333,-0.9833333333333333,0.10295646115602124,0.10292014194458382,True
BH14,-0.7666666666666666,-0.9833333333333333,0.11096849747553361,0.11093134323817075,True
BH14,-0.75,-0.9833333333333333,0.11899884385794204,0.11894254444111957,True
BH14,-0.7333333333333334,-0.9833333333333333,0.12704884656361728,0.12695374555342506,True
BH14,-0.7166666666666667,-0.9833333333333333,0.13512092247451207,0.13502484389973335,True
BH14,-0.7,-0.9833333333333333,0.14321192210572853,0.14314979563967656,True
BH14,-0.6833333333333333,-0.9833333333333333,0.15132666680836265,0.15127474611297093,True
BH14,-0.6666666666666667,-0.9833333333333333,0.15946321694353366,0.15939969531716297,True
BH14,-0.65,-0.9833333333333333,0.16762154100694251,0.16752464324979346,True
BH14,-0.6333333333333333,-0.9833333333333333,0.17580441999733717,0.17566865694281514,True
BH14,-0.6166666666666667,-0.9833333333333333,0.18400976362444227,0.18391869411804027,True
BH14,-0.6,-0.9833333333333333,0.19223763079037176,0.19216873146278718,True
BH14,-0.5833333333333333,-0.9833333333333333,0.20048934834317023,0.200418768977483,True
BH14,-0.5666666666666667,-0.9833333333333333,0.208764431740949,0.20866880666255613,True
BH14,-0.55,-0.9833333333333333,0.21706172735425328,0.21691884451843652,True
BH14,-0.5333333333333333,-0.9833333333333333,0.22538168112999596,0.22526323069563609,True
BH14,-0.5166666666666666,-0.9833333333333333,0.2337253268499186,0.2336307036529487,True
BH14,-0.5,-0.9833333333333333,0.2420902995562463,0.24199817883676875,True
BH14,-0.4833333333333334,-0.9833333333333333,0.25047728291725335,0.2503656562545341,True
BH14,-0.4666666666666667,-0.9833333333333333,0.25888423643028263,0.25873313591371583,True
BH14,-0.44999999999999996,-0.9833333333333333,0.267312810408044,0.2671980573236664,True
BH14,-0.43333333333333335,-0.9833333333333333,0.2757615109911963,0.27566633718001465,True
BH14,-0.41666666666666663,-0.9833333333333333,0.2842290188989202,0.2841346199059811,True
BH14,-0.4,-0.9833333333333333,0.29271468324510497,0.292602905509176,True
BH14,-0.3833333333333333,-0.9833333333333333,0.30121885093180367,0.30108460421316074,True
BH14,-0.3666666666666667,-0.9833333333333333,0.3097401877494781,0.3096375529364146,True
BH14,-0.35,-0.9833333333333333,0.31827784818235894,0.3181905036272935,True
BH14,-0.33333333333333337,-0.9833333333333333,0.32683151629082074,0.32674345628886264,True
BH14,-0.31666666666666665,-0.9833333333333333,0.3354000580222528,0.335296410924194,True
BH14,-0.30000000000000004,-0.9833333333333333,0.3439821575497577,0.3438754014802062,True
BH14,-0.2833333333333333,-0.9833333333333333,0.35257828558325777,0.35249472502492224,True
BH14,-0.2666666666666667,-0.9833333333333333,0.3611866051431434,0.36111404933342006,True
BH14,-0.25,-0.9833333333333333,0.36980638304081564,0.3697333744061566,True
BH14,-0.2333333333333334,-0.9833333333333333,0.3784378686668748,0.37835270024358886,True
BH14,-0.21666666666666667,-0.9833333333333333,0.387079143500474,0.38700383652396086,True
BH14,-0.19999999999999996,-0.9833333333333333,0.3957295222366928,0.39567117228416937,True
BH14,-0.18333333333333335,-0.9833333333333333,0.4043890258786172,0.4043385081997803,True
BH14,-0.16666666666666663,-0.9833333333333333,0.4130562775658839,0.4130058442708134,True
BH14,-0.15000000000000002,-0.9833333333333333,0.42173045587207403,0.421673180497288,True
BH14,-0.1333333333333333,-0.9833333333333333,0.43041107325907385,0.43036980229460176,True
BH14,-0.1166666666666667,-0.9833333333333333,0.4390974678344004,0.4390678359589182,True
BH14,-0.09999999999999998,-0.9833333333333333,0.44778882655298285,0.4477658696170346,True
BH14,-0.08333333333333337,-0.9833333333333333,0.4564843520530232,0.4564639032689508,True
BH14,-0.06666666666666665,-0.9833333333333333,0.4651833271360709,0.46516557998878805,True
BH14,-0.050000000000000044,-0.9833333333333333,0.4738850516148871,0.47387791661418477,True
BH14,-0.033333333333333326,-0.9833333333333333,0.48258893118594964,0.48259025318614984,True
BH14,-0.01666666666666672,-0.9833333333333333,0.49129417100245054,0.49130258970468577,True
BH14,0.0,-0.9833333333333333,0.5000000989692457,0.500014926169795,True
BH14,0.016666666666666607,-0.9833333333333333,0.5087060452404888,0.5087264086493335,True
BH14,0.033333333333333215,-0.9833333333333333,0.5174112586275101,0.5174372180840356,True
BH14,0.050000000000000044,-0.9833333333333333,0.5261151937067176,0.5261480273917101,True
BH14,0.06666666666666665,-0.9833333333333333,0.5348168756280889,0.5348588365723705,True
BH14,0.08333333333333326,-0.9833333333333333,0.5435158276756014,0.5435696456260318,True
BH14,0.10000000000000009,-0.9833333333333333,0.5522113964299811,0.552265402510138,True
BH14,0.1166666666666667,-0.9833333333333333,0.5609026933837036,0.5609588270958643,True
BH14,0.1333333333333333,-0.9833333333333333,0.5695889924611439,0.5696522513831326,True
BH14,0.1499999999999999,-0.9833333333333333,0.5782699759959872,0.5783456753720182,True
BH14,0.16666666666666674,-0.9833333333333333,0.5869439496174556,0.5870332049503355,True
BH14,0.18333333333333335,-0.9833333333333333,0.595611084405389,0.5956928463589802,True
BH14,0.19999999999999996,-0.9833333333333333,0.6042706174009226,0.6043524870916527,True
BH14,0.21666666666666656,-0.9833333333333333,0.6129210256193462,0.6130121271487203,True
BH14,0.2333333333333334,-0.9833333333333333,0.6215621350373538,0.6216717665305501,True
BH14,0.25,-0.9833333333333333,0.6301933414396848,0.6303065838560026,True
BH14,0.2666666666666666,-0.9833333333333333,0.6388137487822717,0.6389153590004102,True
BH14,0.2833333333333332,-0.9833333333333333,0.6474221282399073,0.6475241327139956,True
BH14,0.30000000000000004,-0.9833333333333333,0.656017708075166,0.6561329049983383,True
BH14,0.31666666666666665,-0.9833333333333333,0.664600562536132,0.664741675855016,True
BH14,0.33333333333333326,-0.9833333333333333,0.6731682986809111,0.6732949946833435,True
BH14,0.3500000000000001,-0.9833333333333333,0.6817223711953475,0.6818356567692034,True
BH14,0.3666666666666667,-0.9833333333333333,0.6902597736033786,0.6903763161780729,True
BH14,0.3833333333333333,-0.9833333333333333,0.698781372666452,0.6989169729155572,True
BH14,0.3999999999999999,-0.9833333333333333,0.7072858182215813,0.7074436902983956,True
BH14,0.41666666666666674,-0.9833333333333333,0.7157713916045267,0.7159002367150981,True
BH14,0.43333333333333335,-0.9833333333333333,0.7242388142625049,0.7243567790695008,True
BH14,0.44999999999999996,-0.9833333333333333,0.7326877669644003,0.7328133173763468,True
BH14,0.46666666666666656,-0.9833333333333333,0.7411152751585539,0.7412698516503085,True
BH14,0.4833333333333334,-0.9833333333333333,0.7495228785810298,0.7496722767655416,True
BH14,0.5,-0.9833333333333333,0.7579100629025033,0.7580318173319152,True
BH14,0.5166666666666666,-0.9833333333333333,0.7662750356062118,0.7663913535410676,True
BH14,0.5333333333333332,-0.9833333333333333,0.7746174441232723,0.7747508854169926,True
BH14,0.55,-0.9833333333333333,0.7829383658153417,0.7831101005733321,True
BH14,0.5666666666666667,-0.9833333333333333,0.7912358457272362,0.7913650485814364,True
BH14,0.5833333333333333,-0.9833333333333333,0.7995102568386456,0.7996199949025191,True
BH14,0.6000000000000001,-0.9833333333333333,0.8077623560208342,0.8078749395464777,True
BH14,0.6166666666666667,-0.9833333333333333,0.8159905762019732,0.816129882523132,True
BH14,0.6333333333333333,-0.9833333333333333,0.8241953653054108,0.8243317676975395,True
BH14,0.6499999999999999,-0.9833333333333333,0.8323776372002376,0.832481259365181,True
BH14,0.6666666666666667,-0.9833333333333333,0.8405372511638995,0.8406307527043121,True
BH14,0.6833333333333333,-0.9833333333333333,0.8486735654761367,0.8487802477074118,True
BH14,0.7,-0.9833333333333333,0.856787242525496,0.8569270648873535,True
BH14,0.7166666666666666,-0.9833333333333333,0.864880100658448,0.8649777635270939,True
BH14,0.7333333333333334,-0.9833333333333333,0.8729502641408825,0.8730284666169054,True
BH14,0.75,-0.9833333333333333,0.8810014394773151,0.8810791741388069,True
BH14,0.7666666666666666,-0.9833333333333333,0.889031723189873,0.8891298860749148,True
BH14,0.7833333333333332,-0.9833333333333333,0.8970434818365559,0.8971345704641448,True
BH14,0.8,-0.9833333333333333,0.9050378602882918,0.9051012751900548,True
BH14,0.8166666666666667,-0.9833333333333333,0.9130143062384952,0.9130679770206027,True
BH14,0.8333333333333333,-0.9833333333333333,0.9209747937742278,0.9210346759511799,True
BH14,0.8499999999999999,-0.9833333333333333,0.9289213714614826,0.9289980950336795,True
BH14,0.8666666666666667,-0.9833333333333333,0.9368536267761757,0.9369035225729629,True
BH14,0.8833333333333333,-0.9833333333333333,0.9447738518769828,0.9448089436558946,True
BH14,0.8999999999999999,-0.9833333333333333,0.9526841786300457,0.9527143582645469,True
BH14,0.9166666666666667,-0.9833333333333333,0.9605843705971437,0.9606197663809266,True
BH14,0.9333333333333333,-0.9833333333333333,0.968476946045537,0.9685078764186156,True
BH14,0.95,-0.9833333333333333,0.9763633694009015,0.9763809164340398,True
BH14,0.9666666666666666,-0.9833333333333333,0.9842447873022375,0.984253950378901,True
BH14,0.9833333333333334,-0.9833333333333333,0.9921231989485004,0.9921269782389762,True
BH14,1.0,-0.9833333333333333,1.0,0.9999999999999999,True
BH14,-1.0,-0.9666666666666667,-3.457835353805616e-17,5.075486331591997e-17,True
BH14,-0.9833333333333333,-0.9666666666666667,0.007874452452287531,0.007872566582985413,True
BH14,-0.9666666666666667,-0.9666666666666667,0.015750498809982263,0.01574513567784088,True
BH14,-0.95,-0.9666666666666667,0.0236297414513183,0.023617707283323547,True
BH14,-0.9333333333333333,-0.9666666666666667,0.031513798975540644,0.031490281398191475,True
BH14,-0.9166666666666666,-0.9666666666666667,0.039404342573405915,0.039362858021203345,True
BH14,-0.9,-0.9666666666666667,0.04730251525605493,0.04725799621591325,True
BH14,-0.8833333333333333,-0.9666666666666667,0.055210155013719564,0.05517862273987764,True
BH14,-0.8666666666666667,-0.9666666666666667,0.06312843686762908,0.06309925027147881,True
BH14,-0.85,-0.9666666666666667,0.07105929462693886,0.07101987881048412,True
BH14,-0.8333333333333334,-0.9666666666666667,0.07900358859137165,0.07894050835666086,True
BH14,-0.8166666666666667,-0.9666666666666667,0.08696249663001537,0.08686113890977638,True
BH14,-0.8,-0.9666666666666667,0.09493766389299658,0.09486794611948218,True
BH14,-0.7833333333333333,-0.9666666666666667,0.10292931493525966,0.10287688333334145,True
BH14,-0.7666666666666666,-0.9666666666666667,0.11093989499675054,0.11088582036629924,True
BH14,-0.75,-0.9666666666666667,0.11896920006315057,0.11889475721834462,True
BH14,-0.7333333333333334,-0.9666666666666667,0.12701839936696352,0.12690369388946673,True
BH14,-0.7166666666666667,-0.9666666666666667,0.13508848043050184,0.134973053358593,True
BH14,-0.7,-0.9666666666666667,0.14318010282064583,0.14309702234388122,True
BH14,-0.6833333333333333,-0.9666666666666667,0.1512931952368337,0.15122098879290616,True
BH14,-0.6666666666666667,-0.9666666666666667,0.15942920566610566,0.15934495270074964,True
BH14,-0.65,-0.9666666666666667,0.1675884048569958,0.16746891406248118,True
BH14,-0.6333333333333333,-0.9666666666666667,0.17577014554059303,0.1756122068034252,True
BH14,-0.6166666666666667,-0.9666666666666667,0.1839749682810421,0.18386234544298635,True
BH14,-0.6,-0.9666666666666667,0.19220289543293315,0.19211248442306625,True
BH14,-0.5833333333333333,-0.9666666666666667,0.20045404474083509,0.20036262374452635,True
BH14,-0.5666666666666667,-0.9666666666666667,0.2087294626204682,0.20861276340823115,True
BH14,-0.55,-0.9666666666666667,0.2170280189211245,0.21686290341504777,True
BH14,-0.5333333333333333,-0.9666666666666667,0.2253489598712835,0.22520912008758148,True
BH14,-0.5166666666666666,-0.9666666666666667,0.23369255395416305,0.23357759035670858,True
BH14,-0.5,-0.9666666666666667,0.24205823340681473,0.2419460650630182,True
BH14,-0.4833333333333334,-0.9666666666666667,0.2504451367586254,0.25031454422127986,True
BH14,-0.4666666666666667,-0.9666666666666667,0.2588540455878215,0.2586830278463289,True
BH14,-0.44999999999999996,-0.9666666666666667,0.2672832696214056,0.26714982692008904,True
BH14,-0.43333333333333335,-0.9666666666666667,0.27573237184509874,0.275619728406194,True
BH14,-0.41666666666666663,-0.9666666666666667,0.2842005666750781,0.2840896356214532,True
BH14,-0.4,-0.9666666666666667,0.29268804855825414,0.2925595485810335,True
BH14,-0.3833333333333333,-0.9666666666666667,0.30119345782222,0.30104291258617316,True
BH14,-0.3666666666666667,-0.9666666666666667,0.30971570684780086,0.3095977549125338,True
BH14,-0.35,-0.9666666666666667,0.3182548632309469,0.31815260117024047,True
BH14,-0.33333333333333337,-0.9666666666666667,0.3268091352716224,0.3267074513654119,True
BH14,-0.31666666666666665,-0.9666666666666667,0.3353789726021298,0.33526230550417935,True
BH14,-0.30000000000000004,-0.9666666666666667,0.34396279682316977,0.3438430931735924,True
BH14,-0.2833333333333333,-0.9666666666666667,0.3525595507893148,0.3524643328062249,True
BH14,-0.2666666666666667,-0.9666666666666667,0.36116883429428337,0.3610855739663427,True
BH14,-0.25,-0.9666666666666667,0.36978993668481525,0.3697068166548595,True
BH14,-0.2333333333333334,-0.9666666666666667,0.37842257952483094,0.3783280608726891,True
BH14,-0.21666666666666667,-0.9666666666666667,0.3870650227397273,0.38698098868641473,True
BH14,-0.19999999999999996,-0.9666666666666667,0.3957165580805099,0.39565017651525397,True
BH14,-0.18333333333333335,-0.9666666666666667,0.4043771117263632,0.4043193646550336,True
BH14,-0.16666666666666663,-0.9666666666666667,0.41304544708177005,0.41298855310579285,True
BH14,-0.15000000000000002,-0.9666666666666667,0.4217208092145611,0.4216577418675709,True
BH14,-0.1333333333333333,-0.9666666666666667,0.43040254040413584,0.43035608599455194,True
BH14,-0.1166666666666667,-0.9666666666666667,0.439090115804722,0.43905586927749507,True
BH14,-0.09999999999999998,-0.9666666666666667,0.4477825111171314,0.4477556525480334,True
BH14,-0.08333333333333337,-0.9666666666666667,0.45647918519385916,0.4564554358061672,True
BH14,-0.06666666666666665,-0.9666666666666667,0.4651791585777833,0.46515884043129485,True
BH14,-0.050000000000000044,-0.9666666666666667,0.4738819606251337,0.47387286807567386,True
BH14,-0.033333333333333326,-0.9666666666666667,0.48258683463126334,0.4825868956131668,True
BH14,-0.01666666666666672,-0.9666666666666667,0.49129313013633,0.4913009230437788,True
BH14,0.0,-0.9666666666666667,0.5000000942366031,0.5000149503675151,True
BH14,0.016666666666666607,-0.9666666666666667,0.5087070514337134,0.5087281277770583,True
BH14,0.033333333333333215,-0.9666666666666667,0.5174132406230876,0.5174406348908586,True
BH14,0.050000000000000044,-0.9666666666666667,0.5261183170451194,0.5261531417505545,True
BH14,0.06666666666666665,-0.9666666666666667,0.5348210629360325,0.5348656483561742,True
BH14,0.08333333333333326,-0.9666666666666667,0.5435210948448408,0.5435781547077463,True
BH14,0.10000000000000009,-0.9666666666666667,0.5522176937080279,0.5522756658018994,True
BH14,0.1166666666666667,-0.9666666666666667,0.5609100979677419,0.5609708562899465,True
BH14,0.1333333333333333,-0.9666666666666667,0.5695974718988462,0.5696660461808847,True
BH14,0.1499999999999999,-0.9666666666666667,0.5782792034234104,0.5783612354748651,True
BH14,0.16666666666666674,-0.9666666666666667,0.5869546269137056,0.587050525657949,True
BH14,0.18333333333333335,-0.9666666666666667,0.5956229443531218,0.595712034141681,True
BH14,0.19999999999999996,-0.9666666666666667,0.6042835934726954,0.6043735412727664,True
BH14,0.21666666666666656,-0.9666666666666667,0.6129352387928593,0.6130350470519406,True
BH14,0.2333333333333334,-0.9666666666666667,0.621577576265586,0.6216965514799384,True
BH14,0.25,-0.9666666666666667,0.6302099522166807,0.630333197782702,True
BH14,0.2666666666666666,-0.9666666666666667,0.6388311728137593,0.6389439168751896,True
BH14,0.2833333333333332,-0.9666666666666667,0.6474406749681085,0.6475546331044322,True
BH14,0.30000000000000004,-0.9666666666666667,0.6560376650358162,0.6561653464735933,True
BH14,0.31666666666666665,-0.9666666666666667,0.6646211833537665,0.6647760569858316,True
BH14,0.33333333333333326,-0.9666666666666667,0.6731909520257565,0.6733311390064344,True
BH14,0.3500000000000001,-0.9666666666666667,0.6817453226581178,0.68187371812785,True
BH14,0.3666666666666667,-0.9666666666666667,0.6902836093829751,0.6904162918935568,True
BH14,0.3833333333333333,-0.9666666666666667,0.6988071593087171,0.6989588603147723,True
BH14,0.3999999999999999,-0.9666666666666667,0.7073123179745248,0.7074872080574284,True
BH14,0.41666666666666674,-0.9666666666666667,0.715799362856794,0.7159454312778839,True
BH14,0.43333333333333335,-0.9666666666666667,0.7242673434818565,0.7244036463743362,True
BH14,0.44999999999999996,-0.9666666666666667,0.7327174259904194,0.7328618533762674,True
BH14,0.46666666666666656,-0.9666666666666667,0.741146350552897,0.7413200523130178,True
BH14,0.4833333333333334,-0.9666666666666667,0.7495547338307602,0.7497236060870658,True
BH14,0.5,-0.9666666666666667,0.7579419069645699,0.7580843312338099,True
BH14,0.5166666666666666,-0.9666666666666667,0.7663073272900418,0.7664450476671624,True
BH14,0.5333333333333332,-0.9666666666666667,0.7746508379971524,0.7748057554350989,True
BH14,0.55,-0.9666666666666667,0.7829719706188643,0.7831658663368918,True
BH14,0.5666666666666667,-0.9666666666666667,0.7912708402864477,0.7914212455821491,True
BH14,0.5833333333333333,-0.9666666666666667,0.7995449353424097,0.7996766214475033,True
BH14,0.6000000000000001,-0.9666666666666667,0.8077965274999126,0.8079319939528182,True
BH14,0.6166666666666667,-0.9666666666666667,0.8160248271858723,0.8161873631178015,True
BH14,0.6333333333333333,-0.9666666666666667,0.8242301353484449,0.8243886234576516,True
BH14,0.6499999999999999,-0.9666666666666667,0.8324120438076634,0.8325375582128318,True
BH14,0.6666666666666667,-0.9666666666666667,0.8405705217618122,0.8406864963140361,True
BH14,0.6833333333333333,-0.9666666666666667,0.8487063934979457,0.8488354377461956,True
BH14,0.7,-0.9666666666666667,0.8568196620717388,0.8569810129039047,True
BH14,0.7166666666666666,-0.9666666666666667,0.8649111468362494,0.8650300625545846,True
BH14,0.7333333333333334,-0.9666666666666667,0.8729814124069233,0.873079121101052,True
BH14,0.75,-0.9666666666666667,0.8810307200136872,0.8811281885073796,True
BH14,0.7666666666666666,-0.9666666666666667,0.889060164423159,0.889177264737834,True
BH14,0.7833333333333332,-0.9666666666666667,0.8970705129049459,0.8971792134516201,True
BH14,0.8,-0.9666666666666667,0.9050622793948272,0.9051431895418005,True
BH14,0.8166666666666667,-0.9666666666666667,0.9130376381399361,0.9131071598439005,True
BH14,0.8333333333333333,-0.9666666666666667,0.9209963816956017,0.9210711243487112,True
BH14,0.8499999999999999,-0.9666666666666667,0.9289404677730256,0.9290314425575261,True
BH14,0.8666666666666667,-0.9666666666666667,0.9368715861011115,0.9369333844265944,True
BH14,0.8833333333333333,-0.9666666666666667,0.9447901839856778,0.9448353134029506,True
BH14,0.8999999999999999,-0.9666666666666667,0.9526977441984447,0.9527372294508525,True
BH14,0.9166666666666667,-0.9666666666666667,0.9605959673581487,0.9606391325344252,True
BH14,0.9333333333333333,-0.9666666666666667,0.9684863808938171,0.9685234424631475,True
BH14,0.95,-0.9666666666666667,0.9763703941708117,0.9763926000530873,True
BH14,0.9666666666666666,-0.9666666666666667,0.9842495233282682,0.9842617455247817,True
BH14,0.9833333333333334,-0.9666666666666667,0.9921255682313449,0.9921308788498946,True
BH14,1.0,-0.9666666666666667,1.0,1.0,True
BH14,-1.0,-0.95,-2.1339718561640073e-17,4.589138775349027e-17,True
BH14,-0.9833333333333333,-0.95,0.007870525025408448,0.007868756668998361,True
BH14,-0.9666666666666667,-0.95,0.015742657452922023,0.01573751710763662,True
BH14,-0.95,-0.95,0.023617850501051356,0.023606281314048877,True
BH14,-0.9333333333333333,-0.95,0.03149802995789106,0.03147504928637018,True
BH14,-0.9166666666666666,-0.95,0.03938463929899122,0.03934382102273685,True
BH14,-0.9,-0.95,0.04727907534104016,0.04723544645097363,True
BH14,-0.8833333333333333,-0.95,0.05518295492614063,0.05515279672338812,True
BH14,-0.8666666666666667,-0.95,0.0630979227169264,0.06307014850845238,True
BH14,-0.85,-0.95,0.07102561858826784,0.07098750180581709,True
BH14,-0.8333333333333334,-0.95,0.0789667879853555,0.0789048566151323,True
BH14,-0.8166666666666667,-0.95,0.08692278962952998,0.08682221293604914,True
BH14,-0.8,-0.95,0.09489461258625681,0.09482694402520458,True
BH14,-0.7833333333333333,-0.95,0.10288440136679151,0.10283362009557948,True
BH14,-0.7666666666666666,-0.95,0.11089244988220437,0.1108402958951458,True
BH14,-0.75,-0.95,0.11891936859562771,0.11884697142388735,True
BH14,-0.7333333333333334,-0.95,0.12696679531388488,0.1268536466817881,True
BH14,-0.7166666666666667,-0.95,0.13503495583436126,0.13492126497392434,True
BH14,-0.7,-0.95,0.14312632362391356,0.14304425043948854,True
BH14,-0.6833333333333333,-0.95,0.15123754330409064,0.15116723209620267,True
BH14,-0.6666666666666667,-0.95,0.15937297807299122,0.1592902099366722,True
BH14,-0.65,-0.95,0.167530514936359,0.1674131839534837,True
BH14,-0.6333333333333333,-0.95,0.17571200588335037,0.17555575687113412,True
BH14,-0.6166666666666667,-0.95,0.18391730226317382,0.18380599726924282,True
BH14,-0.6,-0.95,0.19214561658615115,0.1920562381803549,True
BH14,-0.5833333333333333,-0.95,0.20039673658235996,0.20030647960577397,True
BH14,-0.5666666666666667,-0.95,0.20867209272930776,0.208556721546808,True
BH14,-0.55,-0.95,0.21697124964104064,0.21680696400476943,True
BH14,-0.5333333333333333,-0.95,0.22529244908968338,0.22515502455583025,True
BH14,-0.5166666666666666,-0.95,0.2336372956842707,0.23352448979210982,True
BH14,-0.5,-0.95,0.24200334452932598,0.24189396166052607,True
BH14,-0.4833333333333334,-0.95,0.25039283508750493,0.2502634401830758,True
BH14,-0.4666666666666667,-0.95,0.2588022813111158,0.2586329253818528,True
BH14,-0.44999999999999996,-0.95,0.2672337508717713,0.2671016035960435,True
BH14,-0.43333333333333335,-0.95,0.2756843773990748,0.2755731248206601,True
BH14,-0.41666666666666663,-0.95,0.2841547277227023,0.28404465462391987,True
BH14,-0.4,-0.95,0.29264378110829203,0.29251619302849385,True
BH14,-0.3833333333333333,-0.95,0.3011505364066944,0.3010012204816478,True
BH14,-0.3666666666666667,-0.95,0.3096746553776944,0.3095579551591898,True
BH14,-0.35,-0.95,0.3182157800987117,0.3181146957279031,True
BH14,-0.33333333333333337,-0.95,0.32677187886145037,0.326671442196947,True
BH14,-0.31666666666666665,-0.95,0.33534364444791354,0.3352281945755003,True
BH14,-0.30000000000000004,-0.95,0.3439295394214512,0.3438107785129969,True
BH14,-0.2833333333333333,-0.95,0.3525285086258818,0.35243393416676577,True
BH14,-0.2666666666666667,-0.95,0.3611399460620503,0.3610570921116453,True
BH14,-0.25,-0.95,0.369762847089789,0.36968025234900537,True
BH14,-0.2333333333333334,-0.95,0.37839749358954683,0.3783034148802171,True
BH14,-0.21666666666666667,-0.95,0.3870419015600036,0.38695813479133023,True
BH14,-0.19999999999999996,-0.95,0.39569527830478096,0.3956291752266729,True
BH14,-0.18333333333333335,-0.95,0.4043576341971895,0.4043002161286295,True
BH14,-0.16666666666666663,-0.95,0.41302775744235437,0.4129712574972589,True
BH14,-0.15000000000000002,-0.95,0.4217049339848653,0.4216422993326197,True
BH14,-0.1333333333333333,-0.95,0.43038877349770854,0.43034236643554047,True
BH14,-0.1166666666666667,-0.95,0.4390780281798055,0.4390438997622701,True
BH14,-0.09999999999999998,-0.95,0.44777204478631494,0.44774543307038595,True
BH14,-0.08333333333333337,-0.95,0.4564702860720006,0.4564469663598881,True
BH14,-0.06666666666666665,-0.95,0.46517224904006493,0.4651520993241103,True
BH14,-0.050000000000000044,-0.95,0.47387679381297254,0.4738678182270204,True
BH14,-0.033333333333333326,-0.95,0.4825834361580814,0.48258353696956746,True
BH14,-0.01666666666666672,-0.95,0.4912914097334068,0.4912992555517589,True
BH14,0.0,-0.95,0.500000139193881,0.5000149739736026,True
BH14,0.016666666666666607,-0.95,0.508708840347347,0.5087298465384699,True
BH14,0.033333333333333215,-0.95,0.5174168589979102,0.5174440515490918,True
BH14,0.050000000000000044,-0.95,0.5261234877872767,0.5261582561784837,True
BH14,0.06666666666666665,-0.95,0.5348279161805207,0.5348724604266881,True
BH14,0.08333333333333326,-0.95,0.5435296908014999,0.5435866642937479,True
BH14,0.10000000000000009,-0.95,0.55222810556475,0.5522859299782175,True
BH14,0.1166666666666667,-0.95,0.5609222816941821,0.5609828867487475,True
BH14,0.1333333333333333,-0.95,0.569611498340229,0.5696798426233248,True
BH14,0.1499999999999999,-0.95,0.5782950504604218,0.5783767976021765,True
BH14,0.16666666666666674,-0.95,0.5869722302920493,0.5870678489524634,True
BH14,0.18333333333333335,-0.95,0.5956423685086828,0.5957312251574169,True
BH14,0.19999999999999996,-0.95,0.6043048934435525,0.6043945993323465,True
BH14,0.21666666666666656,-0.95,0.6129585545323477,0.6130579714783564,True
BH14,0.2333333333333334,-0.95,0.6216028629985734,0.6217213415965497,True
BH14,0.25,-0.95,0.6302373620855896,0.6303598177982846,True
BH14,0.2666666666666666,-0.95,0.6388604958057338,0.6389724815614451,True
BH14,0.2833333333333332,-0.95,0.6474715595226304,0.6475851410273363,True
BH14,0.30000000000000004,-0.95,0.656070924633832,0.656197796200709,True
BH14,0.31666666666666665,-0.95,0.6646565012797085,0.6648104470863065,True
BH14,0.33333333333333326,-0.95,0.6732282583009627,0.6733672926780516,True
BH14,0.3500000000000001,-0.95,0.681784128864519,0.681911789241338,True
BH14,0.3666666666666667,-0.95,0.6903255306057818,0.690456277768467,True
BH14,0.3833333333333333,-0.95,0.6988500713264667,0.6990007582762767,True
BH14,0.3999999999999999,-0.95,0.7073567999484909,0.7075307353898905,True
BH14,0.41666666666666674,-0.95,0.7158458124506067,0.7159906353203502,True
BH14,0.43333333333333335,-0.95,0.7243159030843234,0.7244505230656992,True
BH14,0.44999999999999996,-0.95,0.7327660851033848,0.7329103986701551,True
BH14,0.46666666666666656,-0.95,0.7411976842234657,0.7413702621777218,True
BH14,0.4833333333333334,-0.95,0.7496077079090039,0.7497749419078779,True
BH14,0.5,-0.95,0.7579960396627864,0.7581368515277052,True
BH14,0.5166666666666666,-0.95,0.7663629914530745,0.7664987480790196,True
BH14,0.5333333333333332,-0.95,0.7747071115340838,0.7748606316337686,True
BH14,0.55,-0.95,0.7830283347010257,0.7832216343499747,True
BH14,0.5666666666666667,-0.95,0.7913268963404188,0.7914774453282488,True
BH14,0.5833333333333333,-0.95,0.7996030783441617,0.7997332512278583,True
BH14,0.6000000000000001,-0.95,0.8078549667458597,0.8079890520787025,True
BH14,0.6166666666666667,-0.95,0.816083136752273,0.8162448479104453,True
BH14,0.6333333333333333,-0.95,0.8242875277498918,0.8244454732200635,True
BH14,0.6499999999999999,-0.95,0.832469594057384,0.8325938507330908,True
BH14,0.6666666666666667,-0.95,0.8406273636971044,0.8407422332697272,True
BH14,0.6833333333333333,-0.95,0.8487621515097293,0.8488906208073284,True
BH14,0.7,-0.95,0.8568742832737637,0.857034939114422,True
BH14,0.7166666666666666,-0.95,0.8649644715229698,0.8650823403440214,True
BH14,0.7333333333333334,-0.95,0.8730331734511536,0.8731297549107744,True
BH14,0.75,-0.95,0.8810802172384344,0.881177182760842,True
BH14,0.7666666666666666,-0.95,0.8891080869353879,0.8892246238406751,True
BH14,0.7833333333333332,-0.95,0.897115937461337,0.8972238246236186,True
BH14,0.8,-0.95,0.905105193489553,0.9051850728912765,True
BH14,0.8166666666666667,-0.95,0.9130774932562633,0.9131463124807773,True
BH14,0.8333333333333333,-0.95,0.9210339554650753,0.92110754337832,True
BH14,0.8499999999999999,-0.95,0.9289744135922541,0.9290647539450948,True
BH14,0.8666666666666667,-0.95,0.9369018860059302,0.9369632137051792,True
BH14,0.8833333333333333,-0.95,0.9448171090785876,0.9448616541561232,True
BH14,0.8999999999999999,-0.95,0.9527211196200892,0.9527600752444799,True
BH14,0.9166666666666667,-0.95,0.9606156069081038,0.9606584769166043,True
BH14,0.9333333333333333,-0.95,0.9685022477217498,0.9685389889348323,True
BH14,0.95,-0.95,0.9763822025349754,0.9764042689581993,True
BH14,0.9666666666666666,-0.95,0.984257566847784,0.9842695308384348,True
BH14,0.9833333333333334,-0.95,0.9921295233909749,0.9921347745331942,True
BH14,1.0,-0.95,0.9999999999999999,1.0,True
BH14,-1.0,-0.9333333333333333,-5.739162554181221e-17,2.413774141965193e-17,True
BH14,-0.9833333333333333,-0.9333333333333333,0.007864892043256102,0.00786494551789048,True
BH14,-0.9666666666666667,-0.9333333333333333,0.0157312850768412,0.01572989606441562,True
BH14,-0.95,-0.9333333333333333,0.02360113919878372,0.023594851637085093,True
BH14,-0.9333333333333333,-0.9333333333333333,0.03147587978573327,0.031459812233409795,True
BH14,-0.9166666666666666,-0.9333333333333333,0.03935699974677475,0.03932477785090243,True
BH14,-0.9,-0.9333333333333333,0.04724649323812192,0.047212889993167695,True
BH14,-0.8833333333333333,-0.9333333333333333,0.055144987112010435,0.055126962287973785,True
BH14,-0.8666666666666667,-0.9333333333333333,0.06305550597942539,0.06304103660124104,True
BH14,-0.85,-0.9333333333333333,0.07097797310068286,0.07095511293250253,True
BH14,-0.8333333333333334,-0.9333333333333333,0.07891490062600776,0.07886919128129143,True
BH14,-0.8166666666666667,-0.9333333333333333,0.08686738841436091,0.08678327164714131,True
BH14,-0.8,-0.9333333333333333,0.09483526396131033,0.09478593429286875,True
BH14,-0.7833333333333333,-0.9333333333333333,0.1028209925878111,0.10279035224056964,True
BH14,-0.7666666666666666,-0.9333333333333333,0.11082616843435902,0.11079476982791561,True
BH14,-0.75,-0.9333333333333333,0.11885021450553493,0.11879918705488529,True
BH14,-0.7333333333333334,-0.9333333333333333,0.12689428125176494,0.126803603921457,True
BH14,-0.7166666666666667,-0.9333333333333333,0.1349608691071387,0.1348694787482479,True
BH14,-0.7,-0.9333333333333333,0.14304882878078973,0.14299147992812816,True
BH14,-0.6833333333333333,-0.9333333333333333,0.15115882489634386,0.15111347602359199,True
BH14,-0.6666666666666667,-0.9333333333333333,0.1592918618140698,0.15923546702475705,True
BH14,-0.65,-0.9333333333333333,0.16744938563821743,0.16735745292171533,True
BH14,-0.6333333333333333,-0.9333333333333333,0.1756300207849352,0.17549930714684203,True
BH14,-0.6166666666666667,-0.9333333333333333,0.18383446042245713,0.18374964959899365,True
BH14,-0.6,-0.9333333333333333,0.19206291146384596,0.19199999273813428,True
BH14,-0.5833333333333333,-0.9333333333333333,0.2003151879060196,0.2002503365660173,True
BH14,-0.5666666666666667,-0.9333333333333333,0.20859181389258064,0.2085006810844018,True
BH14,-0.55,-0.9333333333333333,0.21689128417612505,0.2167510262950533,True
BH14,-0.5333333333333333,-0.9333333333333333,0.22521335738847625,0.22510094404701897,True
BH14,-0.5166666666666666,-0.9333333333333333,0.23355927405331686,0.23347140191393784,True
BH14,-0.5,-0.9333333333333333,0.24192804753692343,0.24184186859233775,True
BH14,-0.4833333333333334,-0.9333333333333333,0.25031827024251163,0.250212344111339,True
BH14,-0.4666666666666667,-0.9333333333333333,0.258730275367411,0.25858282850018977,True
BH14,-0.44999999999999996,-0.9333333333333333,0.26716300126321146,0.2670533873391333,True
BH14,-0.43333333333333335,-0.9333333333333333,0.27561624940497986,0.27552652641430386,True
BH14,-0.41666666666666663,-0.9333333333333333,0.2840889216270352,0.28399967690759526,True
BH14,-0.4,-0.9333333333333333,0.29258047621749234,0.292472838849129,True
BH14,-0.3833333333333333,-0.9333333333333333,0.30109042603796554,0.3009595279000574,True
BH14,-0.3666666666666667,-0.9333333333333333,0.30961714518850664,0.3095181536780978,True
BH14,-0.35,-0.9333333333333333,0.31816037743623027,0.31807678730324607,True
BH14,-0.33333333333333337,-0.9333333333333333,0.32672046054847803,0.3266354287876907,True
BH14,-0.31666666666666665,-0.9333333333333333,0.3352940128637646,0.33519407814364566,True
BH14,-0.30000000000000004,-0.9333333333333333,0.34388251537677716,0.3437784574987453,True
BH14,-0.2833333333333333,-0.9333333333333333,0.3524844871630728,0.35240352910687434,True
BH14,-0.2666666666666667,-0.9333333333333333,0.3610986704569057,0.3610286037696606,True
BH14,-0.25,-0.9333333333333333,0.36972482382926153,0.3696536814889311,True
BH14,-0.2333333333333334,-0.9333333333333333,0.3783616029008239,0.37827876226651325,True
BH14,-0.21666666666666667,-0.9333333333333333,0.3870086412925067,0.38693527483606704,True
BH14,-0.19999999999999996,-0.9333333333333333,0.3956649694137198,0.39560816841602003,True
BH14,-0.18333333333333335,-0.9333333333333333,0.4043299138291956,0.4042810626183961,True
BH14,-0.16666666666666663,-0.9333333333333333,0.413002747771656,0.4129539574432739,True
BH14,-0.15000000000000002,-0.9333333333333333,0.4216826112332286,0.4216268528907318,True
BH14,-0.1333333333333333,-0.9333333333333333,0.43036908443164795,0.430328643616379,True
BH14,-0.1166666666666667,-0.9333333333333333,0.43906063472797024,0.4390319274122103,True
BH14,-0.09999999999999998,-0.9333333333333333,0.44775733400080486,0.44773521118321413,True
BH14,-0.08333333333333337,-0.9333333333333333,0.4564581508030967,0.4564384949293906,True
BH14,-0.06666666666666665,-0.9333333333333333,0.4651624477167713,0.4651453566669054,True
BH14,-0.050000000000000044,-0.9333333333333333,0.4738695179503051,0.47386276706794617,True
BH14,-0.033333333333333326,-0.9333333333333333,0.4825785949318727,0.48258017725512414,True
BH14,-0.01666666666666672,-0.9333333333333333,0.4912889834391897,0.4912975872284494,True
BH14,0.0,-0.9333333333333333,0.5000000575600033,0.500014996987932,True
BH14,0.016666666666666607,-0.9333333333333333,0.5087112102435184,0.5087315649334976,True
BH14,0.033333333333333215,-0.9333333333333333,0.5174216578625035,0.5174474680587065,True
BH14,0.050000000000000044,-0.9333333333333333,0.5261307550891018,0.5261633706755109,True
BH14,0.06666666666666665,-0.9333333333333333,0.5348377605163095,0.5348792727839676,True
BH14,0.08333333333333326,-0.9333333333333333,0.5435420389531906,0.5435951743841337,True
BH14,0.10000000000000009,-0.9333333333333333,0.5522428706166491,0.5522961950393783,True
BH14,0.1166666666666667,-0.9333333333333333,0.5609394401171901,0.5609949184726761,True
BH14,0.1333333333333333,-0.9333333333333333,0.5696311475984159,0.569693640710984,True
BH14,0.1499999999999999,-0.9333333333333333,0.578317378164171,0.5783923617546056,True
BH14,0.16666666666666674,-0.9333333333333333,0.5869972844326323,0.5870851748352238,True
BH14,0.18333333333333335,-0.9333333333333333,0.595670053854378,0.5957504194078673,True
BH14,0.19999999999999996,-0.9333333333333333,0.6043351118375937,0.6044156612724063,True
BH14,0.21666666666666656,-0.9333333333333333,0.6129916578533766,0.6130809004303142,True
BH14,0.2333333333333334,-0.9333333333333333,0.6216386851756084,0.6217461368830632,True
BH14,0.25,-0.9333333333333333,0.6302755744943234,0.6303864439061594,True
BH14,0.2666666666666666,-0.9333333333333333,0.63890162542384,0.639001053062986,True
BH14,0.2833333333333332,-0.9333333333333333,0.6475159315281362,0.6476156564869157,True
BH14,0.30000000000000004,-0.9333333333333333,0.6561175908187487,0.6562302541842896,True
BH14,0.31666666666666665,-0.9333333333333333,0.6647061651648158,0.6648448461614397,True
BH14,0.33333333333333326,-0.9333333333333333,0.6732800002056751,0.6734034557012198,True
BH14,0.3500000000000001,-0.9333333333333333,0.6818396347280488,0.6819498701128159,True
BH14,0.3666666666666667,-0.9333333333333333,0.6903830878872366,0.6904962738060765,True
BH14,0.3833333333333333,-0.9333333333333333,0.6989103547188258,0.6990426668034662,True
BH14,0.3999999999999999,-0.9333333333333333,0.7074195261416287,0.707574272295077,True
BH14,0.41666666666666674,-0.9333333333333333,0.7159112758306005,0.7160358488418009,True
BH14,0.43333333333333335,-0.9333333333333333,0.7243842422144938,0.7244974091429033,True
BH14,0.44999999999999996,-0.9333333333333333,0.7328369219450913,0.7329589532573323,True
BH14,0.46666666666666656,-0.9333333333333333,0.7412695415975528,0.7414204812437517,True
BH14,0.4833333333333334,-0.9333333333333333,0.7496819026474248,0.7498262842271906,True
BH14,0.5,-0.9333333333333333,0.7580715675274867,0.7581893782128304,True
BH14,0.5166666666666666,-0.9333333333333333,0.7664402686267802,0.7665524547758857,True
BH14,0.5333333333333332,-0.9333333333333333,0.7747860365812707,0.7749155140122646,True
BH14,0.55,-0.9333333333333333,0.7831081852529308,0.7832774046165134,True
BH14,0.5666666666666667,-0.9333333333333333,0.791407885942284,0.7915336478245065,True
BH14,0.5833333333333333,-0.9333333333333333,0.7996846756099381,0.7997898842491733,True
BH14,0.6000000000000001,-0.9333333333333333,0.8079370467158522,0.808046113930518,True
BH14,0.6166666666666667,-0.9333333333333333,0.8161650300529157,0.8163023369082294,True
BH14,0.6333333333333333,-0.9333333333333333,0.8243697708116958,0.8245023169792853,True
BH14,0.6499999999999999,-0.9333333333333333,0.8325502332969127,0.8326501369201924,True
BH14,0.6666666666666667,-0.9333333333333333,0.84070711879769,0.8407979635653502,True
BH14,0.6833333333333333,-0.9333333333333333,0.848841045873513,0.8489457968845102,True
BH14,0.7,-0.9333333333333333,0.8569514494318291,0.857088843529614,True
BH14,0.7166666666666666,-0.9333333333333333,0.8650395928950331,0.8651345969057931,True
BH14,0.7333333333333334,-0.9333333333333333,0.8731052989339741,0.8731803680561463,True
BH14,0.75,-0.9333333333333333,0.8811501886534829,0.8812261569089574,True
BH14,0.7666666666666666,-0.9333333333333333,0.8891742666860522,0.8892719633928954,True
BH14,0.7833333333333332,-0.9333333333333333,0.897179316863705,0.8972684039946401,True
BH14,0.8,-0.9333333333333333,0.9051649858185763,0.905226925252635,True
BH14,0.8166666666666667,-0.9333333333333333,0.9131338931941249,0.913185434945035,True
BH14,0.8333333333333333,-0.9333333333333333,0.9210852241209855,0.9211439330534557,True
BH14,0.8499999999999999,-0.9333333333333333,0.9290221482580965,0.9290980292521513,True
BH14,0.8666666666666667,-0.9333333333333333,0.9369448776830365,0.936993010459128,True
BH14,0.8833333333333333,-0.9333333333333333,0.9448550856267911,0.944887965960406,True
BH14,0.8999999999999999,-0.9333333333333333,0.9527540608043418,0.9527828956849437,True
BH14,0.9166666666666667,-0.9333333333333333,0.9606432239322207,0.9606777995614371,True
BH14,0.9333333333333333,-0.9333333333333333,0.9685243903416125,0.9685545158704478,True
BH14,0.95,-0.9333333333333333,0.9763989197246102,0.9764159231770888,True
BH14,0.9666666666666666,-0.9333333333333333,0.9842686978439197,0.9842773063384216,True
BH14,0.9833333333333334,-0.9333333333333333,0.9921351212868319,0.9921386652981993,True
BH14,1.0,-0.9333333333333333,1.0,0.9999999999999999,True
BH14,-1.0,-0.9166666666666666,-2.31071289926663e-17,2.411988868999667e-18,True
BH14,-0.9833333333333333,-0.9166666666666666,0.007857632785914212,0.007859682540608964,True
BH14,-0.9666666666666667,-0.9166666666666666,0.015716892837335975,0.015719385151189515,True
BH14,-0.95,-0.9166666666666666,0.02357933502430632,0.023579107814995642,True
BH14,-0.9333333333333333,-0.9166666666666666,0.031446792777536925,0.03143885051530016,True
BH14,-0.9166666666666666,-0.9166666666666666,0.03932086365112232,0.03929861323539442,True
BH14,-0.9,-0.9166666666666666,0.04720418968087711,0.04718189631391314,True
BH14,-0.8833333333333333,-0.9166666666666666,0.05509626126377172,0.05509150851892268,True
BH14,-0.8666666666666667,-0.9166666666666666,0.06299992628151448,0.06300112878216808,True
BH14,-0.85,-0.9166666666666666,0.0709166332156465,0.07091075709983789,True
BH14,-0.8333333333333334,-0.9166666666666666,0.07884775192375498,0.07882039346812263,True
BH14,-0.8166666666666667,-0.9166666666666666,0.08679389747606771,0.08673003788321591,True
BH14,-0.8,-0.9166666666666666,0.09475714688891375,0.09472972791587589,True
BH14,-0.7833333333333333,-0.9166666666666666,0.10273931467500727,0.10273107830863903,True
BH14,-0.7666666666666666,-0.9166666666666666,0.11073962409925348,0.11073242697100572,True
BH14,-0.75,-0.9166666666666666,0.11875913191367164,0.11873377390208975,True
BH14,-0.7333333333333334,-0.9166666666666666,0.1268005751877352,0.12673511910100402,True
BH14,-0.7166666666666667,-0.9166666666666666,0.1348631568026044,0.1347984599924696,True
BH14,-0.7,-0.9166666666666666,0.14294962205883405,0.1429188062122767,True
BH14,-0.6833333333333333,-0.9166666666666666,0.15105785332426414,0.15103913413502243,True
BH14,-0.6666666666666667,-0.9166666666666666,0.15918991354447337,0.1591594437231872,True
BH14,-0.65,-0.9166666666666666,0.1673444363068809,0.1672797349391486,True
BH14,-0.6333333333333333,-0.9166666666666666,0.17552492004505055,0.17542009457600138,True
BH14,-0.6166666666666667,-0.9166666666666666,0.18372916585424176,0.1836702410841434,True
BH14,-0.6,-0.9166666666666666,0.19195712248410185,0.191920396226212,True
BH14,-0.5833333333333333,-0.9166666666666666,0.2002107342955754,0.20017056002682593,True
BH14,-0.5666666666666667,-0.9166666666666666,0.20848667893867098,0.208420732510697,True
BH14,-0.55,-0.9166666666666666,0.21678732249833785,0.21667091370263167,True
BH14,-0.5333333333333333,-0.9166666666666666,0.2251119732141223,0.22502223697073367,True
BH14,-0.5166666666666666,-0.9166666666666666,0.23345945412684627,0.23339370391723885,True
BH14,-0.5,-0.9166666666666666,0.2418307212883225,0.24176521238545717,True
BH14,-0.4833333333333334,-0.9166666666666666,0.25022330981863133,0.2501367624901646,True
BH14,-0.4666666666666667,-0.9166666666666666,0.2586375830887755,0.258508354346563,True
BH14,-0.44999999999999996,-0.9166666666666666,0.2670729727963337,0.2669811189865894,True
BH14,-0.43333333333333335,-0.9166666666666666,0.2755292353892468,0.2754563596158609,True
BH14,-0.41666666666666663,-0.9166666666666666,0.2840048954812294,0.2839316464778042,True
BH14,-0.4,-0.9166666666666666,0.292499550233757,0.2924069796842165,True
BH14,-0.3833333333333333,-0.9166666666666666,0.30101234775237695,0.30089592056574443,True
BH14,-0.3666666666666667,-0.9166666666666666,0.3095428761618602,0.30945726608550506,True
BH14,-0.35,-0.9166666666666666,0.3180898290529516,0.31801864197720137,True
BH14,-0.33333333333333337,-0.9166666666666666,0.32665256372117396,0.3265800482883141,True
BH14,-0.31666666666666665,-0.9166666666666666,0.3352302766395263,0.3351414850664234,True
BH14,-0.30000000000000004,-0.9166666666666666,0.3438223708386437,0.3437286114045484,True
BH14,-0.2833333333333333,-0.9166666666666666,0.3524279757500509,0.3523566047684147,True
BH14,-0.2666666666666667,-0.9166666666666666,0.3610458748534605,0.3609846098638621,True
BH14,-0.25,-0.9166666666666666,0.36967510940947446,0.36961262669894857,True
BH14,-0.2333333333333334,-0.9166666666666666,0.3783161293669103,0.3782406552817395,True
BH14,-0.21666666666666667,-0.9166666666666666,0.3869666352289846,0.38689998377504553,True
BH14,-0.19999999999999996,-0.9166666666666666,0.39562618246157294,0.3955757348520508,True
BH14,-0.18333333333333335,-0.9166666666666666,0.4042946799799665,0.40425148830198104,True
BH14,-0.16666666666666663,-0.9166666666666666,0.412971048400041,0.4129272441252533,True
BH14,-0.15000000000000002,-0.9166666666666666,0.4216538595329385,0.4216030023222848,True
BH14,-0.1333333333333333,-0.9166666666666666,0.4303436898353251,0.4303074750942411,True
BH14,-0.1166666666666667,-0.9166666666666666,0.43903847808713103,0.439013461406221,True
BH14,-0.09999999999999998,-0.9166666666666666,0.4477385236161269,0.4477194476315837,True
BH14,-0.08333333333333337,-0.9166666666666666,0.4564425227229214,0.45642543377032896,True
BH14,-0.06666666666666665,-0.9166666666666666,0.4651499006699774,0.4651349677558701,True
BH14,-0.050000000000000044,-0.9166666666666666,0.4738601740490072,0.4738549854430811,True
BH14,-0.033333333333333326,-0.9166666666666666,0.48257233723345483,0.4825750023291317,True
BH14,-0.01666666666666672,-0.9166666666666666,0.4912858772479526,0.4912950184140684,True
BH14,0.0,-0.9166666666666666,0.49999999930695327,0.5000150336979379,True
BH14,0.016666666666666607,-0.9166666666666666,0.5087142842755294,0.5087342130542283,True
BH14,0.033333333333333215,-0.9166666666666666,0.5174278379707952,0.5174527311139867,True
BH14,0.050000000000000044,-0.9166666666666666,0.5261400359941867,0.5261712472744013,True
BH14,0.06666666666666665,-0.9166666666666666,0.5348502196182269,0.5348897615357204,True
BH14,0.08333333333333326,-0.9166666666666666,0.5435576474228497,0.5436082738981922,True
BH14,0.10000000000000009,-0.9166666666666666,0.5522618475369077,0.5523119968960061,True
BH14,0.1166666666666667,-0.9166666666666666,0.5609617822983868,0.5610134363925512,True
BH14,0.1333333333333333,-0.9166666666666666,0.5696566859013247,0.5697148714213083,True
BH14,0.1499999999999999,-0.9166666666666666,0.5783461809455268,0.5784163019835059,True
BH14,0.16666666666666674,-0.9166666666666666,0.5870294341129283,0.587111829887431,True
BH14,0.18333333333333335,-0.9166666666666666,0.5957054754972416,0.595779930835827,True
BH14,0.19999999999999996,-0.9166666666666666,0.6043738947962445,0.6044480216063768,True
BH14,0.21666666666666656,-0.9166666666666666,0.6130337956747836,0.6131161022047773,True
BH14,0.2333333333333334,-0.9166666666666666,0.6216843601061994,0.6217841726367223,True
BH14,0.25,-0.9166666666666666,0.6303250750504692,0.630427287381404,True
BH14,0.2666666666666666,-0.9166666666666666,0.6389545133442044,0.6390448008108461,True
BH14,0.2833333333333332,-0.9166666666666666,0.6475721238921839,0.647662292564233,True
BH14,0.30000000000000004,-0.9166666666666666,0.6561779207448817,0.6562797626649383,True
BH14,0.31666666666666665,-0.9166666666666666,0.6647695143889051,0.6648972111363011,True
BH14,0.33333333333333326,-0.9166666666666666,0.6733474638245469,0.6734584138078463,True
BH14,0.3500000000000001,-0.9166666666666666,0.6819107222414523,0.6820075063386513,True
BH14,0.3666666666666667,-0.9166666666666666,0.6904573332513482,0.6905565581286582,True
BH14,0.3833333333333333,-0.9166666666666666,0.6989876901050248,0.6991055692578673,True
BH14,0.3999999999999999,-0.9166666666666666,0.7075006803000146,0.7076394584341539,True
BH14,0.41666666666666674,-0.9166666666666666,0.7159953145782666,0.7161030439188245,True
BH14,0.43333333333333335,-0.9166666666666666,0.7244711445295231,0.7245665664754963,True
BH14,0.44999999999999996,-0.9166666666666666,0.7329271787031473,0.733030026314808,True
BH14,0.46666666666666656,-0.9166666666666666,0.7413634039420677,0.7414934236464592,True
BH14,0.4833333333333334,-0.9166666666666666,0.7497772308436162,0.7499002439613119,True
BH14,0.5,-0.9166666666666666,0.7581702004704791,0.7582641086032733,True
BH14,0.5166666666666666,-0.9166666666666666,0.7665400050557855,0.7666279048199554,True
BH14,0.5333333333333332,-0.9166666666666666,0.7748872542966071,0.7749916329705813,True
BH14,0.55,-0.9166666666666666,0.7832124775717185,0.7833538931402073,True
BH14,0.5666666666666667,-0.9166666666666666,0.7915126813069551,0.7916096189482357,True
BH14,0.5833333333333333,-0.9166666666666666,0.7997900627171921,0.7998653184236962,True
BH14,0.6000000000000001,-0.9166666666666666,0.808042700597332,0.8081209917380996,True
BH14,0.6166666666666667,-0.9166666666666666,0.816270677453613,0.8163766390614635,True
BH14,0.6333333333333333,-0.9166666666666666,0.8244755876005656,0.8245749399778085,True
BH14,0.6499999999999999,-0.9166666666666666,0.832655312373948,0.8327211720942698,True
BH14,0.6666666666666667,-0.9166666666666666,0.840810258920499,0.8408674310383786,True
BH14,0.6833333333333333,-0.9166666666666666,0.848942517838899,0.8490137166756859,True
BH14,0.7,-0.9166666666666666,0.8570511141895586,0.8571544693081382,True
BH14,0.7166666666666666,-0.9166666666666666,0.8651361293860976,0.8651974808868013,True
BH14,0.7333333333333334,-0.9166666666666666,0.8731991325429831,0.8732405617183061,True
BH14,0.75,-0.9166666666666666,0.8812407563456799,0.8812837115906949,True
BH14,0.7666666666666666,-0.9166666666666666,0.8892611692792933,0.8893269302928786,True
BH14,0.7833333333333332,-0.9166666666666666,0.8972618049839578,0.897320061886879,True
BH14,0.8,-0.9166666666666666,0.9052422470395094,0.9052756535979918,True
BH14,0.8166666666666667,-0.9166666666666666,0.9132064083904515,0.913231200128007,True
BH14,0.8333333333333333,-0.9166666666666666,0.9211523296620086,0.9211867014194308,True
BH14,0.8499999999999999,-0.9166666666666666,0.9290832349329501,0.9291373546327749,True
BH14,0.8666666666666667,-0.9166666666666666,0.9370004334485952,0.9370285119835684,True
BH14,0.8833333333333333,-0.9166666666666666,0.944904037758609,0.9449195681530682,True
BH14,0.8999999999999999,-0.9166666666666666,0.9527960042669987,0.9528105228431184,True
BH14,0.9166666666666667,-0.9166666666666666,0.9606790190580679,0.9607013757543964,True
BH14,0.9333333333333333,-0.9166666666666666,0.9685533371345645,0.9685736050102892,True
BH14,0.95,-0.9166666666666666,0.9764208666831193,0.9764303462931154,True
BH14,0.9666666666666666,-0.9166666666666666,0.9842834268262642,0.9842869927068769,True
BH14,0.9833333333333334,-0.9166666666666666,0.9921423729490269,0.99214354401996,True
BH14,1.0,-0.9166666666666666,0.9999999999999999,1.0,True
BH14,-1.0,-0.9,-2.863333597322823e-17,6.986655052268999e-17,True
BH14,-0.9833333333333333,-0.9,0.0078485309004052,0.007847810672901861,True
BH14,-0.9666666666666667,-0.9,0.015698783594652696,0.015695648009645947,True
BH14,-0.95,-0.9,0.02355271893169205,0.023543511988008105,True
BH14,-0.9333333333333333,-0.9,0.031411184899169706,0.03139140258578872,True
BH14,-0.9166666666666666,-0.9,0.039277364730968135,0.03923931978081303,True
BH14,-0.9,-0.9,0.047151499128526786,0.04711148472780229,True
BH14,-0.8833333333333333,-0.9,0.05503591894405417,0.055011002263217104,True
BH14,-0.8666666666666667,-0.9,0.06293205092993717,0.06291053103623585,True
BH14,-0.85,-0.9,0.07084089379550879,0.07081007104154803,True
BH14,-0.8333333333333334,-0.9,0.0787656673055877,0.07870962227384634,True
BH14,-0.8166666666666667,-0.9,0.08670497046937736,0.08660918472782682,True
BH14,-0.8,-0.9,0.09466195382914111,0.0946016150945472,True
BH14,-0.7833333333333333,-0.9,0.1026368389206049,0.10259610258044498,True
BH14,-0.7666666666666666,-0.9,0.11063279916100727,0.110590585993188,True
BH14,-0.75,-0.9,0.11864783025033322,0.1185850653306901,True
BH14,-0.7333333333333334,-0.9,0.12668461062133335,0.12657954059086418,True
BH14,-0.7166666666666667,-0.9,0.1347446688992674,0.13463764712817083,True
BH14,-0.7,-0.9,0.14282661498050492,0.1427551657344696,True
BH14,-0.6833333333333333,-0.9,0.1509326496276682,0.15087266218276008,True
BH14,-0.6666666666666667,-0.9,0.15906252441035149,0.1589901364276152,True
BH14,-0.65,-0.9,0.16721691506490016,0.16710758842348383,True
BH14,-0.6333333333333333,-0.9,0.17539574712733197,0.17524513920271115,True
BH14,-0.6166666666666667,-0.9,0.18359891528333777,0.18349630602720685,True
BH14,-0.6,-0.9,0.1918278888608598,0.19174748341553882,True
BH14,-0.5833333333333333,-0.9,0.20008059938509232,0.19999867139777247,True
BH14,-0.5666666666666667,-0.9,0.2083583431378621,0.2082498700040867,True
BH14,-0.55,-0.9,0.21666124985086496,0.21650107926477513,True
BH14,-0.5333333333333333,-0.9,0.2249861856265929,0.22485478492131794,True
BH14,-0.5166666666666666,-0.9,0.23333685575794266,0.23323002697519216,True
BH14,-0.5,-0.9,0.2417099794280945,0.24160531756131906,True
BH14,-0.4833333333333334,-0.9,0.25010559172363833,0.2499806568142907,True
BH14,-0.4666666666666667,-0.9,0.2585230535861537,0.258356044869201,True
BH14,-0.44999999999999996,-0.9,0.26696200831648875,0.26683379761711223,True
BH14,-0.43333333333333335,-0.9,0.27542169432234087,0.27531430246823896,True
BH14,-0.41666666666666663,-0.9,0.28390120998144075,0.2837948620450771,True
BH14,-0.4,-0.9,0.29240023679112875,0.29227547648004637,True
BH14,-0.3833333333333333,-0.9,0.3009176801624616,0.30076969183256913,True
BH14,-0.3666666666666667,-0.9,0.3094523529465918,0.3093368911319334,True
BH14,-0.35,-0.9,0.31800344359076255,0.3179041269010468,True
BH14,-0.33333333333333337,-0.9,0.32657051627619227,0.3264713991969236,True
BH14,-0.31666666666666665,-0.9,0.33515228292711585,0.335038708076697,True
BH14,-0.30000000000000004,-0.9,0.34374952308053475,0.34363161804592984,True
BH14,-0.2833333333333333,-0.9,0.3523584221958377,0.35226545091282213,True
BH14,-0.2666666666666667,-0.9,0.36098109195310196,0.3608992981850996,True
BH14,-0.25,-0.9,0.3696149855406912,0.36953315987265756,True
BH14,-0.2333333333333334,-0.9,0.37826029677268075,0.37816703598540025,True
BH14,-0.21666666666666667,-0.9,0.38691479041409077,0.38683195605018,True
BH14,-0.19999999999999996,-0.9,0.39557902945961676,0.39551323932112153,True
BH14,-0.18333333333333335,-0.9,0.4042516118103392,0.4041945256134655,True
BH14,-0.16666666666666663,-0.9,0.4129321036609295,0.41287581492774333,True
BH14,-0.15000000000000002,-0.9,0.4216191478866501,0.42155710726448603,True
BH14,-0.1333333333333333,-0.9,0.43031264462495006,0.430266776038881,True
BH14,-0.1166666666666667,-0.9,0.43901183294618484,0.4389779613795233,True
BH14,-0.09999999999999998,-0.9,0.44771556373795207,0.4476891466352059,True
BH14,-0.08333333333333337,-0.9,0.45642351121385794,0.45640033180592876,True
BH14,-0.06666666666666665,-0.9,0.4651346585115276,0.4651150118927573,True
BH14,-0.050000000000000044,-0.9,0.473848774903211,0.47384003711344236,True
BH14,-0.033333333333333326,-0.9,0.48256476735082204,0.4825650613390415,True
BH14,-0.01666666666666672,-0.9,0.4912821185897046,0.4912900845696123,True
BH14,0.0,-0.9,0.5000000748321193,0.500015106805213,True
BH14,0.016666666666666607,-0.9,0.5087180962428557,0.5087393063545136,True
BH14,0.033333333333333215,-0.9,0.5174354370715607,0.5174628544979469,True
BH14,0.050000000000000044,-0.9,0.5261514108644043,0.5261864003036498,True
BH14,0.06666666666666665,-0.9,0.5348654816027613,0.5349099437719275,True
BH14,0.08333333333333326,-0.9,0.5435766689864414,0.5436334849030855,True
BH14,0.10000000000000009,-0.9,0.5522846864698672,0.5523424371980644,True
BH14,0.1166666666666667,-0.9,0.5609884610206171,0.5610491370347724,True
BH14,0.1333333333333333,-0.9,0.569687582046825,0.5697558314386841,True
BH14,0.1499999999999999,-0.9,0.5783810680163375,0.578462520411294,True
BH14,0.16666666666666674,-0.9,0.5870682876661321,0.5871633578445999,True
BH14,0.18333333333333335,-0.9,0.5957485504783291,0.5958370679738617,True
BH14,0.19999999999999996,-0.9,0.6044210637963826,0.6045107658304205,True
BH14,0.21666666666666656,-0.9,0.6130851393974383,0.6131844514211484,True
BH14,0.2333333333333334,-0.9,0.6217401288535724,0.6218581247529118,True
BH14,0.25,-0.9,0.6303853833617787,0.6305069513389162,True
BH14,0.2666666666666666,-0.9,0.6390189345932588,0.6391303575242115,True
BH14,0.2833333333333332,-0.9,0.6476409907487448,0.6477537377933305,True
BH14,0.30000000000000004,-0.9,0.6562509372543661,0.656377092174225,True
BH14,0.31666666666666665,-0.9,0.6648476315446206,0.6650004206948077,True
BH14,0.33333333333333326,-0.9,0.6734296552699224,0.6735674108244152,True
BH14,0.3500000000000001,-0.9,0.6819967972008087,0.6821223540205259,True
BH14,0.3666666666666667,-0.9,0.6905481129848238,0.6906772488094712,True
BH14,0.3833333333333333,-0.9,0.6990830172471579,0.6992320952863178,True
BH14,0.3999999999999999,-0.9,0.7075999742339429,0.7077715959634303,True
BH14,0.41666666666666674,-0.9,0.7160990162335031,0.7162403955891272,True
BH14,0.43333333333333335,-0.9,0.7245793221584561,0.724709120641524,True
BH14,0.44999999999999996,-0.9,0.7330384071615841,0.7331777713702123,True
BH14,0.46666666666666656,-0.9,0.7414770410655429,0.7416463480236715,True
BH14,0.4833333333333334,-0.9,0.7498945076004975,0.7500574124837094,True
BH14,0.5,-0.9,0.7582902657283974,0.7584250043235246,True
BH14,0.5166666666666666,-0.9,0.7666639488586484,0.7667925146863384,True
BH14,0.5333333333333332,-0.9,0.7750130118813088,0.7751599439996784,True
BH14,0.55,-0.9,0.7833393429541026,0.7835258236702161,True
BH14,0.5666666666666667,-0.9,0.7916418444358976,0.791782888811524,True
BH14,0.5833333333333333,-0.9,0.7999198832834769,0.8000399217546932,True
BH14,0.6000000000000001,-0.9,0.808172428340355,0.8082969227100514,True
BH14,0.6166666666666667,-0.9,0.8164012678569204,0.8165538918860891,True
BH14,0.6333333333333333,-0.9,0.82460475312083,0.8247513507448199,True
BH14,0.6499999999999999,-0.9,0.8327828338270844,0.8328958007918172,True
BH14,0.6666666666666667,-0.9,0.8409372505357692,0.8410402836663061,True
BH14,0.6833333333333333,-0.9,0.8490671926310752,0.8491847992033129,True
BH14,0.7,-0.9,0.8571729795045636,0.8573226535293145,True
BH14,0.7166666666666666,-0.9,0.8652555973997766,0.865360502668127,True
BH14,0.7333333333333334,-0.9,0.8733146688247838,0.8733984316682254,True
BH14,0.75,-0.9,0.8813520514811373,0.8814364402846616,True
BH14,0.7666666666666666,-0.9,0.8893674470796812,0.8894745282734945,True
BH14,0.7833333333333332,-0.9,0.8973626863007311,0.8974594785411051,True
BH14,0.8,-0.9,0.9053386020185636,0.9054065244967866,True
BH14,0.8166666666666667,-0.9,0.9132949705917787,0.913353518052413,True
BH14,0.8333333333333333,-0.9,0.9212351370251414,0.9213004591413978,True
BH14,0.8499999999999999,-0.9,0.9291591985525196,0.9292417033452745,True
BH14,0.8666666666666667,-0.9,0.9370685360146105,0.9371219318218622,True
BH14,0.8833333333333333,-0.9,0.9449643767021778,0.9450020378119712,True
BH14,0.8999999999999999,-0.9,0.9528485074134809,0.952882020955754,True
BH14,0.9166666666666667,-0.9,0.9607231207015683,0.9607618808919598,True
BH14,0.9333333333333333,-0.9,0.9685885944777876,0.9686222988896865,True
BH14,0.95,-0.9,0.9764476223201471,0.9764668961334407,True
BH14,0.9666666666666666,-0.9,0.984301339752822,0.9843113789188491,True
BH14,0.9833333333333334,-0.9,0.9921513018001236,0.9921557469674789,True
BH14,1.0,-0.9,1.0,1.0,True
BH14,-1.0,-0.8833333333333333,9.914420635211347e-17,2.4063939256686082e-18,True
BH14,-0.9833333333333333,-0.8833333333333333,0.007837768664934887,0.007835947143227127,True
BH14,-0.9666666666666667,-0.8833333333333333,0.015677359920298235,0.01567192753026776,True
BH14,-0.95,-0.8833333333333333,0.02352037624861324,0.0235079411334426,True
BH14,-0.9333333333333333,-0.8833333333333333,0.031369035501857656,0.03134398792510277,True
BH14,-0.9166666666666666,-0.8833333333333333,0.03922435875472012,0.03918006787763044,True
BH14,-0.9,-0.8833333333333333,0.047088807346172296,0.04704111516889044,True
BH14,-0.8833333333333333,-0.8833333333333333,0.0549638906146612,0.05493054408303744,True
BH14,-0.8666666666666667,-0.8833333333333333,0.06285083544710582,0.06281998740843363,True
BH14,-0.85,-0.8833333333333333,0.07075140779430561,0.07070944513827498,True
BH14,-0.8333333333333334,-0.8833333333333333,0.07866645417798025,0.0785989172657614,True
BH14,-0.8166666666666667,-0.8833333333333333,0.08659875020211263,0.08648840378409717,True
BH14,-0.8,-0.8833333333333333,0.09454792151134964,0.09447355210995231,True
BH14,-0.7833333333333333,-0.8833333333333333,0.10251681576564586,0.1024611772993185,True
BH14,-0.7666666666666666,-0.8833333333333333,0.11050461779125346,0.11044879607338788,True
BH14,-0.75,-0.8833333333333333,0.11851593794744159,0.11843640842887557,True
BH14,-0.7333333333333334,-0.8833333333333333,0.1265471573614087,0.12642401436249417,True
BH14,-0.7166666666666667,-0.8833333333333333,0.13460187794718365,0.13447685609194254,True
BH14,-0.7,-0.8833333333333333,0.14268016438446784,0.14259154752151362,True
BH14,-0.6833333333333333,-0.8833333333333333,0.1507835603137694,0.1507062129338591,True
BH14,-0.6666666666666667,-0.8833333333333333,0.15891098294015468,0.15882085227565162,True
BH14,-0.65,-0.8833333333333333,0.16706325544331202,0.1669354654934182,True
BH14,-0.6333333333333333,-0.8833333333333333,0.17524103476940056,0.17507017505736056,True
BH14,-0.6166666666666667,-0.8833333333333333,0.1834438926500963,0.18332236091874052,True
BH14,-0.6,-0.8833333333333333,0.19167226157716002,0.19157455926663128,True
BH14,-0.5833333333333333,-0.8833333333333333,0.19992667511134188,0.1998267701365037,True
BH14,-0.5666666666666667,-0.8833333333333333,0.20820620912272048,0.20807899356396273,True
BH14,-0.55,-0.8833333333333333,0.21650951875911895,0.21633122958474765,True
BH14,-0.5333333333333333,-0.8833333333333333,0.22483849079725365,0.22468728287998563,True
BH14,-0.5166666666666666,-0.8833333333333333,0.2331910272786667,0.23306630818668295,True
BH14,-0.5,-0.8833333333333333,0.2415675042487866,0.24144538908160348,True
BH14,-0.4833333333333334,-0.8833333333333333,0.24996587558507666,0.24982452571941013,True
BH14,-0.4666666666666667,-0.8833333333333333,0.25838727469042905,0.25820371825534494,True
BH14,-0.44999999999999996,-0.8833333333333333,0.2668302226739232,0.26668645503057153,True
BH14,-0.43333333333333335,-0.8833333333333333,0.27529529972200073,0.27517222632204397,True
BH14,-0.41666666666666663,-0.8833333333333333,0.28377882209140504,0.28365806084308637,True
BH14,-0.4,-0.8833333333333333,0.29228244681491455,0.2921439587467931,True
BH14,-0.3833333333333333,-0.8833333333333333,0.30080455558924213,0.3006434491455542,True
BH14,-0.3666666666666667,-0.8833333333333333,0.3093443378095791,0.30921650224995095,True
BH14,-0.35,-0.8833333333333333,0.31790099786734527,0.31778959792201267,True
BH14,-0.33333333333333337,-0.8833333333333333,0.32647342148068803,0.32636273622828715,True
BH14,-0.31666666666666665,-0.8833333333333333,0.3350605990725497,0.33493591723546134,True
BH14,-0.30000000000000004,-0.8833333333333333,0.34366220448088197,0.3435346110744323,True
BH14,-0.2833333333333333,-0.8833333333333333,0.35227718515866846,0.3521742837688705,True
BH14,-0.2666666666666667,-0.8833333333333333,0.36090504616340635,0.3608139735429479,True
BH14,-0.25,-0.8833333333333333,0.3695441645113543,0.369453680408398,True
BH14,-0.2333333333333334,-0.8833333333333333,0.3781940868252882,0.3780934043769645,True
BH14,-0.21666666666666667,-0.8833333333333333,0.3868541606652455,0.38676391737248883,True
BH14,-0.19999999999999996,-0.8833333333333333,0.3955231540493964,0.3954507337285338,True
BH14,-0.18333333333333335,-0.8833333333333333,0.4042008842968516,0.40413755375477234,True
BH14,-0.16666666666666663,-0.8833333333333333,0.41288586374097214,0.4128243774518499,True
BH14,-0.15000000000000002,-0.8833333333333333,0.4215779266908277,0.42151120482041204,True
BH14,-0.1333333333333333,-0.8833333333333333,0.43027630898878766,0.43022607079138614,True
BH14,-0.1166666666666667,-0.8833333333333333,0.4389802065825644,0.43894245590214304,True
BH14,-0.09999999999999998,-0.8833333333333333,0.4476886216500728,0.4476588409295984,True
BH14,-0.08333333333333337,-0.8833333333333333,0.45640107642658706,0.4563752258737522,True
BH14,-0.06666666666666665,-0.8833333333333333,0.46511683678328064,0.4650950528497857,True
BH14,-0.050000000000000044,-0.8833333333333333,0.4738355064039351,0.4738250860314487,True
BH14,-0.033333333333333326,-0.8833333333333333,0.4825558064141172,0.48255511802405054,True
BH14,-0.01666666666666672,-0.8833333333333333,0.4912777544843251,0.49128514882766006,True
BH14,0.0,-0.8833333333333333,0.5000000336919214,0.5000151784423468,True
BH14,0.016666666666666607,-0.8833333333333333,0.5087225915284888,0.5087443985821083,True
BH14,0.033333333333333215,-0.8833333333333333,0.5174443105763878,0.5174729771938706,True
BH14,0.050000000000000044,-0.8833333333333333,0.5261647016282025,0.526201553029415,True
BH14,0.06666666666666665,-0.8833333333333333,0.534883253097484,0.534930126089104,True
BH14,0.08333333333333326,-0.8833333333333333,0.5435991545534323,0.5436586963733008,True
BH14,0.10000000000000009,-0.8833333333333333,0.5523116599268009,0.5523728785586992,True
BH14,0.1166666666666667,-0.8833333333333333,0.5610200181610885,0.5610848393330525,True
BH14,0.1333333333333333,-0.8833333333333333,0.5697239412961249,0.5697967937092725,True
BH14,0.1499999999999999,-0.8833333333333333,0.5784222303770032,0.5785087416891195,True
BH14,0.16666666666666674,-0.8833333333333333,0.5871143005465008,0.5872148895276208,True
BH14,0.18333333333333335,-0.8833333333333333,0.5957993939999354,0.5958942097414606,True
BH14,0.19999999999999996,-0.8833333333333333,0.6044769861013727,0.6045735155867281,True
BH14,0.21666666666666656,-0.8833333333333333,0.6131461820050174,0.6132528070714708,True
BH14,0.2333333333333334,-0.8833333333333333,0.6218060841963609,0.6219320842037301,True
BH14,0.25,-0.8833333333333333,0.6304562200903243,0.6305866239751641,True
BH14,0.2666666666666666,-0.8833333333333333,0.6390954444596969,0.6392159238798827,True
BH14,0.2833333333333332,-0.8833333333333333,0.6477228663860892,0.6478451936262184,True
BH14,0.30000000000000004,-0.8833333333333333,0.6563379104947353,0.6564744332467067,True
BH14,0.31666666666666665,-0.8833333333333333,0.6649393665287298,0.6651036427738368,True
BH14,0.33333333333333326,-0.8833333333333333,0.673526449147493,0.6736764208867714,True
BH14,0.3500000000000001,-0.8833333333333333,0.6820992547584357,0.6822372152233145,True
BH14,0.3666666666666667,-0.8833333333333333,0.6906557193688094,0.6907979534844261,True
BH14,0.3833333333333333,-0.8833333333333333,0.699195284394443,0.6993586357802452,True
BH14,0.3999999999999999,-0.8833333333333333,0.7077182018217734,0.7079037467330911,True
BH14,0.41666666666666674,-0.8833333333333333,0.7162215493923456,0.716377760095454,True
BH14,0.43333333333333335,-0.8833333333333333,0.7247050041051635,0.7248516872418229,True
BH14,0.44999999999999996,-0.8833333333333333,0.7331694099548578,0.7333255284607259,True
BH14,0.46666666666666656,-0.8833333333333333,0.7416124785914288,0.7417992840394041,True
BH14,0.4833333333333334,-0.8833333333333333,0.7500340757653237,0.7502145885742435,True
BH14,0.5,-0.8833333333333333,0.7584331409320875,0.7585859063369825,True
BH14,0.5166666666666666,-0.8833333333333333,0.766809450584216,0.7669571295842383,True
BH14,0.5333333333333332,-0.8833333333333333,0.7751618666640351,0.775328258811705,True
BH14,0.55,-0.8833333333333333,0.7834899270561433,0.7836977551713106,True
BH14,0.5666666666666667,-0.8833333333333333,0.7917936858224564,0.7919561622807129,True
BH14,0.5833333333333333,-0.8833333333333333,0.800073712682874,0.8002145312919549,True
BH14,0.6000000000000001,-0.8833333333333333,0.8083271914034217,0.8084728624546338,True
BH14,0.6166666666666667,-0.8833333333333333,0.8165561951503796,0.8167311560161579,True
BH14,0.6333333333333333,-0.8833333333333333,0.8247590585883864,0.8249277428020813,True
BH14,0.6499999999999999,-0.8833333333333333,0.8329369876052455,0.8330704075052093,True
BH14,0.6666666666666667,-0.8833333333333333,0.841088083349159,0.8412131110688965,True
BH14,0.6833333333333333,-0.8833333333333333,0.8492161578405191,0.8493558532973073,True
BH14,0.7,-0.8833333333333333,0.8573192374499687,0.8574907451544966,True
BH14,0.7166666666666666,-0.8833333333333333,0.865398197426274,0.8655234246175516,True
BH14,0.7333333333333334,-0.8833333333333333,0.8734529719003479,0.8735561945952989,True
BH14,0.75,-0.8833333333333333,0.8814850560266803,0.8815890548095227,True
BH14,0.7666666666666666,-0.8833333333333333,0.889494740971803,0.8896220049831526,True
BH14,0.7833333333333332,-0.8833333333333333,0.8974836730072575,0.8975986929456734,True
BH14,0.8,-0.8833333333333333,0.9054524063152151,0.9055372009882611,True
BH14,0.8166666666666667,-0.8833333333333333,0.9134020218399802,0.9134756494319862,True
BH14,0.8333333333333333,-0.8833333333333333,0.921334283742335,0.921414038201221,True
BH14,0.8499999999999999,-0.8833333333333333,0.9292493223993403,0.9293458356367523,True
BH14,0.8666666666666667,-0.8833333333333333,0.9371500690769171,0.9372151567236422,True
BH14,0.8833333333333333,-0.8833333333333333,0.9450363311767875,0.9450843341463643,True
BH14,0.8999999999999999,-0.8833333333333333,0.9529110238732534,0.9529533674841264,True
BH14,0.9166666666666667,-0.8833333333333333,0.9607753375838387,0.9608222563145032,True
BH14,0.9333333333333333,-0.8833333333333333,0.9686311780531304,0.9686708766760221,True
BH14,0.95,-0.8833333333333333,0.9764798008767903,0.9765033586923288,True
BH14,0.9666666666666666,-0.8833333333333333,0.9843226701793237,0.9843357068016482,True
BH14,0.9833333333333334,-0.8833333333333333,0.9921619955038568,0.9921679206794093,True
BH14,1.0,-0.8833333333333333,1.0000000000000002,1.0,True
BH14,-1.0,-0.8666666666666667,2.080375898123198e-17,-2.8843157448036946e-17,True
BH14,-0.9833333333333333,-0.8666666666666667,0.007825289061010942,0.00782409194280613,True
BH14,-0.9666666666666667,-0.8666666666666667,0.015652394820773862,0.01564822369552709,True
BH14,-0.95,-0.8666666666666667,0.023482885326192075,0.023472395225051103,True
BH14,-0.9333333333333333,-0.8666666666666667,0.03131932709174982,0.031296606498303306,True
BH14,-0.9166666666666666,-0.8666666666666667,0.03916285641784728,0.03912085748224556,True
BH14,-0.9,-0.8666666666666667,0.047015856175747404,0.046970787599364044,True
BH14,-0.8833333333333333,-0.8666666666666667,0.05487922307419077,0.05485013393514868,True
BH14,-0.8666666666666667,-0.8666666666666667,0.06275570207024304,0.06272949785011533,True
BH14,-0.85,-0.8666666666666667,0.07064551501189081,0.07060887933597161,True
BH14,-0.8333333333333334,-0.8666666666666667,0.07855071602718879,0.07848827838443004,True
BH14,-0.8166666666666667,-0.8666666666666667,0.08647385065302363,0.08636769498720875,True
BH14,-0.8,-0.8666666666666667,0.09441473296905636,0.09434553895553818,True
BH14,-0.7833333333333333,-0.8666666666666667,0.10237531908897715,0.1023263024586229,True
BH14,-0.7666666666666666,-0.8666666666666667,0.11035739646867865,0.11030705720488526,True
BH14,-0.75,-0.8666666666666667,0.11835986857547891,0.11828780318984167,True
BH14,-0.7333333333333334,-0.8666666666666667,0.12638606728850255,0.1262685404090058,True
BH14,-0.7166666666666667,-0.8666666666666667,0.13443598470995383,0.13431608687890642,True
BH14,-0.7,-0.8666666666666667,0.14251005501485264,0.14242795156842294,True
BH14,-0.6833333333333333,-0.8666666666666667,0.15060974548969466,0.1505397863832253,True
BH14,-0.6666666666666667,-0.8666666666666667,0.15873418205836562,0.15865159126209316,True
BH14,-0.65,-0.8666666666666667,0.16688509100139126,0.16676336614363862,True
BH14,-0.6333333333333333,-0.8666666666666667,0.17506129801535364,0.17489520215630125,True
BH14,-0.6166666666666667,-0.8666666666666667,0.18326418273611228,0.18314840577753427,True
BH14,-0.6,-0.8666666666666667,0.19149247116820084,0.19140162380074466,True
BH14,-0.5833333333333333,-0.8666666666666667,0.19974725199330012,0.19965485626676807,True
BH14,-0.5666666666666667,-0.8666666666666667,0.20802822274019636,0.20790810321659414,True
BH14,-0.55,-0.8666666666666667,0.21633367600863768,0.21616136469136688,True
BH14,-0.5333333333333333,-0.8666666666666667,0.22466526883762164,0.22451973068414588,True
BH14,-0.5166666666666666,-0.8666666666666667,0.23302197862206733,0.2329025474152346,True
BH14,-0.5,-0.8666666666666667,0.2414011219246332,0.2412854268362428,True
BH14,-0.4833333333333334,-0.8666666666666667,0.2498040662122829,0.2496683691221614,True
BH14,-0.4666666666666667,-0.8666666666666667,0.2582298532969789,0.25805137444863957,True
BH14,-0.44999999999999996,-0.8666666666666667,0.26667841176630985,0.2665390912134708,True
BH14,-0.43333333333333335,-0.8666666666666667,0.2751478125163741,0.2750301311651615,True
BH14,-0.41666666666666663,-0.8666666666666667,0.2836371091661886,0.28352124286111285,True
BH14,-0.4,-0.8666666666666667,0.29214656095510694,0.292012426475147,True
BH14,-0.3833333333333333,-0.8666666666666667,0.30067496145656314,0.300517192504583,True
BH14,-0.3666666666666667,-0.8666666666666667,0.30921980710032737,0.30909609943944116,True
BH14,-0.35,-0.8666666666666667,0.31778234099486924,0.3176750550399823,True
BH14,-0.33333333333333337,-0.8666666666666667,0.3263609355518298,0.32625405938228813,True
BH14,-0.31666666666666665,-0.8666666666666667,0.33495488700640785,0.3348331125425996,True
BH14,-0.30000000000000004,-0.8666666666666667,0.3435624200708876,0.3434375904889108,True
BH14,-0.2833333333333333,-0.8666666666666667,0.35218327811328254,0.3520831033354413,True
BH14,-0.2666666666666667,-0.8666666666666667,0.3608173061781541,0.36072863593631516,True
BH14,-0.25,-0.8666666666666667,0.3694623509616089,0.36937418830510466,True
BH14,-0.2333333333333334,-0.8666666666666667,0.37811816646492497,0.37801976045539376,True
BH14,-0.21666666666666667,-0.8666666666666667,0.3867839914396284,0.3866958677393237,True
BH14,-0.19999999999999996,-0.8666666666666667,0.3954592598536949,0.39538821807185426,True
BH14,-0.18333333333333335,-0.8666666666666667,0.4041426604569587,0.40408057272368325,True
BH14,-0.16666666666666663,-0.8666666666666667,0.41283325174342705,0.4127729316955705,True
BH14,-0.15000000000000002,-0.8666666666666667,0.42153090939233295,0.4214652949882757,True
BH14,-0.1333333333333333,-0.8666666666666667,0.43023469072616405,0.43018535935043195,True
BH14,-0.1166666666666667,-0.8666666666666667,0.4389438271223121,0.43890694497291394,True
BH14,-0.09999999999999998,-0.8666666666666667,0.4476575921971276,0.4476285305137534,True
BH14,-0.08333333333333337,-0.8666666666666667,0.45637536525093575,0.45635011597295033,True
BH14,-0.06666666666666665,-0.8666666666666667,0.465096150703455,0.4650750906265482,True
BH14,-0.050000000000000044,-0.8666666666666667,0.47381990188066625,0.4738101321967477,True
BH14,-0.033333333333333326,-0.8666666666666667,0.4825456448793155,0.48254517238386113,True
BH14,-0.01666666666666672,-0.8666666666666667,0.49127275857285385,0.4912802111879687,True
BH14,0.0,-0.8666666666666667,0.5000000027081601,0.5000152486091511,True
BH14,0.016666666666666607,-0.8666666666666667,0.5087276578566379,0.5087494897368895,True
BH14,0.033333333333333215,-0.8666666666666667,0.5174544998764745,0.5174830992016788,True
BH14,0.050000000000000044,-0.8666666666666667,0.5261801956396867,0.526216705451662,True
BH14,0.06666666666666665,-0.8666666666666667,0.5349040168914836,0.5349503084872593,True
BH14,0.08333333333333326,-0.8666666666666667,0.5436247956995646,0.5436839083088911,True
BH14,0.10000000000000009,-0.8666666666666667,0.5523427773284355,0.552403320978091,True
BH14,0.1166666666666667,-0.8666666666666667,0.5610565389123718,0.5611205432876736,True
BH14,0.1333333333333333,-0.8666666666666667,0.5697657130263466,0.5698377582334571,True
BH14,0.1499999999999999,-0.8666666666666667,0.5784694578246604,0.5785549658174678,True
BH14,0.16666666666666674,-0.8666666666666667,0.5871669133523286,0.5872664249373954,True
BH14,0.18333333333333335,-0.8666666666666667,0.5958576120319674,0.5959513561397434,True
BH14,0.19999999999999996,-0.8666666666666667,0.6045408587526679,0.6046362708766365,True
BH14,0.21666666666666656,-0.8666666666666667,0.6132162816209479,0.613321169157299,True
BH14,0.2333333333333334,-0.8666666666666667,0.6218820269319314,0.6220060509909477,True
BH14,0.25,-0.8666666666666667,0.6305380511054874,0.6306663052922846,True
BH14,0.2666666666666666,-0.8666666666666667,0.6391831314196059,0.6393014998802319,True
BH14,0.2833333333333332,-0.8666666666666667,0.6478167592585952,0.6479366600655027,True
BH14,0.30000000000000004,-0.8666666666666667,0.6564381367651072,0.6565717858852216,True
BH14,0.31666666666666665,-0.8666666666666667,0.6650462548716616,0.6652068773764587,True
BH14,0.33333333333333326,-0.8666666666666667,0.6736391061465419,0.6737854439965341,True
BH14,0.3500000000000001,-0.8666666666666667,0.6822169509793561,0.6823520899486929,True
BH14,0.3666666666666667,-0.8666666666666667,0.690780489915034,0.6909186721552532,True
BH14,0.3833333333333333,-0.8666666666666667,0.6993258900139454,0.699485190741435,True
BH14,0.3999999999999999,-0.8666666666666667,0.707853275934055,0.7080359107416488,True
BH14,0.41666666666666674,-0.8666666666666667,0.7163631378186686,0.7165151374363676,True
BH14,0.43333333333333335,-0.8666666666666667,0.7248523985411117,0.724994266275006,True
BH14,0.44999999999999996,-0.8666666666666667,0.7333217206742609,0.73347329758501,True
BH14,0.46666666666666656,-0.8666666666666667,0.7417692777097316,0.741952231692367,True
BH14,0.4833333333333334,-0.8666666666666667,0.7501957513548545,0.7503717722290588,True
BH14,0.5,-0.8666666666666667,0.758599392678317,0.7587468146404582,True
BH14,0.5166666666666666,-0.8666666666666667,0.766978864429998,0.7671217495111187,True
BH14,0.5333333333333332,-0.8666666666666667,0.775334332794271,0.7754965774047639,True
BH14,0.55,-0.8666666666666667,0.7836657540692331,0.783869687646374,True
BH14,0.5666666666666667,-0.8666666666666667,0.79197219982,0.7921294393664384,True
BH14,0.5833333333333333,-0.8666666666666667,0.8002525160485043,0.800389147053668,True
BH14,0.6000000000000001,-0.8666666666666667,0.8085080087969062,0.8086488109973861,True
BH14,0.6166666666666667,-0.8666666666666667,0.8167361013149238,0.816908431484367,True
BH14,0.6333333333333333,-0.8666666666666667,0.824938486486917,0.8251041160973073,True
BH14,0.6499999999999999,-0.8666666666666667,0.833115462215624,0.8332449921733209,True
BH14,0.6666666666666667,-0.8666666666666667,0.8412652419704136,0.8413859131763671,True
BH14,0.6833333333333333,-0.8666666666666667,0.8493902489498579,0.8495268788794097,True
BH14,0.7,-0.8666666666666667,0.8574894981462708,0.8576587439859065,True
BH14,0.7166666666666666,-0.8666666666666667,0.865563550331232,0.8656862465225008,True
BH14,0.7333333333333334,-0.8666666666666667,0.8736133796556389,0.8737138502723456,True
BH14,0.75,-0.8666666666666667,0.8816402081642551,0.8817415549236758,True
BH14,0.7666666666666666,-0.8666666666666667,0.8896436787759163,0.889769360166015,True
BH14,0.7833333333333332,-0.8666666666666667,0.8976240161368416,0.8977377053816578,True
BH14,0.8,-0.8666666666666667,0.9055855687168279,0.9056676833429359,True
BH14,0.8166666666666667,-0.8666666666666667,0.913526455726031,0.9135975945266388,True
BH14,0.8333333333333333,-0.8666666666666667,0.921448821682862,0.9215274388481485,True
BH14,0.8499999999999999,-0.8666666666666667,0.9293546585489914,0.9294497521497715,True
BH14,0.8666666666666667,-0.8666666666666667,0.9372448137359284,0.9373081872693942,True
BH14,0.8833333333333333,-0.8666666666666667,0.9451203955973755,0.9451664576739025,True
BH14,0.8999999999999999,-0.8666666666666667,0.9529842993832233,0.9530245628823006,True
BH14,0.9166666666666667,-0.8666666666666667,0.9608368995573879,0.9608825024117333,True
BH14,0.9333333333333333,-0.8666666666666667,0.9686808432808647,0.9687193387826265,True
BH14,0.95,-0.8666666666666667,0.9765165243618759,0.9765397342812889,True
BH14,0.9666666666666666,-0.8666666666666667,0.9843479385119092,0.9843599765639598,True
BH14,0.9833333333333334,-0.8666666666666667,0.9921749954558549,0.9921800652606028,True
BH14,1.0,-0.8666666666666667,0.9999999999999999,1.0,True
BH14,-1.0,-0.85,2.4952793039475158e-17,2.1607190841037945e-17,True
BH14,-0.9833333333333333,-0.85,0.007811117842325229,0.0078122450628728335,True
BH14,-0.9666666666666667,-0.85,0.015623763263759872,0.015624536487920376,True
BH14,-0.95,-0.85,0.023440023677909594,0.023436874236622156,True
BH14,-0.9333333333333333,-0.85,0.03126274056713284,0.031249258270499795,True
BH14,-0.9166666666666666,-0.85,0.03909216222726606,0.03906168855111779,True
BH14,-0.9,-0.85,0.04693197549563266,0.046900501981454734,True
BH14,-0.8833333333333333,-0.85,0.05478182836246545,0.05476977177636761,True
BH14,-0.8666666666666667,-0.85,0.06264645220452021,0.062639062312693,True
BH14,-0.85,-0.85,0.0705241678603237,0.07050837358065554,True
BH14,-0.8333333333333334,-0.85,0.07841890255229025,0.07837770557048582,True
BH14,-0.8166666666666667,-0.85,0.08633067527520205,0.08624705827242084,True
BH14,-0.8,-0.85,0.09426187224498428,0.09421757562475305,True
BH14,-0.7833333333333333,-0.85,0.10221362931011962,0.10219147805172289,True
BH14,-0.7666666666666666,-0.85,0.11018672251811407,0.11016536938096078,True
BH14,-0.75,-0.85,0.11818265779440547,0.11813924960678539,True
BH14,-0.7333333333333334,-0.85,0.12620184210040364,0.12611311872351164,True
BH14,-0.7166666666666667,-0.85,0.1342456442673146,0.13415533948418587,True
BH14,-0.7,-0.85,0.14231476678444452,0.14226437787021312,True
BH14,-0.6833333333333333,-0.85,0.1504101602710143,0.1503733825257661,True
BH14,-0.6666666666666667,-0.85,0.158532004237456,0.15848235338173805,True
BH14,-0.65,-0.85,0.166680138650801,0.16659129036883333,True
BH14,-0.6333333333333333,-0.85,0.17485518897604835,0.17472022051584435,True
BH14,-0.6166666666666667,-0.85,0.183057110004762,0.1829744406223311,True
BH14,-0.6,-0.85,0.19128597906359046,0.1912286770390807,True
BH14,-0.5833333333333333,-0.85,0.1995423778781557,0.19948292981225352,True
BH14,-0.5666666666666667,-0.85,0.20782482776216993,0.2077371989881829,True
BH14,-0.55,-0.85,0.21613372688896199,0.21599148461337703,True
BH14,-0.5333333333333333,-0.85,0.22446783838413972,0.2243521281705061,True
BH14,-0.5166666666666666,-0.85,0.2328275387390518,0.2327387445237793,True
BH14,-0.5,-0.85,0.24121149310687812,0.24112543071469061,True
BH14,-0.4833333333333334,-0.85,0.24961953895141986,0.24951218693881916,True
BH14,-0.4666666666666667,-0.85,0.25805035407586313,0.257899013392483,True
BH14,-0.44999999999999996,-0.85,0.26650514610974574,0.2663917061523021,True
BH14,-0.43333333333333335,-0.85,0.274979476992087,0.2748880169854665,True
BH14,-0.41666666666666663,-0.85,0.2834758523742655,0.2833844080884284,True
BH14,-0.4,-0.85,0.2919921668383874,0.2918808796557904,True
BH14,-0.3833333333333333,-0.85,0.30052592086147245,0.30039092190953864,True
BH14,-0.3666666666666667,-0.85,0.30907896832076587,0.3089756827002871,True
BH14,-0.35,-0.85,0.31764827091264847,0.3175604982548388,True
BH14,-0.33333333333333337,-0.85,0.32623412284547537,0.3261453686588097,True
BH14,-0.31666666666666665,-0.85,0.3348344727080075,0.33473029399799525,True
BH14,-0.30000000000000004,-0.85,0.34344903849189273,0.34334055628822,True
BH14,-0.2833333333333333,-0.85,0.3520769829027679,0.3519919096114156,True
BH14,-0.2666666666666667,-0.85,0.36071782569502625,0.36064328536410917,True
BH14,-0.25,-0.85,0.3693695365589368,0.369294683561712,True
BH14,-0.2333333333333334,-0.85,0.37803255189492013,0.37794610421964936,True
BH14,-0.21666666666666667,-0.85,0.38670494947995704,0.3866278071480354,True
BH14,-0.19999999999999996,-0.85,0.3953863218252667,0.3953256923486489,True
BH14,-0.18333333333333335,-0.85,0.4040761466021946,0.40402358251797954,True
BH14,-0.16666666666666663,-0.85,0.4127735178973976,0.41272147765690165,True
BH14,-0.15000000000000002,-0.85,0.4214774049863741,0.4214193777662891,True
BH14,-0.1333333333333333,-0.85,0.43018741567924984,0.43014464171469324,True
BH14,-0.1166666666666667,-0.85,0.4389027149328504,0.43887142859066974,True
BH14,-0.09999999999999998,-0.85,0.44762245236096787,0.4475982153866634,True
BH14,-0.08333333333333337,-0.85,0.45634631934507724,0.4563250021026741,True
BH14,-0.06666666666666665,-0.85,0.4650730065676032,0.4650551252226375,True
BH14,-0.050000000000000044,-0.85,0.47380268636437883,0.473795175608987,True
BH14,-0.033333333333333326,-0.85,0.482534094210391,0.48253522441817576,True
BH14,-0.01666666666666672,-0.85,0.49126671836737174,0.4912752716502954,True
BH14,0.0,-0.85,0.500000052296191,0.5000153173054378,True
BH14,0.016666666666666607,-0.85,0.5087334322196754,0.5087545798187341,True
BH14,0.033333333333333215,-0.85,0.5174662013502375,0.5174932205212924,True
BH14,0.050000000000000044,-0.85,0.5261974289590929,0.5262318575703562,True
BH14,0.06666666666666665,-0.85,0.5349271488242232,0.5349704909664027,True
BH14,0.08333333333333326,-0.85,0.5436540181561501,0.54370912070991,True
BH14,0.10000000000000009,-0.85,0.5523777582020651,0.5524337644564197,True
BH14,0.1166666666666667,-0.85,0.5610972278298224,0.5611562488989178,True
BH14,0.1333333333333333,-0.85,0.5698126660529874,0.5698787250116218,True
BH14,0.1499999999999999,-0.85,0.5785226500623477,0.5786011927968246,True
BH14,0.16666666666666674,-0.85,0.5872267923677014,0.5873179640748254,True
BH14,0.18333333333333335,-0.85,0.5959236092893927,0.5960085071698299,True
BH14,0.19999999999999996,-0.85,0.6046140285452328,0.6046990317014833,True
BH14,0.21666666666666656,-0.85,0.6132949598240865,0.6133895376801874,True
BH14,0.2333333333333334,-0.85,0.6219677995120377,0.6220800251163362,True
BH14,0.25,-0.85,0.6306307858967259,0.6307459952924163,True
BH14,0.2666666666666666,-0.85,0.639282707442392,0.6393870855276316,True
BH14,0.2833333333333332,-0.85,0.6479227377172013,0.6480281371137901,True
BH14,0.30000000000000004,-0.85,0.656551107983281,0.656669150092609,True
BH14,0.31666666666666665,-0.85,0.6651657659768416,0.6653101245057443,True
BH14,0.33333333333333326,-0.85,0.6737660586844486,0.6738944801553242,True
BH14,0.3500000000000001,-0.85,0.682352531910319,0.682466978198337,True
BH14,0.3666666666666667,-0.85,0.6909211767861752,0.691039404823684,True
BH14,0.3833333333333333,-0.85,0.6994736709029923,0.6996117601716734,True
BH14,0.3999999999999999,-0.85,0.7080083780945847,0.7081680879876173,True
BH14,0.41666666666666674,-0.85,0.7165239815780415,0.7166525276104319,True
BH14,0.43333333333333335,-0.85,0.7250200737613341,0.7251368577396857,True
BH14,0.44999999999999996,-0.85,0.7334954266624178,0.7336210787417268,True
BH14,0.46666666666666656,-0.85,0.7419491032098806,0.7421051909812705,True
BH14,0.4833333333333334,-0.85,0.7503799600655401,0.7505289634443028,True
BH14,0.5,-0.85,0.7587884129719368,0.7589077292307644,True
BH14,0.5166666666666666,-0.85,0.7671721389017856,0.7672863744644449,True
BH14,0.5333333333333332,-0.85,0.7755322026739381,0.7756648997769591,True
BH14,0.55,-0.85,0.7838664800442715,0.7840416210983014,True
BH14,0.5666666666666667,-0.85,0.7921753434965292,0.7923027200793786,True
BH14,0.5833333333333333,-0.85,0.8004580567508431,0.8005637690580907,True
BH14,0.6000000000000001,-0.85,0.8087134901642619,0.8088247683639459,True
BH14,0.6166666666666667,-0.85,0.8169425839146085,0.8170857183235399,True
BH14,0.6333333333333333,-0.85,0.825144565876978,0.8252804705780183,True
BH14,0.6499999999999999,-0.85,0.8333199213013813,0.8334195547348024,True
BH14,0.6666666666666667,-0.85,0.8414683318583858,0.8415586899186818,True
BH14,0.6833333333333333,-0.85,0.8495888736233375,0.8496978758710767,True
BH14,0.7,-0.85,0.8576844546976035,0.8578266498252102,True
BH14,0.7166666666666666,-0.85,0.8657539717622382,0.8658489681698064,True
BH14,0.7333333333333334,-0.85,0.8737988824094703,0.8738713984715508,True
BH14,0.75,-0.85,0.8818181925416126,0.8818939403848487,True
BH14,0.7666666666666666,-0.85,0.8898140660245397,0.8899165935655362,True
BH14,0.7833333333333332,-0.85,0.8977871836767701,0.897876516129616,True
BH14,0.8,-0.85,0.9057385538350521,0.9057979718308351,True
BH14,0.8166666666666667,-0.85,0.9136697913712445,0.9137193535958053,True
BH14,0.8333333333333333,-0.85,0.9215813638321101,0.9216406613309692,True
BH14,0.8499999999999999,-0.85,0.9294758449682806,0.9295534535243786,True
BH14,0.8666666666666667,-0.85,0.9373537908525156,0.9374010240373222,True
BH14,0.8833333333333333,-0.85,0.9452174499931547,0.9452484089101989,True
BH14,0.8999999999999999,-0.85,0.9530681294105053,0.9530956076025427,True
BH14,0.9166666666666667,-0.85,0.9609071971649243,0.9609426195718063,True
BH14,0.9333333333333333,-0.85,0.9687374236489649,0.9687676856208756,True
BH14,0.95,-0.85,0.976559524719176,0.9765760232103525,True
BH14,0.9666666666666666,-0.85,0.9843762497704156,0.984384188413477,True
BH14,0.9833333333333334,-0.85,0.9921892005719295,0.9921921808154109,True
BH14,1.0,-0.85,1.0,1.0,True
BH14,-1.0,-0.8333333333333334,4.509526629679414e-17,3.1163045041526073e-17,True
BH14,-0.9833333333333333,-0.8333333333333334,0.007794718847561213,0.007796962280348094,True
BH14,-0.9666666666666667,-0.8333333333333334,0.015591374242568446,0.01559402380456856,True
BH14,-0.95,-0.8333333333333334,0.023391424992187385,0.023391184416701304,True
BH14,-0.9333333333333333,-0.8333333333333334,0.031197688607390646,0.031188443961112033,True
BH14,-0.9166666666666666,-0.8333333333333334,0.03901179883060597,0.03898580228249109,True
BH14,-0.9,-0.8333333333333334,0.046837682863397796,0.0468104559494758,True
BH14,-0.8833333333333333,-0.8333333333333334,0.0546727568970487,0.05466690051977372,True
BH14,-0.8666666666666667,-0.8333333333333334,0.06252216557837728,0.06252339027661581,True
BH14,-0.85,-0.8333333333333334,0.0703871421626544,0.07037992517514162,True
BH14,-0.8333333333333334,-0.8333333333333334,0.07826906874520458,0.07823650517054918,True
BH14,-0.8166666666666667,-0.8333333333333334,0.08616835505672743,0.08609313021809635,True
BH14,-0.8,-0.8333333333333334,0.09408905962976619,0.0940542912368161,True
BH14,-0.7833333333333333,-0.8333333333333334,0.1020303230398146,0.1020194260662887,True
BH14,-0.7666666666666666,-0.8333333333333334,0.10999290027316946,0.10998453658017901,True
BH14,-0.75,-0.8333333333333334,0.11798185227772107,0.11794962276029133,True
BH14,-0.7333333333333334,-0.8333333333333334,0.12599299219273624,0.12591468458841149,True
BH14,-0.7166666666666667,-0.8333333333333334,0.13403009637956081,0.1339497279255506,True
BH14,-0.7,-0.8333333333333334,0.14209354111993008,0.14205452015191306,True
BH14,-0.6833333333333333,-0.8333333333333334,0.15018474063269227,0.15015925185973955,True
BH14,-0.6666666666666667,-0.8333333333333334,0.15830299259652972,0.15826392289973323,True
BH14,-0.65,-0.8333333333333334,0.16644838662137978,0.1663685331221054,True
BH14,-0.6333333333333333,-0.8333333333333334,0.17462212304201485,0.17449300266805842,True
BH14,-0.6166666666666667,-0.8333333333333334,0.18282342522074038,0.18274766670109632,True
BH14,-0.6,-0.8333333333333334,0.19105274505334585,0.19100237642412182,True
BH14,-0.5833333333333333,-0.8333333333333334,0.19931076465869577,0.19925713201285444,True
BH14,-0.5666666666666667,-0.8333333333333334,0.20759505953748186,0.20751193364391826,True
BH14,-0.55,-0.8333333333333334,0.2159071325567111,0.2157667814948472,True
BH14,-0.5333333333333333,-0.8333333333333334,0.2242451563559934,0.22412999361571107,True
BH14,-0.5166666666666666,-0.8333333333333334,0.23260826198448878,0.2325208105008689,True
BH14,-0.5,-0.8333333333333334,0.24099852714110978,0.24091177508279737,True
BH14,-0.4833333333333334,-0.8333333333333334,0.2494120984861775,0.2493028876986545,True
BH14,-0.4666666666666667,-0.8333333333333334,0.2578495445103307,0.25769414868663,True
BH14,-0.44999999999999996,-0.8333333333333334,0.2663092700916277,0.2661930619661032,True
BH14,-0.43333333333333335,-0.8333333333333334,0.2747918036746776,0.2746960421062599,True
BH14,-0.41666666666666663,-0.8333333333333334,0.28329428651278843,0.28319918697861146,True
BH14,-0.4,-0.8333333333333334,0.2918186596180227,0.2917024969560764,True
BH14,-0.3833333333333333,-0.8333333333333334,0.3003606808683328,0.30021946211455575,True
BH14,-0.3666666666666667,-0.8333333333333334,0.3089200642580708,0.30881205348239915,True
BH14,-0.35,-0.8333333333333334,0.317497908059554,0.31740475357532594,True
BH14,-0.33333333333333337,-0.8333333333333334,0.32609138101269186,0.32599756256176304,True
BH14,-0.31666666666666665,-0.8333333333333334,0.3346998002922417,0.33459048061048624,True
BH14,-0.30000000000000004,-0.8333333333333334,0.3433225266538151,0.34320869030772294,True
BH14,-0.2833333333333333,-0.8333333333333334,0.3519581458235992,0.35186804387326903,True
BH14,-0.2666666666666667,-0.8333333333333334,0.36060675449261725,0.3605274407834468,True
BH14,-0.25,-0.8333333333333334,0.3692665054589658,0.3691868810693314,True
BH14,-0.2333333333333334,-0.8333333333333334,0.37793664611905925,0.3778463647620274,True
BH14,-0.21666666666666667,-0.8333333333333334,0.38661686288245545,0.38653576455190963,True
BH14,-0.19999999999999996,-0.8333333333333334,0.3953058684679947,0.3952412041227388,True
BH14,-0.18333333333333335,-0.8333333333333334,0.4040029787592605,0.4039466531491219,True
BH14,-0.16666666666666663,-0.8333333333333334,0.41270714785557505,0.4126521116329366,True
BH14,-0.15000000000000002,-0.8333333333333334,0.42141811037415733,0.4213575795760606,True
BH14,-0.1333333333333333,-0.8333333333333334,0.4301350533046179,0.43008988104690665,True
BH14,-0.1166666666666667,-0.8333333333333334,0.43885728090999443,0.4388236911910496,True
BH14,-0.09999999999999998,-0.8333333333333334,0.4475837858661508,0.44755750122080507,True
BH14,-0.08333333333333337,-0.8333333333333334,0.4563139968941872,0.4562913111361723,True
BH14,-0.06666666666666665,-0.8333333333333334,0.46504755875869774,0.46502837584028034,True
BH14,-0.050000000000000044,-0.8333333333333334,0.4737834208182623,0.473775138597628,True
BH14,-0.033333333333333326,-0.8333333333333334,0.4825213138611998,0.48252189849473615,True
BH14,-0.01666666666666672,-0.8333333333333334,0.4912604874834853,0.49126865553176957,True
BH14,0.0,-0.8333333333333334,0.5000000750079432,0.5000154097088929,True
BH14,0.016666666666666607,-0.8333333333333334,0.5087397207452707,0.5087614001874192,True
BH14,0.033333333333333215,-0.8333333333333334,0.5174788143635257,0.5175067823291428,True
BH14,0.050000000000000044,-0.8333333333333334,0.5262168410292315,0.526252157867934,True
BH14,0.06666666666666665,-0.8333333333333334,0.5349527463712989,0.5349975268046172,True
BH14,0.08333333333333326,-0.8333333333333334,0.543686290996134,0.5437428891400172,True
BH14,0.10000000000000009,-0.8333333333333334,0.5524166498338344,0.5524745824848514,True
BH14,0.1166666666666667,-0.8333333333333334,0.5611431820899031,0.5612041586194405,True
BH14,0.1333333333333333,-0.8333333333333334,0.5698651681662072,0.5699337195897509,True
BH14,0.1499999999999999,-0.8333333333333334,0.5785821143252408,0.5786632653995647,True
BH14,0.16666666666666674,-0.8333333333333334,0.587293150599028,0.5873872051984188,True
BH14,0.18333333333333335,-0.8333333333333334,0.5959974601699874,0.5960853749315326,True
BH14,0.19999999999999996,-0.8333333333333334,0.6046944798746391,0.6047835102636403,True
BH14,0.21666666666666656,-0.8333333333333334,0.6133832522930496,0.6134816112110955,True
BH14,0.2333333333333334,-0.8333333333333334,0.6220632884723829,0.622179677790241,True
BH14,0.25,-0.8333333333333334,0.6307331249117221,0.6308534331689681,True
BH14,0.2666666666666666,-0.8333333333333334,0.6393935170073147,0.6395025343949555,True
BH14,0.2833333333333332,-0.8333333333333334,0.6480417987601914,0.6481515621372322,True
BH14,0.30000000000000004,-0.8333333333333334,0.6566775563029764,0.656800516459471,True
BH14,0.31666666666666665,-0.8333333333333334,0.6653002918484309,0.6654493974252705,True
BH14,0.33333333333333326,-0.8333333333333334,0.6739093808123997,0.6740415427125024,True
BH14,0.3500000000000001,-0.8333333333333334,0.682502359291075,0.6826217832238239,True
BH14,0.3666666666666667,-0.8333333333333334,0.6910798694340048,0.6912018835071811,True
BH14,0.3833333333333333,-0.8333333333333334,0.699639972461944,0.6997818437753854,True
BH14,0.3999999999999999,-0.8333333333333334,0.708182617685601,0.7083454774961496,True
BH14,0.41666666666666674,-0.8333333333333334,0.7167055021403762,0.7168362507297114,True
BH14,0.43333333333333335,-0.8333333333333334,0.7252080399779468,0.7253268007225158,True
BH14,0.44999999999999996,-0.8333333333333334,0.7336902346659819,0.7338171280579796,True
BH14,0.46666666666666656,-0.8333333333333334,0.7421501311565921,0.7423072333174929,True
BH14,0.4833333333333334,-0.8333333333333334,0.7505880268130887,0.7507354491334244,True
BH14,0.5,-0.8333333333333334,0.7590018384966901,0.7591174354151011,True
BH14,0.5166666666666666,-0.8333333333333334,0.7673907966532719,0.7674991613302744,True
BH14,0.5333333333333332,-0.8333333333333334,0.7757550245954519,0.7758806280616201,True
BH14,0.55,-0.8333333333333334,0.7840937207587886,0.7842602138458695,True
BH14,0.5666666666666667,-0.8333333333333334,0.7924048912939723,0.7925207130111411,True
BH14,0.5833333333333333,-0.8333333333333334,0.8006896801022294,0.8007810775038968,True
BH14,0.6000000000000001,-0.8333333333333334,0.8089468426283271,0.8090413084548418,True
BH14,0.6166666666666667,-0.8333333333333334,0.817176038430114,0.817301406981825,True
BH14,0.6333333333333333,-0.8333333333333334,0.8253776099070851,0.8254928113728918,True
BH14,0.6499999999999999,-0.8333333333333334,0.8335510776208885,0.833627828630122,True
BH14,0.6666666666666667,-0.8333333333333334,0.8416971666870257,0.8417629231511687,True
BH14,0.6833333333333333,-0.8333333333333334,0.8498151267384703,0.8498980944147806,True
BH14,0.7,-0.8333333333333334,0.8579059814671885,0.8580213293738729,True
BH14,0.7166666666666666,-0.8333333333333334,0.865970325255407,0.8660362156232081,True
BH14,0.7333333333333334,-0.8333333333333334,0.8740069455221599,0.8740513104211096,True
BH14,0.75,-0.8333333333333334,0.8820192974896524,0.8820666131660206,True
BH14,0.7666666666666666,-0.8333333333333334,0.8900061108739294,0.8900821232587154,True
BH14,0.7833333333333332,-0.8333333333333334,0.8979702194267887,0.8980324280131716,True
BH14,0.8,-0.8333333333333334,0.9059124142350647,0.905944830320705,True
BH14,0.8166666666666667,-0.8333333333333334,0.9138316811184183,0.9138570866008838,True
BH14,0.8333333333333333,-0.8333333333333334,0.9217318326056722,0.9217691965883277,True
BH14,0.8499999999999999,-0.8333333333333334,0.9296133132720633,0.9296716353870802,True
BH14,0.8666666666666667,-0.8333333333333334,0.9374773320407022,0.9375075408466522,True
BH14,0.8833333333333333,-0.8333333333333334,0.9453271096948606,0.9453430670484658,True
BH14,0.8999999999999999,-0.8333333333333334,0.9531628885648393,0.9531782122192058,True
BH14,0.9166666666666667,-0.8333333333333334,0.9609870183185503,0.961012974574589,True
BH14,0.9333333333333333,-0.8333333333333334,0.9688016584815196,0.9688246058834644,True
BH14,0.95,-0.8333333333333334,0.9766083668645504,0.9766189922989728,True
BH14,0.9666666666666666,-0.8333333333333334,0.9844091744289427,0.9844130213533211,True
BH14,0.9833333333333334,-0.8333333333333334,0.992205314918639,0.992206691205016,True
BH14,1.0,-0.8333333333333334,1.0,1.0,True
BH14,-1.0,-0.8166666666666667,1.6040238004199244e-17,1.9136324305317972e-17,True
BH14,-0.9833333333333333,-0.8166666666666667,0.007776053317599061,0.00777562567980793,True
BH14,-0.9666666666666667,-0.8166666666666667,0.0155541070231409,0.015551372881633455,True
BH14,-0.95,-0.8166666666666667,0.02333720796253345,0.023327241414852817,True
BH14,-0.9333333333333333,-0.8166666666666667,0.0311258639549746,0.031103231089239236,True
BH14,-0.9166666666666666,-0.8166666666666667,0.03892323290526115,0.03887934171496234,True
BH14,-0.9,-0.8166666666666667,0.04673027493643213,0.04668399880938455,True
BH14,-0.8833333333333333,-0.8166666666666667,0.054549795012554005,0.05452234470890121,True
BH14,-0.8666666666666667,-0.8166666666666667,0.06238370628211974,0.06236074774667831,True
BH14,-0.85,-0.8166666666666667,0.07023366442004295,0.07019920786606607,True
BH14,-0.8333333333333334,-0.8166666666666667,0.07810073698416121,0.07803772501048903,True
BH14,-0.8166666666666667,-0.8166666666666667,0.08598779108285622,0.085876299123447,True
BH14,-0.8,-0.8166666666666667,0.09389477771792007,0.09382450831586393,True
BH14,-0.7833333333333333,-0.8166666666666667,0.10182409751336205,0.10177757153912922,True
BH14,-0.7666666666666666,-0.8166666666666667,0.10977682017356301,0.10973060443273022,True
BH14,-0.75,-0.8166666666666667,0.11775500999530672,0.11768360697398332,True
BH14,-0.7333333333333334,-0.8166666666666667,0.125758077974309,0.12563657914018184,True
BH14,-0.7166666666666667,-0.8166666666666667,0.13378782574930237,0.13366232147928442,True
BH14,-0.7,-0.8166666666666667,0.14184591561658627,0.14176259827617524,True
BH14,-0.6833333333333333,-0.8166666666666667,0.1499314258039434,0.1498628071309837,True
BH14,-0.6666666666666667,-0.8166666666666667,0.15804563287979143,0.15796294787607548,True
BH14,-0.65,-0.8166666666666667,0.16618885430714314,0.16606302034326345,True
BH14,-0.6333333333333333,-0.8166666666666667,0.17436168390628132,0.1741828518601241,True
BH14,-0.6166666666666667,-0.8166666666666667,0.18256226209633927,0.18244002467552514,True
BH14,-0.6,-0.8166666666666667,0.1907925808869655,0.19069724962280804,True
BH14,-0.5833333333333333,-0.8166666666666667,0.19905052239611815,0.19895452690265308,True
BH14,-0.5666666666666667,-0.8166666666666667,0.20733762063264163,0.20721185671677442,True
BH14,-0.55,-0.8166666666666667,0.21565356121783538,0.21546923926792702,True
BH14,-0.5333333333333333,-0.8166666666666667,0.2239965273619905,0.2238381478243075,True
BH14,-0.5166666666666666,-0.8166666666666667,0.2323652062509527,0.23223633233023475,True
BH14,-0.5,-0.8166666666666667,0.24076140259887205,0.24063467579687503,True
BH14,-0.4833333333333334,-0.8166666666666667,0.24918039994765814,0.2490331785874857,True
BH14,-0.4666666666666667,-0.8166666666666667,0.2576253624723688,0.2574318410664375,True
BH14,-0.44999999999999996,-0.8166666666666667,0.2660927290042108,0.2659401147751975,True
BH14,-0.43333333333333335,-0.8166666666666667,0.27458292367199255,0.274452913290546,True
BH14,-0.41666666666666663,-0.8166666666666667,0.283093233004891,0.2829658914036691,True
BH14,-0.4,-0.8166666666666667,0.29162485502558816,0.2914790495215095,True
BH14,-0.3833333333333333,-0.8166666666666667,0.30017606206288905,0.3000058158619249,True
BH14,-0.3666666666666667,-0.8166666666666667,0.3087454850749252,0.3086088722293432,True
BH14,-0.35,-0.8166666666666667,0.31733138264553495,0.31721204814396853,True
BH14,-0.33333333333333337,-0.8166666666666667,0.32593339756701417,0.3258153437910787,True
BH14,-0.31666666666666665,-0.8166666666666667,0.33455108051444743,0.334418759356335,True
BH14,-0.30000000000000004,-0.8166666666666667,0.34318200119407105,0.34304724213257315,True
BH14,-0.2833333333333333,-0.8166666666666667,0.3518273041033516,0.3517166559133723,True
BH14,-0.2666666666666667,-0.8166666666666667,0.36048405771325037,0.36038611784962604,True
BH14,-0.25,-0.8166666666666667,0.3691530460525316,0.3690556279758656,True
BH14,-0.2333333333333334,-0.8166666666666667,0.3778315270792848,0.37772518632665525,True
BH14,-0.21666666666666667,-0.8166666666666667,0.3865194483796302,0.38642409130717176,True
BH14,-0.19999999999999996,-0.8166666666666667,0.3952169426593797,0.3951387727774254,True
BH14,-0.18333333333333335,-0.8166666666666667,0.40392195281194154,0.4038534649270551,True
BH14,-0.16666666666666663,-0.8166666666666667,0.41263420992735056,0.4125681677581816,True
BH14,-0.15000000000000002,-0.8166666666666667,0.4213528625524473,0.42128288127292607,True
BH14,-0.1333333333333333,-0.8166666666666667,0.43007754517413654,0.43002371410123386,True
BH14,-0.1166666666666667,-0.8166666666666667,0.4388070345174247,0.4387660269718819,True
BH14,-0.09999999999999998,-0.8166666666666667,0.4475408650941879,0.44750833975554904,True
BH14,-0.08333333333333337,-0.8166666666666667,0.45627837466616816,0.45625065245223484,True
BH14,-0.06666666666666665,-0.8166666666666667,0.46501952428715254,0.4649961141815152,True
BH14,-0.050000000000000044,-0.8166666666666667,0.4737622626592405,0.47375097045269765,True
BH14,-0.033333333333333326,-0.8166666666666667,0.4825074418822723,0.4825058235527858,True
BH14,-0.01666666666666672,-0.8166666666666667,0.491253394099325,0.4912606734819621,True
BH14,0.0,-0.8166666666666667,0.500000015408054,0.5000155202404092,True
BH14,0.016666666666666607,-0.8166666666666667,0.5087469669641796,0.508769630389742,True
BH14,0.033333333333333215,-0.8166666666666667,0.5174931926612746,0.5175231529393961,True
BH14,0.050000000000000044,-0.8166666666666667,0.5262380951604175,0.5262766682081994,True
BH14,0.06666666666666665,-0.8166666666666667,0.5349810516273438,0.5350301761970606,True
BH14,0.08333333333333326,-0.8166666666666667,0.5437218134414495,0.5437836769068896,True
BH14,0.10000000000000009,-0.8166666666666667,0.5524594175935882,0.552523938439248,True
BH14,0.1166666666666667,-0.8166666666666667,0.561193173683594,0.5612621459030857,True
BH14,0.1333333333333333,-0.8166666666666667,0.569922720965535,0.5700003367672479,True
BH14,0.1499999999999999,-0.8166666666666667,0.578647335084044,0.5787385110358746,True
BH14,0.16666666666666674,-0.8166666666666667,0.5873662291728456,0.5874712216326234,True
BH14,0.18333333333333335,-0.8166666666666667,0.5960781525562111,0.596178815294541,True
BH14,0.19999999999999996,-0.8166666666666667,0.6047834041019131,0.604886371568214,True
BH14,0.21666666666666656,-0.8166666666666667,0.6134805626083756,0.6135938904714158,True
BH14,0.2333333333333334,-0.8166666666666667,0.6221688507076969,0.6223013720219087,True
BH14,0.25,-0.8166666666666667,0.6308477773504741,0.6309849373271939,True
BH14,0.2666666666666666,-0.8166666666666667,0.6395157418095836,0.6396442448396995,True
BH14,0.2833333333333332,-0.8166666666666667,0.6481727449777168,0.6483034729736765,True
BH14,0.30000000000000004,-0.8166666666666667,0.6568175592587331,0.656962621797899,True
BH14,0.31666666666666665,-0.8166666666666667,0.6654495031333079,0.6656216913810611,True
BH14,0.33333333333333326,-0.8166666666666667,0.6740664440375295,0.6742242944492014,True
BH14,0.3500000000000001,-0.8166666666666667,0.6826691526013482,0.6828150265973815,True
BH14,0.3666666666666667,-0.8166666666666667,0.6912549059097599,0.6914056079146955,True
BH14,0.3833333333333333,-0.8166666666666667,0.6998239473210537,0.6999960386299723,True
BH14,0.3999999999999999,-0.8166666666666667,0.7083746674750449,0.7085700549783731,True
BH14,0.41666666666666674,-0.8166666666666667,0.7169058965185608,0.7170705272678475,True
BH14,0.43333333333333335,-0.8166666666666667,0.7254180569964517,0.7255707594576353,True
BH14,0.44999999999999996,-0.8166666666666667,0.7339076614254638,0.7340707521748151,True
BH14,0.46666666666666656,-0.8166666666666667,0.7423752673378137,0.7425705060442902,True
BH14,0.4833333333333334,-0.8166666666666667,0.7508195095920028,0.7510072030151345,True
BH14,0.5,-0.8166666666666667,0.759239545735574,0.7593964793879908,True
BH14,0.5166666666666666,-0.8166666666666667,0.7676345421558117,0.7677854733838503,True
BH14,0.5333333333333332,-0.8166666666666667,0.776003891252931,0.7761741862841136,True
BH14,0.55,-0.8166666666666667,0.7843458121182851,0.784561331167828,True
BH14,0.5666666666666667,-0.8166666666666667,0.7926613335088115,0.7928250600478584,True
BH14,0.5833333333333333,-0.8166666666666667,0.8009494638929944,0.801088635687186,True
BH14,0.6000000000000001,-0.8166666666666667,0.80920885826682,0.8093520593821601,True
BH14,0.6166666666666667,-0.8166666666666667,0.8174378828996058,0.817615332414246,True
BH14,0.6333333333333333,-0.8166666666666667,0.8256385338310049,0.8258057564105928,True
BH14,0.6499999999999999,-0.8166666666666667,0.8338106179628162,0.8339383603119039,True
BH14,0.6666666666666667,-0.8166666666666667,0.8419539967225677,0.842071052517085,True
BH14,0.6833333333333333,-0.8166666666666667,0.8500681193348705,0.8502038324275071,True
BH14,0.7,-0.8166666666666667,0.8581539083936184,0.8583220643086783,True
BH14,0.7166666666666666,-0.8166666666666667,0.8662111657791405,0.866328109674417,True
BH14,0.7333333333333334,-0.8166666666666667,0.8742413178930638,0.87433438076755,True
BH14,0.75,-0.8166666666666667,0.8822459697555294,0.8823408769356602,True
BH14,0.7666666666666666,-0.8166666666666667,0.8902233721229844,0.8903475975288653,True
BH14,0.7833333333333332,-0.8166666666666667,0.8981766360113943,0.8982830142033639,True
BH14,0.8,-0.8166666666666667,0.9061062699968758,0.9061801959971021,True
BH14,0.8166666666666667,-0.8166666666666667,0.914013711172746,0.9140772134751242,True
BH14,0.8333333333333333,-0.8166666666666667,0.9218998688557571,0.9219740663395131,True
BH14,0.8499999999999999,-0.8166666666666667,0.9297674915338289,0.9298594792559404,True
BH14,0.8666666666666667,-0.8166666666666667,0.937616567180322,0.9376757467047674,True
BH14,0.8833333333333333,-0.8166666666666667,0.945450164358629,0.9454915745178166,True
BH14,0.8999999999999999,-0.8166666666666667,0.9532697090935138,0.9533069606487378,True
BH14,0.9166666666666667,-0.8166666666666667,0.9610766663949838,0.9611219030385999,True
BH14,0.9333333333333333,-0.8166666666666667,0.9688740658375253,0.9689122511190242,True
BH14,0.95,-0.8166666666666667,0.9766626086502128,0.9766848373827447,True
BH14,0.9666666666666666,-0.8166666666666667,0.984445763444405,0.9844569924266819,True
BH14,0.9833333333333334,-0.8166666666666667,0.9922239141847101,0.9922287140407762,True
BH14,1.0,-0.8166666666666667,1.0,1.0,True
BH14,-1.0,-0.8,-3.914779039538287e-17,3.819078024708597e-17,True
BH14,-0.9833333333333333,-0.8,0.007755591162761421,0.007754314843221857,True
BH14,-0.9666666666666667,-0.8,0.015514064497007558,0.01550877340577788,True
BH14,-0.95,-0.8,0.023276028169317224,0.023263375462633316,True
BH14,-0.9333333333333333,-0.8,0.031045013970922575,0.03101812078922081,True
BH14,-0.9166666666666666,-0.8,0.03882253079306496,0.0387730091614399,True
BH14,-0.9,-0.8,0.046610808513936626,0.04655767008310945,True
BH14,-0.8833333333333333,-0.8,0.05441297015030642,0.05437793350943783,True
BH14,-0.8666666666666667,-0.8,0.062227924297703935,0.06219826599354003,True
BH14,-0.85,-0.8,0.0700616401984337,0.07001866746704083,True
BH14,-0.8333333333333334,-0.8,0.07791222634628467,0.07783913786165489,True
BH14,-0.8166666666666667,-0.8,0.08578455264037005,0.08565967710918698,True
BH14,-0.8,-0.8,0.09367793469356485,0.09359486995346636,True
BH14,-0.7833333333333333,-0.8,0.10159453246745936,0.10153586605871129,True
BH14,-0.7666666666666666,-0.8,0.10953569646207469,0.10947682582686952,True
BH14,-0.75,-0.8,0.11750345912254374,0.11741774923077933,True
BH14,-0.7333333333333334,-0.8,0.12549740778593838,0.12535863624325166,True
BH14,-0.7166666666666667,-0.8,0.1335190912227242,0.1333749763110068,True
BH14,-0.7,-0.8,0.14157033323567197,0.1414707373277227,True
BH14,-0.6833333333333333,-0.8,0.14965079938770381,0.14956642297683154,True
BH14,-0.6666666666666667,-0.8,0.15776134072658138,0.1576620330723506,True
BH14,-0.65,-0.8,0.16590015201786731,0.16575756742768433,True
BH14,-0.6333333333333333,-0.8,0.17407115584107735,0.173872668432408,True
BH14,-0.6166666666666667,-0.8,0.1822721560459276,0.1821323515060862,True
BH14,-0.6,-0.8,0.19050347421217387,0.1903920931652236,True
BH14,-0.5833333333333333,-0.8,0.1987638172354542,0.19865189363555238,True
BH14,-0.5666666666666667,-0.8,0.20705324978894957,0.20691175314396892,True
BH14,-0.55,-0.8,0.2153736182054916,0.21517167191854203,True
BH14,-0.5333333333333333,-0.8,0.22372134746832403,0.223546234268258,True
BH14,-0.5166666666666666,-0.8,0.2320968688374671,0.23195179154665893,True
BH14,-0.5,-0.8,0.24049754595487255,0.24035751907349395,True
BH14,-0.4833333333333334,-0.8,0.24892435873348523,0.24876341723822945,True
BH14,-0.4666666666666667,-0.8,0.25737765688944114,0.2571694864315275,True
BH14,-0.44999999999999996,-0.8,0.26585298681585495,0.2656871113364019,True
BH14,-0.43333333333333335,-0.8,0.27435296222569877,0.274209734140138,True
BH14,-0.41666666666666663,-0.8,0.2828729500339854,0.2827325514342165,True
BH14,-0.4,-0.8,0.29141354406890774,0.29125556365972693,True
BH14,-0.3833333333333333,-0.8,0.29997359182224437,0.29979213476967337,True
BH14,-0.3666666666666667,-0.8,0.3085530842396864,0.30840565934208164,True
BH14,-0.35,-0.8,0.3171481774774798,0.3170193142938119,True
BH14,-0.33333333333333337,-0.8,0.3257602261654572,0.3256330998270237,True
BH14,-0.31666666666666665,-0.8,0.334387516056154,0.33424701614429525,True
BH14,-0.30000000000000004,-0.8,0.34302961823136,0.34288577540261594,True
BH14,-0.2833333333333333,-0.8,0.351684343367511,0.35156525078857576,True
BH14,-0.2666666666666667,-0.8,0.36035051107859695,0.3602447791428126,True
BH14,-0.25,-0.8,0.3690283769020045,0.3689243605033172,True
BH14,-0.2333333333333334,-0.8,0.37771624827753864,0.3776039949081157,True
BH14,-0.21666666666666667,-0.8,0.3864136859379161,0.3863124071778255,True
BH14,-0.19999999999999996,-0.8,0.3951199143494991,0.39503633142501815,True
BH14,-0.18333333333333335,-0.8,0.4038338338119326,0.40376026757575745,True
BH14,-0.16666666666666663,-0.8,0.4125547929708079,0.4124842156324079,True
BH14,-0.15000000000000002,-0.8,0.421281987773711,0.42120817559733403,True
BH14,-0.1333333333333333,-0.8,0.4300147807860687,0.42995754095909444,True
BH14,-0.1166666666666667,-0.8,0.43875237440227954,0.4387083571265152,True
BH14,-0.09999999999999998,-0.8,0.447494647599306,0.44745917323436724,True
BH14,-0.08333333333333337,-0.8,0.4562400108228845,0.4562099892826501,True
BH14,-0.06666666666666665,-0.8,0.46498844984740373,0.46496384873152086,True
BH14,-0.050000000000000044,-0.8,0.47373919516891316,0.4737267988032268,True
BH14,-0.033333333333333326,-0.8,0.48249197291854545,0.4824897453929504,True
BH14,-0.01666666666666672,-0.8,0.49124563088034734,0.491252688500892,True
BH14,0.0,-0.8,0.5000000958512548,0.5000156281272524,True
BH14,0.016666666666666607,-0.8,0.5087544919779947,0.5087778581706914,True
BH14,0.033333333333333215,-0.8,0.5175082705515489,0.517539521328614,True
BH14,0.050000000000000044,-0.8,0.52626073640009,0.5263011765277172,True
BH14,0.06666666666666665,-0.8,0.5350115676118701,0.5350628237689947,True
BH14,0.08333333333333326,-0.8,0.5437601614220285,0.5438244630534406,True
BH14,0.10000000000000009,-0.8,0.5525059552269992,0.5525732928938701,True
BH14,0.1166666666666667,-0.8,0.56124769459618,0.5613201319070804,True
BH14,0.1333333333333333,-0.8,0.5699853690566987,0.5700669528851086,True
BH14,0.1499999999999999,-0.8,0.5787181216413773,0.5788137558324529,True
BH14,0.16666666666666674,-0.8,0.5874454190038036,0.5875552373625712,True
BH14,0.18333333333333335,-0.8,0.5961662069789057,0.596272255042682,True
BH14,0.19999999999999996,-0.8,0.6048802477657533,0.6049892323472246,True
BH14,0.21666666666666656,-0.8,0.61358645605163,0.6137061692953927,True
BH14,0.2333333333333334,-0.8,0.6222836388132484,0.6224230659063682,True
BH14,0.25,-0.8,0.630971505198243,0.6311164408467264,True
BH14,0.2666666666666666,-0.8,0.6396495479878631,0.6397859540213064,True
BH14,0.2833333333333332,-0.8,0.6483160150536997,0.6484553819236221,True
BH14,0.30000000000000004,-0.8,0.6569708356245174,0.657124724627547,True
BH14,0.31666666666666665,-0.8,0.6656119741593367,0.6657939822068694,True
BH14,0.33333333333333326,-0.8,0.6742391079972956,0.6744070409887817,True
BH14,0.3500000000000001,-0.8,0.6828515500851073,0.6830082625350479,True
BH14,0.3666666666666667,-0.8,0.6914471251590861,0.6916093226543469,True
BH14,0.3833333333333333,-0.8,0.7000256549528041,0.7002102215915045,True
BH14,0.3999999999999999,-0.8,0.7085866003400483,0.7087946189897376,True
BH14,0.41666666666666674,-0.8,0.7171277091228476,0.7173047862658735,True
BH14,0.43333333333333335,-0.8,0.7256481284956626,0.7258146966047103,True
BH14,0.44999999999999996,-0.8,0.7341461751031881,0.7343243506768786,True
BH14,0.46666666666666656,-0.8,0.7426226357818427,0.7428337491506837,True
BH14,0.4833333333333334,-0.8,0.7510750454837503,0.7512789304082804,True
BH14,0.5,-0.8,0.7595024198998623,0.7596754921734206,True
BH14,0.5166666666666666,-0.8,0.7679038249350526,0.7680717495940845,True
BH14,0.5333333333333332,-0.8,0.7762793487791823,0.7764677040500074,True
BH14,0.55,-0.8,0.7846265986083902,0.784862428407874,True
BH14,0.5666666666666667,-0.8,0.7929464145414067,0.7931294037723706,True
BH14,0.5833333333333333,-0.8,0.8012360083627703,0.8013962070451668,True
BH14,0.6000000000000001,-0.8,0.8094967342734258,0.8096628396931211,True
BH14,0.6166666666666667,-0.8,0.8177286290845811,0.8179293031660864,True
BH14,0.6333333333333333,-0.8,0.8259287093643679,0.8261186569402694,True
BH14,0.6499999999999999,-0.8,0.8340986648010807,0.8342488397073895,True
BH14,0.6666666666666667,-0.8,0.8422394423151833,0.8423791219252255,True
BH14,0.6833333333333333,-0.8,0.8503494202053106,0.8505095029163006,True
BH14,0.7,-0.8,0.8584304410261272,0.8586225220551194,True
BH14,0.7166666666666666,-0.8,0.8664816075419977,0.8666197150361209,True
BH14,0.7333333333333334,-0.8,0.874503499774315,0.8746171509913456,True
BH14,0.75,-0.8,0.8824974743696309,0.8826148292171174,True
BH14,0.7666666666666666,-0.8,0.8904641766787691,0.8906127490125003,True
BH14,0.7833333333333332,-0.8,0.898405697820695,0.898533050489124,True
BH14,0.8,-0.8,0.9063218544146034,0.9064150348370674,True
BH14,0.8166666666666667,-0.8,0.9142159369097143,0.9142968366658029,True
BH14,0.8333333333333333,-0.8,0.9220873249856689,0.9221784556451837,True
BH14,0.8499999999999999,-0.8,0.9299386871536384,0.9300467410627378,True
BH14,0.8666666666666667,-0.8,0.9377720157871224,0.937843427407663,True
BH14,0.8833333333333333,-0.8,0.945587234150403,0.9456396142771346,True
BH14,0.8999999999999999,-0.8,0.9533892240765656,0.9534352993567574,True
BH14,0.9166666666666667,-0.8,0.9611764859711412,0.9612304803179963,True
BH14,0.9333333333333333,-0.8,0.9689552451931207,0.9689995839815007,True
BH14,0.95,-0.8,0.9767231514051596,0.976750446987943,True
BH14,0.9666666666666666,-0.8,0.9844861741562586,0.9845008057097493,True
BH14,0.9833333333333334,-0.8,0.9922439856796046,0.9922506575763764,True
BH14,1.0,-0.8,1.0,1.0,True
BH14,-1.0,-0.7833333333333333,-2.857360697481818e-17,2.3818069927209994e-18,True
BH14,-0.9833333333333333,-0.7833333333333333,0.0077329630272551415,0.007733029723977423,True
BH14,-0.9666666666666667,-0.7833333333333333,0.015468274135085829,0.01546622528406948,True
BH14,-0.95,-0.7833333333333333,0.023207940242746986,0.023199586421081372,True
BH14,-0.9333333333333333,-0.7833333333333333,0.030955549533428023,0.03093311287635554,True
BH14,-0.9166666666666666,-0.7833333333333333,0.03871165713379191,0.038666804391770546,True
BH14,-0.9,-0.7833333333333333,0.04647997425162628,0.04643146959777349,True
BH14,-0.8833333333333333,-0.7833333333333333,0.05426038558358649,0.0542336667268941,True
BH14,-0.8666666666666667,-0.7833333333333333,0.06205720656655916,0.06203594480118521,True
BH14,-0.85,-0.7833333333333333,0.06987063568910905,0.06983830374061001,True
BH14,-0.8333333333333334,-0.7833333333333333,0.0777058166057779,0.07764074346523642,True
BH14,-0.8166666666666667,-0.7833333333333333,0.08555908795224365,0.08544326389523758,True
BH14,-0.8,-0.7833333333333333,0.09343789676791894,0.09336537606970532,True
BH14,-0.7833333333333333,-0.7833333333333333,0.101340448465466,0.10129430954257432,True
BH14,-0.7666666666666666,-0.7833333333333333,0.10926847369718233,0.10922320067758634,True
BH14,-0.75,-0.7833333333333333,0.11722449579514652,0.11715204944311136,True
BH14,-0.7333333333333334,-0.7833333333333333,0.12520817182822655,0.125080855807488,True
BH14,-0.7166666666666667,-0.7833333333333333,0.13322104069184176,0.13308769242886676,True
BH14,-0.7,-0.7833333333333333,0.14126436694579095,0.14117893731468,True
BH14,-0.6833333333333333,-0.7833333333333333,0.14933975918062256,0.14927009940538194,True
BH14,-0.6666666666666667,-0.7833333333333333,0.1574440036450976,0.15736117849663153,True
BH14,-0.65,-0.7833333333333333,0.16558272952223793,0.16545217438341453,True
BH14,-0.6333333333333333,-0.7833333333333333,0.17375185464217452,0.1735624523553786,True
BH14,-0.6166666666666667,-0.7833333333333333,0.1819520912634382,0.18182464716447375,True
BH14,-0.6,-0.7833333333333333,0.19018377166573686,0.19008690702430944,True
BH14,-0.5833333333333333,-0.7833333333333333,0.1984467394124081,0.19834923218576098,True
BH14,-0.5666666666666667,-0.7833333333333333,0.20674028562065827,0.20661162290099921,True
BH14,-0.55,-0.7833333333333333,0.21506462684402203,0.21487407942349945,True
BH14,-0.5333333333333333,-0.7833333333333333,0.22341758136988238,0.22325425287586073,True
BH14,-0.5166666666666666,-0.7833333333333333,0.23179937764046682,0.2316671880837387,True
BH14,-0.5,-0.7833333333333333,0.2402083771419678,0.2400803048516003,True
BH14,-0.4833333333333334,-0.7833333333333333,0.24864414577090063,0.2484936035952314,True
BH14,-0.4666666666666667,-0.7833333333333333,0.2571065572503194,0.25690708473169577,True
BH14,-0.44999999999999996,-0.7833333333333333,0.2655912073823693,0.2654340515985999,True
BH14,-0.43333333333333335,-0.7833333333333333,0.2741003782930025,0.27396650460918953,True
BH14,-0.41666666666666663,-0.7833333333333333,0.2826308194183878,0.28249916702972566,True
BH14,-0.4,-0.7833333333333333,0.29118230570838494,0.29103203933556887,True
BH14,-0.3833333333333333,-0.7833333333333333,0.29975338014213304,0.2995784188217188,True
BH14,-0.3666666666666667,-0.7833333333333333,0.308342953509539,0.30820241480598887,True
BH14,-0.35,-0.7833333333333333,0.31694919109740566,0.3168265520116966,True
BH14,-0.33333333333333337,-0.7833333333333333,0.3255730666841858,0.32545083065791414,True
BH14,-0.31666666666666665,-0.7833333333333333,0.33421059928470487,0.3340752509641677,True
BH14,-0.30000000000000004,-0.7833333333333333,0.34286323692264786,0.3427242901139952,True
BH14,-0.2833333333333333,-0.7833333333333333,0.3515284128070389,0.35141382849530955,True
BH14,-0.2666666666666667,-0.7833333333333333,0.3602060810757839,0.36010342465972417,True
BH14,-0.25,-0.7833333333333333,0.36889418769136045,0.3687930786486913,True
BH14,-0.2333333333333334,-0.7833333333333333,0.3775922022616746,0.3774827905037028,True
BH14,-0.21666666666666667,-0.7833333333333333,0.3862994480335238,0.38620071216231966,True
BH14,-0.19999999999999996,-0.7833333333333333,0.3950152881589606,0.3949338800640903,True
BH14,-0.18333333333333335,-0.7833333333333333,0.40373852126233073,0.40366706109392736,True
BH14,-0.16666666666666663,-0.7833333333333333,0.41246896588648235,0.41240025525443885,True
BH14,-0.15000000000000002,-0.7833333333333333,0.42120516024454546,0.42113346254823275,True
BH14,-0.1333333333333333,-0.7833333333333333,0.4299474901677457,0.42989136161986513,True
BH14,-0.1166666666666667,-0.7833333333333333,0.4386937927683418,0.4386506816543835,True
BH14,-0.09999999999999998,-0.7833333333333333,0.44744413479934597,0.4474100016567508,True
BH14,-0.08333333333333337,-0.7833333333333333,0.4561985237979174,0.4561693216269669,True
BH14,-0.06666666666666665,-0.7833333333333333,0.46495572248064976,0.464931579490096,True
BH14,-0.050000000000000044,-0.7833333333333333,0.47371471635506157,0.4737026236490292,True
BH14,-0.033333333333333326,-0.7833333333333333,0.4824754044564345,0.482473664015059,True
BH14,-0.01666666666666672,-0.7833333333333333,0.4912375583578569,0.49124470058840375,True
BH14,0.0,-0.7833333333333333,0.5000002471742597,0.5000157333692821,True
BH14,0.016666666666666607,-0.7833333333333333,0.5087626204835897,0.5087860835301781,True
BH14,0.033333333333333215,-0.7833333333333333,0.5175246918744003,0.5175558874967148,True
BH14,0.050000000000000044,-0.7833333333333333,0.5262856581752022,0.5263256828264135,True
BH14,0.06666666666666665,-0.7833333333333333,0.5350448917603855,0.5350954695203525,True
BH14,0.08333333333333326,-0.7833333333333333,0.5438018042711658,0.5438652475796105,True
BH14,0.10000000000000009,-0.7833333333333333,0.5525556689137565,0.5526226458486603,True
BH14,0.1166666666666667,-0.7833333333333333,0.5613064477460001,0.5613781166313755,True
BH14,0.1333333333333333,-0.7833333333333333,0.570052837705449,0.5701335679432924,True
BH14,0.1499999999999999,-0.7833333333333333,0.5787949805646233,0.5788889997892672,True
BH14,0.16666666666666674,-0.7833333333333333,0.5875312884319502,0.5876392523882523,True
BH14,0.18333333333333335,-0.7833333333333333,0.5962614599211652,0.5963656941759471,True
BH14,0.19999999999999996,-0.7833333333333333,0.6049846549918914,0.6050920926006649,True
BH14,0.21666666666666656,-0.7833333333333333,0.6137004970060934,0.6138184476830201,True
BH14,0.2333333333333334,-0.7833333333333333,0.6224077935712653,0.6225447594436142,True
BH14,0.25,-0.7833333333333333,0.6311059758433961,0.6312479437276242,True
BH14,0.2666666666666666,-0.7833333333333333,0.6397943808162165,0.6399276619398919,True
BH14,0.2833333333333332,-0.7833333333333333,0.6484711016356952,0.6486072889872416,True
BH14,0.30000000000000004,-0.7833333333333333,0.6571365540442563,0.657286824948645,True
BH14,0.31666666666666665,-0.7833333333333333,0.6657888779423903,0.6659662699029816,True
BH14,0.33333333333333326,-0.7833333333333333,0.674427095089264,0.6745897823329104,True
BH14,0.3500000000000001,-0.7833333333333333,0.6830505189167113,0.6832014910392042,True
BH14,0.3666666666666667,-0.7833333333333333,0.6916571147580408,0.6918130277292265,True
BH14,0.3833333333333333,-0.7833333333333333,0.700246670474127,0.7004243926637794,True
BH14,0.3999999999999999,-0.7833333333333333,0.7088183351667905,0.7090191695387585,True
BH14,0.41666666666666674,-0.7833333333333333,0.717369748016541,0.7175390277348473,True
BH14,0.43333333333333335,-0.7833333333333333,0.7259001268344795,0.7260586121773158,True
BH14,0.44999999999999996,-0.7833333333333333,0.734408904105346,0.7345779235802347,True
BH14,0.46666666666666656,-0.7833333333333333,0.7428941848958988,0.7430969626552015,True
BH14,0.4833333333333334,-0.7833333333333333,0.7513553499860695,0.751550631338762,True
BH14,0.5,-0.7833333333333333,0.7597916075289969,0.7599544738017452,True
BH14,0.5166666666666666,-0.7833333333333333,0.7682006389461676,0.7683579899957034,True
BH14,0.5333333333333332,-0.7833333333333333,0.7765824319742375,0.7767611813983177,True
BH14,0.55,-0.7833333333333333,0.7849358994172377,0.7851635054088424,True
BH14,0.5666666666666667,-0.7833333333333333,0.793259154113185,0.7934337441589742,True
BH14,0.5833333333333333,-0.7833333333333333,0.8015534453663202,0.8017037916792217,True
BH14,0.6000000000000001,-0.7833333333333333,0.809816813213674,0.8099736496119416,True
BH14,0.6166666666666667,-0.7833333333333333,0.8180484123032666,0.8182433195802652,True
BH14,0.6333333333333333,-0.7833333333333333,0.8262489821259631,0.8264315127426024,True
BH14,0.6499999999999999,-0.7833333333333333,0.8344170661102757,0.8345592665606896,True
BH14,0.6666666666666667,-0.7833333333333333,0.8425553461268169,0.8426871310841572,True
BH14,0.6833333333333333,-0.7833333333333333,0.8506613971660535,0.8508151055551885,True
BH14,0.7,-0.7833333333333333,0.8587345991485426,0.8589227020582796,True
BH14,0.7166666666666666,-0.7833333333333333,0.8667785520051005,0.8669110311320689,True
BH14,0.7333333333333334,-0.7833333333333333,0.8747919301011828,0.8748996204951757,True
BH14,0.75,-0.7833333333333333,0.8827757523752235,0.8828884693922625,True
BH14,0.7666666666666666,-0.7833333333333333,0.8907319346594365,0.8908775770709414,True
BH14,0.7833333333333332,-0.7833333333333333,0.8986608733874182,0.8987825381360802,True
BH14,0.8,-0.7833333333333333,0.9065628949939315,0.906649348055361,True
BH14,0.8166666666666667,-0.7833333333333333,0.9144407608734505,0.9145159573364249,True
BH14,0.8333333333333333,-0.7833333333333333,0.9222957776774753,0.9223823656172012,True
BH14,0.8499999999999999,-0.7833333333333333,0.9301287410625296,0.9302334233658237,True
BH14,0.8666666666666667,-0.7833333333333333,0.9379434992773685,0.9380105852744385,True
BH14,0.8833333333333333,-0.7833333333333333,0.9457396224997269,0.9457871884015718,True
BH14,0.8999999999999999,-0.7833333333333333,0.9535205957367903,0.9535632301697016,True
BH14,0.9166666666666667,-0.7833333333333333,0.9612877222731632,0.9613387079856535,True
BH14,0.9333333333333333,-0.7833333333333333,0.9690442221536312,0.9690866061264487,True
BH14,0.95,-0.7833333333333333,0.9767914315390009,0.9768158223690143,True
BH14,0.9666666666666666,-0.7833333333333333,0.9845310042162456,0.9845444620474372,True
BH14,0.9833333333333334,-0.7833333333333333,0.9922665511466644,0.9922725222386306,True
BH14,1.0,-0.7833333333333333,1.0,1.0,True
BH14,-1.0,-0.7666666666666666,-1.3092638591933586e-17,3.802704351998601e-17,True
BH14,-0.9833333333333333,-0.7666666666666666,0.007708362120700987,0.007711770275574622,True
BH14,-0.9666666666666667,-0.7666666666666666,0.015418753049146399,0.015423728423799393,True
BH14,-0.95,-0.7666666666666666,0.023133915488165548,0.023135874151569084,True
BH14,-0.9333333333333333,-0.7666666666666666,0.03085679810007458,0.030848207166384405,True
BH14,-0.9166666666666666,-0.7666666666666666,0.03858975214379652,0.03856072717635122,True
BH14,-0.9,-0.7666666666666666,0.04633450556296493,0.04630539718080892,True
BH14,-0.8833333333333333,-0.7666666666666666,0.054093155100377835,0.05408954416712791,True
BH14,-0.8666666666666667,-0.7666666666666666,0.06186774493910515,0.061873783953983796,True
BH14,-0.85,-0.7666666666666666,0.06966204680410336,0.06965811644974118,True
BH14,-0.8333333333333334,-0.7666666666666666,0.07747578180504436,0.0774425415628844,True
BH14,-0.8166666666666667,-0.7666666666666666,0.08531321726594077,0.0852270592020179,True
BH14,-0.8,-0.7666666666666666,0.09317225864902598,0.0931360265847222,True
BH14,-0.7833333333333333,-0.7666666666666666,0.10106035923912933,0.10105290190831928,True
BH14,-0.7666666666666666,-0.7666666666666666,0.10897378761817264,0.10896972889993345,True
BH14,-0.75,-0.7666666666666666,0.11691583473732801,0.11688650752347679,True
BH14,-0.7333333333333334,-0.7666666666666666,0.12488880190019264,0.12480323774282517,True
BH14,-0.7166666666666667,-0.7666666666666666,0.1328925444376001,0.1328004698410149,True
BH14,-0.7,-0.7666666666666666,0.14092816462277927,0.1408871982451726,True
BH14,-0.6833333333333333,-0.7666666666666666,0.14899601176418203,0.14897383642473494,True
BH14,-0.6666666666666667,-0.7666666666666666,0.1570970370115819,0.15706038415699253,True
BH14,-0.65,-0.7666666666666666,0.16523183291172633,0.16514684121850198,True
BH14,-0.6333333333333333,-0.7666666666666666,0.17339943391301763,0.17325220359946966,True
BH14,-0.6166666666666667,-0.7666666666666666,0.18159965093397523,0.1815169116223488,True
BH14,-0.6,-0.7666666666666666,0.18983301469515146,0.18978169117297444,True
BH14,-0.5833333333333333,-0.7666666666666666,0.19809939360932946,0.19804654252745665,True
BH14,-0.5666666666666667,-0.7666666666666666,0.2063959795451209,0.20631146596333305,True
BH14,-0.55,-0.7666666666666666,0.2147260472017809,0.21457646175957903,True
BH14,-0.5333333333333333,-0.7666666666666666,0.22308721900872364,0.22296220357531354,True
BH14,-0.5166666666666666,-0.7666666666666666,0.23147568650739475,0.2313825218749782,True
BH14,-0.5,-0.7666666666666666,0.23989400164929764,0.2398030330700548,True
BH14,-0.4833333333333334,-0.7666666666666666,0.2483380981991672,0.24822373760275887,True
BH14,-0.4666666666666667,-0.7666666666666666,0.2568093220651201,0.25664463591666686,True
BH14,-0.44999999999999996,-0.7666666666666666,0.2653066141450685,0.26518093551061406,True
BH14,-0.43333333333333335,-0.7666666666666666,0.2738255366783521,0.27372322465179877,True
BH14,-0.41666666666666663,-0.7666666666666666,0.282367838041591,0.2822657381496199,True
BH14,-0.4,-0.7666666666666666,0.2909309673841366,0.2908084765138327,True
BH14,-0.3833333333333333,-0.7666666666666666,0.29951447618298777,0.29936466800196854,True
BH14,-0.3666666666666667,-0.7666666666666666,0.30811571977755425,0.30799913860643047,True
BH14,-0.35,-0.7666666666666666,0.31673497723717714,0.3166337612844551,True
BH14,-0.33333333333333337,-0.7666666666666666,0.32536983726136576,0.32526853627205854,True
BH14,-0.31666666666666665,-0.7666666666666666,0.3340202298821572,0.3339034638057468,True
BH14,-0.30000000000000004,-0.7666666666666666,0.342684472452616,0.3425627862628541,True
BH14,-0.2833333333333333,-0.7666666666666666,0.35136125377648775,0.3512623890300032,True
BH14,-0.2666666666666667,-0.7666666666666666,0.36004936390809705,0.35996205439707696,True
BH14,-0.25,-0.7666666666666666,0.36874955258882125,0.3686617824089925,True
BH14,-0.2333333333333334,-0.7666666666666666,0.3774583083477694,0.37736157311071,True
BH14,-0.21666666666666667,-0.7666666666666666,0.3861764326761544,0.3860890062591025,True
BH14,-0.19999999999999996,-0.7666666666666666,0.39490283983148944,0.3948314186932152,True
BH14,-0.18333333333333335,-0.7666666666666666,0.4036366037579612,0.4035738454802631,True
BH14,-0.16666666666666663,-0.7666666666666666,0.4123773039138532,0.41231628662309744,True
BH14,-0.15000000000000002,-0.7666666666666666,0.4211235649069049,0.42105874212457056,True
BH14,-0.1333333333333333,-0.7666666666666666,0.429874824627517,0.42982517608292226,True
BH14,-0.1166666666666667,-0.7666666666666666,0.43863111636880436,0.43859300055492073,True
BH14,-0.09999999999999998,-0.7666666666666666,0.44739095832578557,0.4473608250221912,True
BH14,-0.08333333333333337,-0.7666666666666666,0.4561541649870573,0.4561286494847338,True
BH14,-0.06666666666666665,-0.7666666666666666,0.4649202042757241,0.46489930645703925,True
BH14,-0.050000000000000044,-0.7666666666666666,0.4736883646056879,0.4736784449899187,True
BH14,-0.033333333333333326,-0.7666666666666666,0.48245807606068636,0.48245757941894063,True
BH14,-0.01666666666666672,-0.7666666666666666,0.49122859524140783,0.4912367097443415,True
BH14,0.0,-0.7666666666666666,0.5000000006008563,0.5000158359663578,True
BH14,0.016666666666666607,-0.7666666666666666,0.5087714557597678,0.5087943064681129,True
BH14,0.033333333333333215,-0.7666666666666666,0.5175422406075967,0.5175722514436165,True
BH14,0.050000000000000044,-0.7666666666666666,0.5263120711970789,0.5263501871042133,True
BH14,0.06666666666666665,-0.7666666666666666,0.5350799945641372,0.5351281134510666,True
BH14,0.08333333333333326,-0.7666666666666666,0.5438460940009502,0.5439060304853399,True
BH14,0.10000000000000009,-0.7666666666666666,0.5526093810111734,0.5526719973035614,True
BH14,0.1166666666666667,-0.7666666666666666,0.561369140620636,0.5614361000759224,True
BH14,0.1333333333333333,-0.7666666666666666,0.5701249964618573,0.5702001819417588,True
BH14,0.1499999999999999,-0.7666666666666666,0.5788765786828775,0.5789642429062857,True
BH14,0.16666666666666674,-0.7666666666666666,0.5876229883201326,0.5877232667096567,True
BH14,0.18333333333333335,-0.7666666666666666,0.5963635229639686,0.5964591326943273,True
BH14,0.19999999999999996,-0.7666666666666666,0.6050973750306862,0.6051949523285272,True
BH14,0.21666666666666656,-0.7666666666666666,0.6138237188701656,0.6139307256342917,True
BH14,0.2333333333333334,-0.7666666666666666,0.6225417573985781,0.6226664526336421,True
BH14,0.25,-0.7666666666666666,0.6312504293080258,0.6313794459699462,True
BH14,0.2666666666666666,-0.7666666666666666,0.6399507921858283,0.6400693685955722,True
BH14,0.2833333333333332,-0.7666666666666666,0.6486392927909107,0.6487591941647084,True
BH14,0.30000000000000004,-0.7666666666666666,0.6573158970434967,0.6574489227614226,True
BH14,0.31666666666666665,-0.7666666666666666,0.6659797645164713,0.6661385544696843,True
BH14,0.33333333333333326,-0.7666666666666666,0.6746297498960707,0.6747725184832537,True
BH14,0.3500000000000001,-0.7666666666666666,0.6832652501174777,0.6833947121122311,True
BH14,0.3666666666666667,-0.7666666666666666,0.6918837524412529,0.6920167231424247,True
BH14,0.3833333333333333,-0.7666666666666666,0.7004859054448374,0.7006385518505925,True
BH14,0.3999999999999999,-0.7666666666666666,0.7090690099143491,0.7092437066339435,True
BH14,0.41666666666666674,-0.7666666666666666,0.7176320797703232,0.7177732516858185,True
BH14,0.43333333333333335,-0.7666666666666666,0.7261744113495556,0.7263025061890153,True
BH14,0.44999999999999996,-0.7666666666666666,0.734693997930709,0.7348314709009345,True
BH14,0.46666666666666656,-0.7666666666666666,0.7431898189093512,0.7433601465763562,True
BH14,0.4833333333333334,-0.7666666666666666,0.7516617511029557,0.7518223058324459,True
BH14,0.5,-0.7666666666666666,0.7601065720938219,0.7602334243032802,True
BH14,0.5166666666666666,-0.7666666666666666,0.7685245494845054,0.7686441946233886,True
BH14,0.5333333333333332,-0.7666666666666666,0.7769140441802107,0.777054618368012,True
BH14,0.55,-0.7666666666666666,0.7852733205513976,0.7854645620119172,True
BH14,0.5666666666666667,-0.7666666666666666,0.7936027393815563,0.7937380811816976,True
BH14,0.5833333333333333,-0.7666666666666666,0.8019002814376226,0.8020113896917727,True
BH14,0.6000000000000001,-0.7666666666666666,0.8101667976659583,0.8102844893651131,True
BH14,0.6166666666666667,-0.7666666666666666,0.8184008857658134,0.8185573820031417,True
BH14,0.6333333333333333,-0.7666666666666666,0.8266014422920109,0.8267443235968476,True
BH14,0.6499999999999999,-0.7666666666666666,0.8347679201433991,0.8348696406142679,True
BH14,0.6666666666666667,-0.7666666666666666,0.8429031014579957,0.84299507970059,True
BH14,0.6833333333333333,-0.7666666666666666,0.851003664117836,0.8511206400161397,True
BH14,0.7,-0.7666666666666666,0.8590721747266796,0.8592226037617946,True
BH14,0.7166666666666666,-0.7666666666666666,0.8671064552823194,0.8672020573845126,True
BH14,0.7333333333333334,-0.7666666666666666,0.8751105145917076,0.8751817886801727,True
BH14,0.75,-0.7666666666666666,0.8830834267225998,0.8831617968413725,True
BH14,0.7666666666666666,-0.7666666666666666,0.8910256194979123,0.89114208106387,True
BH14,0.7833333333333332,-0.7666666666666666,0.8989405212479002,0.8990314784060363,True
BH14,0.8,-0.7666666666666666,0.9068267010702822,0.9068831368630625,True
BH14,0.8166666666666667,-0.7666666666666666,0.9146883673259938,0.9147345766469619,True
BH14,0.8333333333333333,-0.7666666666666666,0.9225243323201584,0.9225857973640414,True
BH14,0.8499999999999999,-0.7666666666666666,0.9303386322971701,0.9304195287088162,True
BH14,0.8666666666666667,-0.7666666666666666,0.9381320757810611,0.9381772226107522,True
BH14,0.8833333333333333,-0.7666666666666666,0.9459070655460664,0.9459342989541769,True
BH14,0.8999999999999999,-0.7666666666666666,0.95366573783175,0.9536907549032845,True
BH14,0.9166666666666667,-0.7666666666666666,0.9614097051758402,0.961446587605156,True
BH14,0.9333333333333333,-0.7666666666666666,0.9691434258903608,0.9691733191978282,True
BH14,0.95,-0.7666666666666666,0.9768656115711407,0.9768809647715564,True
BH14,0.9666666666666666,-0.7666666666666666,0.9845811629144485,0.9845879622786589,True
BH14,0.9833333333333334,-0.7666666666666666,0.9922915382977749,0.9922943084513005,True
BH14,1.0,-0.7666666666666666,0.9999999999999998,1.0000000000000002,True
BH14,-1.0,-0.75,-4.4498516021476546e-17,-5.2140230881634784e-17,True
BH14,-0.9833333333333333,-0.75,0.007680950065609344,0.007684045475195669,True
BH14,-0.9666666666666667,-0.75,0.015363825717546737,0.015368372978139953,True
BH14,-0.95,-0.75,0.02305283021850265,0.02305298314740596,True
BH14,-0.9333333333333333,-0.75,0.030749087138175465,0.030737876623506643,True
BH14,-0.9166666666666666,-0.75,0.03845549852255395,0.03842305404890144,True
BH14,-0.9,-0.75,0.046174379230167366,0.04614192704104016,True
BH14,-0.8833333333333333,-0.75,0.05390843872926724,0.05390288002756795,True
BH14,-0.8666666666666667,-0.75,0.06166053918961324,0.061664008568107456,True
BH14,-0.85,-0.75,0.0694318844740957,0.06942531229035982,True
BH14,-0.8333333333333334,-0.75,0.0772242293063676,0.07718679082307411,True
BH14,-0.8166666666666667,-0.75,0.08504013450204964,0.08494844379604394,True
BH14,-0.8,-0.75,0.09288307940062429,0.09284032439854822,True
BH14,-0.7833333333333333,-0.75,0.100752395835667,0.10074161457242434,True
BH14,-0.7666666666666666,-0.75,0.10864978009438982,0.1086428220707535,True
BH14,-0.75,-0.75,0.11657912933703173,0.11654394683531914,True
BH14,-0.7333333333333334,-0.75,0.12453989423077574,0.12444498880785043,True
BH14,-0.7166666666666667,-0.75,0.13253246115883965,0.13242904359617078,True
BH14,-0.7,-0.75,0.14055975666934872,0.14050894796619035,True
BH14,-0.6833333333333333,-0.75,0.14862066855599826,0.1485887269057214,True
BH14,-0.6666666666666667,-0.75,0.156716839807454,0.1566683799981049,True
BH14,-0.65,-0.75,0.16484761363332082,0.16474790682483004,True
BH14,-0.6333333333333333,-0.75,0.17301386557246817,0.17284558447937903,True
BH14,-0.6166666666666667,-0.75,0.18121431477395936,0.18111230506685946,True
BH14,-0.6,-0.75,0.18944976669086147,0.18937921054059192,True
BH14,-0.5833333333333333,-0.75,0.1977183377034541,0.19764630195625893,True
BH14,-0.5666666666666667,-0.75,0.20602256476178032,0.20591358037766128,True
BH14,-0.55,-0.75,0.21435821228113536,0.2141810468767972,True
BH14,-0.5333333333333333,-0.75,0.2227263589183341,0.22257367398517586,True
BH14,-0.5166666666666666,-0.75,0.23112295334047617,0.23100335531057786,True
BH14,-0.5,-0.75,0.23955098380593404,0.23943339997914642,True
BH14,-0.4833333333333334,-0.75,0.2480062397143797,0.24786380881597722,True
BH14,-0.4666666666666667,-0.75,0.256489887872547,0.25629458264867855,True
BH14,-0.44999999999999996,-0.75,0.264997877474879,0.264843319194205,True
BH14,-0.43333333333333335,-0.75,0.27352911346007025,0.2733988323821716,True
BH14,-0.41666666666666663,-0.75,0.28208406348726267,0.2819547410964967,True
BH14,-0.4,-0.75,0.29066034417747466,0.2905110462926105,True
BH14,-0.3833333333333333,-0.75,0.2992562429282545,0.299080842333782,True
BH14,-0.3666666666666667,-0.75,0.30787164221803903,0.30772960253558934,True
BH14,-0.35,-0.75,0.316503590653128,0.31637861515813254,True
BH14,-0.33333333333333337,-0.75,0.3251520208076051,0.32502788060775756,True
BH14,-0.31666666666666665,-0.75,0.3338151025192844,0.3336773992916863,True
BH14,-0.30000000000000004,-0.75,0.34249257032062597,0.34235093612573136,True
BH14,-0.2833333333333333,-0.75,0.3511821909110227,0.35106417452089794,True
BH14,-0.2666666666666667,-0.75,0.35988324835722535,0.35977751160848126,True
BH14,-0.25,-0.75,0.3685947550999324,0.3684909474625643,True
BH14,-0.2333333333333334,-0.75,0.37731580215773497,0.3772044821573042,True
BH14,-0.21666666666666667,-0.75,0.3860456217783794,0.38594465627445895,True
BH14,-0.19999999999999996,-0.75,0.3947835313489979,0.3946992868206233,True
BH14,-0.18333333333333335,-0.75,0.4035281906897127,0.40345393916693983,True
BH14,-0.16666666666666663,-0.75,0.41227961138149893,0.4122086133180124,True
BH14,-0.15000000000000002,-0.75,0.4210366372450523,0.42096330927844555,True
BH14,-0.1333333333333333,-0.75,0.4297981364905759,0.4297407432562421,True
BH14,-0.1166666666666667,-0.75,0.4385643857761937,0.43851950269073536,True
BH14,-0.09999999999999998,-0.75,0.44733417566626965,0.44729826219546226,True
BH14,-0.08333333333333337,-0.75,0.45610724438591244,0.4560770217704235,True
BH14,-0.06666666666666665,-0.75,0.4648824750872385,0.4648584410168469,True
BH14,-0.050000000000000044,-0.75,0.4736605724554716,0.47364783175324177,True
BH14,-0.033333333333333326,-0.75,0.48243939561136717,0.4824372167000188,True
BH14,-0.01666666666666672,-0.75,0.4912194902965117,0.49122659585746664,True
BH14,0.0,-0.75,0.5000001202804537,0.5000159692258741,True
BH14,0.016666666666666607,-0.75,0.5087807691342199,0.5088047290381185,True
BH14,0.033333333333333215,-0.75,0.5175608384758301,0.5175929944380646,True
BH14,0.050000000000000044,-0.75,0.5263398566583234,0.5263812467405945,True
BH14,0.06666666666666665,-0.75,0.535117557745433,0.5351694859470388,True
BH14,0.08333333333333326,-0.75,0.5438934951040201,0.5439577120587283,True
BH14,0.10000000000000009,-0.75,0.5526659349737877,0.5527346970385367,True
BH14,0.1166666666666667,-0.75,0.5614358551352436,0.5615099161572968,True
BH14,0.1333333333333333,-0.75,0.5702020482368937,0.5702851054223914,True
BH14,0.1499999999999999,-0.75,0.5789634862381943,0.5790602648394964,True
BH14,0.16666666666666674,-0.75,0.5877205744161296,0.5878306338204616,True
BH14,0.18333333333333335,-0.75,0.5964720582204053,0.5965789622824069,True
BH14,0.19999999999999996,-0.75,0.6052165816873527,0.6053272224551318,True
BH14,0.21666666666666656,-0.75,0.6139543831211134,0.6140754143613782,True
BH14,0.2333333333333334,-0.75,0.6226839964717882,0.6228235380238785,True
BH14,0.25,-0.75,0.6314058560701249,0.6315496842961345,True
BH14,0.2666666666666666,-0.75,0.6401164525566914,0.640253458441808,True
BH14,0.2833333333333332,-0.75,0.6488175645141064,0.6489570832157882,True
BH14,0.30000000000000004,-0.75,0.6575078064284388,0.6576605586994952,True
BH14,0.31666666666666665,-0.75,0.6661848086238847,0.6663638849742903,True
BH14,0.33333333333333326,-0.75,0.6748478448590605,0.6750122405577865,True
BH14,0.3500000000000001,-0.75,0.6834963211268724,0.6836487921830665,True
BH14,0.3666666666666667,-0.75,0.6921286913745778,0.6922850476521301,True
BH14,0.3833333333333333,-0.75,0.7007436232848334,0.7009210072134229,True
BH14,0.3999999999999999,-0.75,0.7093397436667941,0.7095401828058789,True
BH14,0.41666666666666674,-0.75,0.7179162454406016,0.7180825497616266,True
BH14,0.43333333333333335,-0.75,0.7264715362447608,0.7266244167777731,True
BH14,0.44999999999999996,-0.75,0.7350030663193431,0.735165784511871,True
BH14,0.46666666666666656,-0.75,0.7435116069881473,0.7437066536203345,True
BH14,0.4833333333333334,-0.75,0.7519935388536646,0.7521789501992443,True
BH14,0.5,-0.75,0.7604491377652354,0.7605977908723951,True
BH14,0.5166666666666666,-0.75,0.7688765454321143,0.7690159800591646,True
BH14,0.5333333333333332,-0.75,0.7772750636416742,0.7774335196189138,True
BH14,0.55,-0.75,0.785642193736211,0.7858504114039082,True
BH14,0.5666666666666667,-0.75,0.7939775744881648,0.7941245567450506,True
BH14,0.5833333333333333,-0.75,0.8022806076092719,0.802397849760905,True
BH14,0.6000000000000001,-0.75,0.8105503176089973,0.8106706345832118,True
BH14,0.6166666666666667,-0.75,0.8187848079056151,0.8189429176622266,True
BH14,0.6333333333333333,-0.75,0.8269863101292336,0.8271241090288664,True
BH14,0.6499999999999999,-0.75,0.8351531811927759,0.8352427559836939,True
BH14,0.6666666666666667,-0.75,0.8432829754525648,0.8433615024883875,True
BH14,0.6833333333333333,-0.75,0.8513792117585854,0.8514803474293549,True
BH14,0.7,-0.75,0.8594397800809308,0.859571804231905,True
BH14,0.7166666666666666,-0.75,0.8674671478719433,0.8675385872097183,True
BH14,0.7333333333333334,-0.75,0.8754602068496795,0.8755057992129585,True
BH14,0.75,-0.75,0.8834223165814249,0.8834734367086302,True
BH14,0.7666666666666666,-0.75,0.8913496661556004,0.8914414962027458,True
BH14,0.7833333333333332,-0.75,0.8992491673537837,0.8993132819273573,True
BH14,0.8,-0.75,0.9071175192891059,0.9071489168420188,True
BH14,0.8166666666666667,-0.75,0.9149593215343274,0.9149841640223251,True
BH14,0.8333333333333333,-0.75,0.9227763325797885,0.9228190209990648,True
BH14,0.8499999999999999,-0.75,0.930569789650997,0.9306338399294721,True
BH14,0.8666666666666667,-0.75,0.9383403721926799,0.9383707720688899,True
BH14,0.8833333333333333,-0.75,0.9460916080364999,0.9461066410238395,True
BH14,0.8999999999999999,-0.75,0.9538253228778084,0.9538414447536806,True
BH14,0.9166666666666667,-0.75,0.9615441142116721,0.9615751812128996,True
BH14,0.9333333333333333,-0.75,0.9692507055941432,0.969277515310333,True
BH14,0.95,-0.75,0.9769474036102475,0.9769598502949013,True
BH14,0.9666666666666666,-0.75,0.9846349623913014,0.9846410457411061,True
BH14,0.9833333333333334,-0.75,0.9923187987730552,0.9923210971500657,True
BH14,1.0,-0.75,1.0000000000000002,0.9999999999999999,True
BH14,-1.0,-0.7333333333333334,2.2828166284756986e-17,-3.7792773179880646e-17,True
BH14,-0.9833333333333333,-0.7333333333333334,0.007651449661044853,0.007650947929662637,True
BH14,-0.9666666666666667,-0.7333333333333334,0.01530478010170353,0.015302127791533903,True
BH14,-0.95,-0.7333333333333334,0.022962500913898995,0.022953540109267083,True
BH14,-0.9333333333333333,-0.7333333333333334,0.030630878688778475,0.03060518540809976,True
BH14,-0.9166666666666666,-0.7333333333333334,0.03830861806415404,0.03825706421486068,True
BH14,-0.9,-0.7333333333333334,0.04600042089516926,0.04594439425331376,True
BH14,-0.8833333333333333,-0.7333333333333334,0.05370689496459703,0.05367704065839339,True
BH14,-0.8666666666666667,-0.7333333333333334,0.061433289765703544,0.06140990245544171,True
BH14,-0.85,-0.7333333333333334,0.06917994397189817,0.06914297918880491,True
BH14,-0.8333333333333334,-0.7333333333333334,0.07694874360462259,0.07687627040410785,True
BH14,-0.8166666666666667,-0.7333333333333334,0.08474249534228426,0.08460977564824979,True
BH14,-0.8,-0.7333333333333334,0.09256468819914686,0.09248113912350023,True
BH14,-0.7833333333333333,-0.7333333333333334,0.10041602349517816,0.10036403636426469,True
BH14,-0.7666666666666666,-0.7333333333333334,0.10829597676752216,0.10824684233317132,True
BH14,-0.75,-0.7333333333333334,0.11620954856671625,0.11612955696601988,True
BH14,-0.7333333333333334,-0.7333333333333334,0.12415660965755324,0.12401218019855037,True
BH14,-0.7166666666666667,-0.7333333333333334,0.13213924951442463,0.13198144666861591,True
BH14,-0.7,-0.7333333333333334,0.14015669041812334,0.14005563003915472,True
BH14,-0.6833333333333333,-0.7333333333333334,0.14820983624226525,0.14812967529383803,True
BH14,-0.6666666666666667,-0.7333333333333334,0.15630067110816587,0.15620358197358428,True
BH14,-0.65,-0.7333333333333334,0.16443000601571833,0.16427734961727003,True
BH14,-0.6333333333333333,-0.7333333333333334,0.1725936398627808,0.17236826543339062,True
BH14,-0.6166666666666667,-0.7333333333333334,0.18079381438876718,0.18064081505603297,True
BH14,-0.6,-0.7333333333333334,0.1890316648544581,0.1889135719317206,True
BH14,-0.5833333333333333,-0.7333333333333334,0.1973066131114001,0.19718653724730167,True
BH14,-0.5666666666666667,-0.7333333333333334,0.20561366093900713,0.20545971219878706,True
BH14,-0.55,-0.7333333333333334,0.21395711748844057,0.21373309799143922,True
BH14,-0.5333333333333333,-0.7333333333333334,0.22233321439970455,0.22213631033903902,True
BH14,-0.5166666666666666,-0.7333333333333334,0.23074139418585676,0.2305791470835084,True
BH14,-0.5,-0.7333333333333334,0.23917985766181235,0.23902236718374725,True
BH14,-0.4833333333333334,-0.7333333333333334,0.24764693943079966,0.24746597151102614,True
BH14,-0.4666666666666667,-0.7333333333333334,0.2561415410451842,0.2559099609392721,True
BH14,-0.44999999999999996,-0.7333333333333334,0.2646639074310153,0.26447423130860775,True
BH14,-0.43333333333333335,-0.7333333333333334,0.2732094289810957,0.2730459742795004,True
BH14,-0.41666666666666663,-0.7333333333333334,0.28177880614401796,0.28161813906021815,True
BH14,-0.4,-0.7333333333333334,0.2903703441841002,0.29019072667083357,True
BH14,-0.3833333333333333,-0.7333333333333334,0.2989804737424482,0.298776607726558,True
BH14,-0.3666666666666667,-0.7333333333333334,0.3076098499850842,0.30744157747961265,True
BH14,-0.35,-0.7333333333333334,0.3162570061610361,0.3161068171196773,True
BH14,-0.33333333333333337,-0.7333333333333334,0.32491972499918176,0.3247723270815763,True
BH14,-0.31666666666666665,-0.7333333333333334,0.33359719594988213,0.3334381078010732,True
BH14,-0.30000000000000004,-0.7333333333333334,0.34228750485357695,0.34212726970959983,True
BH14,-0.2833333333333333,-0.7333333333333334,0.3509914207815722,0.35085520688542865,True
BH14,-0.2666666666666667,-0.7333333333333334,0.35970550346264113,0.3595832501199415,True
BH14,-0.25,-0.7333333333333334,0.3684301031424193,0.3683113994927772,True
BH14,-0.2333333333333334,-0.7333333333333334,0.3771644055724094,0.377039655083654,True
BH14,-0.21666666666666667,-0.7333333333333334,0.3859070502538415,0.3857933462494582,True
BH14,-0.19999999999999996,-0.7333333333333334,0.3946568972716193,0.39456086321560957,True
BH14,-0.18333333333333335,-0.7333333333333334,0.4034134687514779,0.4033284037968031,True
BH14,-0.16666666666666663,-0.7333333333333334,0.4121768683926609,0.4120959679980264,True
BH14,-0.15000000000000002,-0.7333333333333334,0.4209444661664236,0.4208635558242678,True
BH14,-0.1333333333333333,-0.7333333333333334,0.4297168328841544,0.42965250537214966,True
BH14,-0.1166666666666667,-0.7333333333333334,0.43849350611526117,0.43844270617739645,True
BH14,-0.09999999999999998,-0.7333333333333334,0.4472739648710319,0.4472329071377444,True
BH14,-0.08333333333333337,-0.7333333333333334,0.45605722279639804,0.45602310825319525,True
BH14,-0.06666666666666665,-0.7333333333333334,0.46484336299275764,0.4648157815479304,True
BH14,-0.050000000000000044,-0.7333333333333334,0.47363101221650783,0.4736158716919921,True
BH14,-0.033333333333333326,-0.7333333333333334,0.48241986392569186,0.482415955690911,True
BH14,-0.01666666666666672,-0.7333333333333334,0.4912096941683795,0.4912160335449931,True
BH14,0.0,-0.7333333333333334,0.4999999054393153,0.5000161052545449,True
BH14,0.016666666666666607,-0.7333333333333334,0.5087903599314842,0.5088156108630354,True
BH14,0.033333333333333215,-0.7333333333333334,0.5175806316328286,0.5176146590340407,True
BH14,0.050000000000000044,-0.7333333333333334,0.5263697668519367,0.5264136933773107,True
BH14,0.06666666666666665,-0.7333333333333334,0.5351571444185074,0.5352127138942501,True
BH14,0.08333333333333326,-0.7333333333333334,0.5439426224332409,0.5440117205862638,True
BH14,0.10000000000000009,-0.7333333333333334,0.552725840829335,0.55280026935613,True
BH14,0.1166666666666667,-0.7333333333333334,0.5615063041078163,0.5615871686915594,True
BH14,0.1333333333333333,-0.7333333333333334,0.5702832121180677,0.5703740366936081,True
BH14,0.1499999999999999,-0.7333333333333334,0.5790559407202043,0.579160873368233,True
BH14,0.16666666666666674,-0.7333333333333334,0.5878241047991992,0.5879432055031117,True
BH14,0.18333333333333335,-0.7333333333333334,0.5965865168134712,0.5967047718939873,True
BH14,0.19999999999999996,-0.7333333333333334,0.6053430844901253,0.6054662670605748,True
BH14,0.21666666666666656,-0.7333333333333334,0.6140932319621847,0.6142276910265898,True
BH14,0.2333333333333334,-0.7333333333333334,0.6228360058383253,0.6229890438157375,True
BH14,0.25,-0.7333333333333334,0.6315697491790833,0.6317293528742299,True
BH14,0.2666666666666666,-0.7333333333333334,0.6402943814007469,0.6404481823877733,True
BH14,0.2833333333333332,-0.7333333333333334,0.6490091867622494,0.6491668570792609,True
BH14,0.30000000000000004,-0.7333333333333334,0.6577120904868344,0.65788537703305,True
BH14,0.31666666666666665,-0.7333333333333334,0.6664036326233905,0.6666037423334359,True
BH14,0.33333333333333326,-0.7333333333333334,0.6750802469039564,0.6752683225148328,True
BH14,0.3500000000000001,-0.7333333333333334,0.683743526639927,0.6839212414865707,True
BH14,0.3666666666666667,-0.7333333333333334,0.6923904987396298,0.6925738552293588,True
BH14,0.3833333333333333,-0.7333333333333334,0.7010196476371929,0.7012261639990489,True
BH14,0.3999999999999999,-0.7333333333333334,0.7096308010687736,0.7098618625870392,True
BH14,0.41666666666666674,-0.7333333333333334,0.7182219677169561,0.7184202795115222,True
BH14,0.43333333333333335,-0.7333333333333334,0.7267903777926806,0.7269781826133541,True
BH14,0.44999999999999996,-0.7333333333333334,0.7353364491675672,0.7355355725675861,True
BH14,0.46666666666666656,-0.7333333333333334,0.743857391661878,0.7440924500481034,True
BH14,0.4833333333333334,-0.7333333333333334,0.7523528643238231,0.7525795779267737,True
BH14,0.5,-0.7333333333333334,0.7608211115582815,0.7610113977317934,True
BH14,0.5166666666666666,-0.7333333333333334,0.769259043014016,0.7694425412270159,True
BH14,0.5333333333333332,-0.7333333333333334,0.7776662548981812,0.7778730103434955,True
BH14,0.55,-0.7333333333333334,0.7860423975458388,0.7863028070049126,True
BH14,0.5666666666666667,-0.7333333333333334,0.7943854073583291,0.7945847713726525,True
BH14,0.5833333333333333,-0.7333333333333334,0.8026939989650754,0.8028652800707964,True
BH14,0.6000000000000001,-0.7333333333333334,0.8109678208711707,0.8111452169472284,True
BH14,0.6166666666666667,-0.7333333333333334,0.8192056441658324,0.8194245893374905,True
BH14,0.6333333333333333,-0.7333333333333334,0.8274074125496553,0.8276055468420083,True
BH14,0.6499999999999999,-0.7333333333333334,0.8355712728786255,0.8357223955007482,True
BH14,0.6666666666666667,-0.7333333333333334,0.8436996211746149,0.8438393575187018,True
BH14,0.6833333333333333,-0.7333333333333334,0.8517897091889073,0.8519564316174274,True
BH14,0.7,-0.7333333333333334,0.8598438179003123,0.8600401014856726,True
BH14,0.7166666666666666,-0.7333333333333334,0.867859430298694,0.8679942925581509,True
BH14,0.7333333333333334,-0.7333333333333334,0.8758430092627576,0.8759489827187377,True
BH14,0.75,-0.7333333333333334,0.8837895268794254,0.8839041678410579,True
BH14,0.7666666666666666,-0.7333333333333334,0.8917036924993971,0.8918598438445346,True
BH14,0.7833333333333332,-0.7333333333333334,0.8995862839311695,0.8997066919836066,True
BH14,0.8,-0.7333333333333334,0.9074346650834091,0.9075187195437469,True
BH14,0.8166666666666667,-0.7333333333333334,0.9152568236790112,0.9153302603736344,True
BH14,0.8333333333333333,-0.7333333333333334,0.9230519864597775,0.9231413113901465,True
BH14,0.8499999999999999,-0.7333333333333334,0.9308214943530693,0.9309284501464437,True
BH14,0.8666666666666667,-0.7333333333333334,0.9385679108088096,0.9386345005027505,True
BH14,0.8833333333333333,-0.7333333333333334,0.9462932121573722,0.9463394508556924,True
BH14,0.8999999999999999,-0.7333333333333334,0.9540003823317031,0.95404329910944,True
BH14,0.9166666666666667,-0.7333333333333334,0.961691470664032,0.9617460431632127,True
BH14,0.9333333333333333,-0.7333333333333334,0.9693696116160091,0.9694148133053029,True
BH14,0.95,-0.7333333333333334,0.9770364824345064,0.9770629537781383,True
BH14,0.9666666666666666,-0.7333333333333334,0.9846949679920055,0.9847098682565949,True
BH14,0.9833333333333334,-0.7333333333333334,0.9923477182740148,0.9923555519391214,True
BH14,1.0,-0.7333333333333334,1.0,1.0,True
BH14,-1.0,-0.7166666666666667,-2.847570100719897e-17,-4.708172305730636e-18,True
BH14,-0.9833333333333333,-0.7166666666666667,0.007618899961811319,0.007617913156029959,True
BH14,-0.9666666666666667,-0.7166666666666667,0.015239505627575348,0.015236008432179898,True
BH14,-0.95,-0.7166666666666667,0.022865925919362852,0.022854286238469867,True
BH14,-0.9333333333333333,-0.7166666666666667,0.030501182453810616,0.03047274698615579,True
BH14,-0.9166666666666666,-0.7166666666666667,0.038148054202724616,0.038091391087734586,True
BH14,-0.9,-0.7166666666666667,0.04580955529959889,0.045747181620889865,True
BH14,-0.8833333333333333,-0.7166666666666667,0.05348781448963351,0.05345156772738906,True
BH14,-0.8666666666666667,-0.7166666666666667,0.06118588338187833,0.06115620886702945,True
BH14,-0.85,-0.7166666666666667,0.06890557364903047,0.06886110450163263,True
BH14,-0.8333333333333334,-0.7166666666666667,0.07664807002985344,0.07656625409452486,True
BH14,-0.8166666666666667,-0.7166666666666667,0.08441810859621743,0.08427165711053267,True
BH14,-0.8,-0.7166666666666667,0.09221701175284648,0.09212232780690907,True
BH14,-0.7833333333333333,-0.7166666666666667,0.10004840814389808,0.09998684544307282,True
BH14,-0.7666666666666666,-0.7166666666666667,0.10791032236866893,0.10785126322969427,True
BH14,-0.75,-0.7166666666666667,0.11580821696341537,0.11571558109661531,True
BH14,-0.7333333333333334,-0.7166666666666667,0.1237408128677201,0.12357979897361265,True
BH14,-0.7166666666666667,-0.7166666666666667,0.13170999705754188,0.1315339835587067,True
BH14,-0.7,-0.7166666666666667,0.1397166545720537,0.13960244381971604,True
BH14,-0.6833333333333333,-0.7166666666666667,0.14776346619352837,0.147670753264496,True
BH14,-0.6666666666666667,-0.7166666666666667,0.15584872891752227,0.15573891139143975,True
BH14,-0.65,-0.7166666666666667,0.1639727813970202,0.16380691769670813,True
BH14,-0.6333333333333333,-0.7166666666666667,0.17213449301423936,0.17189082310264853,True
BH14,-0.6166666666666667,-0.7166666666666667,0.18033788456274585,0.1801692127136053,True
BH14,-0.6,-0.7166666666666667,0.1885794246985862,0.18844783207248988,True
BH14,-0.5833333333333333,-0.7166666666666667,0.19685681109740902,0.19672668249880956,True
BH14,-0.5666666666666667,-0.7166666666666667,0.20517303880286838,0.20500576532229758,True
BH14,-0.55,-0.7166666666666667,0.21352387627276048,0.2132850818830133,True
BH14,-0.5333333333333333,-0.7166666666666667,0.2219104483098424,0.22169880953936116,True
BH14,-0.5166666666666666,-0.7166666666666667,0.2303294956534126,0.2301548088892108,True
BH14,-0.5,-0.7166666666666667,0.23878039248054872,0.23861121164056504,True
BH14,-0.4833333333333334,-0.7166666666666667,0.24726065811312511,0.24706801871102144,True
BH14,-0.4666666666666667,-0.7166666666666667,0.2557696540761936,0.25552523102097885,True
BH14,-0.44999999999999996,-0.7166666666666667,0.26430652168607394,0.26410502280848835,True
BH14,-0.43333333333333335,-0.7166666666666667,0.27286711301290845,0.2726930076552433,True
BH14,-0.41666666666666663,-0.7166666666666667,0.2814525191041015,0.2812814406542435,True
BH14,-0.4,-0.7166666666666667,0.2900589160763364,0.2898703228904914,True
BH14,-0.3833333333333333,-0.7166666666666667,0.2986856151821645,0.2984723013075462,True
BH14,-0.3666666666666667,-0.7166666666666667,0.30733129005243626,0.30715348955579125,True
BH14,-0.35,-0.7166666666666667,0.31599410014543616,0.31583496518626314,True
BH14,-0.33333333333333337,-0.7166666666666667,0.3246729179047605,0.32451672866235903,True
BH14,-0.31666666666666665,-0.7166666666666667,0.333365267405787,0.3331987804484777,True
BH14,-0.30000000000000004,-0.7166666666666667,0.34207134942145684,0.34190357724852743,True
BH14,-0.2833333333333333,-0.7166666666666667,0.35078919090012706,0.35064621641256555,True
BH14,-0.2666666666666667,-0.7166666666666667,0.35951778498907855,0.35938896900638195,True
BH14,-0.25,-0.7166666666666667,0.36825678969333153,0.3681318351151782,True
BH14,-0.2333333333333334,-0.7166666666666667,0.37700439436971345,0.37687481482424123,True
BH14,-0.21666666666666667,-0.7166666666666667,0.3857606505813106,0.3856420262385058,True
BH14,-0.19999999999999996,-0.7166666666666667,0.39452344492285696,0.39442243048118963,True
BH14,-0.18333333333333335,-0.7166666666666667,0.4032927269350891,0.40320286015416773,True
BH14,-0.16666666666666663,-0.7166666666666667,0.4120678359582771,0.4119833152628114,True
BH14,-0.15000000000000002,-0.7166666666666667,0.42084766140921365,0.42076379581249335,True
BH14,-0.1333333333333333,-0.7166666666666667,0.42963171127306155,0.4295642619401727,True
BH14,-0.1166666666666667,-0.7166666666666667,0.438419846769874,0.4383659043587155,True
BH14,-0.09999999999999998,-0.7166666666666667,0.44721142703762456,0.44716754701723227,True
BH14,-0.08333333333333337,-0.7166666666666667,0.45600538279970887,0.4559691899157259,True
BH14,-0.06666666666666665,-0.7166666666666667,0.4648017098956354,0.4647731177395582,True
BH14,-0.050000000000000044,-0.7166666666666667,0.47359942226465446,0.47358390728330535,True
BH14,-0.033333333333333326,-0.7166666666666667,0.48239931022219906,0.48239469032638516,True
BH14,-0.01666666666666672,-0.7166666666666667,0.4911996125004287,0.4912054668691214,True
BH14,0.0,-0.7166666666666667,0.5000001271126029,0.5000162369118384,True
BH14,0.016666666666666607,-0.7166666666666667,0.5088006835682319,0.5088264881710152,True
BH14,0.033333333333333215,-0.7166666666666667,0.5176010001942373,0.5176363189208681,True
BH14,0.050000000000000044,-0.7166666666666667,0.5264004176200482,0.5264461351127057,True
BH14,0.06666666666666665,-0.7166666666666667,0.5351983127519048,0.5352559367480066,True
BH14,0.08333333333333326,-0.7166666666666667,0.5439947381741914,0.54406572382825,True
BH14,0.10000000000000009,-0.7166666666666667,0.5527887236684385,0.5528658354504286,True
BH14,0.1166666666666667,-0.7166666666666667,0.561580168882793,0.5616644144626508,True
BH14,0.1333333333333333,-0.7166666666666667,0.5703683699776989,0.5704629606619829,True
BH14,0.1499999999999999,-0.7166666666666667,0.5791530172003108,0.5792614740546622,True
BH14,0.16666666666666674,-0.7166666666666667,0.5879328259643362,0.5880557675164971,True
BH14,0.18333333333333335,-0.7166666666666667,0.5967076177518278,0.5968305702975972,True
BH14,0.19999999999999996,-0.7166666666666667,0.6054767633434073,0.6056052989203675,True
BH14,0.21666666666666656,-0.7166666666666667,0.6142399388329753,0.614379953409496,True
BH14,0.2333333333333334,-0.7166666666666667,0.6229955199461903,0.6231545337896598,True
BH14,0.25,-0.7166666666666667,0.6317433937747823,0.6319090005502799,True
BH14,0.2666666666666666,-0.7166666666666667,0.6404819126924568,0.6406428813794807,True
BH14,0.2833333333333332,-0.7166666666666667,0.6492101375923699,0.6493766019406835,True
BH14,0.30000000000000004,-0.7166666666666667,0.6579292438205047,0.6581101623211769,True
BH14,0.31666666666666665,-0.7166666666666667,0.6666352039415413,0.6668435626081868,True
BH14,0.33333333333333326,-0.7166666666666667,0.6753279606555843,0.6755243561376083,True
BH14,0.3500000000000001,-0.7166666666666667,0.6840062045800316,0.6841936337775107,True
BH14,0.3666666666666667,-0.7166666666666667,0.6926697739701961,0.692862597130302,True
BH14,0.3833333333333333,-0.7166666666666667,0.7013143233088941,0.7015312464592155,True
BH14,0.3999999999999999,-0.7166666666666667,0.7099413852221826,0.7101834602286461,True
BH14,0.41666666666666674,-0.7166666666666667,0.718547529097954,0.7187579152286562,True
BH14,0.43333333333333335,-0.7166666666666667,0.7271328252111271,0.727331842554312,True
BH14,0.44999999999999996,-0.7166666666666667,0.7356939265131774,0.7359052428980831,True
BH14,0.46666666666666656,-0.7166666666666667,0.7442295704186713,0.744478116951244,True
BH14,0.4833333333333334,-0.7166666666666667,0.7527390070549409,0.7529800982995091,True
BH14,0.5,-0.7166666666666667,0.7612200338413384,0.7614249012210046,True
BH14,0.5166666666666666,-0.7166666666666667,0.7696700553041547,0.7698690029871122,True
BH14,0.5333333333333332,-0.7166666666666667,0.7780902474847278,0.7783124056007054,True
BH14,0.55,-0.7166666666666667,0.7864758325481374,0.7867551110570047,True
BH14,0.5666666666666667,-0.7166666666666667,0.7948271685276295,0.795044988265432,True
BH14,0.5833333333333333,-0.7166666666666667,0.8031421379436445,0.8033327659326317,True
BH14,0.6000000000000001,-0.7166666666666667,0.8114207289741928,0.8116199067825356,True
BH14,0.6166666666666667,-0.7166666666666667,0.8196610745980355,0.8199064190720231,True
BH14,0.6333333333333333,-0.7166666666666667,0.8278650502089548,0.8280869328667224,True
BH14,0.6499999999999999,-0.7166666666666667,0.8360286894075746,0.836201973481955,True
BH14,0.6666666666666667,-0.7166666666666667,0.8441522827796497,0.844317141489817,True
BH14,0.6833333333333333,-0.7166666666666667,0.85223674933424,0.8524324354418386,True
BH14,0.7,-0.7166666666666667,0.8602835664959692,0.8605077616856474,True
BH14,0.7166666666666666,-0.7166666666666667,0.8682895726697832,0.8684493297498034,True
BH14,0.7333333333333334,-0.7166666666666667,0.876259798387997,0.876391467507605,True
BH14,0.75,-0.7166666666666667,0.884192282236585,0.8843341702301044,True
BH14,0.7666666666666666,-0.7166666666666667,0.8920898920085862,0.8922774332411149,True
BH14,0.7833333333333332,-0.7166666666666667,0.8999525059721973,0.9000987090228548,True
BH14,0.8,-0.7166666666666667,0.9077825539449642,0.9078872072596718,True
BH14,0.8166666666666667,-0.7166666666666667,0.9155816659626212,0.9156751207967392,True
BH14,0.8333333333333333,-0.7166666666666667,0.9233532271607618,0.9234624459500986,True
BH14,0.8499999999999999,-0.7166666666666667,0.9310957936973292,0.931221684455336,True
BH14,0.8666666666666667,-0.7166666666666667,0.9388155834522509,0.938896995945865,True
BH14,0.8833333333333333,-0.7166666666666667,0.9465132489244882,0.9465711711625358,True
BH14,0.8999999999999999,-0.7166666666666667,0.9541911544536845,0.9542442079562781,True
BH14,0.9166666666666667,-0.7166666666666667,0.9618521644451561,0.9619161041730002,True
BH14,0.9333333333333333,-0.7166666666666667,0.969497476926333,0.969551400122807,True
BH14,0.95,-0.7166666666666667,0.9771339041600635,0.977165521791592,True
BH14,0.9666666666666666,-0.7166666666666667,0.9847603961865541,0.9847783323941115,True
BH14,0.9833333333333334,-0.7166666666666667,0.9923822793679715,0.9923898268366143,True
BH14,1.0,-0.7166666666666667,1.0,1.0,True
BH14,-1.0,-0.7,4.8856225910532243e-17,1.1730619909940478e-17,True
BH14,-0.9833333333333333,-0.7,0.007582132717654731,0.007584940975756614,True
BH14,-0.9666666666666667,-0.7,0.015168424759141527,0.015170014541386858,True
BH14,-0.95,-0.7,0.02276000462960759,0.022755220994551992,True
BH14,-0.9333333333333333,-0.7,0.030360342788896613,0.030340560633807072,True
BH14,-0.9166666666666666,-0.7,0.0379734127676531,0.037926033758604795,True
BH14,-0.9,-0.7,0.045601766861825724,0.0455502883542515,True
BH14,-0.8833333333333333,-0.7,0.05324780913352009,0.05322646033282314,True
BH14,-0.8666666666666667,-0.7,0.060914928415837344,0.06090292678988826,True
BH14,-0.85,-0.7,0.06860588320008928,0.06857968710556625,True
BH14,-0.8333333333333334,-0.7,0.07632162620843627,0.07625674066170386,True
BH14,-0.8166666666666667,-0.7,0.08406420946423326,0.08393408684187033,True
BH14,-0.8,-0.7,0.09184090937214051,0.09176389004529675,True
BH14,-0.7833333333333333,-0.7,0.09964741281620505,0.09961004139069723,True
BH14,-0.7666666666666666,-0.7,0.1074902940219527,0.10745608432745654,True
BH14,-0.75,-0.7,0.11536988740488915,0.11530201877948487,True
BH14,-0.7333333333333334,-0.7,0.12328641057444525,0.12314784467062134,True
BH14,-0.7166666666666667,-0.7,0.13124245979767946,0.13108665434550085,True
BH14,-0.7,-0.7,0.13923952534266104,0.1391493893859546,True
BH14,-0.6833333333333333,-0.7,0.147276817872751,0.14721196089478134,True
BH14,-0.6666666666666667,-0.7,0.15535556989655241,0.15527436832774658,True
BH14,-0.65,-0.7,0.16347815564181764,0.16333661113819228,True
BH14,-0.6333333333333333,-0.7,0.17164067373355837,0.17141325713324856,True
BH14,-0.6166666666666667,-0.7,0.1798432890815601,0.17969749771525437,True
BH14,-0.6,-0.7,0.18808799232933815,0.18798199066888366,True
BH14,-0.5833333333333333,-0.7,0.19637238029495646,0.19626673744781026,True
BH14,-0.5666666666666667,-0.7,0.20469566419256466,0.2045517395170172,True
BH14,-0.55,-0.7,0.2130563242167214,0.21283699835290826,True
BH14,-0.5333333333333333,-0.7,0.2214537237781845,0.22126117147227914,True
BH14,-0.5166666666666666,-0.7,0.22988514048186498,0.2297303406195414,True
BH14,-0.5,-0.7,0.23835137502210718,0.23819993324722966,True
BH14,-0.4833333333333334,-0.7,0.24684685187166733,0.24666995031942168,True
BH14,-0.4666666666666667,-0.7,0.2553711473832183,0.255140392803141,True
BH14,-0.44999999999999996,-0.7,0.26392323787671906,0.26373569355812687,True
BH14,-0.43333333333333335,-0.7,0.2725013538373352,0.2723399323869922,True
BH14,-0.41666666666666663,-0.7,0.2811034207520592,0.280944645769608,True
BH14,-0.4,-0.7,0.28972737602225973,0.2895498348561961,True
BH14,-0.3833333333333333,-0.7,0.298372004066199,0.2981679230171028,True
BH14,-0.3666666666666667,-0.7,0.30703443071450104,0.30686533871182564,True
BH14,-0.35,-0.7,0.31571517691595774,0.315563059312983,True
BH14,-0.33333333333333337,-0.7,0.32441084668074993,0.32426108531263886,True
BH14,-0.31666666666666665,-0.7,0.333120027202392,0.33295941720392197,True
BH14,-0.30000000000000004,-0.7,0.34184265966377125,0.341679858733975,True
BH14,-0.2833333333333333,-0.7,0.35057667273826953,0.35043720309481546,True
BH14,-0.2666666666666667,-0.7,0.35932074202225517,0.3591946682613585,True
BH14,-0.25,-0.7,0.36807476884329005,0.3679522543243757,True
BH14,-0.2333333333333334,-0.7,0.37683704846233257,0.37670996137472973,True
BH14,-0.21666666666666667,-0.7,0.3856072053205678,0.3854906962406056,True
BH14,-0.19999999999999996,-0.7,0.3943838030738919,0.39428398861645253,True
BH14,-0.18333333333333335,-0.7,0.4031661741971757,0.40307730823820787,True
BH14,-0.16666666666666663,-0.7,0.41195406084446823,0.4118706551116272,True
BH14,-0.15000000000000002,-0.7,0.4207463466063053,0.4206640292424672,True
BH14,-0.1333333333333333,-0.7,0.42954279321265487,0.42947601296013493,True
BH14,-0.1166666666666667,-0.7,0.43834278331798415,0.4382890972345237,True
BH14,-0.09999999999999998,-0.7,0.4471457195440022,0.44710218183376493,True
BH14,-0.08333333333333337,-0.7,0.4559513138132868,0.45591526675786215,True
BH14,-0.06666666666666665,-0.7,0.4647586316960025,0.46473044959173543,True
BH14,-0.050000000000000044,-0.7,0.47356771057882896,0.47355193852718624,True
BH14,-0.033333333333333326,-0.7,0.4823780298270057,0.4823734206064461,True
BH14,-0.01666666666666672,-0.7,0.49118882197518265,0.49119489582985654,True
BH14,0.0,-0.7,0.5000000732746774,0.5000163641977594,True
BH14,0.016666666666666607,-0.7,0.5088114551107814,0.508837360962179,True
BH14,0.033333333333333215,-0.7,0.5176224770745768,0.5176579740986729,True
BH14,0.050000000000000044,-0.7,0.5264326740429691,0.5264785719469105,True
BH14,0.06666666666666665,-0.7,0.5352414211666519,0.5352991545084447,True
BH14,0.08333333333333326,-0.7,0.54404916780809,0.5441197217848287,True
BH14,0.10000000000000009,-0.7,0.5528544151542935,0.552931395321864,True
BH14,0.1166666666666667,-0.7,0.5616574508662254,0.5617416534710404,True
BH14,0.1333333333333333,-0.7,0.5704576667891452,0.5705518773280223,True
BH14,0.1499999999999999,-0.7,0.5792541553921069,0.579362066899328,True
BH14,0.16666666666666674,-0.7,0.5880460050119081,0.5881683198623051,True
BH14,0.18333333333333335,-0.7,0.5968339651328816,0.5969563574951923,True
BH14,0.19999999999999996,-0.7,0.6056166965061311,0.6057443180367328,True
BH14,0.21666666666666656,-0.7,0.6143933981042222,0.6145322015125865,True
BH14,0.2333333333333334,-0.7,0.6231630942932288,0.6233200079484021,True
BH14,0.25,-0.7,0.6319252579061827,0.632088627332733,True
BH14,0.2666666666666666,-0.7,0.6406790873216328,0.6408375554270114,True
BH14,0.2833333333333332,-0.7,0.6494238268237642,0.6495863178117656,True
BH14,0.30000000000000004,-0.7,0.6581573921523902,0.6583349145772116,True
BH14,0.31666666666666665,-0.7,0.6668800943612456,0.6670833458134999,True
BH14,0.33333333333333326,-0.7,0.6755905227966789,0.6757803414646257,True
BH14,0.3500000000000001,-0.7,0.6842852162015984,0.684465969101276,True
BH14,0.3666666666666667,-0.7,0.6929652383295515,0.6931512734072025,True
BH14,0.3833333333333333,-0.7,0.7016288825742723,0.7018362546529956,True
BH14,0.3999999999999999,-0.7,0.7102723555349347,0.7105049758223227,True
BH14,0.41666666666666674,-0.7,0.718896445564981,0.7190954570177781,True
BH14,0.43333333333333335,-0.7,0.7274983822553838,0.727685396718454,True
BH14,0.44999999999999996,-0.7,0.7360765269329652,0.7362747956341567,True
BH14,0.46666666666666656,-0.7,0.7446292794002999,0.7448636544734692,True
BH14,0.4833333333333334,-0.7,0.7531541780256276,0.7533805112691856,True
BH14,0.5,-0.7,0.7616505433705347,0.7618383012936858,True
BH14,0.5166666666666666,-0.7,0.7701141249541961,0.7702953652950122,True
BH14,0.5333333333333332,-0.7,0.7785475008105205,0.7787517053479829,True
BH14,0.55,-0.7,0.7869444609036886,0.7872073235194847,True
BH14,0.5666666666666667,-0.7,0.7953053807763759,0.7955052074487954,True
BH14,0.5833333333333333,-0.7,0.8036279224238455,0.8038003079615443,True
BH14,0.6000000000000001,-0.7,0.8119124569918104,0.8120947052640434,True
BH14,0.6166666666666667,-0.7,0.8201577716071888,0.820388408571851,True
BH14,0.6333333333333333,-0.7,0.8283620678453376,0.8285682666690039,True
BH14,0.6499999999999999,-0.7,0.836523482805189,0.836681489417493,True
BH14,0.6666666666666667,-0.7,0.8446442482903319,0.8447948538197019,True
BH14,0.6833333333333333,-0.7,0.8527232260854591,0.8529083582518153,True
BH14,0.7,-0.7,0.8607601861587834,0.8609747823201814,True
BH14,0.7166666666666666,-0.7,0.8687573177249306,0.8689036961729538,True
BH14,0.7333333333333334,-0.7,0.8767138762281407,0.8768332508717471,True
BH14,0.75,-0.7,0.8846296032084624,0.8847634410757311,True
BH14,0.7666666666666666,-0.7,0.8925095190979284,0.892694261503977,True
BH14,0.7833333333333332,-0.7,0.9003512822013371,0.9004893401686737,True
BH14,0.8,-0.7,0.908159335376531,0.908254386757912,True
BH14,0.8166666666666667,-0.7,0.9159349338267655,0.916018751694101,True
BH14,0.8333333333333333,-0.7,0.9236798123566548,0.9237824307052991,True
BH14,0.8499999999999999,-0.7,0.9313961619591332,0.9315135524310949,True
BH14,0.8666666666666667,-0.7,0.9390866984927281,0.939158266995647,True
BH14,0.8833333333333333,-0.7,0.9467521452413614,0.9468018095565012,True
BH14,0.8999999999999999,-0.7,0.9543984057132695,0.954444177913248,True
BH14,0.9166666666666667,-0.7,0.9620265522340731,0.9620853698603904,True
BH14,0.9333333333333333,-0.7,0.9696385912443785,0.969687281244666,True
BH14,0.95,-0.7,0.977240644788613,0.9772675584791868,True
BH14,0.9666666666666666,-0.7,0.9848310629322568,0.9848464409381638,True
BH14,0.9833333333333334,-0.7,0.9924177386969217,0.9924239232458378,True
BH14,1.0,-0.7,1.0,1.0,True
BH14,-1.0,-0.6833333333333333,2.236206828930837e-17,-5.611588346666096e-17,True
BH14,-0.9833333333333333,-0.6833333333333333,0.0075438544520363806,0.007552031210978725,True
BH14,-0.9666666666666667,-0.6833333333333333,0.015091055237440063,0.015104145761827921,True
BH14,-0.95,-0.6833333333333333,0.02264451232529445,0.0226563438391124,True
BH14,-0.9333333333333333,-0.6833333333333333,0.030207975069263884,0.03020862562995545,True
BH14,-0.9166666666666666,-0.6833333333333333,0.03778409400364077,0.03776099132204039,True
BH14,-0.9,-0.6833333333333333,0.04537566904736365,0.04535371366646264,True
BH14,-0.8833333333333333,-0.6833333333333333,0.052987073770194744,0.05300171757590379,True
BH14,-0.8666666666666667,-0.6833333333333333,0.060621293229756484,0.06065005521432855,True
BH14,-0.85,-0.6833333333333333,0.06827862322744196,0.06829872588096986,True
BH14,-0.8333333333333334,-0.6833333333333333,0.07596556850311187,0.07594772887700775,True
BH14,-0.8166666666666667,-0.6833333333333333,0.08368033466978529,0.08359706350556247,True
BH14,-0.8,-0.6833333333333333,0.09142971531153676,0.09140582543576928,True
BH14,-0.7833333333333333,-0.6833333333333333,0.09921281764496456,0.09923362378959229,True
BH14,-0.7666666666666666,-0.6833333333333333,0.10703305739412641,0.10706130519422037,True
BH14,-0.75,-0.6833333333333333,0.11489387157779209,0.11488886956765774,True
BH14,-0.7333333333333334,-0.6833333333333333,0.12279303153823266,0.12271631682783243,True
BH14,-0.7166666666666667,-0.6833333333333333,0.13073461016030885,0.1306394591081136,True
BH14,-0.7,-0.6833333333333333,0.13872015239981264,0.13869646681600803,True
BH14,-0.6833333333333333,-0.6833333333333333,0.14674937628005363,0.14675329826183725,True
BH14,-0.6666666666666667,-0.6833333333333333,0.15482263219143275,0.15480995285863702,True
BH14,-0.65,-0.6833333333333333,0.16294054809120903,0.16286643001682644,True
BH14,-0.6333333333333333,-0.6833333333333333,0.17110083213240673,0.1709355671699602,True
BH14,-0.6166666666666667,-0.6833333333333333,0.1793076524338233,0.17922566973543277,True
BH14,-0.6,-0.6833333333333333,0.18755625156561323,0.18751604742576589,True
BH14,-0.5833333333333333,-0.6833333333333333,0.19584892571781692,0.19580670183032206,True
BH14,-0.5666666666666667,-0.6833333333333333,0.20418069953283502,0.20409763455087615,True
BH14,-0.55,-0.6833333333333333,0.21255225036801315,0.21238884720173817,True
BH14,-0.5333333333333333,-0.6833333333333333,0.22096219084963664,0.22082339602380563,True
BH14,-0.5166666666666666,-0.6833333333333333,0.22940860464469492,0.22930574216623795,True
BH14,-0.5,-0.6833333333333333,0.23788918172270582,0.23778853190125882,True
BH14,-0.4833333333333334,-0.6833333333333333,0.24640227932100506,0.24627176623957878,True
BH14,-0.4666666666666667,-0.6833333333333333,0.25494394817289506,0.25475544619500035,True
BH14,-0.44999999999999996,-0.6833333333333333,0.2635149109725384,0.2633662434216011,True
BH14,-0.43333333333333335,-0.6833333333333333,0.2721114551597987,0.27198674835215586,True
BH14,-0.41666666666666663,-0.6833333333333333,0.28073356647665315,0.2806075649910708,True
BH14,-0.4,-0.6833333333333333,0.2893760257987176,0.28922756323655696,True
BH14,-0.3833333333333333,-0.6833333333333333,0.29804013785959704,0.2978606126579039,True
BH14,-0.3666666666666667,-0.6833333333333333,0.30672207815751246,0.30657367672978053,True
BH14,-0.35,-0.6833333333333333,0.31542084502234025,0.31528720755741957,True
BH14,-0.33333333333333337,-0.6833333333333333,0.3241355530857949,0.3240012059998761,True
BH14,-0.31666666666666665,-0.6833333333333333,0.3328621734244778,0.3327156729183279,True
BH14,-0.30000000000000004,-0.6833333333333333,0.34160231135096586,0.3414518000461696,True
BH14,-0.2833333333333333,-0.6833333333333333,0.3503535316534636,0.3502240298455897,True
BH14,-0.2666666666666667,-0.6833333333333333,0.35911474619720246,0.3589964309763053,True
BH14,-0.25,-0.6833333333333333,0.367884338105662,0.3677690035760495,True
BH14,-0.2333333333333334,-0.6833333333333333,0.3766622187933074,0.3765417477827037,True
BH14,-0.21666666666666667,-0.6833333333333333,0.3854469126609972,0.38533631050059636,True
BH14,-0.19999999999999996,-0.6833333333333333,0.394237669423384,0.394142779820858,True
BH14,-0.18333333333333335,-0.6833333333333333,0.40303434465847,0.4029492854969205,True
BH14,-0.16666666666666663,-0.6833333333333333,0.41183548606993337,0.41175582753707957,True
BH14,-0.15000000000000002,-0.6833333333333333,0.4206411128935377,0.4205624059496332,True
BH14,-0.1333333333333333,-0.6833333333333333,0.4294501928554756,0.42938614022931865,True
BH14,-0.1166666666666667,-0.6833333333333333,0.4382626148390054,0.4382108936635929,True
BH14,-0.09999999999999998,-0.6833333333333333,0.44707778407212445,0.44703564759361475,True
BH14,-0.08333333333333337,-0.6833333333333333,0.4558948578483176,0.4558604020193935,True
BH14,-0.06666666666666665,-0.6833333333333333,0.4647140222257567,0.46468705671635413,True
BH14,-0.050000000000000044,-0.6833333333333333,0.4735344412278514,0.473519427722066,True
BH14,-0.033333333333333326,-0.6833333333333333,0.4823551888324855,0.4823517903493641,True
BH14,-0.01666666666666672,-0.6833333333333333,0.4911777200493232,0.491184144598536,True
BH14,0.0,-0.6833333333333333,0.5000002938817211,0.5000164904698695,True
BH14,0.016666666666666607,-0.6833333333333333,0.5088226269402804,0.5088484129277905,True
BH14,0.033333333333333215,-0.6833333333333333,0.5176444840415402,0.5176799881149343,True
BH14,0.050000000000000044,-0.6833333333333333,0.5264659555958073,0.5265115446397929,True
BH14,0.06666666666666665,-0.6833333333333333,0.5352864246228632,0.5353430825036197,True
BH14,0.08333333333333326,-0.6833333333333333,0.5441053156653254,0.5441746017076685,True
BH14,0.10000000000000009,-0.6833333333333333,0.5529225425527047,0.5529980448608982,True
BH14,0.1166666666666667,-0.6833333333333333,0.5617375523980818,0.5618201894258753,True
BH14,0.1333333333333333,-0.6833333333333333,0.570550093555302,0.5706422910721298,True
BH14,0.1499999999999999,-0.6833333333333333,0.5793592379664919,0.5794643498045897,True
BH14,0.16666666666666674,-0.6833333333333333,0.5881641141628959,0.5882827603806183,True
BH14,0.18333333333333335,-0.6833333333333333,0.5969657467304743,0.5970842768514849,True
BH14,0.19999999999999996,-0.6833333333333333,0.6057623701187236,0.6058856921652795,True
BH14,0.21666666666666656,-0.6833333333333333,0.6145534306186833,0.6146870063402128,True
BH14,0.2333333333333334,-0.6833333333333333,0.6233378347711644,0.6234882193944904,True
BH14,0.25,-0.6833333333333333,0.6321155019662817,0.6322711659404469,True
BH14,0.2666666666666666,-0.6833333333333333,0.6408858671221519,0.6410352828291471,True
BH14,0.2833333333333332,-0.6833333333333333,0.6496467571920485,0.6497991675761638,True
BH14,0.30000000000000004,-0.6833333333333333,0.6583979247565552,0.6585628202368006,True
BH14,0.31666666666666665,-0.6833333333333333,0.6671381457365378,0.6673262408663431,True
BH14,0.33333333333333326,-0.6833333333333333,0.6758658866086028,0.6760391678971626,True
BH14,0.3500000000000001,-0.6833333333333333,0.6845793643116855,0.6847406907185327,True
BH14,0.3666666666666667,-0.6833333333333333,0.6932787071057136,0.6934417235422237,True
BH14,0.3833333333333333,-0.6833333333333333,0.7019602601370947,0.7021422664591989,True
BH14,0.3999999999999999,-0.6833333333333333,0.7106240096178471,0.7108264479621907,True
BH14,0.41666666666666674,-0.6833333333333333,0.719266985870498,0.7194329049834831,True
BH14,0.43333333333333335,-0.6833333333333333,0.7278876004777971,0.7280388452234133,True
BH14,0.44999999999999996,-0.6833333333333333,0.7364849186920506,0.7366442309064086,True
BH14,0.46666666666666656,-0.6833333333333333,0.7450557684264845,0.745249062758281,True
BH14,0.4833333333333334,-0.6833333333333333,0.7535991953542029,0.7537808167875087,True
BH14,0.5,-0.6833333333333333,0.7621116672534568,0.762251597903465,True
BH14,0.5166666666666666,-0.6833333333333333,0.7705919995611892,0.7707216281062461,True
BH14,0.5333333333333332,-0.6833333333333333,0.779037608121111,0.7791909095427412,True
BH14,0.55,-0.6833333333333333,0.7874478854003156,0.7876594443516282,True
BH14,0.5666666666666667,-0.6833333333333333,0.7958194983359959,0.7959654289485303,True
BH14,0.5833333333333333,-0.6833333333333333,0.8041534061022994,0.8042679067817422,True
BH14,0.6000000000000001,-0.6833333333333333,0.8124434005344576,0.8125696135836982,True
BH14,0.6166666666666667,-0.6833333333333333,0.8206939200340959,0.8208705595673134,True
BH14,0.6333333333333333,-0.6833333333333333,0.8288988147013462,0.8290495478100818,True
BH14,0.6499999999999999,-0.6833333333333333,0.8370603042375846,0.8371609427920289,True
BH14,0.6666666666666667,-0.6833333333333333,0.8451784553327614,0.8452724939201315,True
BH14,0.6833333333333333,-0.6833333333333333,0.8532513020535006,0.8533841993897688,True
BH14,0.7,-0.6833333333333333,0.8612778172120494,0.8614411608651474,True
BH14,0.7166666666666666,-0.6833333333333333,0.8692648540398289,0.8693573892030648,True
BH14,0.7333333333333334,-0.6833333333333333,0.8772056416212437,0.8772743300902281,True
BH14,0.75,-0.6833333333333333,0.8851066889934633,0.8851919775644994,True
BH14,0.7666666666666666,-0.6833333333333333,0.8929655515714535,0.8931103257309594,True
BH14,0.7833333333333332,-0.6833333333333333,0.9007863490479485,0.9008785924979703,True
BH14,0.8,-0.6833333333333333,0.9085702786272313,0.9086202647618474,True
BH14,0.8166666666666667,-0.6833333333333333,0.9163192299300175,0.9163611594254766,True
BH14,0.8333333333333333,-0.6833333333333333,0.9240354171776869,0.9241012716415663,True
BH14,0.8499999999999999,-0.6833333333333333,0.9317219380856747,0.9318040635605993,True
BH14,0.8666666666666667,-0.6833333333333333,0.9393799614609959,0.9394183221702225,True
BH14,0.8833333333333333,-0.6833333333333333,0.9470118772611651,0.947031373579333,True
BH14,0.8999999999999999,-0.6833333333333333,0.9546230855832971,0.9546432155380338,True
BH14,0.9166666666666667,-0.6833333333333333,0.9622153609577341,0.9622538457912838,True
BH14,0.9333333333333333,-0.6833333333333333,0.9697918702301391,0.9698224620968096,True
BH14,0.95,-0.6833333333333333,0.9773548902501888,0.9773690679423699,True
BH14,0.9666666666666666,-0.6833333333333333,0.9849088527089642,0.9849141966445647,True
BH14,0.9833333333333334,-0.6833333333333333,0.9924560707902591,0.992457842555548,True
BH14,1.0,-0.6833333333333333,0.9999999999999999,0.9999999999999999,True
BH14,-1.0,-0.6666666666666667,-4.965258871084688e-17,-5.120276899529319e-17,True
BH14,-0.9833333333333333,-0.6666666666666667,0.007501926154584404,0.007507893503146554,True
BH14,-0.9666666666666667,-0.6666666666666667,0.015007717863964442,0.015015939754421885,True
BH14,-0.95,-0.6666666666666667,0.022520555301417892,0.02252413840879221,True
BH14,-0.9333333333333333,-0.6666666666666667,0.030041876149789003,0.030032489122258803,True
BH14,-0.9166666666666666,-0.6666666666666667,0.037578365909683616,0.0375409915518548,True
BH14,-0.9,-0.6666666666666667,0.045131761335646864,0.045091935435267946,True
BH14,-0.8833333333333333,-0.6666666666666667,0.05270510924698457,0.05270279587866374,True
BH14,-0.8666666666666667,-0.6666666666666667,0.060302852991050954,0.06031424953084073,True
BH14,-0.85,-0.6666666666666667,0.06792626677769428,0.06792629418539635,True
BH14,-0.8333333333333334,-0.6666666666666667,0.07557942137029564,0.0755389276467614,True
BH14,-0.8166666666666667,-0.6666666666666667,0.08326254518432159,0.08315214773013416,True
BH14,-0.8,-0.6666666666666667,0.09098425491308697,0.0909325697551985,True
BH14,-0.7833333333333333,-0.6666666666666667,0.09874155345953994,0.09873586804663512,True
BH14,-0.7666666666666666,-0.6666666666666667,0.10653859015529744,0.10653899264894523,True
BH14,-0.75,-0.6666666666666667,0.11437738334408228,0.11434194359168283,True
BH14,-0.7333333333333334,-0.6666666666666667,0.12225687621182306,0.12214472090439504,True
BH14,-0.7166666666666667,-0.6666666666666667,0.13018605717622383,0.13004511197779833,True
BH14,-0.7,-0.6666666666666667,0.13815626408319107,0.13809289960420856,True
BH14,-0.6833333333333333,-0.6666666666666667,0.1461768752201329,0.14614049134814316,True
BH14,-0.6666666666666667,-0.6666666666666667,0.1542450551185615,0.15418788620903662,True
BH14,-0.65,-0.6666666666666667,0.1623595132348647,0.16223508317947022,True
BH14,-0.6333333333333333,-0.6666666666666667,0.17051979818604973,0.1702914530766439,True
BH14,-0.6166666666666667,-0.6666666666666667,0.17872882507022742,0.178587606650206,True
BH14,-0.6,-0.6666666666666667,0.18698400697321882,0.1868844444363687,True
BH14,-0.5833333333333333,-0.6666666666666667,0.1952826958078015,0.1951819732580941,True
BH14,-0.5666666666666667,-0.6666666666666667,0.20362597316004993,0.20348020003076076,True
BH14,-0.55,-0.6666666666666667,0.21201049386321613,0.21177913176375734,True
BH14,-0.5333333333333333,-0.6666666666666667,0.22043314129650113,0.22022810179769545,True
BH14,-0.5166666666666666,-0.6666666666666667,0.22889685461260867,0.22872966965195476,True
BH14,-0.5,-0.6666666666666667,0.23739615258503524,0.23723205368674447,True
BH14,-0.4833333333333334,-0.6666666666666667,0.24592713983114234,0.24573525584649442,True
BH14,-0.4666666666666667,-0.6666666666666667,0.25448943699962856,0.254239278081917,True
BH14,-0.44999999999999996,-0.6666666666666667,0.2630801509409997,0.2628724863469026,True
BH14,-0.43333333333333335,-0.6666666666666667,0.27169874076103473,0.27151670083136475,True
BH14,-0.41666666666666663,-0.6666666666666667,0.280340122230716,0.28016176356552913,True
BH14,-0.4,-0.6666666666666667,0.2890048411501144,0.2888076771968051,True
BH14,-0.3833333333333333,-0.6666666666666667,0.29768954565338757,0.29746608653057455,True
BH14,-0.3666666666666667,-0.6666666666666667,0.3063919792565323,0.30620265897296917,True
BH14,-0.35,-0.6666666666666667,0.3151114150231545,0.3149397272032968,True
BH14,-0.33333333333333337,-0.6666666666666667,0.32384402989391836,0.3236772921351187,True
BH14,-0.31666666666666665,-0.6666666666666667,0.3325920803124947,0.3324153546842572,True
BH14,-0.30000000000000004,-0.6666666666666667,0.34135097753908633,0.3411735620457424,True
BH14,-0.2833333333333333,-0.6666666666666667,0.3501202299167819,0.3499654496722352,True
BH14,-0.2666666666666667,-0.6666666666666667,0.3588992855697918,0.3587575191972547,True
BH14,-0.25,-0.6666666666666667,0.36768534572113076,0.3675497707671085,True
BH14,-0.2333333333333334,-0.6666666666666667,0.3764801765628811,0.3763422045282612,True
BH14,-0.21666666666666667,-0.6666666666666667,0.38528055974995196,0.3851541382537247,True
BH14,-0.19999999999999996,-0.6666666666666667,0.39408676360508954,0.39397672439412534,True
BH14,-0.18333333333333335,-0.6666666666666667,0.4028980706092993,0.402799349343225,True
BH14,-0.16666666666666663,-0.6666666666666667,0.41171336385168006,0.41162201310988,True
BH14,-0.15000000000000002,-0.6666666666666667,0.4205323630235256,0.42044471570294883,True
BH14,-0.1333333333333333,-0.6666666666666667,0.42935456657018983,0.42928222713347997,True
BH14,-0.1166666666666667,-0.6666666666666667,0.4381800034402119,0.43812062144555397,True
BH14,-0.09999999999999998,-0.6666666666666667,0.4470074905979571,0.4469590164249442,True
BH14,-0.08333333333333337,-0.6666666666666667,0.4558368419651153,0.45579741207166313,True
BH14,-0.06666666666666665,-0.6666666666666667,0.46466763920971965,0.4646374098774488,True
BH14,-0.050000000000000044,-0.6666666666666667,0.4734994579819701,0.473482230641238,True
BH14,-0.033333333333333326,-0.6666666666666667,0.48233251765169893,0.482327042741739,True
BH14,-0.01666666666666672,-0.6666666666666667,0.49116596556961617,0.49117184617924886,True
BH14,0.0,-0.6666666666666667,0.5000001485887671,0.5000166409540652,True
BH14,0.016666666666666607,-0.6666666666666667,0.5088339586071778,0.5088610860064104,True
BH14,0.033333333333333215,-0.6666666666666667,0.5176678507073655,0.517705241988286,True
BH14,0.050000000000000044,-0.6666666666666667,0.52650031057811,0.5265493787448781,True
BH14,0.06666666666666665,-0.6666666666666667,0.535332537283657,0.5353934962774773,True
BH14,0.08333333333333326,-0.6666666666666667,0.5441632851220479,0.5442375945873756,True
BH14,0.10000000000000009,-0.6666666666666667,0.5529931492692998,0.5530748778746696,True
BH14,0.1166666666666667,-0.6666666666666667,0.561820247480264,0.5619110551415784,True
BH14,0.1333333333333333,-0.6666666666666667,0.5706455369686104,0.5707471884175284,True
BH14,0.1499999999999999,-0.6666666666666667,0.579467764271876,0.57958327770757,True
BH14,0.16666666666666674,-0.6666666666666667,0.588286891845486,0.588416208371969,True
BH14,0.18333333333333335,-0.6666666666666667,0.5971023787184915,0.5972344742642435,True
BH14,0.19999999999999996,-0.6666666666666667,0.6059134924924656,0.6060526369993456,True
BH14,0.21666666666666656,-0.6666666666666667,0.6147200344409391,0.6148706965958403,True
BH14,0.2333333333333334,-0.6666666666666667,0.6235209713562508,0.6236886530722877,True
BH14,0.25,-0.6666666666666667,0.6323144986895303,0.6324901927244908,True
BH14,0.2666666666666666,-0.6666666666666667,0.6411012916345444,0.641274730165102,True
BH14,0.2833333333333332,-0.6666666666666667,0.6498805324264777,0.6500590322695974,True
BH14,0.30000000000000004,-0.6666666666666667,0.6586494902693085,0.6588430990940068,True
BH14,0.31666666666666665,-0.6666666666666667,0.6674083252300579,0.6676269306943423,True
BH14,0.33333333333333326,-0.6666666666666667,0.6761550106694443,0.6763634031961345,True
BH14,0.3500000000000001,-0.6666666666666667,0.6848888526661617,0.6850890125809286,True
BH14,0.3666666666666667,-0.6666666666666667,0.6936083088768421,0.6938141292012894,True
BH14,0.3833333333333333,-0.6666666666666667,0.7023109582238125,0.7025387531485698,True
BH14,0.3999999999999999,-0.6666666666666667,0.71099545706656,0.7112476549519756,True
BH14,0.41666666666666674,-0.6666666666666667,0.7196600906217452,0.7198779425604164,True
BH14,0.43333333333333335,-0.6666666666666667,0.7283015972871938,0.7285073442458159,True
BH14,0.44999999999999996,-0.6666666666666667,0.7369195353912738,0.7371358596884453,True
BH14,0.46666666666666656,-0.6666666666666667,0.7455105926467676,0.7457634885684046,True
BH14,0.4833333333333334,-0.6666666666666667,0.7540728662233098,0.754316006356726,True
BH14,0.5,-0.6666666666666667,0.7626055810699144,0.7628036597350347,True
BH14,0.5166666666666666,-0.6666666666666667,0.771102841525783,0.7712900513342362,True
BH14,0.5333333333333332,-0.6666666666666667,0.7795639730539967,0.7797751776327759,True
BH14,0.55,-0.6666666666666667,0.7879898920635462,0.7882590350951617,True
BH14,0.5666666666666667,-0.6666666666666667,0.7963739916100682,0.7965709731725964,True
BH14,0.5833333333333333,-0.6666666666666667,0.8047183728528466,0.8048755103185447,True
BH14,0.6000000000000001,-0.6666666666666667,0.813016373923443,0.8131782814731001,True
BH14,0.6166666666666667,-0.6666666666666667,0.8212706704859493,0.8214793293746474,True
BH14,0.6333333333333333,-0.6666666666666667,0.8294796248326666,0.8296486569128789,True
BH14,0.6499999999999999,-0.6666666666666667,0.837641532179181,0.837749884482766,True
BH14,0.6666666666666667,-0.6666666666666667,0.8457567161505088,0.8458509690938019,True
BH14,0.6833333333333333,-0.6666666666666667,0.8538226606512072,0.8539519131477562,True
BH14,0.7,-0.6666666666666667,0.8618428057152707,0.8619888750913407,True
BH14,0.7166666666666666,-0.6666666666666667,0.8698127719529865,0.8698841672758117,True
BH14,0.7333333333333334,-0.6666666666666667,0.8777420802707394,0.877780475762294,True
BH14,0.75,-0.6666666666666667,0.8856221098401691,0.8856777960841052,True
BH14,0.7666666666666666,-0.6666666666666667,0.8934630649039745,0.8935761238009438,True
BH14,0.7833333333333332,-0.6666666666666667,0.901260202803831,0.9013164936014844,True
BH14,0.8,-0.6666666666666667,0.9090168674263928,0.9090353711389115,True
BH14,0.8166666666666667,-0.6666666666666667,0.9167358499560716,0.9167529982911804,True
BH14,0.8333333333333333,-0.6666666666666667,0.9244216400845955,0.9244693807865526,True
BH14,0.8499999999999999,-0.6666666666666667,0.9320760019874885,0.9321422368943263,True
BH14,0.8666666666666667,-0.6666666666666667,0.9396975577560869,0.9397237632192167,True
BH14,0.8833333333333333,-0.6666666666666667,0.9472940849273336,0.9473034251841042,True
BH14,0.8999999999999999,-0.6666666666666667,0.954866917057947,0.9548812264712386,True
BH14,0.9166666666666667,-0.6666666666666667,0.9624210511202052,0.9624571707522991,True
BH14,0.9333333333333333,-0.6666666666666667,0.9699573358904207,0.9699868349051264,True
BH14,0.95,-0.6666666666666667,0.9774799582952922,0.9774933404954268,True
BH14,0.9666666666666666,-0.6666666666666667,0.9849927871845163,0.984997686186342,True
BH14,0.9833333333333334,-0.6666666666666667,0.992498020902429,0.9924998976132338,True
BH14,1.0,-0.6666666666666667,1.0,1.0000000000000002,True
BH14,-1.0,-0.65,-5.891204349470681e-17,2.0838216411250695e-17,True
BH14,-0.9833333333333333,-0.65,0.007456980365717181,0.00745870496174077,True
BH14,-0.9666666666666667,-0.65,0.014917692082419644,0.014917636382500541,True
BH14,-0.95,-0.65,0.022384390440731733,0.022376793752871455,True
BH14,-0.9333333333333333,-0.65,0.02986361037259264,0.029836176564965653,True
BH14,-0.9166666666666666,-0.65,0.03735710199112928,0.0372957843124099,True
BH14,-0.9,-0.65,0.04486727710335621,0.04479973515157655,True
BH14,-0.8833333333333333,-0.65,0.05239983293372073,0.05236828046789742,True
BH14,-0.8666666666666667,-0.65,0.059957701989727795,0.05993752281938685,True
BH14,-0.85,-0.65,0.0675441518418064,0.06750745962542118,True
BH14,-0.8333333333333334,-0.65,0.07516032614725766,0.07507808831796939,True
BH14,-0.8166666666666667,-0.65,0.08281267038076862,0.08264940634151655,True
BH14,-0.8,-0.65,0.09050057996712516,0.09039783904443915,True
BH14,-0.7833333333333333,-0.65,0.09822864217001323,0.09817430073540495,True
BH14,-0.7666666666666666,-0.65,0.10600018851478187,0.10595059194673415,True
BH14,-0.75,-0.65,0.11381558558647661,0.11372671270735225,True
BH14,-0.7333333333333334,-0.65,0.12167839674441898,0.12150266304617811,True
BH14,-0.7166666666666667,-0.65,0.12958716765561362,0.12937884876299038,True
BH14,-0.7,-0.65,0.1375483079508172,0.1374208414849587,True
BH14,-0.6833333333333333,-0.65,0.14555713052092317,0.1454626185377636,True
BH14,-0.6666666666666667,-0.65,0.1536187798989903,0.15350417881847872,True
BH14,-0.65,-0.65,0.16172955444044934,0.16154552121661114,True
BH14,-0.6333333333333333,-0.65,0.16989225321048587,0.16959150881362067,True
BH14,-0.6166666666666667,-0.65,0.17810446873039126,0.17790062589146277,True
BH14,-0.6,-0.65,0.1863650822241049,0.18621051467012376,True
BH14,-0.5833333333333333,-0.65,0.19467504224342352,0.19452118288881953,True
BH14,-0.5666666666666667,-0.65,0.20302955809404652,0.20283263839237897,True
BH14,-0.55,-0.65,0.21142958460506575,0.21114488913308224,True
BH14,-0.5333333333333333,-0.65,0.21987032488301828,0.21961255474377173,True
BH14,-0.5166666666666666,-0.65,0.2283513441459033,0.228137317550001,True
BH14,-0.5,-0.65,0.2368668852583044,0.23666293400298724,True
BH14,-0.4833333333333334,-0.65,0.24542101892068852,0.24518940614090998,True
BH14,-0.4666666666666667,-0.65,0.2540050299126042,0.2537167360085529,True
BH14,-0.44999999999999996,-0.65,0.2626190628923959,0.2623747507577596,True
BH14,-0.43333333333333335,-0.65,0.27126049157666754,0.2710447993287126,True
BH14,-0.41666666666666663,-0.65,0.27992525059893336,0.2797157503500356,True
BH14,-0.4,-0.65,0.2886129128172518,0.2883876066427742,True
BH14,-0.3833333333333333,-0.65,0.29732094374403545,0.2970714176074748,True
BH14,-0.3666666666666667,-0.65,0.30604537398301007,0.30583151675353926,True
BH14,-0.35,-0.65,0.3147868581621831,0.31459214078758885,True
BH14,-0.33333333333333337,-0.65,0.32354199514976734,0.32335329067794366,True
BH14,-0.31666666666666665,-0.65,0.33230977661807637,0.3321149673953241,True
BH14,-0.30000000000000004,-0.65,0.3410892496932388,0.3408952789926804,True
BH14,-0.2833333333333333,-0.65,0.3498779688249759,0.3497068315418473,True
BH14,-0.2666666666666667,-0.65,0.3586755681299645,0.35851857656820585,True
BH14,-0.25,-0.65,0.3674802923813294,0.3673305142266564,True
BH14,-0.2333333333333334,-0.65,0.3762916323901456,0.37614264467226594,True
BH14,-0.21666666666666667,-0.65,0.385108232100396,0.3849719552340982,True
BH14,-0.19999999999999996,-0.65,0.3939302210750583,0.3938106593388621,True
BH14,-0.18333333333333335,-0.65,0.40275720635686274,0.4026494047057459,True
BH14,-0.16666666666666663,-0.65,0.41158711652266355,0.4114881913441666,True
BH14,-0.15000000000000002,-0.65,0.42042054999970896,0.4203270192635437,True
BH14,-0.1333333333333333,-0.65,0.42925653587946505,0.42917830881756114,True
BH14,-0.1166666666666667,-0.65,0.43809457322182277,0.43803034396884305,True
BH14,-0.09999999999999998,-0.65,0.446935054842289,0.4468823799590083,True
BH14,-0.08333333333333337,-0.65,0.4557771929128564,0.4557344167880725,True
BH14,-0.06666666666666665,-0.65,0.4646202442005145,0.46458775806989633,True
BH14,-0.050000000000000044,-0.65,0.47346443438512825,0.4734450283009918,True
BH14,-0.033333333333333326,-0.65,0.4823092627218609,0.4823022895839442,True
BH14,-0.01666666666666672,-0.65,0.49115416757800134,0.4911595419190608,True
BH14,0.0,-0.65,0.5000005498950336,0.5000167853066491,True
BH14,0.016666666666666607,-0.65,0.5088459321321295,0.5088737524371744,True
BH14,0.033333333333333215,-0.65,0.5176908600111778,0.5177304886375147,True
BH14,0.050000000000000044,-0.65,0.5265356866364821,0.5265872050496505,True
BH14,0.06666666666666665,-0.65,0.5353800031347835,0.5354439016749103,True
BH14,0.08333333333333326,-0.65,0.5442231193232523,0.5443005785146235,True
BH14,0.10000000000000009,-0.65,0.5530650144330016,0.553151699702862,True
BH14,0.1166666666666667,-0.65,0.5619054474338202,0.5620019083876124,True
BH14,0.1333333333333333,-0.65,0.5707436750927273,0.5708520720094628,True
BH14,0.1499999999999999,-0.65,0.5795795698246661,0.5797021905735864,True
BH14,0.16666666666666674,-0.65,0.5884123681006657,0.5885496365781981,True
BH14,0.18333333333333335,-0.65,0.5972434415537181,0.5973846486564882,True
BH14,0.19999999999999996,-0.65,0.6060700471881212,0.6062195555786698,True
BH14,0.21666666666666656,-0.65,0.6148915215134343,0.6150543573636624,True
BH14,0.2333333333333334,-0.65,0.6237091207617644,0.6238890540303805,True
BH14,0.25,-0.65,0.6325205309704622,0.6327091734642709,True
BH14,0.2666666666666666,-0.65,0.6413253484712624,0.6415141230711986,True
BH14,0.2833333333333332,-0.65,0.6501225519233964,0.6503188341515735,True
BH14,0.30000000000000004,-0.65,0.6589113434484231,0.6591233067621494,True
BH14,0.31666666666666665,-0.65,0.6676901975554551,0.6679275409596621,True
BH14,0.33333333333333326,-0.65,0.6764584070389257,0.6766875257710201,True
BH14,0.3500000000000001,-0.65,0.6852126083518406,0.6854372009199277,True
BH14,0.3666666666666667,-0.65,0.6939542373340049,0.6941863805453625,True
BH14,0.3833333333333333,-0.65,0.7026798157909031,0.7029350647390644,True
BH14,0.3999999999999999,-0.65,0.7113874078705967,0.7116686489175659,True
BH14,0.41666666666666674,-0.65,0.7200740058213647,0.7203245802777082,True
BH14,0.43333333333333335,-0.65,0.7287396681355998,0.7289796326942481,True
BH14,0.44999999999999996,-0.65,0.7373811614053752,0.7376338058507793,True
BH14,0.46666666666666656,-0.65,0.7459945925923113,0.7462870994307258,True
BH14,0.4833333333333334,-0.65,0.7545793890175598,0.7548645961121478,True
BH14,0.5,-0.65,0.7631327684226376,0.7633744933958975,True
BH14,0.5166666666666666,-0.65,0.7716500000064012,0.771883172839272,True
BH14,0.5333333333333332,-0.65,0.7801291662574031,0.7803906310646735,True
BH14,0.55,-0.65,0.788571260011149,0.7888968646812401,True
BH14,0.5666666666666667,-0.65,0.7969685187996789,0.7972278931060195,True
BH14,0.5833333333333333,-0.65,0.8053253044194499,0.8055476887631147,True
BH14,0.6000000000000001,-0.65,0.8136344532685873,0.813865450961878,True
BH14,0.6166666666666667,-0.65,0.8218963376418332,0.8221812301034382,True
BH14,0.6333333333333333,-0.65,0.8301085060374065,0.8303527377215003,True
BH14,0.6499999999999999,-0.65,0.8382698382254852,0.8384554898339827,True
BH14,0.6666666666666667,-0.65,0.8463813874763756,0.8465580809993,True
BH14,0.6833333333333333,-0.65,0.8544424253072735,0.8546605139579945,True
BH14,0.7,-0.65,0.8624514490977339,0.8626846690485768,True
BH14,0.7166666666666666,-0.65,0.870410675749903,0.870563264455954,True
BH14,0.7333333333333334,-0.65,0.8783213040011847,0.8784429256089068,True
BH14,0.75,-0.65,0.8861844729666914,0.8863236478173488,True
BH14,0.7666666666666666,-0.65,0.8939999324971997,0.8942054264189426,True
BH14,0.7833333333333332,-0.65,0.901771628649368,0.9019046581856781,True
BH14,0.8,-0.65,0.9094981996032052,0.9095883557022516,True
BH14,0.8166666666666667,-0.65,0.9171878706652989,0.9172709123734275,True
BH14,0.8333333333333333,-0.65,0.9248386340647441,0.9249523333977139,True
BH14,0.8499999999999999,-0.65,0.9324560349089785,0.9325820150113662,True
BH14,0.8666666666666667,-0.65,0.9400428141112386,0.9401172554690495,True
BH14,0.8833333333333333,-0.65,0.9476004856724649,0.9476506983864368,True
BH14,0.8999999999999999,-0.65,0.955133190858341,0.9551823472809181,True
BH14,0.9166666666666667,-0.65,0.9626445464773306,0.9627122056598965,True
BH14,0.9333333333333333,-0.65,0.9701368700591728,0.9701906339781787,True
BH14,0.95,-0.65,0.9776149036512907,0.9776455729659721,True
BH14,0.9666666666666666,-0.65,0.9850824860663282,0.9850987666900903,True
BH14,0.9833333333333334,-0.65,0.9925430631424184,0.9925502356448167,True
BH14,1.0,-0.65,1.0,1.0,True
BH14,-1.0,-0.6333333333333333,-6.739817753101736e-18,0.0,True
BH14,-0.9833333333333333,-0.6333333333333333,0.007407749312291264,0.0074096527766904455,True
BH14,-0.9666666666666667,-0.6333333333333333,0.014819320550273551,0.014819605109834325,True
BH14,-0.95,-0.6333333333333333,0.022238056594182192,0.02222985632839586,True
BH14,-0.9333333333333333,-0.6333333333333333,0.029669779584346623,0.029640405763330227,True
BH14,-0.9166666666666666,-0.6333333333333333,0.03711665712981841,0.0370512527475771,True
BH14,-0.9,-0.6333333333333333,0.04458121548757521,0.044508242995754635,True
BH14,-0.8833333333333333,-0.6333333333333333,0.05206947344652735,0.05203460146743878,True
BH14,-0.8666666666666667,-0.6333333333333333,0.05958434646830803,0.05956175984418455,True
BH14,-0.85,-0.6333333333333333,0.06712933756080376,0.0670897151781654,True
BH14,-0.8333333333333334,-0.6333333333333333,0.07470710458933681,0.07461846453584906,True
BH14,-0.8166666666666667,-0.6333333333333333,0.08232200327706203,0.08214800499791222,True
BH14,-0.8,-0.6333333333333333,0.08997734691543702,0.0898640250631267,True
BH14,-0.7833333333333333,-0.6333333333333333,0.09767594131411375,0.09761370285656307,True
BH14,-0.7666666666666666,-0.6333333333333333,0.10541919406971417,0.10536321336195276,True
BH14,-0.75,-0.6333333333333333,0.11320933564897864,0.113112556607599,True
BH14,-0.7333333333333334,-0.6333333333333333,0.12104972370242154,0.1208617326217988,True
BH14,-0.7166666666666667,-0.6333333333333333,0.12894277212255592,0.12871283444099246,True
BH14,-0.7,-0.6333333333333333,0.1368878982279607,0.1367490284448211,True
BH14,-0.6833333333333333,-0.6333333333333333,0.14488690998293802,0.14478498694949826,True
BH14,-0.6666666666666667,-0.6333333333333333,0.15294156154492228,0.15282070874927628,True
BH14,-0.65,-0.6333333333333333,0.1610516776207392,0.16085619263012269,True
BH14,-0.6333333333333333,-0.6333333333333333,0.16921237790567384,0.1688914373696479,True
BH14,-0.6166666666666667,-0.6333333333333333,0.1774301189023287,0.1772131878849076,True
BH14,-0.6,-0.6333333333333333,0.1856983415520081,0.18553617512105086,True
BH14,-0.5833333333333333,-0.6333333333333333,0.19402015049990656,0.19386003118687023,True
BH14,-0.5666666666666667,-0.6333333333333333,0.20238924550751133,0.2021847648770832,True
BH14,-0.55,-0.6333333333333333,0.21080463030249968,0.2105103851077771,True
BH14,-0.5333333333333333,-0.6333333333333333,0.21926567825953205,0.21899660466635737,True
BH14,-0.5166666666666666,-0.6333333333333333,0.22776635553600083,0.22754459635765006,True
BH14,-0.5,-0.6333333333333333,0.23630664984141783,0.23609347932544347,True
BH14,-0.4833333333333334,-0.6333333333333333,0.2448836167324603,0.24464325570246367,True
BH14,-0.4666666666666667,-0.6333333333333333,0.2534931105007422,0.2531939276283669,True
BH14,-0.44999999999999996,-0.6333333333333333,0.2621309407664472,0.2618767489191616,True
BH14,-0.43333333333333335,-0.6333333333333333,0.27079784939383444,0.27057265855290985,True
BH14,-0.41666666666666663,-0.6333333333333333,0.2794877402540378,0.2792695250080526,True
BH14,-0.4,-0.6333333333333333,0.288201428679792,0.2879673512803513,True
BH14,-0.3833333333333333,-0.6333333333333333,0.29693464108803536,0.2966766057209066,True
BH14,-0.3666666666666667,-0.6333333333333333,0.30568374544044513,0.30546024992505383,True
BH14,-0.35,-0.6333333333333333,0.3144488627356436,0.3142444481852791,True
BH14,-0.33333333333333337,-0.6333333333333333,0.3232269957818313,0.32302920152491416,True
BH14,-0.31666666666666665,-0.6333333333333333,0.3320167665139703,0.3318145109698319,True
BH14,-0.30000000000000004,-0.6333333333333333,0.34081786790810253,0.340616950862558,True
BH14,-0.2833333333333333,-0.6333333333333333,0.349626738019601,0.3494481754338306,True
BH14,-0.2666666666666667,-0.6333333333333333,0.3584439349487828,0.35827960307240614,True
BH14,-0.25,-0.6333333333333333,0.3672675775446099,0.3671112339417961,True
BH14,-0.2333333333333334,-0.6333333333333333,0.376097032855869,0.37594306820568807,True
BH14,-0.21666666666666667,-0.6333333333333333,0.3849312950914813,0.38478976144056865,True
BH14,-0.19999999999999996,-0.6333333333333333,0.39376992325844395,0.39364458465404206,True
BH14,-0.18333333333333335,-0.6333333333333333,0.40261256729365863,0.4024994515835788,True
BH14,-0.16666666666666663,-0.6333333333333333,0.4114579884426806,0.41135436223915683,True
BH14,-0.15000000000000002,-0.6333333333333333,0.4203058512729875,0.4202093166307571,True
BH14,-0.1333333333333333,-0.6333333333333333,0.42915573842016386,0.42907438528158437,True
BH14,-0.1166666666666667,-0.6333333333333333,0.4380078002359964,0.4379400612334825,True
BH14,-0.09999999999999998,-0.6333333333333333,0.44686098678805164,0.44680573819582947,True
BH14,-0.08333333333333337,-0.6333333333333333,0.4557163384368993,0.45567141616864454,True
BH14,-0.06666666666666665,-0.6333333333333333,0.4645716644885414,0.46453810129387096,True
BH14,-0.050000000000000044,-0.6333333333333333,0.4734285695994308,0.47340782070151155,True
BH14,-0.033333333333333326,-0.6333333333333333,0.48228550360993566,0.48227753087617453,True
BH14,-0.01666666666666672,-0.6333333333333333,0.49114276131769224,0.4911472318181767,True
BH14,0.0,-0.6333333333333333,0.500000345506369,0.5000169235278353,True
BH14,0.016666666666666607,-0.6333333333333333,0.5088575734199084,0.5088864122205388,True
BH14,0.033333333333333215,-0.6333333333333333,0.5177149391137199,0.5177557280631168,True
BH14,0.050000000000000044,-0.6333333333333333,0.5265719446610744,0.5266250235546464,True
BH14,0.06666666666666665,-0.6333333333333333,0.5354286090795355,0.5354942986964943,True
BH14,0.08333333333333326,-0.6333333333333333,0.5442843198308489,0.5443635534900274,True
BH14,0.10000000000000009,-0.6333333333333333,0.5531385626800076,0.5532285103470114,True
BH14,0.1166666666666667,-0.6333333333333333,0.5619923281457349,0.5620927491656897,True
BH14,0.1333333333333333,-0.6333333333333333,0.5708443717265588,0.5709569418498215,True
BH14,0.1499999999999999,-0.6333333333333333,0.5796945485140851,0.5798210884047025,True
BH14,0.16666666666666674,-0.6333333333333333,0.5885426002027563,0.5886830450050413,True
BH14,0.18333333333333335,-0.6333333333333333,0.5973878899088703,0.5975348000348903,True
BH14,0.19999999999999996,-0.6333333333333333,0.606230167507181,0.6063864479108595,True
BH14,0.21666666666666656,-0.6333333333333333,0.6150694098437718,0.6152379886522219,True
BH14,0.2333333333333334,-0.6333333333333333,0.6239029402752743,0.6240894222782459,True
BH14,0.25,-0.6333333333333333,0.6327330231148918,0.6329281081881599,True
BH14,0.2666666666666666,-0.6333333333333333,0.641556648612418,0.6417534615809695,True
BH14,0.2833333333333332,-0.6333333333333333,0.6503735947583406,0.6505785732607786,True
BH14,0.30000000000000004,-0.6333333333333333,0.6591831377331745,0.6594034432850637,True
BH14,0.31666666666666665,-0.6333333333333333,0.6679827221128698,0.6682280717112827,True
BH14,0.33333333333333326,-0.6333333333333333,0.6767727090248203,0.6770115357678337,True
BH14,0.3500000000000001,-0.6333333333333333,0.6855524458871405,0.6857852559084526,True
BH14,0.3666666666666667,-0.6333333333333333,0.6943164385242815,0.6945584777742538,True
BH14,0.3833333333333333,-0.6333333333333333,0.7030666405774085,0.7033312014573613,True
BH14,0.3999999999999999,-0.6333333333333333,0.7117988835290268,0.7120894304504994,True
BH14,0.41666666666666674,-0.6333333333333333,0.720512146274227,0.7207709580536051,True
BH14,0.43333333333333335,-0.6333333333333333,0.7292028449171017,0.7294516136583565,True
BH14,0.44999999999999996,-0.6333333333333333,0.7378695819927535,0.7381313969516419,True
BH14,0.46666666666666656,-0.6333333333333333,0.7465076680105784,0.7468103076201824,True
BH14,0.4833333333333334,-0.6333333333333333,0.7551178418380033,0.7554127672775913,True
BH14,0.5,-0.6333333333333333,0.7636931318284674,0.7639448108339869,True
BH14,0.5166666666666666,-0.6333333333333333,0.7722338217152951,0.7724756799490616,True
BH14,0.5333333333333332,-0.6333333333333333,0.7807348619612837,0.781005371385999,True
BH14,0.55,-0.6333333333333333,0.7891948270547375,0.7895338818953702,True
BH14,0.5666666666666667,-0.6333333333333333,0.797613372873035,0.7978845026381269,True
BH14,0.5833333333333333,-0.6333333333333333,0.8059796396449052,0.8062198244840759,True
BH14,0.6000000000000001,-0.6333333333333333,0.8143018283742212,0.8145528322464843,True
BH14,0.6166666666666667,-0.6333333333333333,0.8225698117816166,0.8228835846734451,True
BH14,0.6333333333333333,-0.6333333333333333,0.8307867694424862,0.8310568843169059,True
BH14,0.6499999999999999,-0.6333333333333333,0.8389497325607439,0.8391611747419514,True
BH14,0.6666666666666667,-0.6333333333333333,0.8470585857768776,0.8472652857508349,True
BH14,0.6833333333333333,-0.6333333333333333,0.8551131144247552,0.8553692204399344,True
BH14,0.7,-0.6333333333333333,0.8631105232936135,0.8633791683086973,True
BH14,0.7166666666666666,-0.6333333333333333,0.8710585379805031,0.8712410554347896,True
BH14,0.7333333333333334,-0.6333333333333333,0.8789485456449869,0.8791040578676877,True
BH14,0.75,-0.6333333333333333,0.8867909152506428,0.8869681706928105,True
BH14,0.7666666666666666,-0.6333333333333333,0.894581894700538,0.8948333890247029,True
BH14,0.7833333333333332,-0.6333333333333333,0.9023256221926167,0.9024900925648782,True
BH14,0.8,-0.6333333333333333,0.9100229896644975,0.9101387444461754,True
BH14,0.8166666666666667,-0.6333333333333333,0.9176778496631626,0.9177863638335432,True
BH14,0.8333333333333333,-0.6333333333333333,0.9252921980509494,0.9254329554066428,True
BH14,0.8499999999999999,-0.6333333333333333,0.9328700419857849,0.9330189198684544,True
BH14,0.8666666666666667,-0.6333333333333333,0.9404135969856816,0.9405081840860109,True
BH14,0.8833333333333333,-0.6333333333333333,0.9479304768391441,0.9479957163772366,True
BH14,0.8999999999999999,-0.6333333333333333,0.9554180217570901,0.9554815200997889,True
BH14,0.9166666666666667,-0.6333333333333333,0.9628844434897341,0.962965598601897,True
BH14,0.9333333333333333,-0.6333333333333333,0.9703312158547066,0.9703929533842246,True
BH14,0.95,-0.6333333333333333,0.9777606346079422,0.977796708772467,True
BH14,0.9666666666666666,-0.6333333333333333,0.9851793340923582,0.9851991246699061,True
BH14,0.9833333333333334,-0.6333333333333333,0.9925917149576102,0.9926002166391917,True
BH14,1.0,-0.6333333333333333,1.0,1.0,True
BH14,-1.0,-0.6166666666666667,-4.0669251504462384e-17,-4.124294920247895e-17,True
BH14,-0.9833333333333333,-0.6166666666666667,0.00735509734631535,0.007360736382212048,True
BH14,-0.9666666666666667,-0.6166666666666667,0.014713725066657501,0.014721844809940831,True
BH14,-0.95,-0.6166666666666667,0.022080532415548186,0.022083324453230833,True
BH14,-0.9333333333333333,-0.6166666666666667,0.02945997615270613,0.0294451744845753,True
BH14,-0.9166666666666666,-0.6166666666666667,0.03685567067248215,0.03680739407890832,True
BH14,-0.9,-0.6166666666666667,0.044273425238087555,0.044217455722511734,True
BH14,-0.8833333333333333,-0.6166666666666667,0.05171215236680177,0.051701755058408363,True
BH14,-0.8666666666666667,-0.6166666666666667,0.05918033496753158,0.05918695622144225,True
BH14,-0.85,-0.6166666666666667,0.06668152704145613,0.06667305590349425,True
BH14,-0.8333333333333334,-0.6166666666666667,0.0742173522308599,0.07416005081238602,True
BH14,-0.8166666666666667,-0.6166666666666667,0.08179362847408062,0.08164793767178671,True
BH14,-0.8,-0.6166666666666667,0.08941241986326662,0.08933112511048663,True
BH14,-0.7833333333333333,-0.6166666666666667,0.09707589368428637,0.09705407155453313,True
BH14,-0.7666666666666666,-0.6166666666666667,0.10478877598328909,0.1047768538843256,True
BH14,-0.75,-0.6166666666666667,0.11255334317804418,0.11249947212755183,True
BH14,-0.7333333333333334,-0.6166666666666667,0.12037103524690167,0.1202219263118931,True
BH14,-0.7166666666666667,-0.6166666666666667,0.12824434816331742,0.1280470692838628,True
BH14,-0.7,-0.6166666666666667,0.1361745225091314,0.13607746075313948,True
BH14,-0.6833333333333333,-0.6166666666666667,0.14416233535022127,0.14410759684989158,True
BH14,-0.6666666666666667,-0.6166666666666667,0.15221105996935286,0.15213747626508836,True
BH14,-0.65,-0.6166666666666667,0.16031644586528598,0.1601670976806902,True
BH14,-0.6333333333333333,-0.6166666666666667,0.16848027078203184,0.1681964597695707,True
BH14,-0.6166666666666667,-0.6166666666666667,0.17670593567444898,0.17652529006862674,True
BH14,-0.6,-0.6166666666666667,0.1849826817208347,0.18486142346986734,True
BH14,-0.5833333333333333,-0.6166666666666667,0.19331633248015354,0.19319851608639171,True
BH14,-0.5666666666666667,-0.6166666666666667,0.2017018752460449,0.2015365776836235,True
BH14,-0.55,-0.6166666666666667,0.21013611289454773,0.2098756181627663,True
BH14,-0.5333333333333333,-0.6166666666666667,0.21862028988105967,0.21838025067346106,True
BH14,-0.5166666666666666,-0.6166666666666667,0.22714509395613625,0.22695150525607183,True
BH14,-0.5,-0.6166666666666667,0.2357092458834933,0.2355236889091598,True
BH14,-0.4833333333333334,-0.6166666666666667,0.2443122555587021,0.24409680386080054,True
BH14,-0.4666666666666667,-0.6166666666666667,0.2529486840671198,0.25267085234633035,True
BH14,-0.44999999999999996,-0.6166666666666667,0.26161508396867017,0.2613784804104532,True
BH14,-0.43333333333333335,-0.6166666666666667,0.27031090973874045,0.27010027812473925,True
BH14,-0.41666666666666663,-0.6166666666666667,0.27902989147563195,0.2788230872023352,True
BH14,-0.4,-0.6166666666666667,0.28777125940324744,0.2875469108148027,True
BH14,-0.3833333333333333,-0.6166666666666667,0.2965307568821718,0.29628165070291035,True
BH14,-0.3666666666666667,-0.6166666666666667,0.30530701305310104,0.30508885834084726,True
BH14,-0.35,-0.6166666666666667,0.31409792182501617,0.3138966492711546,True
BH14,-0.33333333333333337,-0.6166666666666667,0.32290005337354843,0.32270502457243067,True
BH14,-0.31666666666666665,-0.6166666666666667,0.3317136809624256,0.331513985325956,True
BH14,-0.30000000000000004,-0.6166666666666667,0.3405363282740837,0.34033857763093167,True
BH14,-0.2833333333333333,-0.6166666666666667,0.349367060140609,0.349189481327575,True
BH14,-0.2666666666666667,-0.6166666666666667,0.35820546452326407,0.3580405986930909,True
BH14,-0.25,-0.6166666666666667,0.3670491188706725,0.36689192989962083,True
BH14,-0.2333333333333334,-0.6166666666666667,0.3758980179169783,0.3757434751194915,True
BH14,-0.21666666666666667,-0.6166666666666667,0.3847498389508568,0.38460755687198805,True
BH14,-0.19999999999999996,-0.6166666666666667,0.3936059686355534,0.39347850033863896,True
BH14,-0.18333333333333335,-0.6166666666666667,0.40246484873180055,0.4023494899758191,True
BH14,-0.16666666666666663,-0.6166666666666667,0.4113258852772837,0.41122052579406826,True
BH14,-0.15000000000000002,-0.6166666666666667,0.4201891676068704,0.42009160780392873,True
BH14,-0.1333333333333333,-0.6166666666666667,0.4290532665953871,0.42897045652557175,True
BH14,-0.1166666666666667,-0.6166666666666667,0.43791933053767823,0.4378497732394946,True
BH14,-0.09999999999999998,-0.6166666666666667,0.44678638625795775,0.4467290911354304,True
BH14,-0.08333333333333337,-0.6166666666666667,0.45565373411751064,0.4556084102134015,True
BH14,-0.06666666666666665,-0.6166666666666667,0.4645226965446886,0.46448843954954677,True
BH14,-0.050000000000000044,-0.6166666666666667,0.47339192395090157,0.4733706078429817,True
BH14,-0.033333333333333326,-0.6166666666666667,0.48226096201152546,0.48225276661862415,True
BH14,-0.01666666666666672,-0.6166666666666667,0.4911309310225927,0.49113491587680114,True
BH14,0.0,-0.6166666666666667,0.5000001993839706,0.5000170556178392,True
BH14,0.016666666666666607,-0.6166666666666667,0.5088699499933222,0.508899065356961,True
BH14,0.033333333333333215,-0.6166666666666667,0.5177393879346491,0.5177809602655887,True
BH14,0.050000000000000044,-0.6166666666666667,0.5266085251513494,0.5266628342604018,True
BH14,0.06666666666666665,-0.6166666666666667,0.5354772851500682,0.5355446873428048,True
BH14,0.08333333333333326,-0.6166666666666667,0.5443461663976729,0.5444265195142021,True
BH14,0.10000000000000009,-0.6166666666666667,0.5532140814945473,0.5533053098086533,True
BH14,0.1166666666666667,-0.6166666666666667,0.5620810913893541,0.5621835774775217,True
BH14,0.1333333333333333,-0.6166666666666667,0.570947483341645,0.5710617979404919,True
BH14,0.1499999999999999,-0.6166666666666667,0.5798116330245033,0.5799399712029822,True
BH14,0.16666666666666674,-0.6166666666666667,0.5886741315420911,0.5888164336582308,True
BH14,0.18333333333333335,-0.6166666666666667,0.5975358919313349,0.5976849284061188,True
BH14,0.19999999999999996,-0.6166666666666667,0.6063952364753505,0.6065533140035191,True
BH14,0.21666666666666656,-0.6166666666666667,0.6152503362034429,0.6154215904700582,True
BH14,0.2333333333333334,-0.6166666666666667,0.6241024880786217,0.6242897578253577,True
BH14,0.25,-0.6166666666666667,0.6329506304937048,0.6331469969245073,True
BH14,0.2666666666666666,-0.6166666666666667,0.6417944658605093,0.6419927457279189,True
BH14,0.2833333333333332,-0.6166666666666667,0.6506326511886626,0.6508382496358671,True
BH14,0.30000000000000004,-0.6166666666666667,0.6594634983479801,0.6596835087065496,True
BH14,0.31666666666666665,-0.6166666666666667,0.6682862695012162,0.6685285229981438,True
BH14,0.33333333333333326,-0.6166666666666667,0.6771011493615802,0.6773354333323378,True
BH14,0.3500000000000001,-0.6166666666666667,0.6859031093597585,0.6861331777191277,True
BH14,0.3666666666666667,-0.6166666666666667,0.6946944677895284,0.694930421087429,True
BH14,0.3833333333333333,-0.6166666666666667,0.7034702576349748,0.7037271635297473,True
BH14,0.3999999999999999,-0.6166666666666667,0.7122293414252103,0.7125100001401251,True
BH14,0.41666666666666674,-0.6166666666666667,0.7209691429008225,0.7212170766094947,True
BH14,0.43333333333333335,-0.6166666666666667,0.72968800285103,0.7299232879917483,True
BH14,0.44999999999999996,-0.6166666666666667,0.7383854346073366,0.7386286339770423,True
BH14,0.46666666666666656,-0.6166666666666667,0.7470510875179899,0.747333114255367,True
BH14,0.4833333333333334,-0.6166666666666667,0.755687853759954,0.7559605225872028,True
BH14,0.5,-0.6166666666666667,0.7642896772029856,0.7645146154300295,True
BH14,0.5166666666666666,-0.6166666666666667,0.7728580312793072,0.7730675766978419,True
BH14,0.5333333333333332,-0.6166666666666667,0.7813827110526423,0.7816194032914944,True
BH14,0.55,-0.6166666666666667,0.7898635726167066,0.7901700920998584,True
BH14,0.5666666666666667,-0.6166666666666667,0.798298681283534,0.7985407934730053,True
BH14,0.5833333333333333,-0.6166666666666667,0.8066846323436987,0.8068919163674391,True
BH14,0.6000000000000001,-0.6166666666666667,0.8150179534575349,0.8152404307153669,True
BH14,0.6166666666666667,-0.6166666666666667,0.823295160000408,0.8235864043525358,True
BH14,0.6333333333333333,-0.6166666666666667,0.8315171784604074,0.8317610976296751,True
BH14,0.6499999999999999,-0.6166666666666667,0.8396854704140406,0.8398669403127355,True
BH14,0.6666666666666667,-0.6166666666666667,0.8477883525991361,0.8479725846171577,True
BH14,0.6833333333333333,-0.6166666666666667,0.8558392877012553,0.8560780340129683,True
BH14,0.7,-0.6166666666666667,0.8638257755817894,0.8640723713066409,True
BH14,0.7166666666666666,-0.6166666666666667,0.871754752965018,0.8719175386409121,True
BH14,0.7333333333333334,-0.6166666666666667,0.8796290782326996,0.8797638709611217,True
BH14,0.75,-0.6166666666666667,0.8874460874785244,0.8876113631270977,True
BH14,0.7666666666666666,-0.6166666666666667,0.8952117304974317,0.8954581425790563,True
BH14,0.7833333333333332,-0.6166666666666667,0.9029241117623013,0.903072811914744,True
BH14,0.8,-0.6166666666666667,0.9105880277178777,0.9106865517359535,True
BH14,0.8166666666666667,-0.6166666666666667,0.9182070262916611,0.9182993662398278,True
BH14,0.8333333333333333,-0.6166666666666667,0.9257822110836208,0.9259112595978898,True
BH14,0.8499999999999999,-0.6166666666666667,0.9333182158018815,0.9334529800613947,True
BH14,0.8666666666666667,-0.6166666666666667,0.9408190794281575,0.9408965745382484,True
BH14,0.8833333333333333,-0.6166666666666667,0.9482853273123295,0.9483385015201858,True
BH14,0.8999999999999999,-0.6166666666666667,0.9557265309291221,0.9557787642101059,True
BH14,0.9166666666666667,-0.6166666666666667,0.9631434194667308,0.9632173658020129,True
BH14,0.9333333333333333,-0.6166666666666667,0.9705395433660557,0.970593809422462,True
BH14,0.95,-0.6166666666666667,0.9779179594428925,0.9779467598567491,True
BH14,0.9666666666666666,-0.6166666666666667,0.9852846720733703,0.9852987679035174,True
BH14,0.9833333333333334,-0.6166666666666667,0.9926442465145062,0.9926498443958421,True
BH14,1.0,-0.6166666666666667,1.0,1.0000000000000002,True
BH14,-1.0,-0.6,-2.7224082304792576e-17,-2.2792337440259845e-17,True
BH14,-0.9833333333333333,-0.6,0.007297473180264687,0.007311955215645144,True
BH14,-0.9666666666666667,-0.6,0.01459998489078073,0.014624354362537496,True
BH14,-0.95,-0.6,0.02191116226439104,0.02193719645447254,True
BH14,-0.9333333333333333,-0.6,0.029234402031172023,0.029250480508139318,True
BH14,-0.9166666666666666,-0.6,0.03657793945368093,0.036564205543110934,True
BH14,-0.9,-0.6,0.04393842392496626,0.043927370106221934,True
BH14,-0.8833333333333333,-0.6,0.05132809524605863,0.051369737444951644,True
BH14,-0.8666666666666667,-0.6,0.05874578857405411,0.05881310759366637,True
BH14,-0.85,-0.6,0.06619906162398366,0.0662574768907592,True
BH14,-0.8333333333333334,-0.6,0.07368876606062072,0.07370284169215745,True
BH14,-0.8166666666666667,-0.6,0.08122167580875249,0.08114919837122017,True
BH14,-0.8,-0.6,0.08879958643672332,0.08879913649633339,True
BH14,-0.7833333333333333,-0.6,0.09642760170378292,0.09649540398493153,True
BH14,-0.7666666666666666,-0.6,0.10410775830272964,0.1041915105153743,True
BH14,-0.75,-0.6,0.11184114736526744,0.11188745611473991,True
BH14,-0.7333333333333334,-0.6,0.11963416978600364,0.11958324081010009,True
BH14,-0.7166666666666667,-0.6,0.12748857435754823,0.1273815535640124,True
BH14,-0.7,-0.6,0.13540155098578505,0.1354061386796102,True
BH14,-0.6833333333333333,-0.6,0.14337666514657396,0.14343044850584014,True
BH14,-0.6666666666666667,-0.6,0.15141827989148537,0.15145448162992498,True
BH14,-0.65,-0.6,0.1595214621382522,0.15947823662934907,True
BH14,-0.6333333333333333,-0.6,0.16769026066606008,0.16750171207177475,True
BH14,-0.6166666666666667,-0.6,0.1759203476615706,0.17583692986214663,True
BH14,-0.6,-0.6,0.1842097980373428,0.18418625738025074,True
BH14,-0.5833333333333333,-0.6,0.19255974221179617,0.19253663550613787,True
BH14,-0.5666666666666667,-0.6,0.20096348438715922,0.2008783384615699,True
BH14,-0.55,-0.6,0.20942049554378944,0.20922160582640045,True
BH14,-0.5333333333333333,-0.6,0.21792709035135077,0.2177400839411312,True
BH14,-0.5166666666666666,-0.6,0.226480136331942,0.22633224744118235,True
BH14,-0.5,-0.6,0.23507456041967914,0.2349261832358625,True
BH14,-0.4833333333333334,-0.6,0.24370849690280222,0.24352191376104618,True
BH14,-0.4666666666666667,-0.6,0.2523757333583035,0.25211946182967104,True
BH14,-0.44999999999999996,-0.6,0.26107376301564356,0.2608518992564143,True
BH14,-0.43333333333333335,-0.6,0.269799014472441,0.26960015684489635,True
BH14,-0.41666666666666663,-0.6,0.2785479808155542,0.27835009921350484,True
BH14,-0.4,-0.6,0.28732152573544306,0.2871017362950595,True
BH14,-0.3833333333333333,-0.6,0.29610907676101716,0.2958642576042135,True
BH14,-0.3666666666666667,-0.6,0.30491438449856284,0.30469667691992675,True
BH14,-0.35,-0.6,0.31373301052221053,0.3135299384149006,True
BH14,-0.33333333333333337,-0.6,0.32256188768314453,0.3223640438650436,True
BH14,-0.31666666666666665,-0.6,0.3314010391294695,0.33119899505131095,True
BH14,-0.30000000000000004,-0.6,0.3402484227372978,0.340047850967776,True
BH14,-0.2833333333333333,-0.6,0.3491022520756133,0.34891984381695196,True
BH14,-0.2666666666666667,-0.6,0.3579619914137718,0.3577921123134469,True
BH14,-0.25,-0.6,0.36682644526020847,0.3666646566676946,True
BH14,-0.2333333333333334,-0.6,0.37569450298079854,0.3755374770903438,True
BH14,-0.21666666666666667,-0.6,0.38456543883373673,0.38442000535704374,True
BH14,-0.19999999999999996,-0.6,0.39343894565894316,0.39330783054926377,True
BH14,-0.18333333333333335,-0.6,0.4023146266166828,0.4021957107395256,True
BH14,-0.16666666666666663,-0.6,0.411192110694444,0.4110836459413518,True
BH14,-0.15000000000000002,-0.6,0.42007015356026617,0.4199716361682694,True
BH14,-0.1333333333333333,-0.6,0.4289499979571318,0.4288646233496546,True
BH14,-0.1166666666666667,-0.6,0.4378296056620199,0.43775791256032104,True
BH14,-0.09999999999999998,-0.6,0.44671056429852507,0.4466512032647059,True
BH14,-0.08333333333333337,-0.6,0.45559151633932116,0.4555444954628586,True
BH14,-0.06666666666666665,-0.6,0.46447323242231503,0.4644381578058072,True
BH14,-0.050000000000000044,-0.6,0.47335470771268917,0.4733329305381597,True
BH14,-0.033333333333333326,-0.6,0.48223655786899383,0.4822276932301335,True
BH14,-0.01666666666666672,-0.6,0.49111836746052434,0.4911224458818104,True
BH14,0.0,-0.6,0.5000002159933413,0.5000171884932729,True
BH14,0.016666666666666607,-0.6,0.5088819031688777,0.5089118834798751,True
BH14,0.033333333333333215,-0.6,0.5177638764446437,0.5178065289398742,True
BH14,0.050000000000000044,-0.6,0.5266455349702222,0.5267011523128973,True
BH14,0.06666666666666665,-0.6,0.5355273761708923,0.5355957535992615,True
BH14,0.08333333333333326,-0.6,0.5444086049185505,0.5444903327992847,True
BH14,0.10000000000000009,-0.6,0.5532902540456228,0.5533833104888106,True
BH14,0.1166666666666667,-0.6,0.5621705262213073,0.5622759883600955,True
BH14,0.1333333333333333,-0.6,0.5710505521969794,0.5711686147042607,True
BH14,0.1499999999999999,-0.6,0.5799295951045494,0.5800611895222519,True
BH14,0.16666666666666674,-0.6,0.5888088586585012,0.588952614232847,True
BH14,0.18333333333333335,-0.6,0.5976850628214347,0.5978387148019652,True
BH14,0.19999999999999996,-0.6,0.6065603024961628,0.6067246885332103,True
BH14,0.21666666666666656,-0.6,0.6154348775543705,0.615610535428977,True
BH14,0.2333333333333334,-0.6,0.6243058945327525,0.6244962554916609,True
BH14,0.25,-0.6,0.633173460878729,0.6333732904998097,True
BH14,0.2666666666666666,-0.6,0.642038079421756,0.6422411006710098,True
BH14,0.2833333333333332,-0.6,0.6508978941028443,0.6511085996641792,True
BH14,0.30000000000000004,-0.6,0.6597521057855718,0.659975787483798,True
BH14,0.31666666666666665,-0.6,0.6685991870845926,0.668842664134347,True
BH14,0.33333333333333326,-0.6,0.6774381083072127,0.6776754196187376,True
BH14,0.3500000000000001,-0.6,0.6862680591256256,0.6864996397818138,True
BH14,0.3666666666666667,-0.6,0.6950867352814233,0.6953231487602278,True
BH14,0.3833333333333333,-0.6,0.7038905201914052,0.7041459465159785,True
BH14,0.3999999999999999,-0.6,0.7126803325352817,0.7129553353779586,True
BH14,0.41666666666666674,-0.6,0.7214508696653521,0.7216902920836362,True
BH14,0.43333333333333335,-0.6,0.7302009675428695,0.7304238696886982,True
BH14,0.44999999999999996,-0.6,0.7389261097388267,0.7391560672509269,True
BH14,0.46666666666666656,-0.6,0.7476243877524522,0.7478868838271878,True
BH14,0.4833333333333334,-0.6,0.7562920715388421,0.7565390182021186,True
BH14,0.5,-0.6,0.7649247035594935,0.7651135728439646,True
BH14,0.5166666666666666,-0.6,0.7735200758392521,0.7736861637166956,True
BH14,0.5333333333333332,-0.6,0.7820738430650811,0.7822567808883196,True
BH14,0.55,-0.6,0.7905788528286298,0.790825414356518,True
BH14,0.5666666666666667,-0.6,0.7990351347582776,0.799196757013639,True
BH14,0.5833333333333333,-0.6,0.8074407995696758,0.8075639632600943,True
BH14,0.6000000000000001,-0.6,0.8157880271177327,0.8159282519400406,True
BH14,0.6166666666666667,-0.6,0.8240781878286927,0.8242897007788625,True
BH14,0.6333333333333333,-0.6,0.8323076028529762,0.8324653786075524,True
BH14,0.6499999999999999,-0.6,0.8404753640884661,0.840572787672315,True
BH14,0.6666666666666667,-0.6,0.848582271075211,0.8486799788893185,True
BH14,0.6833333333333333,-0.6,0.8566215851184251,0.8567869561208351,True
BH14,0.7,-0.6,0.864599529779605,0.8647642764752268,True
BH14,0.7166666666666666,-0.6,0.8725134188511976,0.8725927125008044,True
BH14,0.7333333333333334,-0.6,0.8803627624792854,0.880422363309592,True
BH14,0.75,-0.6,0.8881573685660488,0.8882532235347256,True
BH14,0.7666666666666666,-0.6,0.8958937814463535,0.8960730477639244,True
BH14,0.7833333333333332,-0.6,0.9035730018176358,0.903652831295309,True
BH14,0.8,-0.6,0.9112003727828816,0.9112317918280193,True
BH14,0.8166666666666667,-0.6,0.9187777004079868,0.9188099330583598,True
BH14,0.8333333333333333,-0.6,0.9263107490673036,0.9263872586602289,True
BH14,0.8499999999999999,-0.6,0.9337997637115405,0.9338842238057574,True
BH14,0.8666666666666667,-0.6,0.9412529612033077,0.9412824519560639,True
BH14,0.8833333333333333,-0.6,0.948672142017913,0.9486790758830042,True
BH14,0.8999999999999999,-0.6,0.9560616129929811,0.9560740986395435,True
BH14,0.9166666666666667,-0.6,0.963423770860758,0.9634675232702623,True
BH14,0.9333333333333333,-0.6,0.9707654236088837,0.9707932181500989,True
BH14,0.95,-0.6,0.9780883889891835,0.9780957379859965,True
BH14,0.9666666666666666,-0.6,0.9853994350865448,0.9853977040565959,True
BH14,0.9833333333333334,-0.6,0.9927011145603134,0.9926991226603308,True
BH14,1.0,-0.6,1.0,1.0000000000000002,True
BH14,-1.0,-0.5833333333333333,-3.3466981700588264e-17,2.488420445904732e-17,True
BH14,-0.9833333333333333,-0.5833333333333333,0.007236074281476865,0.007244970620841669,True
BH14,-0.9666666666666667,-0.5833333333333333,0.014477146017476926,0.014490757912345248,True
BH14,-0.95,-0.5833333333333333,0.02172826939488582,0.021737358682063206,True
BH14,-0.9333333333333333,-0.5833333333333333,0.02899221693631314,0.028984769754034353,True
BH14,-0.9166666666666666,-0.5833333333333333,0.03627399056031662,0.03623298796867801,True
BH14,-0.9,-0.5833333333333333,0.043579852918954554,0.04353253267020926,True
BH14,-0.8833333333333333,-0.5833333333333333,0.05091215405194253,0.05091774564739716,True
BH14,-0.8666666666666667,-0.5833333333333333,0.05827553448240048,0.05830477279867491,True
BH14,-0.85,-0.5833333333333333,0.06567862105809658,0.06569359970676458,True
BH14,-0.8333333333333334,-0.5833333333333333,0.0731175309138935,0.07308421210443394,True
BH14,-0.8166666666666667,-0.5833333333333333,0.08060465076807484,0.08047659587258041,True
BH14,-0.8,-0.5833333333333333,0.08813884582482023,0.08807989423113334,True
BH14,-0.7833333333333333,-0.5833333333333333,0.09572531501930977,0.09573865778948538,True
BH14,-0.7666666666666666,-0.5833333333333333,0.10336998667379009,0.10339727294283588,True
BH14,-0.75,-0.5833333333333333,0.11107281424570081,0.11105574038499735,True
BH14,-0.7333333333333334,-0.5833333333333333,0.11883655318067841,0.11871406080544894,True
BH14,-0.7166666666666667,-0.5833333333333333,0.1266692269050118,0.12646987774779556,True
BH14,-0.7,-0.5833333333333333,0.13456495085015974,0.13448297647131782,True
BH14,-0.6833333333333333,-0.5833333333333333,0.1425283129952396,0.14249591065403203,True
BH14,-0.6666666666666667,-0.5833333333333333,0.15056546817351185,0.1505086787879475,True
BH14,-0.65,-0.5833333333333333,0.15866895262646075,0.15852127934642168,True
BH14,-0.6333333333333333,-0.5833333333333333,0.16684037544591188,0.1665337107838674,True
BH14,-0.6166666666666667,-0.5833333333333333,0.17507872353400022,0.17486948867169483,True
BH14,-0.6,-0.5833333333333333,0.18338279833736282,0.1832336079373456,True
BH14,-0.5833333333333333,-0.5833333333333333,0.19174979140099468,0.19160008906628823,True
BH14,-0.5666666666666667,-0.5833333333333333,0.20017401484099473,0.19996895574742396,True
BH14,-0.55,-0.5833333333333333,0.20865732385610458,0.20834023201482105,True
BH14,-0.5333333333333333,-0.5833333333333333,0.21719148677070738,0.21689661568356525,True
BH14,-0.5166666666666666,-0.5833333333333333,0.22577513850642628,0.22553044522668936,True
BH14,-0.5,-0.5833333333333333,0.23440262467129594,0.23416639320095028,True
BH14,-0.4833333333333334,-0.5833333333333333,0.2430697402876298,0.24280448629108214,True
BH14,-0.4666666666666667,-0.5833333333333333,0.2517710361890783,0.25144475162727176,True
BH14,-0.44999999999999996,-0.5833333333333333,0.26050375961190364,0.26021692051326817,True
BH14,-0.43333333333333335,-0.5833333333333333,0.2692646990075883,0.2690057239849982,True
BH14,-0.41666666666666663,-0.5833333333333333,0.27804751033774094,0.27779637211822433,True
BH14,-0.4,-0.5833333333333333,0.2868519458646249,0.2865888758021779,True
BH14,-0.3833333333333333,-0.5833333333333333,0.29567232558962864,0.29539110326551654,True
BH14,-0.3666666666666667,-0.5833333333333333,0.3045084384043144,0.30425590646615214,True
BH14,-0.35,-0.5833333333333333,0.3133569916505833,0.31312159784167065,True
BH14,-0.33333333333333337,-0.5833333333333333,0.32221426612431203,0.3219881792679941,True
BH14,-0.31666666666666665,-0.5833333333333333,0.3310804434408186,0.3308556526263865,True
BH14,-0.30000000000000004,-0.5833333333333333,0.33995335916415403,0.33973397596682825,True
BH14,-0.2833333333333333,-0.5833333333333333,0.34883141862435574,0.3486301964160935,True
BH14,-0.2666666666666667,-0.5833333333333333,0.3577138541928725,0.35752670491634464,True
BH14,-0.25,-0.5833333333333333,0.36659948814025234,0.3664235016876522,True
BH14,-0.2333333333333334,-0.5833333333333333,0.3754881207675537,0.37532058695031134,True
BH14,-0.21666666666666667,-0.5833333333333333,0.3843788007087281,0.3842234749959854,True
BH14,-0.19999999999999996,-0.5833333333333333,0.3932704124444756,0.39312950955438863,True
BH14,-0.18333333333333335,-0.5833333333333333,0.4021636404028776,0.40203560209881084,True
BH14,-0.16666666666666663,-0.5833333333333333,0.4110570010684957,0.4109417526435118,True
BH14,-0.15000000000000002,-0.5833333333333333,0.41995067685766063,0.41984796120275564,True
BH14,-0.1333333333333333,-0.5833333333333333,0.4288449398845973,0.428755675248903,True
BH14,-0.1166666666666667,-0.5833333333333333,0.437739671629895,0.43766348058051907,True
BH14,-0.09999999999999998,-0.5833333333333333,0.44663439095421664,0.44657128772885374,True
BH14,-0.08333333333333337,-0.5833333333333333,0.45552888586670176,0.45547909669396763,True
BH14,-0.06666666666666665,-0.5833333333333333,0.46442344101382255,0.4643868641737255,True
BH14,-0.050000000000000044,-0.5833333333333333,0.4733174273567455,0.47329449478777286,True
BH14,-0.033333333333333326,-0.5833333333333333,0.48221195874457506,0.48220211529145385,True
BH14,-0.01666666666666672,-0.5833333333333333,0.4911062281702403,0.4911097256848512,True
BH14,0.0,-0.5833333333333333,0.5000001561399507,0.5000173259680475,True
BH14,0.016666666666666607,-0.5833333333333333,0.5088942969555752,0.5089249777203224,True
BH14,0.033333333333333215,-0.5833333333333333,0.5177885143896864,0.5178326593586302,True
BH14,0.050000000000000044,-0.5833333333333333,0.5266828661282168,0.5267403187857023,True
BH14,0.06666666666666665,-0.5833333333333333,0.535576916641309,0.5356479560018576,True
BH14,0.08333333333333326,-0.5833333333333333,0.5444716214362959,0.5445555710074153,True
BH14,0.10000000000000009,-0.5833333333333333,0.5533660177674663,0.5534633441127015,True
BH14,0.1166666666666667,-0.5833333333333333,0.5622603509364098,0.5623710962092786,True
BH14,0.1333333333333333,-0.5833333333333333,0.5711550695989294,0.5712787965970472,True
BH14,0.1499999999999999,-0.5833333333333333,0.5800492460290695,0.580186445276956,True
BH14,0.16666666666666674,-0.5833333333333333,0.5889436154866726,0.5890936628143411,True
BH14,0.18333333333333335,-0.5833333333333333,0.5978368283903561,0.597998970201166,True
BH14,0.19999999999999996,-0.5833333333333333,0.6067302385630293,0.6069041505209483,True
BH14,0.21666666666666656,-0.5833333333333333,0.6156218348700595,0.6158092037760863,True
BH14,0.2333333333333334,-0.5833333333333333,0.624512668244645,0.6247141299689786,True
BH14,0.25,-0.5833333333333333,0.6334008186892471,0.6336135402759404,True
BH14,0.2666666666666666,-0.5833333333333333,0.6422861378323768,0.6425070185588901,True
BH14,0.2833333333333332,-0.5833333333333333,0.6511684575217157,0.6514001854771121,True
BH14,0.30000000000000004,-0.5833333333333333,0.6600473286825366,0.6602930410350867,True
BH14,0.31666666666666665,-0.5833333333333333,0.6689196144481884,0.6691855852372934,True
BH14,0.33333333333333326,-0.5833333333333333,0.6777853659110187,0.6780507820526123,True
BH14,0.3500000000000001,-0.5833333333333333,0.6866439558825341,0.6869089370241475,True
BH14,0.3666666666666667,-0.5833333333333333,0.695491661630894,0.6957663822984668,True
BH14,0.3833333333333333,-0.5833333333333333,0.7043272402846077,0.7046231178376858,True
BH14,0.3999999999999999,-0.5833333333333333,0.713148229142534,0.7134677856777758,True
BH14,0.41666666666666674,-0.5833333333333333,0.7219528089589777,0.7222437061154171,True
BH14,0.43333333333333335,-0.5833333333333333,0.730735602248947,0.7310182674202756,True
BH14,0.44999999999999996,-0.5833333333333333,0.7394964316119534,0.7397914686663687,True
BH14,0.46666666666666656,-0.5833333333333333,0.7482286282039917,0.7485633089268164,True
BH14,0.4833333333333334,-0.5833333333333333,0.7569317994189626,0.7572569577833075,True
BH14,0.5,-0.5833333333333333,0.7655980420235003,0.7658710247191611,True
BH14,0.5166666666666666,-0.5833333333333333,0.7742263314600958,0.7744832667225676,True
BH14,0.5333333333333332,-0.5833333333333333,0.7828076111815319,0.7830936746552937,True
BH14,0.55,-0.5833333333333333,0.7913437143918314,0.7917022393152061,True
BH14,0.5666666666666667,-0.5833333333333333,0.7998252138658404,0.8001123890239018,True
BH14,0.5833333333333333,-0.5833333333333333,0.8082518571338264,0.8084866667910083,True
BH14,0.6000000000000001,-0.5833333333333333,0.816617462361374,0.8168542873500749,True
BH14,0.6166666666666667,-0.5833333333333333,0.8249221193984021,0.8252155185615047,True
BH14,0.6333333333333333,-0.5833333333333333,0.8331615379838141,0.8333725662696749,True
BH14,0.6499999999999999,-0.5833333333333333,0.8413324331438146,0.8414649620509742,True
BH14,0.6666666666666667,-0.5833333333333333,0.8494361244405145,0.8495554950482174,True
BH14,0.6833333333333333,-0.5833333333333333,0.8574687569921882,0.8576442223306322,True
BH14,0.7,-0.5833333333333333,0.8654341108296069,0.8655821796637206,True
BH14,0.7166666666666666,-0.5833333333333333,0.873330322768386,0.8733800828322758,True
BH14,0.7333333333333334,-0.5833333333333333,0.8811617614560298,0.881179559151607,True
BH14,0.75,-0.5833333333333333,0.8889260646804896,0.8889805796135881,True
BH14,0.7666666666666666,-0.5833333333333333,0.896630227161872,0.8967582816060572,True
BH14,0.7833333333333332,-0.5833333333333333,0.9042723493320445,0.9043024619505396,True
BH14,0.8,-0.5833333333333333,0.9118612357741323,0.9118455514552224,True
BH14,0.8166666666666667,-0.5833333333333333,0.9193949979428137,0.9193875543434058,True
BH14,0.8333333333333333,-0.5833333333333333,0.9268823364402176,0.9269284748157768,True
BH14,0.8499999999999999,-0.5833333333333333,0.9343213999314248,0.9343768187270293,True
BH14,0.8666666666666667,-0.5833333333333333,0.9417221606768531,0.9417265410582242,True
BH14,0.8833333333333333,-0.5833333333333333,0.9490860472467423,0.949073895049156,True
BH14,0.8999999999999999,-0.5833333333333333,0.9564203607489551,0.9564188856473099,True
BH14,0.9166666666666667,-0.5833333333333333,0.9637270590988462,0.9637615177848228,True
BH14,0.9333333333333333,-0.5833333333333333,0.9710064324226011,0.971028203648941,True
BH14,0.95,-0.5833333333333333,0.9782699764744439,0.9782717199238655,True
BH14,0.9666666666666666,-0.5833333333333333,0.9855202557127256,0.9855148568315155,True
BH14,0.9833333333333334,-0.5833333333333333,0.9927633635925048,0.9927576162387226,True
BH14,1.0,-0.5833333333333333,1.0,0.9999999999999999,True
BH14,-1.0,-0.5666666666666667,6.627589169715867e-17,-4.488287135963239e-17,True
BH14,-0.9833333333333333,-0.5666666666666667,0.007170330337303322,0.007174343834032642,True
BH14,-0.9666666666666667,-0.5666666666666667,0.014345751179854944,0.014349686515583045,True
BH14,-0.95,-0.5666666666666667,0.021530514463196204,0.021526024161018543,True
BH14,-0.9333333333333333,-0.5666666666666667,0.028732440535301988,0.028703352906616447,True
BH14,-0.9166666666666666,-0.5666666666666667,0.0359506577902587,0.035881668908438816,True
BH14,-0.9,-0.5666666666666667,0.04319347405602324,0.043112472277764186,True
BH14,-0.8833333333333333,-0.5666666666666667,0.050466929521652604,0.05043462942115043,True
BH14,-0.8666666666666667,-0.5666666666666667,0.05777254137062128,0.05775892877724821,True
BH14,-0.85,-0.5666666666666667,0.0651171478965981,0.06508535346488997,True
BH14,-0.8333333333333334,-0.5666666666666667,0.07250180557722019,0.07241388677659186,True
BH14,-0.8166666666666667,-0.5666666666666667,0.07993974188766267,0.0797445121763685,True
BH14,-0.8,-0.5666666666666667,0.08742607101694819,0.08729580219121766,True
BH14,-0.7833333333333333,-0.5666666666666667,0.09496837282284179,0.09491449868902613,True
BH14,-0.7666666666666666,-0.5666666666666667,0.1025733576766874,0.10253317155714164,True
BH14,-0.75,-0.5666666666666667,0.11024159788558514,0.11015182090506653,True
BH14,-0.7333333333333334,-0.5666666666666667,0.11797496749449206,0.11777044684162716,True
BH14,-0.7166666666666667,-0.5666666666666667,0.12578494287002548,0.12548026376067983,True
BH14,-0.7,-0.5666666666666667,0.1336621740418794,0.13349025311640872,True
BH14,-0.6833333333333333,-0.5666666666666667,0.14161362293414584,0.14150005880367889,True
BH14,-0.6666666666666667,-0.5666666666666667,0.14964074946034073,0.1495096791341376,True
BH14,-0.65,-0.5666666666666667,0.15774114742948164,0.15751911239846494,True
BH14,-0.6333333333333333,-0.5666666666666667,0.16592053790160446,0.16552835686604406,True
BH14,-0.6166666666666667,-0.5666666666666667,0.17417030831036967,0.17387564271544587,True
BH14,-0.6,-0.5666666666666667,0.18248861199467542,0.18226756235314068,True
BH14,-0.5833333333333333,-0.5666666666666667,0.19087451292321667,0.19066204872874498,True
BH14,-0.5666666666666667,-0.5666666666666667,0.19932834886181694,0.19905912811971882,True
BH14,-0.55,-0.5666666666666667,0.20784072877266288,0.20745882719595868,True
BH14,-0.5333333333333333,-0.5666666666666667,0.216407102368359,0.21605318654503447,True
BH14,-0.5166666666666666,-0.5666666666666667,0.22502596284752568,0.2247285472217887,True
BH14,-0.5,-0.5666666666666667,0.2336913107468374,0.2334063690632369,True
BH14,-0.4833333333333334,-0.5666666666666667,0.24239460171228966,0.24208668291772734,True
BH14,-0.4666666666666667,-0.5666666666666667,0.25113658919755233,0.25076952014509446,True
BH14,-0.44999999999999996,-0.5666666666666667,0.25990744375390745,0.259581465954414,True
BH14,-0.43333333333333335,-0.5666666666666667,0.2687039119277763,0.26841084799520676,True
BH14,-0.41666666666666663,-0.5666666666666667,0.27752629161357295,0.27724223497568345,True
BH14,-0.4,-0.5666666666666667,0.28636609311458255,0.28607563874624753,True
BH14,-0.3833333333333333,-0.5666666666666667,0.29522217881553436,0.29491767996398066,True
BH14,-0.3666666666666667,-0.5666666666666667,0.3040924826437707,0.30381490173828085,True
BH14,-0.35,-0.5666666666666667,0.3129711376834014,0.31271305783040204,True
BH14,-0.33333333333333337,-0.5666666666666667,0.3218584477778693,0.32161215021690953,True
BH14,-0.31666666666666665,-0.5666666666666667,0.33075284170433594,0.33051218088000955,True
BH14,-0.30000000000000004,-0.5666666666666667,0.33965295890137537,0.3394200259940392,True
BH14,-0.2833333333333333,-0.5666666666666667,0.34855632083800214,0.3483404863426145,True
BH14,-0.2666666666666667,-0.5666666666666667,0.3574625091409436,0.3572612471646649,True
BH14,-0.25,-0.5666666666666667,0.36637070687420403,0.36618230868992596,True
BH14,-0.2333333333333334,-0.5666666666666667,0.3752803077820197,0.3751036711483688,True
BH14,-0.21666666666666667,-0.5666666666666667,0.3841901294511065,0.38402693001028265,True
BH14,-0.19999999999999996,-0.5666666666666667,0.3931006998057982,0.39295117597913554,True
BH14,-0.18333333333333335,-0.5666666666666667,0.4020112575144725,0.40187548292299086,True
BH14,-0.16666666666666663,-0.5666666666666667,0.41092148944358614,0.4107998508568458,True
BH14,-0.15000000000000002,-0.5666666666666667,0.41983115398296306,0.4197242797957023,True
BH14,-0.1333333333333333,-0.5666666666666667,0.42874062781084826,0.4286467219475765,True
BH14,-0.1166666666666667,-0.5666666666666667,0.4376491139722623,0.4375690432279215,True
BH14,-0.09999999999999998,-0.5666666666666667,0.44655807459937363,0.44649136664797406,True
BH14,-0.08333333333333337,-0.5666666666666667,0.4554660965731544,0.45541369220780553,True
BH14,-0.06666666666666665,-0.5666666666666667,0.4643734657208258,0.46433556525110725,True
BH14,-0.050000000000000044,-0.5666666666666667,0.4732805471991941,0.47325605329514553,True
BH14,-0.033333333333333326,-0.5666666666666667,0.4821873253507861,0.48217653115883724,True
BH14,-0.01666666666666672,-0.5666666666666667,0.4910939534872607,0.4910969988422657,True
BH14,0.0,-0.5666666666666667,0.5000001873218552,0.5000174563455143,True
BH14,0.016666666666666607,-0.5666666666666667,0.5089065396553165,0.5089380641387253,True
BH14,0.033333333333333215,-0.5666666666666667,0.5178130707944413,0.5178587811942138,True
BH14,0.050000000000000044,-0.5666666666666667,0.5267198483836752,0.5267794759142286,True
BH14,0.06666666666666665,-0.5666666666666667,0.5356270251022843,0.5357001482990904,True
BH14,0.08333333333333326,-0.5666666666666667,0.5445344773360092,0.54462079834912,True
BH14,0.10000000000000009,-0.5666666666666667,0.5534424523322492,0.5535433636885283,True
BH14,0.1166666666666667,-0.5666666666666667,0.5623508153042476,0.5624661884321849,True
BH14,0.1333333333333333,-0.5666666666666667,0.5712601839083388,0.5713889612854018,True
BH14,0.1499999999999999,-0.5666666666666667,0.5801689380543562,0.5803116822491308,True
BH14,0.16666666666666674,-0.5666666666666667,0.5890788944147682,0.5892346851435769,True
BH14,0.18333333333333335,-0.5666666666666667,0.5979890571603121,0.5981591955462624,True
BH14,0.19999999999999996,-0.5666666666666667,0.6068995384686439,0.607083578652879,True
BH14,0.21666666666666656,-0.5666666666666667,0.6158101577618821,0.6160078344658289,True
BH14,0.2333333333333334,-0.5666666666666667,0.6247202585979046,0.6249319629875141,True
BH14,0.25,-0.5666666666666667,0.6336297362420712,0.6338537272543409,True
BH14,0.2666666666666666,-0.5666666666666667,0.6425383554140647,0.6427728638208827,True
BH14,0.2833333333333332,-0.5666666666666667,0.6514444549328008,0.6516916888362828,True
BH14,0.30000000000000004,-0.5666666666666667,0.6603475622273742,0.660610202305021,True
BH14,0.31666666666666665,-0.5666666666666667,0.6692467486284079,0.669528404231577,True
BH14,0.33333333333333326,-0.5666666666666667,0.6781410887055328,0.6784259854730627,True
BH14,0.3500000000000001,-0.5666666666666667,0.6870299656059132,0.6873180485917628,True
BH14,0.3666666666666667,-0.5666666666666667,0.6959089784860942,0.6962094034978468,True
BH14,0.3833333333333333,-0.5666666666666667,0.7047779027068767,0.7051000501535474,True
BH14,0.3999999999999999,-0.5666666666666667,0.7136345196269236,0.7139799087267458,True
BH14,0.41666666666666674,-0.5666666666666667,0.7224741778096077,0.7227967127445356,True
BH14,0.43333333333333335,-0.5666666666666667,0.731296490749054,0.7316121774882476,True
BH14,0.44999999999999996,-0.5666666666666667,0.7400929598914073,0.7404263020479755,True
BH14,0.46666666666666656,-0.5666666666666667,0.7488636867357952,0.7492390855129348,True
BH14,0.4833333333333334,-0.5666666666666667,0.7576041992705651,0.7579741044441384,True
BH14,0.5,-0.5666666666666667,0.7663112782741887,0.7666274128185339,True
BH14,0.5166666666666666,-0.5666666666666667,0.7749737937495351,0.7752790323965355,True
BH14,0.5333333333333332,-0.5666666666666667,0.783592294517545,0.7839289548053792,True
BH14,0.55,-0.5666666666666667,0.7921591561592475,0.792577171614485,True
BH14,0.5666666666666667,-0.5666666666666667,0.8006725063415409,0.8010279943124079,True
BH14,0.5833333333333333,-0.5666666666666667,0.8091235229243096,0.8094357140064974,True
BH14,0.6000000000000001,-0.5666666666666667,0.8175088969297197,0.8178357407929748,True
BH14,0.6166666666666667,-0.5666666666666667,0.8258293998266999,0.826228396785158,True
BH14,0.6333333333333333,-0.5666666666666667,0.8340794678208037,0.8343920438752153,True
BH14,0.6499999999999999,-0.5666666666666667,0.8422570235453464,0.8424966101617084,True
BH14,0.6666666666666667,-0.5666666666666667,0.8503588862375218,0.8505990453975569,True
BH14,0.6833333333333333,-0.5666666666666667,0.8583845537534363,0.8586994162518258,True
BH14,0.7,-0.5666666666666667,0.8663372250208871,0.8666103287089926,True
BH14,0.7166666666666666,-0.5666666666666667,0.8742150892526107,0.8743881825758911,True
BH14,0.7333333333333334,-0.5666666666666667,0.8820215087694925,0.8821678580780128,True
BH14,0.75,-0.5666666666666667,0.889757407379518,0.8899493215788629,True
BH14,0.7666666666666666,-0.5666666666666667,0.897425998717901,0.8976836912044919,True
BH14,0.7833333333333332,-0.5666666666666667,0.9050306251588273,0.9051756950175898,True
BH14,0.8,-0.5666666666666667,0.9125738287290299,0.9126667470576695,True
BH14,0.8166666666666667,-0.5666666666666667,0.9200618621652974,0.9201568509558724,True
BH14,0.8333333333333333,-0.5666666666666667,0.9274971685247393,0.9276460103242585,True
BH14,0.8499999999999999,-0.5666666666666667,0.9348836344999456,0.9350244506425929,True
BH14,0.8666666666666667,-0.5666666666666667,0.9422292530308961,0.9423055023189594,True
BH14,0.8833333333333333,-0.5666666666666667,0.949534417507052,0.9495842931566837,True
BH14,0.8999999999999999,-0.5666666666666667,0.9568055881278399,0.9568608278096764,True
BH14,0.9166666666666667,-0.5666666666666667,0.9640512231961029,0.9641351109176529,True
BH14,0.9333333333333333,-0.5666666666666667,0.9712674296485397,0.9713259601939643,True
BH14,0.95,-0.5666666666666667,0.9784683314969396,0.9784946706059504,True
BH14,0.9666666666666666,-0.5666666666666667,0.9856531623309427,0.9856632469447809,True
BH14,0.9833333333333334,-0.5666666666666667,0.9928289401716631,0.9928316898607648,True
BH14,1.0,-0.5666666666666667,1.0,1.0,True
BH14,-1.0,-0.55,9.307877565141032e-17,-4.4521734611906013e-17,True
BH14,-0.9833333333333333,-0.55,0.007099924804775552,0.007103969327045262,True
BH14,-0.9666666666666667,-0.55,0.01420464451444776,0.014209117716666412,True
BH14,-0.95,-0.55,0.02131991234008193,0.02131544060913185,True
BH14,-0.9333333333333333,-0.55,0.02844933784294912,0.028422933467917202,True
BH14,-0.9166666666666666,-0.55,0.03560252095720201,0.035531591779560084,True
BH14,-0.9,-0.55,0.04277845133901243,0.04269380697782209,True
BH14,-0.8833333333333333,-0.55,0.04998544279999484,0.04995325420640892,True
BH14,-0.8666666666666667,-0.55,0.05722785140129803,0.057215166174359504,True
BH14,-0.85,-0.55,0.06451067007258116,0.06447952362200622,True
BH14,-0.8333333333333334,-0.55,0.07183937671318207,0.07174630748556748,True
BH14,-0.8166666666666667,-0.55,0.07921985934456086,0.07901549889472032,True
BH14,-0.8,-0.55,0.08665538905248055,0.08651394482573202,True
BH14,-0.7833333333333333,-0.55,0.09415067676096867,0.09409280438824962,True
BH14,-0.7666666666666666,-0.55,0.10171315048934168,0.10167176293149285,True
BH14,-0.75,-0.55,0.10934249220703186,0.10925082000079811,True
BH14,-0.7333333333333334,-0.55,0.11704803037860205,0.11682997514427562,True
BH14,-0.7166666666666667,-0.55,0.12482572750961979,0.12449090921885617,True
BH14,-0.7,-0.55,0.13268268180779025,0.1324977843014409,True
BH14,-0.6833333333333333,-0.55,0.14062116058689525,0.14050445648345375,True
BH14,-0.6666666666666667,-0.55,0.14864216250431594,0.14851092389414683,True
BH14,-0.65,-0.55,0.15674487341599797,0.15651718463944697,True
BH14,-0.6333333333333333,-0.55,0.16492553757875156,0.16452323680158654,True
BH14,-0.6166666666666667,-0.55,0.1731923617774493,0.17288012354144017,True
BH14,-0.6,-0.55,0.18152997516001088,0.1813002413795673,True
BH14,-0.5833333333333333,-0.55,0.18993946178575793,0.189723139072494,True
BH14,-0.5666666666666667,-0.55,0.1984225008714727,0.19814884567153881,True
BH14,-0.55,-0.55,0.20696641011409012,0.20657739067268782,True
BH14,-0.5333333333333333,-0.55,0.21557313807454917,0.21520979633719872,True
BH14,-0.5166666666666666,-0.55,0.22423184350068226,0.22392655389346305,True
BH14,-0.5,-0.55,0.23293728279414694,0.2326461119783424,True
BH14,-0.4833333333333334,-0.55,0.24168404550385128,0.24136850551995837,True
BH14,-0.4666666666666667,-0.55,0.2504680703842281,0.25009377002165323,True
BH14,-0.44999999999999996,-0.55,0.2592825001637088,0.25894553499017536,True
BH14,-0.43333333333333335,-0.55,0.2681219189120876,0.2678155283230679,True
BH14,-0.41666666666666663,-0.55,0.27698414053261206,0.2766876872716124,True
BH14,-0.4,-0.55,0.28586540901361335,0.2855620246521642,True
BH14,-0.3833333333333333,-0.55,0.2947587019183502,0.2944439872654683,True
BH14,-0.3666666666666667,-0.55,0.3036627850176799,0.30337366235737084,True
BH14,-0.35,-0.55,0.31257670081238526,0.31230431805782083,True
BH14,-0.33333333333333337,-0.55,0.32149614931605697,0.3212359564446608,True
BH14,-0.31666666666666665,-0.55,0.33042054014954897,0.3301685796016758,True
BH14,-0.30000000000000004,-0.55,0.3393479207882929,0.3391060009922454,True
BH14,-0.2833333333333333,-0.55,0.34827800905759354,0.34805071354869305,True
BH14,-0.2666666666666667,-0.55,0.35720896313457673,0.3569957390199553,True
BH14,-0.25,-0.55,0.3661401953186698,0.3659410776454623,True
BH14,-0.2333333333333334,-0.55,0.37507121261885024,0.37488672966488984,True
BH14,-0.21666666666666667,-0.55,0.3840008282547529,0.3838303703974713,True
BH14,-0.19999999999999996,-0.55,0.3929311338910523,0.39277282982138473,True
BH14,-0.18333333333333335,-0.55,0.40185927751013006,0.40171535321029,True
BH14,-0.16666666666666663,-0.55,0.4107862993020473,0.4106579405799227,True
BH14,-0.15000000000000002,-0.55,0.4197118302565059,0.41960059194602317,True
BH14,-0.1333333333333333,-0.55,0.4286362293560501,0.4285377634457676,True
BH14,-0.1166666666666667,-0.55,0.43756039673278985,0.437474600502624,True
BH14,-0.09999999999999998,-0.55,0.4464820651724544,0.4464114400221655,True
BH14,-0.08333333333333337,-0.55,0.45540297935618146,0.455348282004474,True
BH14,-0.06666666666666665,-0.55,0.46432375580125324,0.4642842610382313,True
BH14,-0.050000000000000044,-0.55,0.47324332638013267,0.4732176060605803,True
BH14,-0.033333333333333326,-0.55,0.48216294236849877,0.48215094083260995,True
BH14,-0.01666666666666672,-0.55,0.49108189466362206,0.49108426535440414,True
BH14,0.0,-0.55,0.500000125234993,0.5000175796260469,True
BH14,0.016666666666666607,-0.55,0.5089188261954731,0.5089511427357689,True
BH14,0.033333333333333215,-0.55,0.5178378506744414,0.5178848944473766,True
BH14,0.050000000000000044,-0.55,0.5267566558796807,0.5268186236992944,True
BH14,0.06666666666666665,-0.55,0.5356764233570876,0.5357523304918449,True
BH14,0.08333333333333326,-0.55,0.5445964008134366,0.5446860148253508,True
BH14,0.10000000000000009,-0.55,0.5535178634157922,0.5536233692184978,True
BH14,0.1166666666666667,-0.55,0.5624403562909024,0.5625612650312684,True
BH14,0.1333333333333333,-0.55,0.5713642533265123,0.5714991087720259,True
BH14,0.1499999999999999,-0.55,0.5802876489120996,0.5804369004417257,True
BH14,0.16666666666666674,-0.55,0.5892140814295921,0.5893756812283487,True
BH14,0.18333333333333335,-0.55,0.5981417752446309,0.5983193908461771,True
BH14,0.19999999999999996,-0.55,0.6070698319813674,0.607262972939054,True
BH14,0.21666666666666656,-0.55,0.615998909455649,0.6162064275093848,True
BH14,0.2333333333333334,-0.55,0.6249295959432375,0.6251497545595754,True
BH14,0.25,-0.55,0.6338599345317754,0.6340938514710728,True
BH14,0.2666666666666666,-0.55,0.6427914321622621,0.6430386364986926,True
BH14,0.2833333333333332,-0.55,0.6517219498182761,0.6519831097890391,True
BH14,0.30000000000000004,-0.55,0.6606512254563337,0.6609272713465917,True
BH14,0.31666666666666665,-0.55,0.669579544395694,0.6698711211758297,True
BH14,0.33333333333333326,-0.55,0.6785031773128786,0.6788010300673857,True
BH14,0.3500000000000001,-0.55,0.6874228957678832,0.6877269747033701,True
BH14,0.3666666666666667,-0.55,0.6963377909897699,0.6966522126084981,True
BH14,0.3833333333333333,-0.55,0.7052411363412316,0.705576743745119,True
BH14,0.3999999999999999,-0.55,0.7141357916831794,0.7144917054830968,True
BH14,0.41666666666666674,-0.55,0.7230156543122649,0.7233493131646853,True
BH14,0.43333333333333335,-0.55,0.7318773789749968,0.7322056013223968,True
BH14,0.44999999999999996,-0.55,0.7407165664033593,0.7410605690622448,True
BH14,0.46666666666666656,-0.55,0.7495311868633991,0.7499142154893825,True
BH14,0.4833333333333334,-0.55,0.7583141531322826,0.7586904662444203,True
BH14,0.5,-0.55,0.7670617728522712,0.7673827480067426,True
BH14,0.5166666666666666,-0.55,0.7757683527461896,0.7760734744625071,True
BH14,0.5333333333333332,-0.55,0.7844278831210034,0.784762637977047,True
BH14,0.55,-0.55,0.7930315521558071,0.7934502308636349,True
BH14,0.5666666666666667,-0.55,0.8015784992327109,0.8019428414959813,True
BH14,0.5833333333333333,-0.55,0.8100585482107654,0.8103850450497401,True
BH14,0.6000000000000001,-0.55,0.8184707272518592,0.8188184334336859,True
BH14,0.6166666666666667,-0.55,0.8268125397691279,0.8272433908476362,True
BH14,0.6333333333333333,-0.55,0.8350736930392721,0.8354125869977788,True
BH14,0.6499999999999999,-0.55,0.8432555540383504,0.8435294903110617,True
BH14,0.6666666666666667,-0.55,0.8513566455624086,0.8516439832669729,True
BH14,0.6833333333333333,-0.55,0.8593784685367869,0.8597561428684202,True
BH14,0.7,-0.55,0.8673166048165228,0.8676356768713455,True
BH14,0.7166666666666666,-0.55,0.8751706659470564,0.8753934914221734,True
BH14,0.7333333333333334,-0.55,0.8829518006621195,0.8831533763588102,True
BH14,0.75,-0.55,0.8906561833793735,0.8909152933988487,True
BH14,0.7666666666666666,-0.55,0.8982865144761097,0.8986017548738676,True
BH14,0.7833333333333332,-0.55,0.9058482474964122,0.9060421195882373,True
BH14,0.8,-0.55,0.91334381879556,0.913481667561806,True
BH14,0.8166666666666667,-0.55,0.9207777853045822,0.9209204018652046,True
BH14,0.8333333333333333,-0.55,0.9281576778169122,0.9283583255532244,True
BH14,0.8499999999999999,-0.55,0.9354887819139646,0.9356658534650338,True
BH14,0.8666666666666667,-0.55,0.9427728740398855,0.9428789745729484,True
BH14,0.8833333333333333,-0.55,0.9500150211982636,0.9500899393103872,True
BH14,0.8999999999999999,-0.55,0.9572220628371041,0.9572987520515492,True
BH14,0.9166666666666667,-0.55,0.964395418964865,0.9645054171575151,True
BH14,0.9333333333333333,-0.55,0.9715499402406619,0.9716208461195042,True
BH14,0.95,-0.55,0.9786780403322086,0.9787154787838113,True
BH14,0.9666666666666666,-0.55,0.9857939449937257,0.9858102156502638,True
BH14,0.9833333333333334,-0.55,0.9929003049117636,0.9929050562206696,True
BH14,1.0,-0.55,1.0,1.0,True
BH14,-1.0,-0.5333333333333333,2.4993378442472032e-17,2.2080298932089812e-18,True
BH14,-0.9833333333333333,-0.5333333333333333,0.0070243391999393525,0.0070338457523292245,True
BH14,-0.9666666666666667,-0.5333333333333333,0.014053118159898806,0.014069048841443534,True
BH14,-0.95,-0.5333333333333333,0.021093386779680826,0.021105604046329905,True
BH14,-0.9333333333333333,-0.5333333333333333,0.028149892068061858,0.02814350617235601,True
BH14,-0.9166666666666666,-0.5333333333333333,0.035227806168797705,0.035182750051105834,True
BH14,-0.9,-0.5333333333333333,0.04233209739982233,0.04227652513793369,True
BH14,-0.8833333333333333,-0.5333333333333333,0.049468537636627716,0.04947360560256002,True
BH14,-0.8666666666666667,-0.5333333333333333,0.05664193791575613,0.05667346791142337,True
BH14,-0.85,-0.5333333333333333,0.0638553113887742,0.06387609050938794,True
BH14,-0.8333333333333334,-0.5333333333333333,0.07112769152822088,0.07108145205803139,True
BH14,-0.8166666666666667,-0.5333333333333333,0.07844775309351104,0.07828953143299937,True
BH14,-0.8,-0.5333333333333333,0.08582847941877793,0.08573430258804549,True
BH14,-0.7833333333333333,-0.5333333333333333,0.09326912204684694,0.09327355342790337,True
BH14,-0.7666666666666666,-0.5333333333333333,0.10078269618651861,0.10081302373094148,True
BH14,-0.75,-0.5333333333333333,0.1083732280128005,0.1083527124979005,True
BH14,-0.7333333333333334,-0.5333333333333333,0.11603915450027333,0.11589261873554567,True
BH14,-0.7166666666666667,-0.5333333333333333,0.12379003280245396,0.12350181483109525,True
BH14,-0.7,-0.5333333333333333,0.13162528708576143,0.13150557072869934,True
BH14,-0.6833333333333333,-0.5333333333333333,0.1395493641156935,0.13950910438866956,True
BH14,-0.6666666666666667,-0.5333333333333333,0.14756419555591405,0.14751241375581214,True
BH14,-0.65,-0.5333333333333333,0.15566491288070386,0.15551549674920573,True
BH14,-0.6333333333333333,-0.5333333333333333,0.16385171177041613,0.1635183512617922,True
BH14,-0.6166666666666667,-0.5333333333333333,0.17213210971909515,0.17188289469889692,True
BH14,-0.6,-0.5333333333333333,0.18049378161631785,0.18033161696102623,True
BH14,-0.5833333333333333,-0.5333333333333333,0.18893473693352453,0.18878334078722575,True
BH14,-0.5666666666666667,-0.5333333333333333,0.19745071518099683,0.19723809820065852,True
BH14,-0.55,-0.5333333333333333,0.20603629052445288,0.20569592172683307,True
BH14,-0.5333333333333333,-0.5333333333333333,0.21468372966367189,0.21436644487292333,True
BH14,-0.5166666666666666,-0.5333333333333333,0.22338921047633542,0.2231244657056552,True
BH14,-0.5,-0.5333333333333333,0.2321427570259667,0.2318856230942403,True
BH14,-0.4833333333333334,-0.5333333333333333,0.2409378745600661,0.24064995596411226,True
BH14,-0.4666666666666667,-0.5333333333333333,0.24977052177219805,0.2494175038774197,True
BH14,-0.44999999999999996,-0.5333333333333333,0.25863358249173796,0.25830912702992936,True
BH14,-0.43333333333333335,-0.5333333333333333,0.26751821688507404,0.26721976441523276,True
BH14,-0.41666666666666663,-0.5333333333333333,0.27642558860781036,0.27613272849090137,True
BH14,-0.4,-0.5333333333333333,0.2853492690547723,0.2850480330440418,True
BH14,-0.3833333333333333,-0.5333333333333333,0.29428497834431083,0.2939700247349123,True
BH14,-0.3666666666666667,-0.5333333333333333,0.3032273091816162,0.3029321879436664,True
BH14,-0.35,-0.5333333333333333,0.312176366831323,0.3118953781999573,True
BH14,-0.33333333333333337,-0.5333333333333333,0.3211296472342515,0.3208595976835422,True
BH14,-0.31666666666666665,-0.5333333333333333,0.33008544452483957,0.329824848580425,True
BH14,-0.30000000000000004,-0.5333333333333333,0.33904197341976894,0.33879190090422523,True
BH14,-0.2833333333333333,-0.5333333333333333,0.3479991413066168,0.34776087798645816,True
BH14,-0.2666666666666667,-0.5333333333333333,0.35695525125960037,0.3567301804437245,True
BH14,-0.25,-0.5333333333333333,0.36591007108921536,0.36569980852517814,True
BH14,-0.2333333333333334,-0.5333333333333333,0.37486281358215573,0.3746697624802286,True
BH14,-0.21666666666666667,-0.5333333333333333,0.3838133865597517,0.383633796155087,True
BH14,-0.19999999999999996,-0.5333333333333333,0.3927622439639574,0.3925944710790154,True
BH14,-0.18333333333333335,-0.5333333333333333,0.40170825997188003,0.40155521295893204,True
BH14,-0.16666666666666663,-0.5333333333333333,0.4106524351654195,0.4105160218113111,True
BH14,-0.15000000000000002,-0.5333333333333333,0.4195936323302508,0.41947689765263146,True
BH14,-0.1333333333333333,-0.5333333333333333,0.42853389714614837,0.42842879974356873,True
BH14,-0.1166666666666667,-0.5333333333333333,0.4374716980777214,0.4373801524047223,True
BH14,-0.09999999999999998,-0.5333333333333333,0.44640779506804273,0.4463315078515267,True
BH14,-0.08333333333333337,-0.5333333333333333,0.4553419135838992,0.455282866084075,True
BH14,-0.06666666666666665,-0.5333333333333333,0.4642751994676059,0.46423295153537636,True
BH14,-0.050000000000000044,-0.5333333333333333,0.4732073797185359,0.47317915308437963,True
BH14,-0.033333333333333326,-0.5333333333333333,0.48213872417900594,0.48212534431309834,True
BH14,-0.01666666666666672,-0.5333333333333333,0.4910694513004297,0.49107152522161673,True
BH14,0.0,-0.5333333333333333,0.5000003569549744,0.5000176958100193,True
BH14,0.016666666666666607,-0.5333333333333333,0.508931051788196,0.5089642135121384,True
BH14,0.033333333333333215,-0.5333333333333333,0.5178617377648065,0.5179109991188703,True
BH14,0.050000000000000044,-0.5333333333333333,0.5267931695565076,0.5268577621417182,True
BH14,0.06666666666666665,-0.5333333333333333,0.5357250955672097,0.5358045025810063,True
BH14,0.08333333333333326,-0.5333333333333333,0.5446585451313048,0.5447512204370593,True
BH14,0.10000000000000009,-0.5333333333333333,0.5535924734125341,0.5537033607048152,True
BH14,0.1166666666666667,-0.5333333333333333,0.5625288363382088,0.5626563260089823,True
BH14,0.1333333333333333,-0.5333333333333333,0.5714667935507354,0.5716092390596211,True
BH14,0.1499999999999999,-0.5333333333333333,0.5804063544546723,0.5805620998576897,True
BH14,0.16666666666666674,-0.5333333333333333,0.5893477420393014,0.5895166510764477,True
BH14,0.18333333333333335,-0.5333333333333333,0.5982921926105741,0.5984795561098295,True
BH14,0.19999999999999996,-0.5333333333333333,0.6072381817252099,0.6074423333895205,True
BH14,0.21666666666666656,-0.5333333333333333,0.6161868314509091,0.6164049829179296,True
BH14,0.2333333333333334,-0.5333333333333333,0.6251374998342933,0.6253675046974663,True
BH14,0.25,-0.5333333333333333,0.6340905584108759,0.6343339129621708,True
BH14,0.2666666666666666,-0.5333333333333333,0.6430447367988055,0.643304336633993,True
BH14,0.2833333333333332,-0.5333333333333333,0.6520015972640668,0.6522744483826923,True
BH14,0.30000000000000004,-0.5333333333333333,0.660957638196508,0.6612442482127483,True
BH14,0.31666666666666665,-0.5333333333333333,0.6699145665394826,0.6702137361286397,True
BH14,0.33333333333333326,-0.5333333333333333,0.6788705167700643,0.6791759160225845,True
BH14,0.3500000000000001,-0.5333333333333333,0.6878239207555912,0.6881357155773362,True
BH14,0.3666666666666667,-0.5333333333333333,0.6967740876056172,0.6970948098801575,True
BH14,0.3833333333333333,-0.5333333333333333,0.7057162155590782,0.7060531988935138,True
BH14,0.3999999999999999,-0.5333333333333333,0.7146512778520995,0.7150031769013165,True
BH14,0.41666666666666674,-0.5333333333333333,0.7235756372858104,0.7239015085648952,True
BH14,0.43333333333333335,-0.5333333333333333,0.7324792477072252,0.7327985403469146,True
BH14,0.44999999999999996,-0.5333333333333333,0.7413668543255177,0.7416942713691518,True
BH14,0.46666666666666656,-0.5333333333333333,0.750230450325429,0.7505887007525416,True
BH14,0.4833333333333334,-0.5333333333333333,0.759060590739931,0.7594060511346007,True
BH14,0.5,-0.5333333333333333,0.767857630058117,0.768137041000101,True
BH14,0.5166666666666666,-0.5333333333333333,0.7766126630137221,0.7768666064558318,True
BH14,0.5333333333333332,-0.5333333333333333,0.7853160090875474,0.7855947405787339,True
BH14,0.55,-0.5333333333333333,0.7939626547009204,0.7943214363991331,True
BH14,0.5666666666666667,-0.5333333333333333,0.8025471596379921,0.8028568939491365,True
BH14,0.5833333333333333,-0.5333333333333333,0.8110669349491869,0.8113346730724115,True
BH14,0.6000000000000001,-0.5333333333333333,0.8195049356389855,0.8198024203755806,True
BH14,0.6166666666666667,-0.5333333333333333,0.8278667753301596,0.8282605910838176,True
BH14,0.6333333333333333,-0.5333333333333333,0.8361437706213897,0.8364342196754295,True
BH14,0.6499999999999999,-0.5333333333333333,0.8443380661368658,0.8445636293999608,True
BH14,0.6666666666666667,-0.5333333333333333,0.8524356755509959,0.852690337983511,True
BH14,0.6833333333333333,-0.5333333333333333,0.8604532356275729,0.8608144335456258,True
BH14,0.7,-0.5333333333333333,0.8683726924364584,0.8686582225466144,True
BH14,0.7166666666666666,-0.5333333333333333,0.8762105222819538,0.876396007846842,True
BH14,0.7333333333333334,-0.5333333333333333,0.8839578397782014,0.8841361125475018,True
BH14,0.75,-0.5333333333333333,0.8916256403079073,0.8918784937027666,True
BH14,0.7666666666666666,-0.5333333333333333,0.8992161588155885,0.8995125838366493,True
BH14,0.7833333333333332,-0.5333333333333333,0.9067308396772928,0.9069018383724872,True
BH14,0.8,-0.5333333333333333,0.9141747906898355,0.9142904072865454,True
BH14,0.8166666666666667,-0.5333333333333333,0.9215534112801684,0.921678293119068,True
BH14,0.8333333333333333,-0.5333333333333333,0.9288725965208497,0.9290654983974395,True
BH14,0.8499999999999999,-0.5333333333333333,0.9361386699371644,0.9363011269020933,True
BH14,0.8666666666666667,-0.5333333333333333,0.9433568982142133,0.9434470455188126,True
BH14,0.8833333333333333,-0.5333333333333333,0.9505304252879919,0.9505909092923636,True
BH14,0.8999999999999999,-0.5333333333333333,0.9576711046733948,0.9577327223304466,True
BH14,0.9166666666666667,-0.5333333333333333,0.9647714544945447,0.9648724887286508,True
BH14,0.9333333333333333,-0.5333333333333333,0.9718502553950572,0.9719129030000759,True
BH14,0.95,-0.5333333333333333,0.9789061528299263,0.9789341753388264,True
BH14,0.9666666666666666,-0.5333333333333333,0.985946413766836,0.9859557833380086,True
BH14,0.9833333333333334,-0.5333333333333333,0.9929760142717159,0.992977725415742,True
BH14,1.0,-0.5333333333333333,1.0,1.0000000000000002,True
BH14,-1.0,-0.5166666666666666,-3.254993281540913e-17,0.0,True
BH14,-0.9833333333333333,-0.5166666666666666,0.006943749919257458,0.006963971771901929,True
BH14,-0.9666666666666667,-0.5166666666666666,0.013893119719919316,0.013929477234650572,True
BH14,-0.95,-0.5166666666666666,0.02085163789174724,0.020896510520505035,True
BH14,-0.9333333333333333,-0.5166666666666666,0.027828170222772494,0.02786506579115734,True
BH14,-0.9166666666666666,-0.5166666666666666,0.03482739841252227,0.03483513723755103,True
BH14,-0.9,-0.5166666666666666,0.041852934322097184,0.04186061525324762,True
BH14,-0.8833333333333333,-0.5166666666666666,0.04891392162077536,0.04899566936524682,True
BH14,-0.8666666666666667,-0.5166666666666666,0.05601467045598012,0.05613381709316011,True
BH14,-0.85,-0.5166666666666666,0.06316016843933919,0.06327503466712112,True
BH14,-0.8333333333333334,-0.5166666666666666,0.07035758529650102,0.0704192985534872,True
BH14,-0.8166666666666667,-0.5166666666666666,0.077611676913119,0.07756658545200003,True
BH14,-0.8,-0.5166666666666666,0.08492981967453388,0.08495685615548271,True
BH14,-0.7833333333333333,-0.5166666666666666,0.09231719480985895,0.09245672459305508,True
BH14,-0.7666666666666666,-0.5166666666666666,0.09977646101258056,0.09995693088453883,True
BH14,-0.75,-0.5166666666666666,0.10732249486740059,0.1074574735050901,True
BH14,-0.7333333333333334,-0.5166666666666666,0.11494895625516513,0.11495835093895031,True
BH14,-0.7166666666666667,-0.5166666666666666,0.12267101714372972,0.12251298130834333,True
BH14,-0.7,-0.5166666666666666,0.1304805251663564,0.13051361310266096,True
BH14,-0.6833333333333333,-0.5166666666666666,0.13838572081483852,0.13851400321684493,True
BH14,-0.6666666666666667,-0.5166666666666666,0.14638986984105254,0.14651414940918764,True
BH14,-0.65,-0.5166666666666666,0.1544949541122173,0.1545140494098064,True
BH14,-0.6333333333333333,-0.5166666666666666,0.1626987131502197,0.16251370092019374,True
BH14,-0.6166666666666667,-0.5166666666666666,0.17099323247726414,0.17088391868488623,True
BH14,-0.6,-0.5166666666666666,0.17937885515248808,0.17935416215368294,True
BH14,-0.5833333333333333,-0.5166666666666666,0.18785444564952977,0.18781433976192022,True
BH14,-0.5666666666666667,-0.5166666666666666,0.19641090309633452,0.19628187091251287,True
BH14,-0.55,-0.5166666666666666,0.2050415031342717,0.20475695752372436,True
BH14,-0.5333333333333333,-0.5166666666666666,0.21373947605794147,0.2134571401107156,True
BH14,-0.5166666666666666,-0.5166666666666666,0.22249863372631432,0.22225436632618173,True
BH14,-0.5,-0.5166666666666666,0.23130532916851962,0.2310581926140009,True
BH14,-0.4833333333333334,-0.5166666666666666,0.2401576298503827,0.2398686988368187,True
BH14,-0.4666666666666667,-0.5166666666666666,0.24904363512487132,0.248685966209664,True
BH14,-0.44999999999999996,-0.5166666666666666,0.25795954032410817,0.25762229306552664,True
BH14,-0.43333333333333335,-0.5166666666666666,0.2668968361351544,0.266579605658243,True
BH14,-0.41666666666666663,-0.5166666666666666,0.2758531082718848,0.2755406578217834,True
BH14,-0.4,-0.5166666666666666,0.2848226283679196,0.2845054652307621,True
BH14,-0.3833333333333333,-0.5166666666666666,0.29380019015986686,0.29347667903735236,True
BH14,-0.3666666666666667,-0.5166666666666666,0.30278500340201486,0.302475406025249,True
BH14,-0.35,-0.5166666666666666,0.31177184006631486,0.31147546549123606,True
BH14,-0.33333333333333337,-0.5166666666666666,0.32076031900460744,0.32047685897267075,True
BH14,-0.31666666666666665,-0.5166666666666666,0.3297484618395665,0.3294795880093782,True
BH14,-0.30000000000000004,-0.5166666666666666,0.338735972629028,0.3384800396633116,True
BH14,-0.2833333333333333,-0.5166666666666666,0.34772144526928417,0.34747464743073886,True
BH14,-0.2666666666666667,-0.5166666666666666,0.3567038758894273,0.35646961542934674,True
BH14,-0.25,-0.5166666666666666,0.3656819294792966,0.36546494369883303,True
BH14,-0.2333333333333334,-0.5166666666666666,0.3746566237687424,0.37446063227890153,True
BH14,-0.21666666666666667,-0.5166666666666666,0.3836281435585042,0.3834454699674797,True
BH14,-0.19999999999999996,-0.5166666666666666,0.39259613983261593,0.3924241814572317,True
BH14,-0.18333333333333335,-0.5166666666666666,0.40156035640407434,0.4014029605226427,True
BH14,-0.16666666666666663,-0.5166666666666666,0.4105206520351594,0.41038180717024303,True
BH14,-0.15000000000000002,-0.5166666666666666,0.4194784869871723,0.4193607214065639,True
BH14,-0.1333333333333333,-0.5166666666666666,0.4284323516509848,0.4283266243728228,True
BH14,-0.1166666666666667,-0.5166666666666666,0.4373850230723109,0.4372917279791946,True
BH14,-0.09999999999999998,-0.5166666666666666,0.44633438898143774,0.44625683456380183,True
BH14,-0.08333333333333337,-0.5166666666666666,0.4552819776079173,0.455221944126805,True
BH14,-0.06666666666666665,-0.5166666666666666,0.46422768415429255,0.46418533172161014,True
BH14,-0.050000000000000044,-0.5166666666666666,0.47317188925062187,0.4731434640540344,True
BH14,-0.033333333333333326,-0.5166666666666666,0.4821154979409079,0.48210158734683367,True
BH14,-0.01666666666666672,-0.5166666666666666,0.491057871093021,0.49105970159969914,True
BH14,0.0,-0.5166666666666666,0.5000003379848726,0.500017806812322,True
BH14,0.016666666666666607,-0.5166666666666666,0.5089422038492775,0.5089763665839991,True
BH14,0.033333333333333215,-0.5166666666666666,0.5178851558931657,0.517935282580102,True
BH14,0.050000000000000044,-0.5166666666666666,0.5268286523627327,0.5268941787067746,True
BH14,0.06666666666666665,-0.5166666666666666,0.5357726622490848,0.535853054962638,True
BH14,0.08333333333333326,-0.5166666666666666,0.544718217631546,0.5448119113463133,True
BH14,0.10000000000000009,-0.5166666666666666,0.5536658598531123,0.5537781290401981,True
BH14,0.1166666666666667,-0.5166666666666666,0.5626157243422096,0.5627454917894044,True
BH14,0.1333333333333333,-0.5166666666666666,0.5715675058101564,0.5717128067368926,True
BH14,0.1499999999999999,-0.5166666666666666,0.5805221774318778,0.5806800738760142,True
BH14,0.16666666666666674,-0.5166666666666666,0.5894800256002687,0.589649852596847,True
BH14,0.18333333333333335,-0.5166666666666666,0.5984408770755218,0.5986320096815165,True
BH14,0.19999999999999996,-0.5166666666666666,0.6074048861577331,0.6076140407041919,True
BH14,0.21666666666666656,-0.5166666666666666,0.6163725149807313,0.6165959456341791,True
BH14,0.2333333333333334,-0.5166666666666666,0.6253449743779169,0.625577724440775,True
BH14,0.25,-0.5166666666666666,0.6343190164387893,0.6345674345579805,True
BH14,0.2666666666666666,-0.5166666666666666,0.6432976957934595,0.6435654849781998,True
BH14,0.2833333333333332,-0.5166666666666666,0.6522797015510726,0.652563188978202,True
BH14,0.30000000000000004,-0.5166666666666666,0.6612642466850045,0.661560546447637,True
BH14,0.31666666666666665,-0.5166666666666666,0.6702517251330595,0.670557557276106,True
BH14,0.33333333333333326,-0.5166666666666666,0.6792395880645993,0.6795573402848636,True
BH14,0.3500000000000001,-0.5166666666666666,0.6882291175102305,0.688557027239376,True
BH14,0.3666666666666667,-0.5166666666666666,0.6972147607256525,0.6975557874579374,True
BH14,0.3833333333333333,-0.5166666666666666,0.7062004635046886,0.706553620931298,True
BH14,0.3999999999999999,-0.5166666666666666,0.7151786264300141,0.7155448078653958,True
BH14,0.41666666666666674,-0.5166666666666666,0.7241451076554388,0.7244958525159564,True
BH14,0.43333333333333335,-0.5166666666666666,0.7331036308185755,0.7334447829160399,True
BH14,0.44999999999999996,-0.5166666666666666,0.7420420151896223,0.7423916037419425,True
BH14,0.46666666666666656,-0.5166666666666666,0.7509573791143774,0.7513363196560009,True
BH14,0.4833333333333334,-0.5166666666666666,0.7598437743237898,0.7602056790621738,True
BH14,0.5,-0.5166666666666666,0.7686953770537361,0.7689887839082107,True
BH14,0.5166666666666666,-0.5166666666666666,0.777500597070685,0.7777689470074792,True
BH14,0.5333333333333332,-0.5166666666666666,0.7862597727285703,0.7865462047717902,True
BH14,0.55,-0.5166666666666666,0.7949573532253537,0.7953205930018136,True
BH14,0.5666666666666667,-0.5166666666666666,0.8035896095574844,0.8038660052749804,True
BH14,0.5833333333333333,-0.5166666666666666,0.8121410203161611,0.8123308543784715,True
BH14,0.6000000000000001,-0.5166666666666666,0.820618319046174,0.8207877599773747,True
BH14,0.6166666666666667,-0.5166666666666666,0.829007122203168,0.8292800928714184,True
BH14,0.6333333333333333,-0.5166666666666666,0.8373037762355117,0.8374569666275931,True
BH14,0.6499999999999999,-0.5166666666666666,0.8455051705220726,0.8455990550559886,True
BH14,0.6666666666666667,-0.5166666666666666,0.8536086179310969,0.8537381396286536,True
BH14,0.6833333333333333,-0.5166666666666666,0.8616115158769869,0.8618743204164925,True
BH14,0.7,-0.5166666666666666,0.8695204804359384,0.8696779641384839,True
BH14,0.7166666666666666,-0.5166666666666666,0.8773285163527988,0.8773957303334581,True
BH14,0.7333333333333334,-0.5166666666666666,0.8850457674376346,0.8851160652054173,True
BH14,0.75,-0.5166666666666666,0.8926791233939317,0.8928389211276428,True
BH14,0.7666666666666666,-0.5166666666666666,0.9002196800761932,0.9004162870448911,True
BH14,0.7833333333333332,-0.5166666666666666,0.9076824768706168,0.9077549519935528,True
BH14,0.8,-0.5166666666666666,0.9150715074164951,0.9150930586435043,True
BH14,0.8166666666666667,-0.5166666666666666,0.9223830011112727,0.9224306090332834,True
BH14,0.8333333333333333,-0.5166666666666666,0.9296418095763418,0.9297676051912998,True
BH14,0.8499999999999999,-0.5166666666666666,0.9368381329562502,0.9369303685344789,True
BH14,0.8666666666666667,-0.5166666666666666,0.9439853804810414,0.9440098009888245,True
BH14,0.8833333333333333,-0.5166666666666666,0.9510849354617452,0.9510872772758393,True
BH14,0.8999999999999999,-0.5166666666666666,0.9581462229738815,0.9581628012493222,True
BH14,0.9166666666666667,-0.5166666666666666,0.9651714467630523,0.9652363767519,True
BH14,0.9333333333333333,-0.5166666666666666,0.9721718681980188,0.9722021716062998,True
BH14,0.95,-0.5166666666666666,0.9791491825770484,0.9791507905589818,True
BH14,0.9666666666666666,-0.5166666666666666,0.9861078621320796,0.9860999700087173,True
BH14,0.9833333333333334,-0.5166666666666666,0.9930562950757892,0.9930497073516912,True
BH14,1.0,-0.5166666666666666,0.9999999999999999,1.0,True
BH14,-1.0,-0.5,-8.568495953422482e-18,-4.325177944282688e-18,True
BH14,-0.9833333333333333,-0.5,0.006856356850738822,0.00686706456818513,True
BH14,-0.9666666666666667,-0.5,0.01371910402636886,0.013736779438501209,True
BH14,-0.95,-0.5,0.020593374928888387,0.020609124756024808,True
BH14,-0.9333333333333333,-0.5,0.02748462131361549,0.027484080862095413,True
BH14,-0.9166666666666666,-0.5,0.034397586859770075,0.03436162829191629,True
BH14,-0.9,-0.5,0.04134144113165329,0.04129502455305588,True
BH14,-0.8833333333333333,-0.5,0.04832127630801855,0.04834310285845558,True
BH14,-0.8666666666666667,-0.5,0.055340930052376544,0.05539695447517899,True
BH14,-0.85,-0.5,0.0624082982167872,0.06245648794886513,True
BH14,-0.8333333333333334,-0.5,0.0695309870384217,0.06952161369644946,True
BH14,-0.8166666666666667,-0.5,0.07671344169581766,0.07659224395987951,True
BH14,-0.8,-0.5,0.08396545701025565,0.08390632066639644,True
BH14,-0.7833333333333333,-0.5,0.0912887852530835,0.09134727620588466,True
BH14,-0.7666666666666666,-0.5,0.09869343755749675,0.09878952861382674,True
BH14,-0.75,-0.5,0.1061866154943185,0.10623305283574118,True
BH14,-0.7333333333333334,-0.5,0.11377312560384915,0.11367782444990752,True
BH14,-0.7166666666666667,-0.5,0.12145452930752415,0.12114214368712906,True
BH14,-0.7,-0.5,0.12923674925151774,0.1291281552688892,True
BH14,-0.6833333333333333,-0.5,0.1371258013328759,0.13711505142693162,True
BH14,-0.6666666666666667,-0.5,0.1451217326710727,0.14510285829959976,True
BH14,-0.65,-0.5,0.1532257607080431,0.15309160306572756,True
BH14,-0.6333333333333333,-0.5,0.16143763840922654,0.1610813139969555,True
BH14,-0.6166666666666667,-0.5,0.16975844265857334,0.16943517302236563,True
BH14,-0.6,-0.5,0.17817879045540222,0.17795279805330283,True
BH14,-0.5833333333333333,-0.5,0.18669464992746282,0.1864788200246054,True
BH14,-0.5666666666666667,-0.5,0.19529547285525284,0.1950134728746288,True
BH14,-0.55,-0.5,0.20398344808375757,0.2035569998527251,True
BH14,-0.5333333333333333,-0.5,0.21273682044745745,0.21232012416039558,True
BH14,-0.5166666666666666,-0.5,0.22155476219558545,0.22119585256015667,True
BH14,-0.5,-0.5,0.23042543765760837,0.2300788456080588,True
BH14,-0.4833333333333334,-0.5,0.23933840394726985,0.23896919234808742,True
BH14,-0.4666666666666667,-0.5,0.2482865670705851,0.24786698335688087,True
BH14,-0.44999999999999996,-0.5,0.257261629375359,0.2568655731448093,True
BH14,-0.43333333333333335,-0.5,0.2662578452038571,0.26588477101905483,True
BH14,-0.41666666666666663,-0.5,0.27526820988984596,0.2749078899792655,True
BH14,-0.4,-0.5,0.2842853080546363,0.28393494656541507,True
BH14,-0.3833333333333333,-0.5,0.2933114853802761,0.2929664889502813,True
BH14,-0.3666666666666667,-0.5,0.3023389794450586,0.30200611208933675,True
BH14,-0.35,-0.5,0.31136624221903986,0.31104710062282215,True
BH14,-0.33333333333333337,-0.5,0.3203914364190878,0.32008945613093065,True
BH14,-0.31666666666666665,-0.5,0.3294140248260986,0.3291331801964018,True
BH14,-0.30000000000000004,-0.5,0.3384323725063409,0.33816950635208554,True
BH14,-0.2833333333333333,-0.5,0.3474462541829858,0.3471905406943513,True
BH14,-0.2666666666666667,-0.5,0.35645390925359577,0.3562119373497923,True
BH14,-0.25,-0.5,0.3654570529590656,0.36523369635837966,True
BH14,-0.2333333333333334,-0.5,0.37445415413444016,0.37425581776009087,True
BH14,-0.21666666666666667,-0.5,0.38344624906579755,0.3832616266708978,True
BH14,-0.19999999999999996,-0.5,0.3924332624326312,0.39225824311953716,True
BH14,-0.18333333333333335,-0.5,0.40141480329527807,0.40125492830326237,True
BH14,-0.16666666666666663,-0.5,0.4103924009588463,0.4102516822287173,True
BH14,-0.15000000000000002,-0.5,0.41936539246532406,0.41924850490254695,True
BH14,-0.1333333333333333,-0.5,0.42833431795287197,0.4282280218651756,True
BH14,-0.1166666666666667,-0.5,0.4373006367031185,0.43720647223078307,True
BH14,-0.09999999999999998,-0.5,0.44626312101833476,0.4461849260545284,True
BH14,-0.08333333333333337,-0.5,0.4552234294786068,0.45516338333659806,True
BH14,-0.06666666666666665,-0.5,0.4641814606245641,0.46413965058039147,True
BH14,-0.050000000000000044,-0.5,0.47313762527373043,0.47310922908810604,True
BH14,-0.033333333333333326,-0.5,0.48209245756914876,0.4820787988170906,True
BH14,-0.01666666666666672,-0.5,0.4910464702019307,0.4910483597670451,True
BH14,0.0,-0.5,0.5000001536827272,0.5000179119376694,True
BH14,0.016666666666666607,-0.5,0.5089537039339006,0.5089880285621937,True
BH14,0.033333333333333215,-0.5,0.5179082467485964,0.5179585908355833,True
BH14,0.050000000000000044,-0.5,0.5268627390366986,0.5269291337788988,True
BH14,0.06666666666666665,-0.5,0.5358188726774792,0.5358996573907991,True
BH14,0.08333333333333326,-0.5,0.5447770553682162,0.5448701616699427,True
BH14,0.10000000000000009,-0.5,0.5537371792349023,0.553850052769152,True
BH14,0.1166666666666667,-0.5,0.562700366388308,0.5628314227510445,True
BH14,0.1333333333333333,-0.5,0.5716661243319026,0.5718127462323932,True
BH14,0.1499999999999999,-0.5,0.5806352614148841,0.580794023206732,True
BH14,0.16666666666666674,-0.5,0.5896087335849449,0.5897786850509403,True
BH14,0.18333333333333335,-0.5,0.5985854246826832,0.5987800618982848,True
BH14,0.19999999999999996,-0.5,0.607567307395405,0.6077813158139529,True
BH14,0.21666666666666656,-0.5,0.6165540547557415,0.6167824467680214,True
BH14,0.2333333333333334,-0.5,0.6255459489647952,0.6257834547305579,True
BH14,0.25,-0.5,0.6345442139734477,0.6347969642106619,True
BH14,0.2666666666666666,-0.5,0.6435462015884177,0.6438237727327796,True
BH14,0.2833333333333332,-0.5,0.6525540116940209,0.6528502409854328,True
BH14,0.30000000000000004,-0.5,0.6615679508162091,0.6618763688602731,True
BH14,0.31666666666666665,-0.5,0.670586961211008,0.6709021562489055,True
BH14,0.33333333333333326,-0.5,0.6796087351916573,0.6799432790633334,True
BH14,0.3500000000000001,-0.5,0.6886342633088833,0.6889874627664148,True
BH14,0.3666666666666667,-0.5,0.6976603490685083,0.6980307201090684,True
BH14,0.3833333333333333,-0.5,0.7066906910546127,0.7070730510820495,True
BH14,0.3999999999999999,-0.5,0.7157144872976491,0.7161114560259527,True
BH14,0.41666666666666674,-0.5,0.7247329421302409,0.7251276006146405,True
BH14,0.43333333333333335,-0.5,0.7337430011735251,0.7341415335039418,True
BH14,0.44999999999999996,-0.5,0.7427380768965284,0.743153259594409,True
BH14,0.46666666666666656,-0.5,0.7517140029819064,0.7521627837719307,True
BH14,0.4833333333333334,-0.5,0.760661552447973,0.7611025003681302,True
BH14,0.5,-0.5,0.769575538401653,0.769962082922746,True
BH14,0.5166666666666666,-0.5,0.7784446592780981,0.7788180700250273,True
BH14,0.5333333333333332,-0.5,0.7872631323826904,0.7876705068013842,True
BH14,0.55,-0.5,0.796017382379907,0.7965194376071668,True
BH14,0.5666666666666667,-0.5,0.804702536695225,0.8051345918799874,True
BH14,0.5833333333333333,-0.5,0.8133032992811295,0.8136738562995931,True
BH14,0.6000000000000001,-0.5,0.8218195926317815,0.8221884480467203,True
BH14,0.6166666666666667,-0.5,0.8302421128016715,0.8306792779992167,True
BH14,0.6333333333333333,-0.5,0.8385573830464783,0.8388113117872582,True
BH14,0.6499999999999999,-0.5,0.8467716366641886,0.8469238586818635,True
BH14,0.6666666666666667,-0.5,0.8548778302427298,0.8550252718789095,True
BH14,0.6833333333333333,-0.5,0.8628763715902424,0.863116107378502,True
BH14,0.7,-0.5,0.8707640236766465,0.8708270739148083,True
BH14,0.7166666666666666,-0.5,0.8785491947729801,0.8784869718635557,True
BH14,0.7333333333333334,-0.5,0.8862251247730311,0.8861493766404909,True
BH14,0.75,-0.5,0.893814287067969,0.8938141659237904,True
BH14,0.7666666666666666,-0.5,0.901305997204339,0.9013129712387586,True
BH14,0.7833333333333332,-0.5,0.9087106927753721,0.9086015590413417,True
BH14,0.8,-0.5,0.9160360673777974,0.9158916489191771,True
BH14,0.8166666666666667,-0.5,0.923284947871794,0.9231810341031405,True
BH14,0.8333333333333333,-0.5,0.9304716350866686,0.9304696524340677,True
BH14,0.8499999999999999,-0.5,0.9375902485388486,0.9375619221800386,True
BH14,0.8666666666666667,-0.5,0.9446590421099419,0.944578835881337,True
BH14,0.8833333333333333,-0.5,0.95167817283231,0.9515927715476478,True
BH14,0.8999999999999999,-0.5,0.9586578943147265,0.9586037347273481,True
BH14,0.9166666666666667,-0.5,0.965601259793925,0.9656117309529478,True
BH14,0.9333333333333333,-0.5,0.9725160934595942,0.9725000243826,True
BH14,0.95,-0.5,0.9794083000041007,0.9793733881034403,True
BH14,0.9666666666666666,-0.5,0.9862822828143113,0.9862478305764733,True
BH14,0.9833333333333334,-0.5,0.9931416616532366,0.9931233638118413,True
BH14,1.0,-0.5,1.0,1.0000000000000002,True
BH14,-1.0,-0.4833333333333334,-4.3721284512665585e-17,-5.1231807943008474e-17,True
BH14,-0.9833333333333333,-0.4833333333333334,0.006764219923067213,0.006768508924050537,True
BH14,-0.9666666666666667,-0.4833333333333334,0.013534469541504755,0.013540156198967342,True
BH14,-0.95,-0.4833333333333334,0.02031692099345247,0.02031491841812835,True
BH14,-0.9333333333333333,-0.4833333333333334,0.027116152405774637,0.02709277240490083,True
BH14,-0.9166666666666666,-0.4833333333333334,0.03394069000908352,0.03387369520985077,True
BH14,-0.9,-0.4833333333333334,0.04079432547001183,0.0407094039220927,True
BH14,-0.8833333333333333,-0.4833333333333334,0.04768476720408494,0.04766159688503406,True
BH14,-0.8666666666666667,-0.4833333333333334,0.054619253075238586,0.05462054530152197,True
BH14,-0.85,-0.4833333333333334,0.06160318122009032,0.06158614363864759,True
BH14,-0.8333333333333334,-0.4833333333333334,0.06864084313545929,0.06855828848182921,True
BH14,-0.8166666666666667,-0.4833333333333334,0.0757491219685906,0.07553687848373067,True
BH14,-0.8,-0.4833333333333334,0.08292539223937363,0.08276141786949515,True
BH14,-0.7833333333333333,-0.4833333333333334,0.09017968601012652,0.09013477350430586,True
BH14,-0.7666666666666666,-0.4833333333333334,0.0975228578033211,0.09751027501780508,True
BH14,-0.75,-0.4833333333333334,0.10495971506591707,0.10488788206537474,True
BH14,-0.7333333333333334,-0.4833333333333334,0.11249621497910214,0.11226755528438039,True
BH14,-0.7166666666666667,-0.4833333333333334,0.12013485346466155,0.11964925626519893,True
BH14,-0.7,-0.4833333333333334,0.1278869397663544,0.12761308651093034,True
BH14,-0.6833333333333333,-0.4833333333333334,0.13575666299983857,0.13560952690538697,True
BH14,-0.6666666666666667,-0.4833333333333334,0.1437438393489512,0.14360706521528727,True
BH14,-0.65,-0.4833333333333334,0.15185477143069925,0.15160573418667878,True
BH14,-0.6333333333333333,-0.4833333333333334,0.1600825366831881,0.15960556788158484,True
BH14,-0.6166666666666667,-0.4833333333333334,0.1684227486884581,0.16795896760766776,True
BH14,-0.6,-0.4833333333333334,0.1768781132825698,0.176542177653296,True
BH14,-0.5833333333333333,-0.4833333333333334,0.18544233958360312,0.18513508161286,True
BH14,-0.5666666666666667,-0.4833333333333334,0.19410069660608747,0.19373795655247839,True
BH14,-0.55,-0.4833333333333334,0.2028489360063737,0.20235109092541478,True
BH14,-0.5333333333333333,-0.4833333333333334,0.21167175051670573,0.2111773719240181,True
BH14,-0.5166666666666666,-0.4833333333333334,0.22055872631580886,0.22013225806862594,True
BH14,-0.5,-0.4833333333333334,0.2295015821490301,0.22909509002538775,True
BH14,-0.4833333333333334,-0.4833333333333334,0.2384834201444797,0.23806596645202485,True
BH14,-0.4666666666666667,-0.4833333333333334,0.2475021756164486,0.24704498773222835,True
BH14,-0.44999999999999996,-0.4833333333333334,0.25654341756863347,0.256106871120066,True
BH14,-0.43333333333333335,-0.4833333333333334,0.2656018471387375,0.2651882198365061,True
BH14,-0.41666666666666663,-0.4833333333333334,0.27466964824776174,0.2742736734157333,True
BH14,-0.4,-0.4833333333333334,0.283744050933727,0.2833632492831467,True
BH14,-0.3833333333333333,-0.4833333333333334,0.2928194447035629,0.2924556988794992,True
BH14,-0.3666666666666667,-0.4833333333333334,0.30189337469683125,0.3015363044056686,True
BH14,-0.35,-0.4833333333333334,0.3109622611226277,0.31061830844270144,True
BH14,-0.33333333333333337,-0.4833333333333334,0.32002567217622624,0.3197017126141106,True
BH14,-0.31666666666666665,-0.4833333333333334,0.3290836556254214,0.3287865185460353,True
BH14,-0.30000000000000004,-0.4833333333333334,0.33813339947702725,0.33785885307216723,True
BH14,-0.2833333333333333,-0.4833333333333334,0.34717604415027753,0.34690633440738505,True
BH14,-0.2666666666666667,-0.4833333333333334,0.35621028907038677,0.3559541801422786,True
BH14,-0.25,-0.4833333333333334,0.365237100333769,0.3650023903170936,True
BH14,-0.2333333333333334,-0.4833333333333334,0.3742568797285305,0.3740509649720822,True
BH14,-0.21666666666666667,-0.4833333333333334,0.3832698621547417,0.38307776437994845,True
BH14,-0.19999999999999996,-0.4833333333333334,0.39227488075369293,0.39209228884000324,True
BH14,-0.18333333333333335,-0.4833333333333334,0.4012744435058625,0.40110688319516064,True
BH14,-0.16666666666666663,-0.4833333333333334,0.4102676931362393,0.41012154745217866,True
BH14,-0.15000000000000002,-0.4833333333333334,0.4192562759941992,0.4191362816178159,True
BH14,-0.1333333333333333,-0.4833333333333334,0.42824008847139516,0.4281294142980838,True
BH14,-0.1166666666666667,-0.4833333333333334,0.43721886377907604,0.4371212112752249,True
BH14,-0.09999999999999998,-0.4833333333333334,0.4461949051161893,0.44611301219039046,True
BH14,-0.08333333333333337,-0.4833333333333334,0.4551667888634466,0.4551048170437926,True
BH14,-0.06666666666666665,-0.4833333333333334,0.46413669973013255,0.46409396450713813,True
BH14,-0.050000000000000044,-0.4833333333333334,0.4731045635833495,0.47307498871120746,True
BH14,-0.033333333333333326,-0.4833333333333334,0.48207047610566733,0.4820560043974088,True
BH14,-0.01666666666666672,-0.4833333333333334,0.4910357991015418,0.4910370115654509,True
BH14,0.0,-0.4833333333333334,0.5000003347970439,0.5000180102150431,True
BH14,0.016666666666666607,-0.4833333333333334,0.5089649153697392,0.5089996829360623,True
BH14,0.033333333333333215,-0.4833333333333334,0.5179296457226308,0.5179818907276537,True
BH14,0.050000000000000044,-0.4833333333333334,0.5268957348530428,0.5269640797284221,True
BH14,0.06666666666666665,-0.4833333333333334,0.535863644567174,0.5359462499370637,True
BH14,0.08333333333333326,-0.4833333333333334,0.544833138993664,0.544928401352275,True
BH14,0.10000000000000009,-0.4833333333333334,0.5538057432906185,0.5539219622692264,True
BH14,0.1166666666666667,-0.4833333333333334,0.5627814227439837,0.5629173379645679,True
BH14,0.1333333333333333,-0.4833333333333334,0.5717607538447526,0.5719126684601179,True
BH14,0.1499999999999999,-0.4833333333333334,0.5807442251532893,0.5809079537495923,True
BH14,0.16666666666666674,-0.4833333333333334,0.5897322882590645,0.5899074894164722,True
BH14,0.18333333333333335,-0.4833333333333334,0.5987265019591468,0.5989280825508567,True
BH14,0.19999999999999996,-0.4833333333333334,0.6077252915452284,0.6079485558821921,True
BH14,0.21666666666666656,-0.4833333333333334,0.616730949786825,0.6169689093813248,True
BH14,0.2333333333333334,-0.4833333333333334,0.625743344559436,0.6259891430190914,True
BH14,0.25,-0.4833333333333334,0.6347632366863503,0.6350264247103832,True
BH14,0.2666666666666666,-0.4833333333333334,0.6437901002913817,0.6440819837190018,True
BH14,0.2833333333333332,-0.4833333333333334,0.6528256201413416,0.6531372086040637,True
BH14,0.30000000000000004,-0.4833333333333334,0.6618654533885573,0.662192099259219,True
BH14,0.31666666666666665,-0.4833333333333334,0.6709177173704686,0.6712466555780725,True
BH14,0.33333333333333326,-0.4833333333333334,0.6799730617980535,0.6803290553166077,True
BH14,0.3500000000000001,-0.4833333333333334,0.6890374991620731,0.6894177281372328,True
BH14,0.3666666666666667,-0.4833333333333334,0.6981073254358251,0.6985054749728008,True
BH14,0.3833333333333333,-0.4833333333333334,0.7071815465976992,0.7075922958140728,True
BH14,0.3999999999999999,-0.4833333333333334,0.7162549505670293,0.7166778327276593,True
BH14,0.41666666666666674,-0.4833333333333334,0.7253290886521108,0.7257591558094427,True
BH14,0.43333333333333335,-0.4833333333333334,0.7343990698166238,0.7348381693956807,True
BH14,0.44999999999999996,-0.4833333333333334,0.7434550376150635,0.7439148786127383,True
BH14,0.46666666666666656,-0.4833333333333334,0.7524967131998928,0.7529892885716059,True
BH14,0.4833333333333334,-0.4833333333333334,0.7615142004233832,0.7619997685694366,True
BH14,0.5,-0.4833333333333334,0.7704985407786307,0.7709365608916924,True
BH14,0.5166666666666666,-0.4833333333333334,0.7794378204983602,0.7798690856345567,True
BH14,0.5333333333333332,-0.4833333333333334,0.7883292044279159,0.7887973971115865,True
BH14,0.55,-0.4833333333333334,0.7971518997430719,0.7977215486916418,True
BH14,0.5666666666666667,-0.4833333333333334,0.8058972671427659,0.806408605202854,True
BH14,0.5833333333333333,-0.4833333333333334,0.8145578658446403,0.8150243819563414,True
BH14,0.6000000000000001,-0.4833333333333334,0.8231218891845329,0.8236131715156686,True
BH14,0.6166666666666667,-0.4833333333333334,0.8315779926765614,0.8321545070821987,True
BH14,0.6333333333333333,-0.4833333333333334,0.8399196834514808,0.8403231847414192,True
BH14,0.6499999999999999,-0.4833333333333334,0.8481475756882203,0.848478446869229,True
BH14,0.6666666666666667,-0.4833333333333334,0.8562541292256383,0.8566209979582189,True
BH14,0.6833333333333333,-0.4833333333333334,0.8642404753435673,0.8647514903379234,True
BH14,0.7,-0.4833333333333334,0.8721110920227683,0.8723912585093612,True
BH14,0.7166666666666666,-0.4833333333333334,0.8798611258815938,0.8800337761817268,True
BH14,0.7333333333333334,-0.4833333333333334,0.8875103381056263,0.887679369393489,True
BH14,0.75,-0.4833333333333334,0.8950396552528617,0.8953278883403415,True
BH14,0.7666666666666666,-0.4833333333333334,0.9024743342392569,0.9027218993728743,True
BH14,0.7833333333333332,-0.4833333333333334,0.9098160217362079,0.9099277171125971,True
BH14,0.8,-0.4833333333333334,0.9170736013669172,0.9171323093210964,True
BH14,0.8166666666666667,-0.4833333333333334,0.9242494096259528,0.9243356657134534,True
BH14,0.8333333333333333,-0.4833333333333334,0.931356379857655,0.9315377758931708,True
BH14,0.8499999999999999,-0.4833333333333334,0.9383958951148554,0.9385117647373934,True
BH14,0.8666666666666667,-0.4833333333333334,0.9453849391695062,0.9454247864532134,True
BH14,0.8833333333333333,-0.4833333333333334,0.9523135829219695,0.9523349816598903,True
BH14,0.8999999999999999,-0.4833333333333334,0.9592039122252676,0.9592423555116506,True
BH14,0.9166666666666667,-0.4833333333333334,0.9660575758042469,0.966146913148327,True
BH14,0.9333333333333333,-0.4833333333333334,0.9728823999838009,0.9729269266795334,True
BH14,0.95,-0.4833333333333334,0.9796825731215806,0.9796947404002937,True
BH14,0.9666666666666666,-0.4833333333333334,0.9864643246198613,0.9864628549890968,True
BH14,0.9833333333333334,-0.4833333333333334,0.9932362900159877,0.9932312737411344,True
BH14,1.0,-0.4833333333333334,1.0,1.0,True
BH14,-1.0,-0.4666666666666667,-3.936282324752465e-17,-6.741530740616623e-17,True
BH14,-0.9833333333333333,-0.4666666666666667,0.006665986967051301,0.006670245953634857,True
BH14,-0.9666666666666667,-0.4666666666666667,0.013338263375793042,0.013344113941195357,True
BH14,-0.95,-0.4666666666666667,0.0200226111622755,0.02002157706870588,True
BH14,-0.9333333333333333,-0.4666666666666667,0.026722693984123108,0.026702608704865127,True
BH14,-0.9166666666666666,-0.4666666666666667,0.03345290835580497,0.03338718247788353,True
BH14,-0.9,-0.4666666666666667,0.04021144309041419,0.04012567512413254,True
BH14,-0.8833333333333333,-0.4666666666666667,0.04700688756244077,0.04698284693690531,True
BH14,-0.8666666666666667,-0.4666666666666667,0.05384776859323677,0.053847729014737125,True
BH14,-0.85,-0.4666666666666667,0.06074197978184265,0.06072020257268209,True
BH14,-0.8333333333333334,-0.4666666666666667,0.06769032275788125,0.06760015116450845,True
BH14,-0.8166666666666667,-0.4666666666666667,0.07471247349818935,0.07448746062774539,True
BH14,-0.8,-0.4666666666666667,0.0818057214735095,0.08162192220111458,True
BH14,-0.7833333333333333,-0.4666666666666667,0.08898806009095153,0.08892883840059237,True
BH14,-0.7666666666666666,-0.4666666666666667,0.09626043494385379,0.09623870450357813,True
BH14,-0.75,-0.4666666666666667,0.10363237908807715,0.10355146653549978,True
BH14,-0.7333333333333334,-0.4666666666666667,0.1111087658700004,0.11086707178726829,True
BH14,-0.7166666666666667,-0.4666666666666667,0.11870522705886502,0.1181854687797402,True
BH14,-0.7,-0.4666666666666667,0.12642527269947734,0.12609639703422715,True
BH14,-0.6833333333333333,-0.4666666666666667,0.13426976153804662,0.13410235156962602,True
BH14,-0.6666666666666667,-0.4666666666666667,0.14224751855626094,0.14210959037684537,True
BH14,-0.65,-0.4666666666666667,0.15035902871258366,0.15011815173732942,True
BH14,-0.6333333333333333,-0.4666666666666667,0.15860238081576872,0.15812807547015933,True
BH14,-0.6166666666666667,-0.4666666666666667,0.1669774394078869,0.16647227555199173,True
BH14,-0.6,-0.4666666666666667,0.175478292066882,0.17512206672177155,True
BH14,-0.5833333333333333,-0.4666666666666667,0.18409743910835194,0.1837829106377199,True
BH14,-0.5666666666666667,-0.4666666666666667,0.19282396102467497,0.1924551313983483,True
BH14,-0.55,-0.4666666666666667,0.2016371998422386,0.20113906685418187,True
BH14,-0.5333333333333333,-0.4666666666666667,0.21054127727916286,0.21002880928924866,True
BH14,-0.5166666666666666,-0.4666666666666667,0.21951069729065456,0.21906351641122546,True
BH14,-0.5,-0.4666666666666667,0.22853753156309367,0.2281068675130722,True
BH14,-0.4833333333333334,-0.4666666666666667,0.23760077872591293,0.2371589713167434,True
BH14,-0.4666666666666667,-0.4666666666666667,0.24669531789883775,0.2462199384773312,True
BH14,-0.44999999999999996,-0.4666666666666667,0.25581143677984075,0.25534617410730565,True
BH14,-0.43333333333333335,-0.4666666666666667,0.26493926896829734,0.26448994090682115,True
BH14,-0.41666666666666663,-0.4666666666666667,0.27407038366101044,0.2736379986364833,True
BH14,-0.4,-0.4666666666666667,0.2832018080703719,0.2827903656276018,True
BH14,-0.3833333333333333,-0.4666666666666667,0.29232909215890956,0.2919443069216066,True
BH14,-0.3666666666666667,-0.4666666666666667,0.30145083077518803,0.30106598134258644,True
BH14,-0.35,-0.4666666666666667,0.310564797666458,0.3101890875922071,True
BH14,-0.33333333333333337,-0.4666666666666667,0.31966747553787606,0.3193136273377903,True
BH14,-0.31666666666666665,-0.4666666666666667,0.32876038014479936,0.3284396022493651,True
BH14,-0.30000000000000004,-0.4666666666666667,0.33784256324167167,0.3375480796844445,True
BH14,-0.2833333333333333,-0.4666666666666667,0.3469142674650842,0.3466220284543921,True
BH14,-0.2666666666666667,-0.4666666666666667,0.3559746834713092,0.355696343715032,True
BH14,-0.25,-0.4666666666666667,0.3650255081016276,0.3647710255068858,True
BH14,-0.2333333333333334,-0.4666666666666667,0.37406716265930096,0.37384607387048097,True
BH14,-0.21666666666666667,-0.4666666666666667,0.38309991686231415,0.38289388308977307,True
BH14,-0.19999999999999996,-0.4666666666666667,0.3921233100961129,0.3919263186145515,True
BH14,-0.18333333333333335,-0.4666666666666667,0.4011397300700359,0.4009588251950401,True
BH14,-0.16666666666666663,-0.4666666666666667,0.41014924734261393,0.40999140283811064,True
BH14,-0.15000000000000002,-0.4666666666666667,0.4191523060764951,0.41902405155063577,True
BH14,-0.1333333333333333,-0.4666666666666667,0.4281494534027781,0.4280308016716313,True
BH14,-0.1166666666666667,-0.4666666666666667,0.43714153677755374,0.43703594511260635,True
BH14,-0.09999999999999998,-0.4666666666666667,0.4461291730778881,0.4460410929714765,True
BH14,-0.08333333333333337,-0.4666666666666667,0.4551134644667507,0.45504624524847986,True
BH14,-0.06666666666666665,-0.4666666666666667,0.46409445284555495,0.4640482735021597,True
BH14,-0.050000000000000044,-0.4666666666666667,0.4730727770729667,0.47304074292367804,True
BH14,-0.033333333333333326,-0.4666666666666667,0.4820497101824961,0.4820332040881577,True
BH14,-0.01666666666666672,-0.4666666666666667,0.4910254417882438,0.49102565699531653,True
BH14,0.0,-0.4666666666666667,0.500000284695383,0.5000181016448726,True
BH14,0.016666666666666607,-0.4666666666666667,0.5089747892194598,0.5090113297063484,True
BH14,0.033333333333333215,-0.4666666666666667,0.5179507766548225,0.5180051822571308,True
BH14,0.050000000000000044,-0.4666666666666667,0.5269271464400627,0.526999016556236,True
BH14,0.06666666666666665,-0.4666666666666667,0.5359058996719785,0.5359928326023978,True
BH14,0.08333333333333326,-0.4666666666666667,0.5448867758938141,0.54498663039435,True
BH14,0.10000000000000009,-0.4666666666666667,0.5538709907782453,0.553993857542735,True
BH14,0.1166666666666667,-0.4666666666666667,0.5628592179722496,0.5630032374325358,True
BH14,0.1333333333333333,-0.4666666666666667,0.571851511494297,0.5720125734228754,True
BH14,0.1499999999999999,-0.4666666666666667,0.580848700002633,0.5810218655076508,True
BH14,0.16666666666666674,-0.4666666666666667,0.5898515473878827,0.5900362657010544,True
BH14,0.18333333333333335,-0.4666666666666667,0.5988607793434326,0.5990760716477883,True
BH14,0.19999999999999996,-0.4666666666666667,0.6078770131519737,0.6081157609184106,True
BH14,0.21666666666666656,-0.4666666666666667,0.6169012737643639,0.6171553334845359,True
BH14,0.2333333333333334,-0.4666666666666667,0.6259335328861685,0.6261947893177698,True
BH14,0.25,-0.4666666666666667,0.6349752933377817,0.6352558160845763,True
BH14,0.2666666666666666,-0.4666666666666667,0.6440264437721617,0.6443401179673298,True
BH14,0.2833333333333332,-0.4666666666666667,0.6530874712938939,0.6534240918675923,True
BH14,0.30000000000000004,-0.4666666666666667,0.6621595534876978,0.6625077376810102,True
BH14,0.31666666666666665,-0.4666666666666667,0.6712392586000252,0.6715910553031851,True
BH14,0.33333333333333326,-0.4666666666666667,0.6803344266603975,0.6807146690864881,True
BH14,0.3500000000000001,-0.4666666666666667,0.6894363998181061,0.6898478233955948,True
BH14,0.3666666666666667,-0.4666666666666667,0.6985488427378448,0.6989800520948627,True
BH14,0.3833333333333333,-0.4666666666666667,0.7076709680594844,0.7081113551750585,True
BH14,0.3999999999999999,-0.4666666666666667,0.7167961524849747,0.7172439374794074,True
BH14,0.41666666666666674,-0.4666666666666667,0.7259290382925327,0.7263905177521393,True
BH14,0.43333333333333335,-0.4666666666666667,0.7350630830148916,0.7355346903846653,True
BH14,0.44999999999999996,-0.4666666666666667,0.7441903476467574,0.7446764607307301,True
BH14,0.46666666666666656,-0.4666666666666667,0.7533038787731412,0.7538158341279841,True
BH14,0.4833333333333334,-0.4666666666666667,0.7623988547390713,0.7628974901849873,True
BH14,0.5,-0.4666666666666667,0.77146469412787,0.7719122347961775,True
BH14,0.5166666666666666,-0.4666666666666667,0.7804877137486794,0.7809220207538223,True
BH14,0.5333333333333332,-0.4666666666666667,0.7894591228089222,0.789926912053379,True
BH14,0.55,-0.4666666666666667,0.7983611901562321,0.7989269715573036,True
BH14,0.5666666666666667,-0.4666666666666667,0.8071802458092807,0.8076882914430228,True
BH14,0.5833333333333333,-0.4666666666666667,0.8159059292714586,0.8163827608504797,True
BH14,0.6000000000000001,-0.4666666666666667,0.8245243665314124,0.8250477576387925,True
BH14,0.6166666666666667,-0.4666666666666667,0.8330251869338071,0.8336294053495847,True
BH14,0.6333333333333333,-0.4666666666666667,0.8413980265644687,0.8418432272552374,True
BH14,0.6499999999999999,-0.4666666666666667,0.8496419966670758,0.8500418607136706,True
BH14,0.6666666666666667,-0.4666666666666667,0.8577510900811881,0.8582261261954213,True
BH14,0.6833333333333333,-0.4666666666666667,0.8657311138724447,0.8663295642107013,True
BH14,0.7,-0.4666666666666667,0.8735781634507102,0.8739510187133952,True
BH14,0.7166666666666666,-0.4666666666666667,0.8812966634348514,0.8815762997066711,True
BH14,0.7333333333333334,-0.4666666666666667,0.888889579652933,0.8892052180698277,True
BH14,0.75,-0.4666666666666667,0.8963639007021063,0.8968375969488616,True
BH14,0.7666666666666666,-0.4666666666666667,0.9037467166373241,0.9041134772768114,True
BH14,0.7833333333333332,-0.4666666666666667,0.9110110440577504,0.9112361365293642,True
BH14,0.8,-0.4666666666666667,0.9181902457565376,0.9183571316379866,True
BH14,0.8166666666666667,-0.4666666666666667,0.925285947396268,0.9254764491440877,True
BH14,0.8333333333333333,-0.4666666666666667,0.9323062606639929,0.9325940754505249,True
BH14,0.8499999999999999,-0.4666666666666667,0.939259215469713,0.9394492413981436,True
BH14,0.8666666666666667,-0.4666666666666667,0.9461505993925048,0.9462600606991061,True
BH14,0.8833333333333333,-0.4666666666666667,0.9529934159005959,0.953068198873192,True
BH14,0.8999999999999999,-0.4666666666666667,0.9597883791912682,0.9598736607061975,True
BH14,0.9166666666666667,-0.4666666666666667,0.9665475105648994,0.9666764509708654,True
BH14,0.9333333333333333,-0.4666666666666667,0.9732743878544233,0.9733492455068025,True
BH14,0.95,-0.4666666666666667,0.9799764591631821,0.9800126175812287,True
BH14,0.9666666666666666,-0.4666666666666667,0.9866612318561753,0.9866755372826221,True
BH14,0.9833333333333334,-0.4666666666666667,0.9933348822208579,0.9933379997369143,True
BH14,1.0,-0.4666666666666667,0.9999999999999999,1.0,True
BH14,-1.0,-0.44999999999999996,-6.520538454956239e-17,1.455158634015359e-17,True
BH14,-0.9833333333333333,-0.44999999999999996,0.0065625086307904345,0.006572274358444525,True
BH14,-0.9666666666666667,-0.44999999999999996,0.013131224401330358,0.01314865010688614,True
BH14,-0.95,-0.44999999999999996,0.019709345180958838,0.01972909692738897,True
BH14,-0.9333333333333333,-0.44999999999999996,0.026309651804317772,0.026313584796358674,True
BH14,-0.9166666666666666,-0.44999999999999996,0.03293327191681095,0.032902083981025926,True
BH14,-0.9,-0.44999999999999996,0.039588892301446674,0.03954381212823639,True
BH14,-0.8833333333333333,-0.44999999999999996,0.04628024959336031,0.04630681569828943,True
BH14,-0.8666666666666667,-0.44999999999999996,0.053021768590075735,0.053078457745172204,True
BH14,-0.85,-0.44999999999999996,0.05981662645114385,0.05985860702094357,True
BH14,-0.8333333333333334,-0.44999999999999996,0.06667115938852597,0.06664713481197798,True
BH14,-0.8166666666666667,-0.44999999999999996,0.07360134754326211,0.07344391488096942,True
BH14,-0.8,-0.44999999999999996,0.08060685175385633,0.08048768969238099,True
BH14,-0.7833333333333333,-0.44999999999999996,0.08769999171406867,0.08772929937929858,True
BH14,-0.7666666666666666,-0.44999999999999996,0.09489414238120923,0.09497462026757938,True
BH14,-0.75,-0.44999999999999996,0.10219716856160384,0.10222358627182408,True
BH14,-0.7333333333333334,-0.44999999999999996,0.10961248547180466,0.10947613279835573,True
BH14,-0.7166666666666667,-0.44999999999999996,0.11715481878616721,0.11673219670543071,True
BH14,-0.7,-0.44999999999999996,0.12483172405132291,0.1245780904500705,True
BH14,-0.6833333333333333,-0.44999999999999996,0.1326547626496225,0.1325935291259975,True
BH14,-0.6666666666666667,-0.44999999999999996,0.140612981665262,0.14061043758901592,True
BH14,-0.65,-0.44999999999999996,0.1487258599197323,0.14862885962429626,True
BH14,-0.6333333333333333,-0.44999999999999996,0.15699441327018232,0.1566488407748054,True
BH14,-0.6166666666666667,-0.44999999999999996,0.1654044047874314,0.16497483744176333,True
BH14,-0.6,-0.44999999999999996,0.17395649549754205,0.17369222370606546,True
BH14,-0.5833333333333333,-0.44999999999999996,0.18264186878919472,0.18242208624149203,True
BH14,-0.5666666666666667,-0.44999999999999996,0.1914446219092466,0.1911648003956502,True
BH14,-0.55,-0.44999999999999996,0.20034944868334917,0.19992075795637304,True
BH14,-0.5333333333333333,-0.44999999999999996,0.20934025511853233,0.2088743609060045,True
BH14,-0.5166666666666666,-0.44999999999999996,0.21841117141905791,0.2179895600191215,True
BH14,-0.5,-0.44999999999999996,0.22752678634590617,0.2271141187103165,True
BH14,-0.4833333333333334,-0.44999999999999996,0.23668387787931527,0.23624815623513842,True
BH14,-0.4666666666666667,-0.44999999999999996,0.2458678909852924,0.24539179400414446,True
BH14,-0.44999999999999996,-0.44999999999999996,0.2550662632819844,0.2545834691117605,True
BH14,-0.43333333333333335,-0.44999999999999996,0.2642677548573433,0.2637899229293582,True
BH14,-0.41666666666666663,-0.44999999999999996,0.27346932751431496,0.2730008560642668,True
BH14,-0.4,-0.44999999999999996,0.28266293945336796,0.2822162877746185,True
BH14,-0.3833333333333333,-0.44999999999999996,0.2918493456685275,0.2914323111651658,True
BH14,-0.3666666666666667,-0.44999999999999996,0.3010179686925596,0.30059514126153025,True
BH14,-0.35,-0.44999999999999996,0.3101765910798614,0.30975943670691636,True
BH14,-0.33333333333333337,-0.44999999999999996,0.3193190527825941,0.3189251992129485,True
BH14,-0.31666666666666665,-0.44999999999999996,0.3284473093499587,0.3280924304940409,True
BH14,-0.30000000000000004,-0.44999999999999996,0.3375621103026635,0.3372371860495905,True
BH14,-0.2833333333333333,-0.44999999999999996,0.34666235027103753,0.34633762271974594,True
BH14,-0.2666666666666667,-0.44999999999999996,0.3557490582711836,0.3554384279761369,True
BH14,-0.25,-0.44999999999999996,0.36482330809928115,0.3645396018595615,True
BH14,-0.2333333333333334,-0.44999999999999996,0.3738860023772662,0.37364114441082424,True
BH14,-0.21666666666666667,-0.44999999999999996,0.38293764266991664,0.3827099827955117,True
BH14,-0.19999999999999996,-0.44999999999999996,0.39197888708589496,0.3917603324391028,True
BH14,-0.18333333333333335,-0.44999999999999996,0.40101212290599,0.4008107542996022,True
BH14,-0.16666666666666663,-0.44999999999999996,0.41003676187296123,0.4098612483839961,True
BH14,-0.15000000000000002,-0.44999999999999996,0.41905347414190974,0.4189118146992711,True
BH14,-0.1333333333333333,-0.44999999999999996,0.4280639541911164,0.427932183985902,True
BH14,-0.1166666666666667,-0.44999999999999996,0.4370685414357002,0.436950673743014,True
BH14,-0.09999999999999998,-0.44999999999999996,0.44606771072011936,0.4459691683978756,True
BH14,-0.08333333333333337,-0.44999999999999996,0.45506318778222554,0.45498766795075113,True
BH14,-0.06666666666666665,-0.44999999999999996,0.46405462878562087,0.4640025775657657,True
BH14,-0.050000000000000044,-0.44999999999999996,0.47304343898001106,0.4730064917258574,True
BH14,-0.033333333333333326,-0.44999999999999996,0.4820303113684433,0.48201039788970707,True
BH14,-0.01666666666666672,-0.44999999999999996,0.4910153999233555,0.4910142960570416,True
BH14,0.0,-0.44999999999999996,0.5000002857570776,0.5000181862275878,True
BH14,0.016666666666666607,-0.44999999999999996,0.5089851823081961,0.509022968873795,True
BH14,0.033333333333333215,-0.44999999999999996,0.5179700233707436,0.518028465424832,True
BH14,0.050000000000000044,-0.44999999999999996,0.5269572567851822,0.5270339442632325,True
BH14,0.06666666666666665,-0.44999999999999996,0.535945637787272,0.5360394053877675,True
BH14,0.08333333333333326,-0.44999999999999996,0.5449378740239373,0.5450448487972084,True
BH14,0.10000000000000009,-0.44999999999999996,0.5539331816657289,0.5540657385919906,True
BH14,0.1166666666666667,-0.44999999999999996,0.5629318340272834,0.5630891211575085,True
BH14,0.1333333333333333,-0.44999999999999996,0.5719365238109391,0.5721124611234731,True
BH14,0.1499999999999999,-0.44999999999999996,0.5809470970172319,0.581135758483963,True
BH14,0.16666666666666674,-0.44999999999999996,0.589963406728309,0.5901650139122967,True
BH14,0.18333333333333335,-0.44999999999999996,0.5989885447341227,0.5992240291976332,True
BH14,0.19999999999999996,-0.44999999999999996,0.6080209975992943,0.6082829309321062,True
BH14,0.21666666666666656,-0.44999999999999996,0.6170628334406236,0.617341719088098,True
BH14,0.2333333333333334,-0.44999999999999996,0.6261144894738061,0.6264003936379825,True
BH14,0.25,-0.44999999999999996,0.6351776413992154,0.63548513836066,True
BH14,0.2666666666666666,-0.44999999999999996,0.6442520371741614,0.6445981755082106,True
BH14,0.2833333333333332,-0.44999999999999996,0.6533390432772561,0.6537108908094988,True
BH14,0.30000000000000004,-0.44999999999999996,0.6624389063474511,0.6628232841621637,True
BH14,0.31666666666666665,-0.44999999999999996,0.6715539959482845,0.6719353554638006,True
BH14,0.33333333333333326,-0.44999999999999996,0.6806812958756944,0.6811001204147626,True
BH14,0.3500000000000001,-0.44999999999999996,0.6898235032826581,0.6902777485852509,True
BH14,0.3666666666666667,-0.44999999999999996,0.6989821391008113,0.6994544515209664,True
BH14,0.3833333333333333,-0.44999999999999996,0.7081525186604325,0.7086302292126819,True
BH14,0.3999999999999999,-0.44999999999999996,0.717337234218896,0.7178097697889007,True
BH14,0.41666666666666674,-0.44999999999999996,0.7265310053555678,0.7270216860936659,True
BH14,0.43333333333333335,-0.44999999999999996,0.7357297567693897,0.7362310962638077,True
BH14,0.44999999999999996,-0.44999999999999996,0.7449331211305344,0.7454380058820257,True
BH14,0.46666666666666656,-0.44999999999999996,0.7541302742458801,0.7546424205141983,True
BH14,0.4833333333333334,-0.44999999999999996,0.7633132833409007,0.7637956718607577,True
BH14,0.5,-0.44999999999999996,0.7724726798535284,0.7728891219427609,True
BH14,0.5166666666666666,-0.44999999999999996,0.781590510663648,0.7819769028076744,True
BH14,0.5333333333333332,-0.44999999999999996,0.7906561317598224,0.7910590886508688,True
BH14,0.55,-0.44999999999999996,0.7996507161101303,0.8001357523307301,True
BH14,0.5666666666666667,-0.44999999999999996,0.8085551503878603,0.8089739114970196,True
BH14,0.5833333333333333,-0.44999999999999996,0.8173586506097663,0.8177493412087329,True
BH14,0.6000000000000001,-0.44999999999999996,0.8260442335635215,0.8264926283081571,True
BH14,0.6166666666666667,-0.44999999999999996,0.8345957656283605,0.8351119586585152,True
BH14,0.6333333333333333,-0.44999999999999996,0.843006999509799,0.8433716798551124,True
BH14,0.6499999999999999,-0.44999999999999996,0.8512672670959792,0.8516143456317236,True
BH14,0.6666666666666667,-0.44999999999999996,0.8593833085997318,0.8598409036510555,True
BH14,0.6833333333333333,-0.44999999999999996,0.8673423896692682,0.8679026047741765,True
BH14,0.7,-0.44999999999999996,0.8751670702722578,0.875506381447968,True
BH14,0.7166666666666666,-0.44999999999999996,0.8828452534584931,0.8831145680850866,True
BH14,0.7333333333333334,-0.44999999999999996,0.8903887125086138,0.8907269471209909,True
BH14,0.75,-0.44999999999999996,0.8978054527692992,0.8983433150787166,True
BH14,0.7666666666666666,-0.44999999999999996,0.9051051766253765,0.9054860142016037,True
BH14,0.7833333333333332,-0.44999999999999996,0.9122967326512583,0.912527377013477,True
BH14,0.8,-0.44999999999999996,0.9193917643288859,0.9195666681033146,True
BH14,0.8166666666666667,-0.44999999999999996,0.9264002042408211,0.9266038713236266,True
BH14,0.8333333333333333,-0.44999999999999996,0.9333248069236425,0.9336389703693404,True
BH14,0.8499999999999999,-0.44999999999999996,0.940181808670032,0.94037465037949,True
BH14,0.8666666666666667,-0.44999999999999996,0.9469747720580313,0.9470849156871384,True
BH14,0.8833333333333333,-0.44999999999999996,0.9537176318358656,0.953792639382659,True
BH14,0.8999999999999999,-0.44999999999999996,0.9604113633364985,0.9604978259074062,True
BH14,0.9166666666666667,-0.44999999999999996,0.9670675550800357,0.9672004796909035,True
BH14,0.9333333333333333,-0.44999999999999996,0.9736898907973145,0.9737670532352989,True
BH14,0.95,-0.44999999999999996,0.9802881973418358,0.9803270751112506,True
BH14,0.9666666666666666,-0.44999999999999996,0.9868671530119926,0.9868859152441719,True
BH14,0.9833333333333334,-0.44999999999999996,0.99343887560629,0.9934435611078454,True
BH14,1.0,-0.44999999999999996,1.0,1.0,True
BH14,-1.0,-0.43333333333333335,-1.1827119506012778e-17,1.4350044576079483e-17,True
BH14,-0.9833333333333333,-0.43333333333333335,0.006452026091285132,0.006473673436659267,True
BH14,-0.9666666666666667,-0.43333333333333335,0.012911620141900254,0.012953411936407994,True
BH14,-0.95,-0.43333333333333335,0.019380973319413346,0.019437474235638328,True
BH14,-0.9333333333333333,-0.43333333333333335,0.02586632406027478,0.025925695742136254,True
BH14,-0.9166666666666666,-0.43333333333333335,0.03238331342665178,0.03241839363888994,True
BH14,-0.9,-0.43333333333333335,0.03892907204150363,0.03896378937341949,True
BH14,-0.8833333333333333,-0.43333333333333335,0.04551560556602715,0.045633466512559125,True
BH14,-0.8666666666666667,-0.43333333333333335,0.05214795204118817,0.052312684450375166,True
BH14,-0.85,-0.43333333333333335,0.0588344920314251,0.05900130022915173,True
BH14,-0.8333333333333334,-0.43333333333333335,0.06558615225831181,0.06569917359804384,True
BH14,-0.8166666666666667,-0.43333333333333335,0.07241140292004869,0.07240616695278396,True
BH14,-0.8,-0.43333333333333335,0.07931570965014476,0.07935858129727057,True
BH14,-0.7833333333333333,-0.43333333333333335,0.08631609508330569,0.08653599063533796,True
BH14,-0.7666666666666666,-0.43333333333333335,0.09342088604500937,0.09371783188428433,True
BH14,-0.75,-0.43333333333333335,0.10064027008912821,0.10090402823744582,True
BH14,-0.7333333333333334,-0.43333333333333335,0.10798440597194606,0.10809450455635303,True
BH14,-0.7166666666666667,-0.43333333333333335,0.11546806336765499,0.11528918732856523,True
BH14,-0.7,-0.43333333333333335,0.12309845659489871,0.12305817036031608,True
BH14,-0.6833333333333333,-0.43333333333333335,0.13088733649250153,0.13108306327111008,True
BH14,-0.6666666666666667,-0.43333333333333335,0.138835584746914,0.13910961064648425,True
BH14,-0.65,-0.43333333333333335,0.14694930286275418,0.14713786174380972,True
BH14,-0.6333333333333333,-0.43333333333333335,0.15523754039881338,0.1551678677969206,True
BH14,-0.6166666666666667,-0.43333333333333335,0.16368983078206262,0.16346638606703306,True
BH14,-0.6,-0.43333333333333335,0.17230265544313475,0.17224756203862002,True
BH14,-0.5833333333333333,-0.43333333333333335,0.18106983137752386,0.18098876047025408,True
BH14,-0.5666666666666667,-0.43333333333333335,0.18996363494542837,0.18976263917502198,True
BH14,-0.55,-0.43333333333333335,0.1989717657880008,0.1985711493168057,True
BH14,-0.5333333333333333,-0.43333333333333335,0.20807426932427836,0.2075875273995131,True
BH14,-0.5166666666666666,-0.43333333333333335,0.21725226870305914,0.21679556452003784,True
BH14,-0.5,-0.43333333333333335,0.22648566547275262,0.2260222724302778,True
BH14,-0.4833333333333334,-0.43333333333333335,0.23574607539901582,0.23526781807627098,True
BH14,-0.4666666666666667,-0.43333333333333335,0.2450284768377364,0.2445323706634559,True
BH14,-0.44999999999999996,-0.43333333333333335,0.2543171872958324,0.25381043912661144,True
BH14,-0.43333333333333335,-0.43333333333333335,0.26360061985005834,0.2630943370680022,True
BH14,-0.41666666666666663,-0.43333333333333335,0.27287671636864075,0.2723841897755743,True
BH14,-0.4,-0.43333333333333335,0.2821358046207805,0.2816799798714791,True
BH14,-0.3833333333333333,-0.43333333333333335,0.29137489002202677,0.29097589025362725,True
BH14,-0.3666666666666667,-0.43333333333333335,0.3006011029873117,0.3001815867770069,True
BH14,-0.35,-0.43333333333333335,0.3098032008999136,0.3093887081642107,True
BH14,-0.33333333333333337,-0.43333333333333335,0.31898597649059934,0.31859725054343935,True
BH14,-0.31666666666666665,-0.43333333333333335,0.3281498200042281,0.3278072100566438,True
BH14,-0.30000000000000004,-0.43333333333333335,0.33729628128311745,0.3369881807022277,True
BH14,-0.2833333333333333,-0.43333333333333335,0.34642361146236694,0.34611200455837066,True
BH14,-0.2666666666666667,-0.43333333333333335,0.3555349755163081,0.35523612626713497,True
BH14,-0.25,-0.43333333333333335,0.36463273545714714,0.3643605454951603,True
BH14,-0.2333333333333334,-0.43333333333333335,0.37371588588741245,0.3734852619095794,True
BH14,-0.21666666666666667,-0.43333333333333335,0.38278582225159563,0.3825715157112843,True
BH14,-0.19999999999999996,-0.43333333333333335,0.39184428278104083,0.39163599418480166,True
BH14,-0.18333333333333335,-0.43333333333333335,0.40089270729559107,0.4007005250820483,True
BH14,-0.16666666666666663,-0.43333333333333335,0.4099310517648137,0.40976510838497665,True
BH14,-0.15000000000000002,-0.43333333333333335,0.4189615324024572,0.4188297440755474,True
BH14,-0.1333333333333333,-0.43333333333333335,0.4279840915343911,0.4278602348201145,True
BH14,-0.1166666666666667,-0.43333333333333335,0.43700040713202754,0.4368885917892357,True
BH14,-0.09999999999999998,-0.43333333333333335,0.4460104277274786,0.4459169523831122,True
BH14,-0.08333333333333337,-0.43333333333333335,0.45501566125879855,0.45494531660179044,True
BH14,-0.06666666666666665,-0.43333333333333335,0.46401759887822547,0.46396969115002756,True
BH14,-0.050000000000000044,-0.43333333333333335,0.4730159578409876,0.4729818383129122,True
BH14,-0.033333333333333326,-0.43333333333333335,0.4820122256183003,0.4819939803559833,True
BH14,-0.01666666666666672,-0.43333333333333335,0.4910066324228711,0.491006117278769,True
BH14,0.0,-0.43333333333333335,0.5000004373880407,0.5000182490807968,True
BH14,0.016666666666666607,-0.43333333333333335,0.508994097993468,0.5090313687315151,True
BH14,0.033333333333333215,-0.43333333333333335,0.5179884532791517,0.5180452838244117,True
BH14,0.050000000000000044,-0.43333333333333335,0.5269844535198609,0.5270591874581809,True
BH14,0.06666666666666665,-0.43333333333333335,0.5359829515681859,0.5360730796306898,True
BH14,0.08333333333333326,-0.43333333333333335,0.5449845350480309,0.5450869603398061,True
BH14,0.10000000000000009,-0.43333333333333335,0.5539901016438993,0.5541180423192231,True
BH14,0.1166666666666667,-0.43333333333333335,0.5630003045809999,0.5631519292583808,True
BH14,0.1333333333333333,-0.43333333333333335,0.5720162178161298,0.5721857876385038,True
BH14,0.1499999999999999,-0.43333333333333335,0.5810389931691466,0.5812196174489066,True
BH14,0.16666666666666674,-0.43333333333333335,0.5900687713135983,0.590260202835194,True
BH14,0.18333333333333335,-0.43333333333333335,0.599107379568283,0.5993346721823614,True
BH14,0.19999999999999996,-0.43333333333333335,0.6081560411009889,0.6084090596519349,True
BH14,0.21666666666666656,-0.43333333333333335,0.617214338919017,0.617483365185208,True
BH14,0.2333333333333334,-0.43333333333333335,0.6262851676867874,0.6265575887234172,True
BH14,0.25,-0.43333333333333335,0.6353686334111347,0.635662782498131,True
BH14,0.2666666666666666,-0.43333333333333335,0.6444643458629371,0.6448018214595728,True
BH14,0.2833333333333332,-0.43333333333333335,0.6535778031259805,0.6539405967847028,True
BH14,0.30000000000000004,-0.43333333333333335,0.662705982730514,0.6630791081309029,True
BH14,0.31666666666666665,-0.43333333333333335,0.6718519309305582,0.6722173551549575,True
BH14,0.33333333333333326,-0.43333333333333335,0.6810154472116763,0.6814258722316039,True
BH14,0.3500000000000001,-0.43333333333333335,0.6901982543747104,0.6906520554535897,True
BH14,0.3666666666666667,-0.43333333333333335,0.699399210155298,0.6998772917203133,True
BH14,0.3833333333333333,-0.43333333333333335,0.7086224215230634,0.7091015789667089,True
BH14,0.3999999999999999,-0.43333333333333335,0.7178661532435289,0.7183345987836395,True
BH14,0.41666666666666674,-0.43333333333333335,0.7271254088943565,0.7276390192319881,True
BH14,0.43333333333333335,-0.43333333333333335,0.7363993986387658,0.7369398312486956,True
BH14,0.44999999999999996,-0.43333333333333335,0.7456846105473107,0.7462370230493149,True
BH14,0.46666666666666656,-0.43333333333333335,0.7549698343561528,0.7555305827967047,True
BH14,0.4833333333333334,-0.43333333333333335,0.764252258181009,0.7647937470559262,True
BH14,0.5,-0.43333333333333335,0.7735175621065844,0.7740162014864869,True
BH14,0.5166666666666666,-0.43333333333333335,0.7827472761003778,0.7832270796911247,True
BH14,0.5333333333333332,-0.43333333333333335,0.7919248559888337,0.792426328948725,True
BH14,0.55,-0.43333333333333335,0.8010276759549466,0.8016138961780895,True
BH14,0.5666666666666667,-0.43333333333333335,0.8100362754264668,0.8104828362524399,True
BH14,0.5833333333333333,-0.43333333333333335,0.8189305530322614,0.8192384040478307,True
BH14,0.6000000000000001,-0.43333333333333335,0.8276984077808668,0.8279482284540762,True
BH14,0.6166666666666667,-0.43333333333333335,0.8363109494707917,0.8366024067215918,True
BH14,0.6333333333333333,-0.43333333333333335,0.8447616544092842,0.8449087907554935,True
BH14,0.6499999999999999,-0.43333333333333335,0.8530503604702164,0.8531961541188658,True
BH14,0.6666666666666667,-0.43333333333333335,0.8611648189368892,0.8614655837834151,True
BH14,0.6833333333333333,-0.43333333333333335,0.8691154228420448,0.8694711263392818,True
BH14,0.7,-0.43333333333333335,0.8769058603166222,0.8770573734254163,True
BH14,0.7166666666666666,-0.43333333333333335,0.88453021524315,0.8846486067677231,True
BH14,0.7333333333333334,-0.43333333333333335,0.8920126909696645,0.8922445808143242,True
BH14,0.75,-0.43333333333333335,0.8993544557856689,0.89984506588607,True
BH14,0.7666666666666666,-0.43333333333333335,0.9065754670293777,0.906840156454287,True
BH14,0.7833333333333332,-0.43333333333333335,0.9136827459398789,0.913802026455915,True
BH14,0.8,-0.43333333333333335,0.9206840115637025,0.92076144611867,True
BH14,0.8166666666666667,-0.43333333333333335,0.9275905951960912,0.9277183970351373,True
BH14,0.8333333333333333,-0.43333333333333335,0.9344186786184299,0.9346728606277954,True
BH14,0.8499999999999999,-0.43333333333333335,0.9411675106619388,0.9412882803529969,True
BH14,0.8666666666666667,-0.43333333333333335,0.9478555209232485,0.9478996002735366,True
BH14,0.8833333333333333,-0.43333333333333335,0.9544836145926923,0.9545085124910967,True
BH14,0.8999999999999999,-0.43333333333333335,0.9610714614438147,0.961115021124973,True
BH14,0.9166666666666667,-0.43333333333333335,0.9676203777524064,0.9677191302837449,True
BH14,0.9333333333333333,-0.43333333333333335,0.9741296947609809,0.9741804207423963,True
BH14,0.95,-0.43333333333333335,0.9806209616017866,0.9806381672940179,True
BH14,0.9666666666666666,-0.43333333333333335,0.9870918029833273,0.987094025858162,True
BH14,0.9833333333333334,-0.43333333333333335,0.9935483954304075,0.993547976746481,True
BH14,1.0,-0.43333333333333335,1.0,1.0,True
BH14,-1.0,-0.41666666666666663,-9.469706641572008e-18,-4.0113133203257476e-18,True
BH14,-0.9833333333333333,-0.41666666666666663,0.006336355698834012,0.006344235706925267,True
BH14,-0.9666666666666667,-0.41666666666666663,0.012677247254376904,0.012695527115759279,True
BH14,-0.95,-0.41666666666666663,0.01903275768773338,0.019053794187714062,True
BH14,-0.9333333333333333,-0.41666666666666663,0.025397613087326916,0.025418958103202372,True
BH14,-0.9166666666666666,-0.41666666666666663,0.031801704083916985,0.03179094123846952,True
BH14,-0.9,-0.41666666666666663,0.03822548376969951,0.03821393130747908,True
BH14,-0.8833333333333333,-0.41666666666666663,0.044697290157937455,0.044753980339850355,True
BH14,-0.8666666666666667,-0.41666666666666663,0.05121433686333912,0.051311547007542466,True
BH14,-0.85,-0.41666666666666663,0.057785843976225985,0.057886184291313245,True
BH14,-0.8333333333333334,-0.41666666666666663,0.0644219843718355,0.06447745979242392,True
BH14,-0.8166666666666667,-0.41666666666666663,0.07113494146910843,0.07108495515933773,True
BH14,-0.8,-0.41666666666666663,0.07793287291744336,0.07792372177906132,True
BH14,-0.7833333333333333,-0.41666666666666663,0.0848259318064192,0.08499920367416396,True
BH14,-0.7666666666666666,-0.41666666666666663,0.09183457363305755,0.09209134875108993,True
BH14,-0.75,-0.41666666666666663,0.09896219012464541,0.09919904819881614,True
BH14,-0.7333333333333334,-0.41666666666666663,0.1062204453820981,0.10632128400313334,True
BH14,-0.7166666666666667,-0.41666666666666663,0.11363412737219354,0.11345712043311229,True
BH14,-0.7,-0.41666666666666663,0.12121287599225944,0.12106944521835043,True
BH14,-0.6833333333333333,-0.41666666666666663,0.12895527062253528,0.12903928451219387,True
BH14,-0.6666666666666667,-0.41666666666666663,0.13688687330730512,0.13702330248968697,True
BH14,-0.65,-0.41666666666666663,0.14500908528743142,0.1450229710232171,True
BH14,-0.6333333333333333,-0.41666666666666663,0.15330802056612475,0.1530399716262531,True
BH14,-0.6166666666666667,-0.41666666666666663,0.1618125078536135,0.16122943203280665,True
BH14,-0.6,-0.41666666666666663,0.17049912064048445,0.17009276646406582,True
BH14,-0.5833333333333333,-0.41666666666666663,0.17935568218629716,0.17899372653637624,True
BH14,-0.5666666666666667,-0.41666666666666663,0.18836571647983702,0.1879346455830347,True
BH14,-0.55,-0.41666666666666663,0.19749685228111943,0.1969180811699262,True
BH14,-0.5333333333333333,-0.41666666666666663,0.2067344235875882,0.20608436899427332,True
BH14,-0.5166666666666666,-0.41666666666666663,0.21604949816260624,0.21544599691919783,True
BH14,-0.5,-0.41666666666666663,0.22540116112248623,0.22482735883077618,True
BH14,-0.4833333333333334,-0.41666666666666663,0.23479047668829656,0.23422863476715694,True
BH14,-0.4666666666666667,-0.41666666666666663,0.2441828148579045,0.24365000725950783,True
BH14,-0.44999999999999996,-0.41666666666666663,0.2535698125365188,0.2530304588458355,True
BH14,-0.43333333333333335,-0.41666666666666663,0.26294726959492604,0.2623990795184345,True
BH14,-0.41666666666666663,-0.41666666666666663,0.2722951671715715,0.27177350412221307,True
BH14,-0.4,-0.41666666666666663,0.28162508720255175,0.28115371558449015,True
BH14,-0.3833333333333333,-0.41666666666666663,0.29092644446719873,0.29053243489979563,True
BH14,-0.3666666666666667,-0.41666666666666663,0.30020021218147436,0.2997799195281149,True
BH14,-0.35,-0.41666666666666663,0.30944813240803953,0.30902875452271905,True
BH14,-0.33333333333333337,-0.41666666666666663,0.3186724821286127,0.31827893620317455,True
BH14,-0.31666666666666665,-0.41666666666666663,0.3278692706180291,0.3275304609021722,True
BH14,-0.30000000000000004,-0.41666666666666663,0.337045021246625,0.33674665367233314,True
BH14,-0.2833333333333333,-0.41666666666666663,0.34620084588541017,0.34589298875807084,True
BH14,-0.2666666666666667,-0.41666666666666663,0.3553368762109836,0.3550396049966472,True
BH14,-0.25,-0.41666666666666663,0.36445552999102926,0.3641865020730233,True
BH14,-0.2333333333333334,-0.41666666666666663,0.37355819118254846,0.373333679672627,True
BH14,-0.21666666666666667,-0.41666666666666663,0.3826458879419683,0.38243684289963453,True
BH14,-0.19999999999999996,-0.41666666666666663,0.3917200231863358,0.39151503654547465,True
BH14,-0.18333333333333335,-0.41666666666666663,0.400782850000287,0.4005932794709177,True
BH14,-0.16666666666666663,-0.41666666666666663,0.4098341329101385,0.40967157165899454,True
BH14,-0.15000000000000002,-0.41666666666666663,0.4188767841811303,0.4187499130927435,True
BH14,-0.1333333333333333,-0.41666666666666663,0.4279109254044525,0.42779025755781674,True
BH14,-0.1166666666666667,-0.41666666666666663,0.43693748747380134,0.4368282189759928,True
BH14,-0.09999999999999998,-0.41666666666666663,0.44595761114227483,0.4458661841009516,True
BH14,-0.08333333333333337,-0.41666666666666663,0.45497261100558917,0.45490415293274034,True
BH14,-0.06666666666666665,-0.41666666666666663,0.46398334593959256,0.4639377412374134,True
BH14,-0.050000000000000044,-0.41666666666666663,0.4729905708399704,0.4729578892327421,True
BH14,-0.033333333333333326,-0.41666666666666663,0.48199528037435907,0.48197803260034433,True
BH14,-0.01666666666666672,-0.41666666666666663,0.4909980662511807,0.4909981713397933,True
BH14,0.0,-0.41666666666666663,0.500000202668151,0.500018305450662,True
BH14,0.016666666666666607,-0.41666666666666663,0.5090023850709297,0.5090395180946762,True
BH14,0.033333333333333215,-0.41666666666666663,0.5180052049424997,0.5180616014610151,True
BH14,0.050000000000000044,-0.41666666666666663,0.5270097771519903,0.5270836743818248,True
BH14,0.06666666666666665,-0.41666666666666663,0.5360171522178416,0.5361057368551612,True
BH14,0.08333333333333326,-0.41666666666666663,0.5450277404017967,0.5451277888790808,True
BH14,0.10000000000000009,-0.41666666666666663,0.5540428651037291,0.5541687529655441,True
BH14,0.1166666666666667,-0.41666666666666663,0.5630630656173017,0.5632128193336613,True
BH14,0.1333333333333333,-0.41666666666666663,0.5720896781523179,0.5722568596831551,True
BH14,0.1499999999999999,-0.41666666666666663,0.5811233937676057,0.5813008740042926,True
BH14,0.16666666666666674,-0.41666666666666663,0.5901661791588024,0.5903524068854935,True
BH14,0.18333333333333335,-0.41666666666666663,0.5992175516867416,0.599441864873992,True
BH14,0.19999999999999996,-0.41666666666666663,0.6082807352856225,0.6085312481562792,True
BH14,0.21666666666666656,-0.41666666666666663,0.6173548566052207,0.6176205566788101,True
BH14,0.2333333333333334,-0.41666666666666663,0.6264424415261233,0.6267097903879888,True
BH14,0.25,-0.41666666666666663,0.6355444192315227,0.6358347990650404,True
BH14,0.2666666666666666,-0.41666666666666663,0.6446639548015143,0.6449991596578395,True
BH14,0.2833333333333332,-0.41666666666666663,0.6537991131741163,0.654163278597309,True
BH14,0.30000000000000004,-0.41666666666666663,0.6629555705772775,0.6633271555696301,True
BH14,0.31666666666666665,-0.41666666666666663,0.6721315393484366,0.6724907902604381,True
BH14,0.33333333333333326,-0.41666666666666663,0.681329829184357,0.6817425342343107,True
BH14,0.3500000000000001,-0.41666666666666663,0.6905523929154769,0.6910170585524076,True
BH14,0.3666666666666667,-0.41666666666666663,0.6998001512504803,0.7002907065872761,True
BH14,0.3833333333333333,-0.41666666666666663,0.7090743821061996,0.7095634764310995,True
BH14,0.3999999999999999,-0.41666666666666663,0.7183756788197654,0.7188500223060293,True
BH14,0.41666666666666674,-0.41666666666666663,0.7277039220679034,0.7282519026399303,True
BH14,0.43333333333333335,-0.41666666666666663,0.737055845077764,0.7376503914506843,True
BH14,0.44999999999999996,-0.41666666666666663,0.7464278634851633,0.7470454777128577,True
BH14,0.46666666666666656,-0.41666666666666663,0.7558159998708625,0.7564371503520069,True
BH14,0.4833333333333334,-0.41666666666666663,0.7652115478560642,0.7658257995447377,True
BH14,0.5,-0.41666666666666663,0.7745992677742884,0.7752060335854978,True
BH14,0.5166666666666666,-0.41666666666666663,0.7839563395470464,0.7845752327204292,True
BH14,0.5333333333333332,-0.41666666666666663,0.7932653175590144,0.7939333474970385,True
BH14,0.55,-0.41666666666666663,0.8024979847192724,0.803280328131268,True
BH14,0.5666666666666667,-0.41666666666666663,0.8116349626661927,0.8123404196165516,True
BH14,0.5833333333333333,-0.41666666666666663,0.8206406482758263,0.8212620606114246,True
BH14,0.6000000000000001,-0.41666666666666663,0.8295034969697794,0.830104254961504,True
BH14,0.6166666666666667,-0.41666666666666663,0.8381851073008213,0.8386816364920354,True
BH14,0.6333333333333333,-0.41666666666666663,0.8466890946619254,0.8469235544139735,True
BH14,0.6499999999999999,-0.41666666666666663,0.8549974829145628,0.8551056751639917,True
BH14,0.6666666666666667,-0.41666666666666663,0.8631088348791918,0.8632335975933845,True
BH14,0.6833333333333333,-0.41666666666666663,0.8710475821028408,0.8710351567442123,True
BH14,0.7,-0.41666666666666663,0.8787937629198301,0.8786040211512754,True
BH14,0.7166666666666666,-0.41666666666666663,0.8863643123441467,0.8861784410111593,True
BH14,0.7333333333333334,-0.41666666666666663,0.8937742795021235,0.8937581432346855,True
BH14,0.75,-0.41666666666666663,0.9010397126977614,0.9012896157277824,True
BH14,0.7666666666666666,-0.41666666666666663,0.9081644981689428,0.9081765221980759,True
BH14,0.7833333333333332,-0.41666666666666663,0.915173469884537,0.9150606468605791,True
BH14,0.8,-0.41666666666666663,0.9220664598875705,0.9219419696029185,True
BH14,0.8166666666666667,-0.41666666666666663,0.928867027755472,0.9288204701370749,True
BH14,0.8333333333333333,-0.41666666666666663,0.9355758095169228,0.9356741832419547,True
BH14,0.8499999999999999,-0.41666666666666663,0.9422100882271629,0.9421904108247721,True
BH14,0.8666666666666667,-0.41666666666666663,0.9487839688599821,0.9487043554288893,True
BH14,0.8833333333333333,-0.41666666666666663,0.9553010077380563,0.9552160208821714,True
BH14,0.8999999999999999,-0.41666666666666663,0.9617697019056594,0.9617254110027482,True
BH14,0.9166666666666667,-0.41666666666666663,0.9681998485880927,0.9682303418084398,True
BH14,0.9333333333333333,-0.41666666666666663,0.9745983347930747,0.9745894174497018,True
BH14,0.95,-0.41666666666666663,0.9809690547236647,0.9809459473017434,True
BH14,0.9666666666666666,-0.41666666666666663,0.9873245099359472,0.9872999053273483,True
BH14,0.9833333333333334,-0.41666666666666663,0.9936643210963969,0.9936512651403706,True
BH14,1.0,-0.41666666666666663,0.9999999999999999,1.0,True
BH14,-1.0,-0.4,-2.03074488242022e-17,5.883920856943178e-18,True
BH14,-0.9833333333333333,-0.4,0.0062138348675119465,0.006214389554330979,True
BH14,-0.9666666666666667,-0.4,0.01243319555486307,0.012436834715518697,True
BH14,-0.95,-0.4,0.018659683291353122,0.018667243677186036,True
BH14,-0.9333333333333333,-0.4,0.024909461786380233,0.024905526039898734,True
BH14,-0.9166666666666666,-0.4,0.031186941018107348,0.031151592783999312,True
BH14,-0.9,-0.4,0.03749667231461294,0.03744367882036642,True
BH14,-0.8833333333333333,-0.4,0.04383849537077748,0.04383731518194056,True
BH14,-0.8666666666666667,-0.4,0.05022741936051313,0.05025087910810925,True
BH14,-0.85,-0.4,0.056674834545998254,0.05668386888907798,True
BH14,-0.8333333333333334,-0.4,0.0631841135615954,0.06313579892243704,True
BH14,-0.8166666666666667,-0.4,0.06977499585004468,0.0696061990969678,True
BH14,-0.8,-0.4,0.07645097878566967,0.0762876783033663,True
BH14,-0.7833333333333333,-0.4,0.08322625207440325,0.0832020650577932,True
BH14,-0.7666666666666666,-0.4,0.09012089979333036,0.09013960724224372,True
BH14,-0.75,-0.4,0.09714274209710616,0.09709888209057127,True
BH14,-0.7333333333333334,-0.4,0.10431536691962263,0.10407857061145037,True
BH14,-0.7166666666666667,-0.4,0.11164332423376042,0.11107744939685726,True
BH14,-0.7,-0.4,0.11914921376041208,0.11849845905092131,True
BH14,-0.6833333333333333,-0.4,0.1268432400868103,0.12652955333828053,True
BH14,-0.6666666666666667,-0.4,0.1347434694194852,0.1345787850582468,True
BH14,-0.65,-0.4,0.14285921692113368,0.1426480164088269,True
BH14,-0.6333333333333333,-0.4,0.15119804247515164,0.15073937130594112,True
BH14,-0.6166666666666667,-0.4,0.15975455836658148,0.1588676938821288,True
BH14,-0.6,-0.4,0.16852682743903596,0.16788973628376844,True
BH14,-0.5833333333333333,-0.4,0.17750222436795238,0.17695694807543208,True
BH14,-0.5666666666666667,-0.4,0.18663680000786065,0.1860723243149241,True
BH14,-0.55,-0.4,0.19592164259240416,0.1952391715794632,True
BH14,-0.5333333333333333,-0.4,0.20531512079931555,0.204565444665607,True
BH14,-0.5166666666666666,-0.4,0.2147871641982116,0.2140828970460885,True
BH14,-0.5,-0.4,0.22429865142830388,0.22362118801043862,True
BH14,-0.4833333333333334,-0.4,0.2338217339494827,0.23318051155275776,True
BH14,-0.4666666666666667,-0.4,0.24334273725370226,0.24276106441567055,True
BH14,-0.44999999999999996,-0.4,0.2528448261129177,0.25224759120756207,True
BH14,-0.43333333333333335,-0.4,0.2623121453060032,0.261701366011168,True
BH14,-0.41666666666666663,-0.4,0.2717452944389724,0.2711607913927502,True
BH14,-0.4,-0.4,0.28114105851668747,0.2806258505981585,True
BH14,-0.3833333333333333,-0.4,0.2905021598168113,0.2900883894913987,True
BH14,-0.3666666666666667,-0.4,0.2998283264527752,0.2993777463833312,True
BH14,-0.35,-0.4,0.3091198701673592,0.3086683786882878,True
BH14,-0.33333333333333337,-0.4,0.318380760318393,0.31796028291963263,True
BH14,-0.31666666666666665,-0.4,0.3276123978149623,0.3272534556032144,True
BH14,-0.30000000000000004,-0.4,0.336817525477053,0.3365050230919122,True
BH14,-0.2833333333333333,-0.4,0.3459984787910074,0.3456738870182663,True
BH14,-0.2666666666666667,-0.4,0.355156976134032,0.3548430153582971,True
BH14,-0.25,-0.4,0.36429430604628465,0.36401240781537436,True
BH14,-0.2333333333333334,-0.4,0.37341558887375126,0.3731820640933088,True
BH14,-0.21666666666666667,-0.4,0.3825191115917561,0.3823021550793162,True
BH14,-0.19999999999999996,-0.4,0.3916082801615476,0.3913940662553942,True
BH14,-0.18333333333333335,-0.4,0.40068336776291913,0.40048602356532653,True
BH14,-0.16666666666666663,-0.4,0.40974706935815475,0.40957802699322304,True
BH14,-0.15000000000000002,-0.4,0.4188011566715213,0.41867007652320076,True
BH14,-0.1333333333333333,-0.4,0.4278450287163324,0.42772027637101157,True
BH14,-0.1166666666666667,-0.4,0.43688118361656086,0.43676784212473535,True
BH14,-0.09999999999999998,-0.4,0.4459106268358436,0.44581541166726624,True
BH14,-0.08333333333333337,-0.4,0.4549341724114061,0.4548629849986527,True
BH14,-0.06666666666666665,-0.4,0.4639530929874628,0.4639057876030615,True
BH14,-0.050000000000000044,-0.4,0.4729680558319497,0.47293393603299727,True
BH14,-0.033333333333333326,-0.4,0.4819801875022408,0.48196208032722004,True
BH14,-0.01666666666666672,-0.4,0.490990724114885,0.49099022048534835,True
BH14,0.0,-0.4,0.5000001913973803,0.5000183565070008,True
BH14,0.016666666666666607,-0.4,0.5090096565374265,0.5090476614986038,True
BH14,0.033333333333333215,-0.4,0.5180201460995559,0.5180779124957258,True
BH14,0.050000000000000044,-0.4,0.5270324432248215,0.5271081540606775,True
BH14,0.06666666666666665,-0.4,0.5360477785822118,0.5361383861917037,True
BH14,0.08333333333333326,-0.4,0.5450662412144942,0.54516860888705,True
BH14,0.10000000000000009,-0.4,0.5540899901428171,0.5542194516893035,True
BH14,0.1166666666666667,-0.4,0.5631193840521486,0.5632736961036713,True
BH14,0.1333333333333333,-0.4,0.5721554936009678,0.5723279170387938,True
BH14,0.1499999999999999,-0.4,0.5812000830918697,0.5813821144858897,True
BH14,0.16666666666666674,-0.4,0.5902528585662683,0.5904445849762463,True
BH14,0.18333333333333335,-0.4,0.5993168272264136,0.5995490278608184,True
BH14,0.19999999999999996,-0.4,0.6083925852233616,0.6086534032052019,True
BH14,0.21666666666666656,-0.4,0.6174816411717869,0.617757710961006,True
BH14,0.2333333333333334,-0.4,0.6265859760596996,0.6268619510797938,True
BH14,0.25,-0.4,0.6357057880694261,0.6360067373678495,True
BH14,0.2666666666666666,-0.4,0.644844123572458,0.6451964071209385,True
BH14,0.2833333333333332,-0.4,0.6540024069089343,0.6543858571713768,True
BH14,0.30000000000000004,-0.4,0.6631839350154232,0.6635750872340609,True
BH14,0.31666666666666665,-0.4,0.6723881813252026,0.6727640970233925,True
BH14,0.33333333333333326,-0.4,0.6816188770244102,0.6820589056065075,True
BH14,0.3500000000000001,-0.4,0.690880701816506,0.6913817177270973,True
BH14,0.3666666666666667,-0.4,0.7001724950887038,0.7007037240053395,True
BH14,0.3833333333333333,-0.4,0.7094988939877792,0.7100249226896536,True
BH14,0.3999999999999999,-0.4,0.7188587618775961,0.7193644133096109,True
BH14,0.41666666666666674,-0.4,0.7282569586515031,0.7288634505384516,True
BH14,0.43333333333333335,-0.4,0.7376909840607124,0.7383593111895713,True
BH14,0.44999999999999996,-0.4,0.7471581238029641,0.7478519849834753,True
BH14,0.46666666666666656,-0.4,0.7566560812540413,0.7573414615952442,True
BH14,0.4833333333333334,-0.4,0.7661780411876086,0.7668531606709506,True
BH14,0.5,-0.4,0.7757049853974658,0.7763893189360538,True
BH14,0.5166666666666666,-0.4,0.7852105394823705,0.7859149670322698,True
BH14,0.5333333333333332,-0.4,0.7946793911371712,0.7954300586090648,True
BH14,0.55,-0.4,0.8040750673853523,0.8049345470108336,True
BH14,0.5666666666666667,-0.4,0.8133641686964603,0.8141997721756884,True
BH14,0.5833333333333333,-0.4,0.8225076704621883,0.82330434831773,True
BH14,0.6000000000000001,-0.4,0.8314662598672078,0.8323111034340478,True
BH14,0.6166666666666667,-0.4,0.840243208591438,0.8409752373199265,True
BH14,0.6333333333333333,-0.4,0.8487953526696607,0.8493505667251893,True
BH14,0.6499999999999999,-0.4,0.8571399082063198,0.8576561208787727,True
BH14,0.6666666666666667,-0.4,0.8652550060983857,0.8658987607837219,True
BH14,0.6833333333333333,-0.4,0.8731561362405567,0.8735451233219126,True
BH14,0.7,-0.4,0.8808544851618323,0.8809620382813341,True
BH14,0.7166666666666666,-0.4,0.8883599942024291,0.8883711259838757,True
BH14,0.7333333333333334,-0.4,0.8956869430192815,0.8957734056236595,True
BH14,0.75,-0.4,0.9028563700889297,0.9030335877815159,True
BH14,0.7666666666666666,-0.4,0.9098755064048789,0.9098313082105043,True
BH14,0.7833333333333332,-0.4,0.9167724509639794,0.9166191020492427,True
BH14,0.8,-0.4,0.9235458989204619,0.9233962999639387,True
BH14,0.8166666666666667,-0.4,0.9302223602823164,0.9301621736999655,True
BH14,0.8333333333333333,-0.4,0.9368136946308037,0.9368720803697955,True
BH14,0.8499999999999999,-0.4,0.9433204596101883,0.943273738327167,True
BH14,0.8666666666666667,-0.4,0.949771476149494,0.9496708854081429,True
BH14,0.8833333333333333,-0.4,0.9561627066370086,0.9560634211668486,True
BH14,0.8999999999999999,-0.4,0.9625097253664974,0.9624512422100181,True
BH14,0.9166666666666667,-0.4,0.9688167555770089,0.9688290510685617,True
BH14,0.9333333333333333,-0.4,0.9750918333314951,0.9750716634002177,True
BH14,0.95,-0.4,0.9813409405615617,0.9813100794724332,True
BH14,0.9666666666666666,-0.4,0.9875686211915887,0.9875442843058736,True
BH14,0.9833333333333334,-0.4,0.9937860871274259,0.993774262853458,True
BH14,1.0,-0.4,1.0,1.0,True
BH14,-1.0,-0.3833333333333333,5.700162283528598e-18,-4.9840888356113714e-17,True
BH14,-0.9833333333333333,-0.3833333333333333,0.0060856592681123945,0.006084133050107599,True
BH14,-0.9666666666666667,-0.3833333333333333,0.01217825711246389,0.01217733096518624,True
BH14,-0.95,-0.3833333333333333,0.018276540537723214,0.018279489956262822,True
BH14,-0.9333333333333333,-0.3833333333333333,0.02439640376144976,0.024390507834584477,True
BH14,-0.9166666666666666,-0.3833333333333333,0.030540891582417164,0.03051028398049272,True
BH14,-0.9,-0.3833333333333333,0.036716152549520736,0.03667123796714852,True
BH14,-0.8833333333333333,-0.3833333333333333,0.04292417183853503,0.042919804398168726,True
BH14,-0.8666666666666667,-0.3833333333333333,0.049187067862572154,0.04919064171208114,True
BH14,-0.85,-0.3833333333333333,0.0554968338628388,0.05548319669918665,True
BH14,-0.8333333333333334,-0.3833333333333333,0.061871417984666055,0.06179693358178459,True
BH14,-0.8166666666666667,-0.3833333333333333,0.06832736807141812,0.06813133336389243,True
BH14,-0.8,-0.3833333333333333,0.07486524085323483,0.07466126127985469,True
BH14,-0.7833333333333333,-0.3833333333333333,0.08151930507120682,0.0814225708147992,True
BH14,-0.7666666666666666,-0.3833333333333333,0.08827653945117217,0.08821251171228321,True
BH14,-0.75,-0.3833333333333333,0.0951838695884106,0.09502946019502158,True
BH14,-0.7333333333333334,-0.3833333333333333,0.1022399823264305,0.10187189714198511,True
BH14,-0.7166666666666667,-0.3833333333333333,0.10946702501310906,0.10873840140740287,True
BH14,-0.7,-0.3833333333333333,0.11688885143285874,0.11590716127407022,True
BH14,-0.6833333333333333,-0.3833333333333333,0.12452784082664366,0.12399801045773433,True
BH14,-0.6666666666666667,-0.3833333333333333,0.13238936813610938,0.13211078791330833,True
BH14,-0.65,-0.3833333333333333,0.14049642816281258,0.14024772077383252,True
BH14,-0.6333333333333333,-0.3833333333333333,0.14885980878142557,0.14841134509572568,True
BH14,-0.6166666666666667,-0.3833333333333333,0.15748251334750835,0.15660456070997797,True
BH14,-0.6,-0.3833333333333333,0.16635382664773862,0.1656351565778434,True
BH14,-0.5833333333333333,-0.3833333333333333,0.1754615950617955,0.1748753759541472,True
BH14,-0.5666666666666667,-0.3833333333333333,0.18477114453149848,0.1841730071649999,True
BH14,-0.55,-0.3833333333333333,0.19423630845596657,0.19353228020176405,True
BH14,-0.5333333333333333,-0.3833333333333333,0.20382382912445418,0.20303040257872662,True
BH14,-0.5166666666666666,-0.3833333333333333,0.213496658953313,0.21270596038887934,True
BH14,-0.5,-0.3833333333333333,0.22317812572368528,0.22240350452885727,True
BH14,-0.4833333333333334,-0.3833333333333333,0.23286937624087406,0.2321232438699528,True
BH14,-0.4666666666666667,-0.3833333333333333,0.24252785923801326,0.24186539031140028,True
BH14,-0.44999999999999996,-0.3833333333333333,0.25214346407568133,0.25146181420241975,True
BH14,-0.43333333333333335,-0.3833333333333333,0.26171178896847735,0.26100117788366056,True
BH14,-0.41666666666666663,-0.3833333333333333,0.2712254167551371,0.2705460362317268,True
BH14,-0.4,-0.3833333333333333,0.28069576443904337,0.2800963728247381,True
BH14,-0.3833333333333333,-0.3833333333333333,0.29011413739729053,0.2896437522522689,True
BH14,-0.3666666666666667,-0.3833333333333333,0.2994875430645596,0.2989750658240172,True
BH14,-0.35,-0.3833333333333333,0.30882418617296487,0.30830757939703624,True
BH14,-0.33333333333333337,-0.3833333333333333,0.31812076507243836,0.3176412896809447,True
BH14,-0.31666666666666665,-0.3833333333333333,0.3273829144604823,0.3269761933971916,True
BH14,-0.30000000000000004,-0.3833333333333333,0.3366136702918034,0.3362632888395787,True
BH14,-0.2833333333333333,-0.3833333333333333,0.3458165350465542,0.3454546992383287,True
BH14,-0.2666666666666667,-0.3833333333333333,0.35499667349416636,0.35464635727212124,True
BH14,-0.25,-0.3833333333333333,0.36415287258651974,0.3638382626628231,True
BH14,-0.2333333333333334,-0.3833333333333333,0.37328895505535287,0.373030415132715,True
BH14,-0.21666666666666667,-0.3833333333333333,0.3824074558227686,0.3821674522464603,True
BH14,-0.19999999999999996,-0.3833333333333333,0.3915092099368379,0.39127308331130056,True
BH14,-0.18333333333333335,-0.3833333333333333,0.4005965568475883,0.40037875736262296,True
BH14,-0.16666666666666663,-0.3833333333333333,0.4096703598092811,0.4094844743856175,True
BH14,-0.15000000000000002,-0.3833333333333333,0.41873390239003455,0.41859023436548104,True
BH14,-0.1333333333333333,-0.3833333333333333,0.4277872785437324,0.4276502912597683,True
BH14,-0.1166666666666667,-0.3833333333333333,0.43683209050329536,0.4367074612355347,True
BH14,-0.09999999999999998,-0.3833333333333333,0.4458692418239596,0.44576463508212993,True
BH14,-0.08333333333333337,-0.3833333333333333,0.45490031865443836,0.4548218127996031,True
BH14,-0.06666666666666665,-0.3833333333333333,0.46392609497501336,0.4638738302472494,True
BH14,-0.050000000000000044,-0.3833333333333333,0.4729483185945115,0.47290997871398466,True
BH14,-0.033333333333333326,-0.3833333333333333,0.48196714717068256,0.4819461235369472,True
BH14,-0.01666666666666672,-0.3833333333333333,0.4909842588255452,0.49098226471580075,True
BH14,0.0,-0.3833333333333333,0.5000001333214886,0.5000184022502093,True
BH14,0.016666666666666607,-0.3833333333333333,0.5090161810624176,0.5090557989440008,True
BH14,0.033333333333333215,-0.3833333333333333,0.5180333088726969,0.5180942169293223,True
BH14,0.050000000000000044,-0.3833333333333333,0.5270524224478995,0.5271326264955938,True
BH14,0.06666666666666665,-0.3833333333333333,0.5360744102228325,0.5361710276412487,True
BH14,0.08333333333333326,-0.3833333333333333,0.5451003239520831,0.5452094203647208,True
BH14,0.10000000000000009,-0.3833333333333333,0.5541313881282088,0.554270138492927,True
BH14,0.1166666666666667,-0.3833333333333333,0.5631685807016171,0.5633345595711189,True
BH14,0.1333333333333333,-0.3833333333333333,0.5722132868246715,0.5723989597084109,True
BH14,0.1499999999999999,-0.3833333333333333,0.581266734311,0.5814633388969721,True
BH14,0.16666666666666674,-0.3833333333333333,0.5903299938889169,0.59053673711716,True
BH14,0.18333333333333335,-0.3833333333333333,0.5994042702628626,0.599656161153957,True
BH14,0.19999999999999996,-0.3833333333333333,0.6084909644179143,0.6087755248112321,True
BH14,0.21666666666666656,-0.3833333333333333,0.6175942247299729,0.6178948280457413,True
BH14,0.2333333333333334,-0.3833333333333333,0.626711806365577,0.6270140708141989,True
BH14,0.25,-0.3833333333333333,0.6358481797051929,0.6361785974641563,True
BH14,0.2666666666666666,-0.3833333333333333,0.6450041246006386,0.6453935639157317,True
BH14,0.2833333333333332,-0.3833333333333333,0.6541835640192352,0.6546083325830796,True
BH14,0.30000000000000004,-0.3833333333333333,0.6633866675324526,0.6638229032097287,True
BH14,0.31666666666666665,-0.3833333333333333,0.6726199879927028,0.6730372755387619,True
BH14,0.33333333333333326,-0.3833333333333333,0.6818827701322376,0.6823749868259514,True
BH14,0.3500000000000001,-0.3833333333333333,0.691177684157464,0.6917460335442428,True
BH14,0.3666666666666667,-0.3833333333333333,0.7005122645215067,0.7011163446306768,True
BH14,0.3833333333333333,-0.3833333333333333,0.7098861051540621,0.7104859184889019,True
BH14,0.3999999999999999,-0.3833333333333333,0.7193062009817254,0.7198777765739954,True
BH14,0.41666666666666674,-0.3833333333333333,0.7287740216251758,0.7294736691293373,True
BH14,0.43333333333333335,-0.3833333333333333,0.7382919598626319,0.7390665981074458,True
BH14,0.44999999999999996,-0.3833333333333333,0.7478587638672048,0.7486565539618868,True
BH14,0.46666666666666656,-0.3833333333333333,0.7574762133294388,0.7582435271042913,True
BH14,0.4833333333333334,-0.3833333333333333,0.7671387828518073,0.7678759121691816,True
BH14,0.5,-0.3833333333333333,0.7768213437842912,0.7775661720528018,True
BH14,0.5166666666666666,-0.3833333333333333,0.7865124043022347,0.787246430473435,True
BH14,0.5333333333333332,-0.3833333333333333,0.7961731946760517,0.7969166440243436,True
BH14,0.55,-0.3833333333333333,0.8057519519763211,0.8065767690183316,True
BH14,0.5666666666666667,-0.3833333333333333,0.8152411616124463,0.8160612010967858,True
BH14,0.5833333333333333,-0.3833333333333333,0.8245411414796424,0.8253681668469419,True
BH14,0.6000000000000001,-0.3833333333333333,0.8336461507724535,0.8345543733779444,True
BH14,0.6166666666666667,-0.3833333333333333,0.8425138777504841,0.8433110422693677,True
BH14,0.6333333333333333,-0.3833333333333333,0.8511397872326256,0.85182311327419,True
BH14,0.6499999999999999,-0.3833333333333333,0.8595015747213445,0.8602545683112094,True
BH14,0.6666666666666667,-0.3833333333333333,0.8676105772842684,0.868613725782605,True
BH14,0.6833333333333333,-0.3833333333333333,0.8754803169250007,0.8761183343121638,True
BH14,0.7,-0.3833333333333333,0.8831107128389154,0.8835541504286649,True
BH14,0.7166666666666666,-0.3833333333333333,0.8905262520915881,0.8909805164922848,True
BH14,0.7333333333333334,-0.3833333333333333,0.8977615301442194,0.898398651751698,True
BH14,0.75,-0.3833333333333333,0.9048136463076584,0.9054624761353129,True
BH14,0.7666666666666666,-0.3833333333333333,0.9117234210613107,0.9120860300161429,True
BH14,0.7833333333333332,-0.3833333333333333,0.9184841483469551,0.9186926354321483,True
BH14,0.8,-0.3833333333333333,0.9251269244305773,0.9252812464129612,True
BH14,0.8166666666666667,-0.3833333333333333,0.9316696883207982,0.9318507364685042,True
BH14,0.8333333333333333,-0.3833333333333333,0.9381249114937888,0.9383448711988057,True
BH14,0.8499999999999999,-0.3833333333333333,0.9445057688867314,0.9445960028030673,True
BH14,0.8666666666666667,-0.3833333333333333,0.9508201271329939,0.9508404814073883,True
BH14,0.8833333333333333,-0.3833333333333333,0.9570735535190209,0.9570781628097699,True
BH14,0.8999999999999999,-0.3833333333333333,0.9632868636739007,0.963308898733501,True
BH14,0.9166666666666667,-0.3833333333333333,0.9694627012448076,0.9695259874389378,True
BH14,0.9333333333333333,-0.3833333333333333,0.9756032458109261,0.9756298373013144,True
BH14,0.95,-0.3833333333333333,0.9817232754197153,0.9817291794265398,True
BH14,0.9666666666666666,-0.3833333333333333,0.987825595183333,0.987823997912076,True
BH14,0.9833333333333334,-0.3833333333333333,0.9939136624034675,0.9939142767846724,True
BH14,1.0,-0.3833333333333333,1.0,1.0,True
BH14,-1.0,-0.3666666666666667,-3.758141718232802e-18,5.617822609852294e-17,True
BH14,-0.9833333333333333,-0.3666666666666667,0.005953271841155157,0.0059534642533687725,True
BH14,-0.9666666666666667,-0.3666666666666667,0.01190608091597807,0.011917012070935467,True
BH14,-0.95,-0.3666666666666667,0.017874488712363926,0.017890527462786496,True
BH14,-0.9333333333333333,-0.3666666666666667,0.02385840326370356,0.02387389623816833,True
BH14,-0.9166666666666666,-0.3666666666666667,0.029862110059769485,0.029867005970236237,True
BH14,-0.9,-0.3666666666666667,0.03590200726991154,0.035896638809118295,True
BH14,-0.8833333333333333,-0.3666666666666667,0.041972658605327964,0.04200145930880167,True
BH14,-0.8666666666666667,-0.3666666666666667,0.04808308289133248,0.04813082920302433,True
BH14,-0.85,-0.3666666666666667,0.05425471468742987,0.054284146828812316,True
BH14,-0.8333333333333334,-0.3666666666666667,0.060483175229155736,0.06046082912872609,True
BH14,-0.8166666666666667,-0.3666666666666667,0.06678863010973694,0.06666031097441916,True
BH14,-0.8,-0.3666666666666667,0.07318004832236502,0.07304371973839627,True
BH14,-0.7833333333333333,-0.3666666666666667,0.07968791802330698,0.07965943195665731,True
BH14,-0.7666666666666666,-0.3666666666666667,0.08630520695852488,0.08630837691490342,True
BH14,-0.75,-0.3666666666666667,0.0930791520856827,0.09298881582976294,True
BH14,-0.7333333333333334,-0.3666666666666667,0.10000049573684514,0.0996991079604135,True
BH14,-0.7166666666666667,-0.3666666666666667,0.10710920845718436,0.10643770589123953,True
BH14,-0.7,-0.3666666666666667,0.11442092524333672,0.11329595686352924,True
BH14,-0.6833333333333333,-0.3666666666666667,0.12197747746349819,0.1214451104873373,True
BH14,-0.6666666666666667,-0.3666666666666667,0.12978437833468412,0.12961982346356316,True
BH14,-0.65,-0.3666666666666667,0.13787347010636758,0.13782266415896077,True
BH14,-0.6333333333333333,-0.3666666666666667,0.1462642140351356,0.1460565526234825,True
BH14,-0.6166666666666667,-0.3666666666666667,0.1549559076525337,0.1543248220729001,True
BH14,-0.6,-0.3666666666666667,0.16394749157116312,0.16332544730673432,True
BH14,-0.5833333333333333,-0.3666666666666667,0.17322024920043655,0.17274569218456257,True
BH14,-0.5666666666666667,-0.3666666666666667,0.18273079719904867,0.18223376697790003,True
BH14,-0.55,-0.3666666666666667,0.19244099345605598,0.19179503831105127,True
BH14,-0.5333333333333333,-0.3666666666666667,0.20227138496927222,0.201478880549408,True
BH14,-0.5166666666666666,-0.3666666666666667,0.2121666371559227,0.21131487337654242,True
BH14,-0.5,-0.3666666666666667,0.2220646748419802,0.22117404525997825,True
BH14,-0.4833333333333334,-0.3666666666666667,0.23193971324097531,0.2310566209308806,True
BH14,-0.4666666666666667,-0.3666666666666667,0.24175073031566388,0.2409628284539049,True
BH14,-0.44999999999999996,-0.3666666666666667,0.25149267607393955,0.25067310559515216,True
BH14,-0.43333333333333335,-0.3666666666666667,0.2611592298161648,0.26030501537111245,True
BH14,-0.41666666666666663,-0.3666666666666667,0.27076163494224925,0.2699444816732797,True
BH14,-0.4,-0.3666666666666667,0.2802969169010726,0.27958811389936533,True
BH14,-0.3833333333333333,-0.3666666666666667,0.28976963516968735,0.2892274025034608,True
BH14,-0.3666666666666667,-0.3666666666666667,0.29919066782267645,0.29860143027152686,True
BH14,-0.35,-0.3666666666666667,0.30856188410545826,0.3079759884061337,True
BH14,-0.33333333333333337,-0.3666666666666667,0.31789047400946957,0.3173510723113516,True
BH14,-0.31666666666666665,-0.3666666666666667,0.3271811679717625,0.3267266774441975,True
BH14,-0.30000000000000004,-0.3666666666666667,0.3364375404814317,0.33604781988969257,True
BH14,-0.2833333333333333,-0.3666666666666667,0.3456612519304554,0.3452601270665907,True
BH14,-0.2666666666666667,-0.3666666666666667,0.35485817176669987,0.35447252652053723,True
BH14,-0.25,-0.3666666666666667,0.3640310966034336,0.3636850179471107,True
BH14,-0.2333333333333334,-0.3666666666666667,0.3731806875020749,0.372897601043226,True
BH14,-0.21666666666666667,-0.3666666666666667,0.3823115353111079,0.3820498053164755,True
BH14,-0.19999999999999996,-0.3666666666666667,0.3914242697133173,0.3911675603947723,True
BH14,-0.18333333333333335,-0.3666666666666667,0.4005212068761993,0.400285330242214,True
BH14,-0.16666666666666663,-0.3666666666666667,0.40960520437873865,0.4094031148449634,True
BH14,-0.15000000000000002,-0.3666666666666667,0.4186769579767346,0.41852091418920023,True
BH14,-0.1333333333333333,-0.3666666666666667,0.42773807567860633,0.42758955091777184,True
BH14,-0.1166666666666667,-0.3666666666666667,0.43678992820971124,0.43665506932664705,True
BH14,-0.09999999999999998,-0.3666666666666667,0.4458340238080134,0.4457205891143708,True
BH14,-0.08333333333333337,-0.3666666666666667,0.45487160735898324,0.45478611028076354,True
BH14,-0.06666666666666665,-0.3666666666666667,0.46390362015867564,0.4638461275117624,True
BH14,-0.050000000000000044,-0.3666666666666667,0.4729314389831939,0.4728892068393024,True
BH14,-0.033333333333333326,-0.3666666666666667,0.48195600863936616,0.48193228504462293,True
BH14,-0.01666666666666672,-0.3666666666666667,0.490978546714779,0.49097536212757875,True
BH14,0.0,-0.3666666666666667,0.5000002108336646,0.500018438088025,True
BH14,0.016666666666666607,-0.3666666666666667,0.5090218554613481,0.50906285474419,True
BH14,0.033333333333333215,-0.3666666666666667,0.5180445724995978,0.5181083636743411,True
BH14,0.050000000000000044,-0.3666666666666667,0.5270691745510423,0.5271538699708629,True
BH14,0.06666666666666665,-0.3666666666666667,0.5360970193360093,0.5361993736329749,True
BH14,0.08333333333333326,-0.3666666666666667,0.5451292560611227,0.5452448746598957,True
BH14,0.10000000000000009,-0.3666666666666667,0.5541667301830554,0.5543142111521884,True
BH14,0.1166666666666667,-0.3666666666666667,0.5632106649987444,0.5633875327974442,True
BH14,0.1333333333333333,-0.3666666666666667,0.57226255727026,0.5724608477424415,True
BH14,0.1499999999999999,-0.3666666666666667,0.5813237179573153,0.5815341559832147,True
BH14,0.16666666666666674,-0.3666666666666667,0.5903955556579074,0.5906171487137629,True
BH14,0.18333333333333335,-0.3666666666666667,0.5994790219533017,0.5997498347055286,True
BH14,0.19999999999999996,-0.3666666666666667,0.6085761583103576,0.6088825003833988,True
BH14,0.21666666666666656,-0.3666666666666667,0.6176890811784905,0.6180151457237392,True
BH14,0.2333333333333334,-0.3666666666666667,0.6268203345001143,0.6271477707028786,True
BH14,0.25,-0.3666666666666667,0.6359703919937487,0.6363300194477306,True
BH14,0.2666666666666666,-0.3666666666666667,0.6451427336539692,0.6455679398622913,True
BH14,0.2833333333333332,-0.3666666666666667,0.6543394544838682,0.6548057864458523,True
BH14,0.30000000000000004,-0.3666666666666667,0.663563583577085,0.664043559030125,True
BH14,0.31666666666666665,-0.3666666666666667,0.672818701119628,0.6732812574463083,True
BH14,0.33333333333333326,-0.3666666666666667,0.6821087344959706,0.6826591122223804,True
BH14,0.3500000000000001,-0.3666666666666667,0.6914390346628203,0.6920758710271372,True
BH14,0.3666666666666667,-0.3666666666666667,0.7008105888971831,0.7014922902077096,True
BH14,0.3833333333333333,-0.3666666666666667,0.7102297927989624,0.7109083682235888,True
BH14,0.3999999999999999,-0.3666666666666667,0.7197062225171447,0.7203511172718955,True
BH14,0.41666666666666674,-0.3666666666666667,0.7292419703198739,0.7300482686918346,True
BH14,0.43333333333333335,-0.3666666666666667,0.7388396790966434,0.7397425501036141,True
BH14,0.44999999999999996,-0.3666666666666667,0.7485065301162979,0.7494339345053849,True
BH14,0.46666666666666656,-0.3666666666666667,0.7582505205294057,0.7591223945546727,True
BH14,0.4833333333333334,-0.3666666666666667,0.7680632774554238,0.76888529910596,True
BH14,0.5,-0.3666666666666667,0.7779344839144341,0.7787399529398735,True
BH14,0.5166666666666666,-0.3666666666666667,0.7878406338593306,0.7885697674297917,True
BH14,0.5333333333333332,-0.3666666666666667,0.7977337455389364,0.7983932812060868,True
BH14,0.55,-0.3666666666666667,0.8075652474905919,0.8082072052417685,True
BH14,0.5666666666666667,-0.3666666666666667,0.8172605262343251,0.817925088741573,True
BH14,0.5833333333333333,-0.3666666666666667,0.8267805268655973,0.8274570224919504,True
BH14,0.6000000000000001,-0.3666666666666667,0.8360535428890181,0.8368393590659221,True
BH14,0.6166666666666667,-0.3666666666666667,0.8450464637088174,0.845691556934629,True
BH14,0.6333333333333333,-0.3666666666666667,0.8537397229501125,0.8543436016350885,True
BH14,0.6499999999999999,-0.3666666666666667,0.8621140552728128,0.8629032847550938,True
BH14,0.6666666666666667,-0.3666666666666667,0.870216827435116,0.8712339103256466,True
BH14,0.6833333333333333,-0.3666666666666667,0.8780283787275078,0.8787004926555555,True
BH14,0.7,-0.3666666666666667,0.8855793968480784,0.8861544129860972,True
BH14,0.7166666666666666,-0.3666666666666667,0.8929038321025196,0.8935973623834108,True
BH14,0.7333333333333334,-0.3666666666666667,0.9000071534808518,0.9010307434868007,True
BH14,0.75,-0.3666666666666667,0.9069308127391253,0.9078228282959635,True
BH14,0.7666666666666666,-0.3666666666666667,0.9136930923473355,0.9142788561493422,True
BH14,0.7833333333333332,-0.3666666666666667,0.9203147809629479,0.9207119311807608,True
BH14,0.8,-0.3666666666666667,0.9268127059722591,0.9271207577681109,True
BH14,0.8166666666666667,-0.3666666666666667,0.9332054350589672,0.9335039538340444,True
BH14,0.8333333333333333,-0.3666666666666667,0.9395139684174496,0.9397988375401012,True
BH14,0.8499999999999999,-0.3666666666666667,0.9457462749423143,0.9459017926993548,True
BH14,0.8666666666666667,-0.3666666666666667,0.9519153497500966,0.951996060803539,True
BH14,0.8833333333333333,-0.3666666666666667,0.9580285060368163,0.9580814585695518,True
BH14,0.8999999999999999,-0.3666666666666667,0.964101011466148,0.9641577977293285,True
BH14,0.9166666666666667,-0.3666666666666667,0.9701358873575177,0.9702176737227528,True
BH14,0.9333333333333333,-0.3666666666666667,0.9761428164081506,0.9761837963290756,True
BH14,0.95,-0.3666666666666667,0.9821277464315772,0.9821451070732417,True
BH14,0.9666666666666666,-0.3666666666666667,0.9880931751709139,0.988101589178677,True
BH14,0.9833333333333334,-0.3666666666666667,0.9940467494064248,0.9940532257954698,True
BH14,1.0,-0.3666666666666667,1.0,1.0,True
BH14,-1.0,-0.35,-3.98648135163934e-17,4.012928148982605e-17,True
BH14,-0.9833333333333333,-0.35,0.005812760101092116,0.005820180708948291,True
BH14,-0.9666666666666667,-0.35,0.011627785705378951,0.011652522546338515,True
BH14,-0.95,-0.35,0.01745752053075907,0.01749699692555785,True
BH14,-0.9333333333333333,-0.35,0.023296815760994787,0.023353575371395995,True
BH14,-0.9166666666666666,-0.35,0.02916121177904328,0.029221749843134096,True
BH14,-0.9,-0.35,0.03504722425750349,0.03511991085193967,True
BH14,-0.8833333333333333,-0.35,0.04096781694248472,0.041082291031828734,True
BH14,-0.8666666666666667,-0.35,0.0469300102689854,0.047071436061491695,True
BH14,-0.85,-0.35,0.05294372760736191,0.05308669873366464,True
BH14,-0.8333333333333334,-0.35,0.059024326449666084,0.05912745147957718,True
BH14,-0.8166666666666667,-0.35,0.06516726863918396,0.06519308567346305,True
BH14,-0.8,-0.35,0.07140033015092162,0.07143437710836581,True
BH14,-0.7833333333333333,-0.35,0.07773830615359834,0.07791147625855359,True
BH14,-0.7666666666666666,-0.35,0.08419156486070688,0.08442565653793374,True
BH14,-0.75,-0.35,0.09079915478618815,0.09097512906441405,True
BH14,-0.7333333333333334,-0.35,0.0975673458056029,0.09755819207092828,True
BH14,-0.7166666666666667,-0.35,0.10453161658016291,0.1041732281840308,True
BH14,-0.7,-0.35,0.1117163938583318,0.1108187014684961,True
BH14,-0.6833333333333333,-0.35,0.1191687160440771,0.1188712934188752,True
BH14,-0.6666666666666667,-0.35,0.12689729592917903,0.12710638683644135,True
BH14,-0.65,-0.35,0.1349571433084153,0.13537340606211723,True
BH14,-0.6333333333333333,-0.35,0.14335986253648347,0.14367562894032437,True
BH14,-0.6166666666666667,-0.35,0.15212961696608535,0.15201679091297376,True
BH14,-0.6,-0.35,0.16126531208065115,0.16095674263899443,True
BH14,-0.5833333333333333,-0.35,0.1707404990341038,0.17046820012047537,True
BH14,-0.5666666666666667,-0.35,0.1805086958592057,0.18001879280466476,True
BH14,-0.55,-0.35,0.1905109062097156,0.18970807576100887,True
BH14,-0.5333333333333333,-0.35,0.20063967389518517,0.19960787484739795,True
BH14,-0.5166666666666666,-0.35,0.2108235597528632,0.2097219982079478,True
BH14,-0.5,-0.35,0.22098742657051063,0.21988261307128637,True
BH14,-0.4833333333333334,-0.35,0.23107089922168114,0.23008825844113154,True
BH14,-0.4666666666666667,-0.35,0.2410501927829592,0.24033753602177227,True
BH14,-0.44999999999999996,-0.35,0.2509145293125428,0.25020834597375124,True
BH14,-0.43333333333333335,-0.35,0.26068495355771404,0.25991293336922644,True
BH14,-0.41666666666666663,-0.35,0.27036207334831514,0.2696208200236931,True
BH14,-0.4,-0.35,0.2799569426363851,0.2793319388036338,True
BH14,-0.3833333333333333,-0.35,0.2894816477831548,0.2890367940574975,True
BH14,-0.3666666666666667,-0.35,0.2989407473976643,0.2984310979323761,True
BH14,-0.35,-0.35,0.3083455769341664,0.3078258147023788,True
BH14,-0.33333333333333337,-0.35,0.3177023949405572,0.31722094078943014,True
BH14,-0.31666666666666665,-0.35,0.32701606989332055,0.3266164726566775,True
BH14,-0.30000000000000004,-0.35,0.33629175066113715,0.3359541189521557,True
BH14,-0.2833333333333333,-0.35,0.3455336490646039,0.3451756993407008,True
BH14,-0.2666666666666667,-0.35,0.35474621235127723,0.3543973515965021,True
BH14,-0.25,-0.35,0.36392945928688825,0.3636190754823672,True
BH14,-0.2333333333333334,-0.35,0.37309202829420723,0.3728408707621459,True
BH14,-0.21666666666666667,-0.35,0.38223257886360834,0.38199980020672175,True
BH14,-0.19999999999999996,-0.35,0.3913550937835854,0.3911227889373684,True
BH14,-0.18333333333333335,-0.35,0.4004603684528791,0.400245789167671,True
BH14,-0.16666666666666663,-0.35,0.40955203727737055,0.4093688008868534,True
BH14,-0.15000000000000002,-0.35,0.4186301120593189,0.41849182408415286,True
BH14,-0.1333333333333333,-0.35,0.42769753710792996,0.42756409393994294,True
BH14,-0.1166666666666667,-0.35,0.43675564467310146,0.43663313207871846,True
BH14,-0.09999999999999998,-0.35,0.4458053155478762,0.44570217129087464,True
BH14,-0.08333333333333337,-0.35,0.45484811069435144,0.45477121157627165,True
BH14,-0.06666666666666665,-0.35,0.4638850140549543,0.46383459814427597,True
BH14,-0.050000000000000044,-0.35,0.47291780245290904,0.4728805631560683,True
BH14,-0.033333333333333326,-0.35,0.4819470748723925,0.4819265272943152,True
BH14,-0.01666666666666672,-0.35,0.4909741778927055,0.4909724905589033,True
BH14,0.0,-0.35,0.5000001760774772,0.50001845294972,True
BH14,0.016666666666666607,-0.35,0.5090262307623599,0.5090657916194393,True
BH14,0.033333333333333215,-0.35,0.5180534890654147,0.5181142537038754,True
BH14,0.050000000000000044,-0.35,0.5270828498638883,0.5271627137383852,True
BH14,0.06666666666666665,-0.35,0.5361153835721361,0.5362111717223603,True
BH14,0.08333333333333326,-0.35,0.5451525290594932,0.5452596276551933,True
BH14,0.10000000000000009,-0.35,0.5541950864804233,0.5543325940059763,True
BH14,0.1166666666666667,-0.35,0.5632449964070416,0.5634096808996313,True
BH14,0.1333333333333333,-0.35,0.5723028275473625,0.5724867625785912,True
BH14,0.1499999999999999,-0.35,0.5813704953775038,0.5815638390397707,True
BH14,0.16666666666666674,-0.35,0.5904485201188492,0.5906508708230863,True
BH14,0.18333333333333335,-0.35,0.5995398190586777,0.5997893676233332,True
BH14,0.19999999999999996,-0.35,0.6086458281093602,0.6089278486167271,True
BH14,0.21666666666666656,-0.35,0.6177684319638932,0.6180663137848856,True
BH14,0.2333333333333334,-0.35,0.6269091499201179,0.6272047631093982,True
BH14,0.25,-0.35,0.6360709848567527,0.6363949825141834,True
BH14,0.2666666666666666,-0.35,0.6452566094486782,0.6456436967484928,True
BH14,0.2833333333333332,-0.35,0.6544680705427695,0.654892353552335,True
BH14,0.30000000000000004,-0.35,0.663709449208139,0.6641409527949078,True
BH14,0.31666666666666665,-0.35,0.6729836118684664,0.6733894943450112,True
BH14,0.33333333333333326,-0.35,0.6822997845304856,0.6827886344199509,True
BH14,0.3500000000000001,-0.35,0.6916531311412799,0.6922303974089625,True
BH14,0.3666666666666667,-0.35,0.7010592366304444,0.7016718963536855,True
BH14,0.3833333333333333,-0.35,0.7105209373893504,0.7111131300579969,True
BH14,0.3999999999999999,-0.35,0.7200420440610328,0.720586615766752,True
BH14,0.41666666666666674,-0.35,0.7296382789431904,0.7303859016418364,True
BH14,0.43333333333333335,-0.35,0.7393155735737511,0.7401829570060859,True
BH14,0.44999999999999996,-0.35,0.7490842549018041,0.7499777609088261,True
BH14,0.46666666666666656,-0.35,0.7589613483486441,0.7597702921356724,True
BH14,0.4833333333333334,-0.35,0.7689326836740542,0.7697569393175069,True
BH14,0.5,-0.35,0.779011891544409,0.7800100812356948,True
BH14,0.5166666666666666,-0.35,0.7891691252405582,0.7902319653231711,True
BH14,0.5333333333333332,-0.35,0.7993566807762319,0.8004233212548376,True
BH14,0.55,-0.35,0.8094984604805231,0.810584855996116,True
BH14,0.5666666666666667,-0.35,0.8195047545711297,0.8204724785716592,True
BH14,0.5833333333333333,-0.35,0.8292611508871873,0.8299491290241985,True
BH14,0.6000000000000001,-0.35,0.8387324931249805,0.8391723291154315,True
BH14,0.6166666666666667,-0.35,0.8478670717089299,0.848119422447972,True
BH14,0.6333333333333333,-0.35,0.85662349185719,0.8569145388994297,True
BH14,0.6499999999999999,-0.35,0.8650413126426659,0.8656046054987887,True
BH14,0.6666666666666667,-0.35,0.8731052743077303,0.8738057680530122,True
BH14,0.6833333333333333,-0.35,0.8808416386801078,0.8812913182548028,True
BH14,0.7,-0.35,0.8882843145227193,0.8887625823903742,True
BH14,0.7166666666666666,-0.35,0.8954806242129043,0.8962214505394555,True
BH14,0.7333333333333334,-0.35,0.9024416151919363,0.9036694932856184,True
BH14,0.75,-0.35,0.9092156417075364,0.9101190931001837,True
BH14,0.7666666666666666,-0.35,0.9158117029628936,0.9164140745655818,True
BH14,0.7833333333333332,-0.35,0.9222646083544854,0.9226809972917487,True
BH14,0.8,-0.35,0.9286033151973049,0.9289184137019284,True
BH14,0.8166666666666667,-0.35,0.9348326215700609,0.9351247934388305,True
BH14,0.8333333333333333,-0.35,0.9409776286484128,0.9412344351051745,True
BH14,0.8499999999999999,-0.35,0.9470557248960045,0.9471915157015437,True
BH14,0.8666666666666667,-0.35,0.953067615925204,0.9531379781676486,True
BH14,0.8833333333333333,-0.35,0.9590322108636892,0.959073604428383,True
BH14,0.8999999999999999,-0.35,0.9649516614653999,0.964998170702574,True
BH14,0.9166666666666667,-0.35,0.9708390394489038,0.9709041686602122,True
BH14,0.9333333333333333,-0.35,0.9767073203155976,0.9767335878123043,True
BH14,0.95,-0.35,0.9825435837385704,0.9825578981635552,True
BH14,0.9666666666666666,-0.35,0.9883732420275996,0.9883770821105975,True
BH14,0.9833333333333334,-0.35,0.994188435105917,0.9941911219744215,True
BH14,1.0,-0.35,1.0,1.0,True
BH14,-1.0,-0.33333333333333337,-6.488248985874718e-17,1.0554142123064039e-17,True
BH14,-0.9833333333333333,-0.33333333333333337,0.005670990089909548,0.005673458959636963,True
BH14,-0.9666666666666667,-0.33333333333333337,0.011342518086748007,0.011359443484141278,True
BH14,-0.95,-0.33333333333333337,0.01701595729238494,0.01705792353849358,True
BH14,-0.9333333333333333,-0.33333333333333337,0.02271681523864669,0.022768869207078928,True
BH14,-0.9166666666666666,-0.33333333333333337,0.02842637302133614,0.028492250693023562,True
BH14,-0.9,-0.33333333333333337,0.03416142390782027,0.03424322947767878,True
BH14,-0.8833333333333333,-0.33333333333333337,0.0399287780181066,0.040046158162484025,True
BH14,-0.8666666666666667,-0.33333333333333337,0.04573540537875365,0.04588428180907508,True
BH14,-0.85,-0.33333333333333337,0.051581217019770066,0.05175702683242178,True
BH14,-0.8333333333333334,-0.33333333333333337,0.05748333070760116,0.05766383467454734,True
BH14,-0.8166666666666667,-0.33333333333333337,0.0634532589668313,0.06360416126148871,True
BH14,-0.8,-0.33333333333333337,0.06951018715221853,0.06973702083157313,True
BH14,-0.7833333333333333,-0.33333333333333337,0.07566493341958366,0.07610724343688452,True
BH14,-0.7666666666666666,-0.33333333333333337,0.08193668913555946,0.08255375550698549,True
BH14,-0.75,-0.33333333333333337,0.08835266888177193,0.08898671522932754,True
BH14,-0.7333333333333334,-0.33333333333333337,0.09494169481161113,0.09544727377966841,True
BH14,-0.7166666666666667,-0.33333333333333337,0.10172002190805618,0.10194296271278949,True
BH14,-0.7,-0.33333333333333337,0.10875640914486773,0.1084722104410114,True
BH14,-0.6833333333333333,-0.33333333333333337,0.11606673857250142,0.11627698526019041,True
BH14,-0.6666666666666667,-0.33333333333333337,0.12369969093506063,0.12457095667220888,True
BH14,-0.65,-0.33333333333333337,0.13168993017763092,0.13277850981792963,True
BH14,-0.6333333333333333,-0.33333333333333337,0.14009468766458685,0.1408331014976249,True
BH14,-0.6166666666666667,-0.33333333333333337,0.14893035267776192,0.14905031304696104,True
BH14,-0.6,-0.33333333333333337,0.15823025483005101,0.15756253732985462,True
BH14,-0.5833333333333333,-0.33333333333333337,0.16794567429954127,0.16728599523122445,True
BH14,-0.5666666666666667,-0.33333333333333337,0.17804565014360696,0.1771748666814043,True
BH14,-0.55,-0.33333333333333337,0.18843039850324417,0.1872603824630915,True
BH14,-0.5333333333333333,-0.33333333333333337,0.19897363957687314,0.19759633377534871,True
BH14,-0.5166666666666666,-0.33333333333333337,0.2095355247915588,0.2080735119431572,True
BH14,-0.5,-0.33333333333333337,0.2200061307782006,0.21858928066095007,True
BH14,-0.4833333333333334,-0.33333333333333337,0.23031500487223797,0.2291424494877088,True
BH14,-0.4666666666666667,-0.33333333333333337,0.24045867544666982,0.23973187790132983,True
BH14,-0.44999999999999996,-0.33333333333333337,0.25044244358034956,0.24974734136400267,True
BH14,-0.43333333333333335,-0.33333333333333337,0.26029998540773513,0.25952113881805794,True
BH14,-0.41666666666666663,-0.33333333333333337,0.2700412797743822,0.26929728858080526,True
BH14,-0.4,-0.33333333333333337,0.2796859855193041,0.27907574294766035,True
BH14,-0.3833333333333333,-0.33333333333333337,0.28925027024961736,0.2888461359080421,True
BH14,-0.3666666666666667,-0.33333333333333337,0.298747243883773,0.298260716520784,True
BH14,-0.35,-0.33333333333333337,0.3081774845171466,0.30767559254879195,True
BH14,-0.33333333333333337,-0.33333333333333337,0.31755384618018995,0.3170907614319767,True
BH14,-0.31666666666666665,-0.33333333333333337,0.3268879765831091,0.3265062206397442,True
BH14,-0.30000000000000004,-0.33333333333333337,0.3361797839680024,0.33586039694447617,True
BH14,-0.2833333333333333,-0.33333333333333337,0.34543523334717613,0.3450912532666297,True
BH14,-0.2666666666666667,-0.33333333333333337,0.35465791839685784,0.3543221610284333,True
BH14,-0.25,-0.33333333333333337,0.3638536687878652,0.36355312006004104,True
BH14,-0.2333333333333334,-0.33333333333333337,0.37302455217648156,0.37278413019235324,True
BH14,-0.21666666666666667,-0.33333333333333337,0.38217286458821653,0.38194979020547426,True
BH14,-0.19999999999999996,-0.33333333333333337,0.39130230304110974,0.39107801324472036,True
BH14,-0.18333333333333335,-0.33333333333333337,0.40041440372458664,0.40020624451290626,True
BH14,-0.16666666666666663,-0.33333333333333337,0.4095115278021074,0.40933448400231953,True
BH14,-0.15000000000000002,-0.33333333333333337,0.4185950137441068,0.41846273170525683,True
BH14,-0.1333333333333333,-0.33333333333333337,0.4276671386485142,0.4275386354006681,True
BH14,-0.1166666666666667,-0.33333333333333337,0.4367292718878371,0.4366111932107881,True
BH14,-0.09999999999999998,-0.33333333333333337,0.4457835058828916,0.44568375178883624,True
BH14,-0.08333333333333337,-0.33333333333333337,0.4548302233371261,0.4547563111347122,True
BH14,-0.06666666666666665,-0.33333333333333337,0.46387094105173654,0.46382306727245076,True
BH14,-0.050000000000000044,-0.33333333333333337,0.47290731546817966,0.47287191779019433,True
BH14,-0.033333333333333326,-0.33333333333333337,0.481940092999215,0.48192076768302006,True
BH14,-0.01666666666666672,-0.33333333333333337,0.4909707434380867,0.49096961695084707,True
BH14,0.0,-0.33333333333333337,0.5000002418332163,0.5000184655935948,True
BH14,0.016666666666666607,-0.33333333333333337,0.5090298234962862,0.509068725983731,True
BH14,0.033333333333333215,-0.33333333333333337,0.5180602784795553,0.5181201409307075,True
BH14,0.050000000000000044,-0.33333333333333337,0.5270932417822737,0.5271715544112869,True
BH14,0.06666666666666665,-0.33333333333333337,0.5361297139346919,0.5362229664250344,True
BH14,0.08333333333333326,-0.33333333333333337,0.5451704750677506,0.5452743769715154,True
BH14,0.10000000000000009,-0.33333333333333337,0.5542172027424275,0.5543509715737983,True
BH14,0.1166666666666667,-0.33333333333333337,0.5632709283705325,0.563431823075245,True
BH14,0.1333333333333333,-0.33333333333333337,0.572333327317577,0.5725126708468034,True
BH14,0.1499999999999999,-0.33333333333333337,0.5814055841877421,0.5815935148862674,True
BH14,0.16666666666666674,-0.33333333333333337,0.5904891521947908,0.5906845807133416,True
BH14,0.18333333333333335,-0.33333333333333337,0.5995862017878351,0.5998288865715842,True
BH14,0.19999999999999996,-0.33333333333333337,0.608698656222041,0.608973181125956,True
BH14,0.21666666666666656,-0.33333333333333337,0.6178275205474602,0.618117464363317,True
BH14,0.2333333333333334,-0.33333333333333337,0.626975659777258,0.6272617362705075,True
BH14,0.25,-0.33333333333333337,0.6361469316357982,0.6364599055863138,True
BH14,0.2666666666666666,-0.33333333333333337,0.6453428360878872,0.6457194079096824,True
BH14,0.2833333333333332,-0.33333333333333337,0.6545668731457512,0.6549788691771501,True
BH14,0.30000000000000004,-0.33333333333333337,0.6638207422422289,0.6642382892952832,True
BH14,0.31666666666666665,-0.33333333333333337,0.6731120768354504,0.6734976681703635,True
BH14,0.33333333333333326,-0.33333333333333337,0.6824437874005793,0.6829179919059489,True
BH14,0.3500000000000001,-0.33333333333333337,0.6918223234597498,0.6923847370054411,True
BH14,0.3666666666666667,-0.33333333333333337,0.701254227408278,0.701851293442795,True
BH14,0.3833333333333333,-0.33333333333333337,0.7107488968906013,0.7113176603644831,True
BH14,0.3999999999999999,-0.33333333333333337,0.7203099192825634,0.7208210883431643,True
BH14,0.41666666666666674,-0.33333333333333337,0.7299566403824889,0.7307223919724881,True
BH14,0.43333333333333335,-0.33333333333333337,0.7396989794997674,0.7406221024559478,True
BH14,0.44999999999999996,-0.33333333333333337,0.7495521350272858,0.7505202048541592,True
BH14,0.46666666666666656,-0.33333333333333337,0.7595438105528666,0.7604166840401061,True
BH14,0.4833333333333334,-0.33333333333333337,0.769688998051873,0.7706230496726967,True
BH14,0.5,-0.33333333333333337,0.7800003558810651,0.7812760682846234,True
BH14,0.5166666666666666,-0.33333333333333337,0.7904647511477279,0.7918914839369183,True
BH14,0.5333333333333332,-0.33333333333333337,0.8010360006854211,0.8024701786541015,True
BH14,0.55,-0.33333333333333337,0.8115705785538656,0.8130130068376769,True
BH14,0.5666666666666667,-0.33333333333333337,0.8219576705658513,0.8234083710221956,True
BH14,0.5833333333333333,-0.33333333333333337,0.8320513326769894,0.8333588642166968,True
BH14,0.6000000000000001,-0.33333333333333337,0.8417632662419872,0.8428155800789243,True
BH14,0.6166666666666667,-0.33333333333333337,0.8510728155395662,0.8514911521300863,True
BH14,0.6333333333333333,-0.33333333333333337,0.8599021308214718,0.8598682796993191,True
BH14,0.6499999999999999,-0.33333333333333337,0.8683056958348949,0.8683609271596993,True
BH14,0.6666666666666667,-0.33333333333333337,0.8763050407895121,0.8763868582289416,True
BH14,0.6833333333333333,-0.33333333333333337,0.8839356140116617,0.8838905424870979,True
BH14,0.7,-0.33333333333333337,0.8912496013666155,0.8913784246108765,True
BH14,0.7166666666666666,-0.33333333333333337,0.8982757292671879,0.8988525758274806,True
BH14,0.7333333333333334,-0.33333333333333337,0.9050625617984438,0.9061842665201028,True
BH14,0.75,-0.33333333333333337,0.9116577914110165,0.9123554165347282,True
BH14,0.7666666666666666,-0.33333333333333337,0.9180690258098434,0.918495646668619,True
BH14,0.7833333333333332,-0.33333333333333337,0.9243367550603631,0.9246035029896228,True
BH14,0.8,-0.33333333333333337,0.9304841597057804,0.9306774602574893,True
BH14,0.8166666666666667,-0.33333333333333337,0.936546395637041,0.9367159196087331,True
BH14,0.8333333333333333,-0.33333333333333337,0.9425164526542776,0.9426521058401054,True
BH14,0.8499999999999999,-0.33333333333333337,0.94841857494989,0.948465566789659,True
BH14,0.8666666666666667,-0.33333333333333337,0.9542708064758758,0.9542665766743614,True
BH14,0.8833333333333333,-0.33333333333333337,0.9600727443372935,0.9600548865606786,True
BH14,0.8999999999999999,-0.33333333333333337,0.9658365388720926,0.9658302412523287,True
BH14,0.9166666666666667,-0.33333333333333337,0.9715720958621795,0.9715855301238607,True
BH14,0.9333333333333333,-0.33333333333333337,0.9772822402089132,0.9772792583773001,True
BH14,0.95,-0.33333333333333337,0.9829785957494209,0.9829675879152642,True
BH14,0.9666666666666666,-0.33333333333333337,0.9886613062826852,0.988650500352984,True
BH14,0.9833333333333334,-0.33333333333333337,0.9943312516975416,0.9943279772280422,True
BH14,1.0,-0.33333333333333337,1.0,1.0000000000000002,True
BH14,-1.0,-0.31666666666666665,-3.4167685130444e-17,-2.7103825997074098e-17,True
BH14,-0.9833333333333333,-0.31666666666666665,0.00552388014230685,0.005523545874083919,True
BH14,-0.9666666666666667,-0.31666666666666665,0.011045452312223914,0.011059997056886536,True
BH14,-0.95,-0.31666666666666665,0.016574659538011887,0.016609321973679522,True
BH14,-0.9333333333333333,-0.31666666666666665,0.02211967942672533,0.022171489177816472,True
BH14,-0.9166666666666666,-0.31666666666666665,0.027672266842473654,0.027746467350007367,True
BH14,-0.9,-0.31666666666666665,0.03324982913791468,0.03333614924952424,True
BH14,-0.8833333333333333,-0.31666666666666665,0.038852257400081296,0.03895953376745018,True
BH14,-0.8666666666666667,-0.31666666666666665,0.04448411109756224,0.04462075975186415,True
BH14,-0.85,-0.31666666666666665,0.05015189092543558,0.05031918463387747,True
BH14,-0.8333333333333334,-0.31666666666666665,0.05586936353789165,0.056054183398151776,True
BH14,-0.8166666666666667,-0.31666666666666665,0.061662059125709476,0.06182514792158235,True
BH14,-0.8,-0.31666666666666665,0.06752028668174062,0.06778361350372225,True
BH14,-0.7833333333333333,-0.31666666666666665,0.07347013330610634,0.07390648933015416,True
BH14,-0.7666666666666666,-0.31666666666666665,0.07953473127924052,0.08011725817973944,True
BH14,-0.75,-0.31666666666666665,0.0857437729350804,0.08641135205316569,True
BH14,-0.7333333333333334,-0.31666666666666665,0.09211703594803822,0.09278458235875042,True
BH14,-0.7166666666666667,-0.31666666666666665,0.09869244896775783,0.09923309725995418,True
BH14,-0.7,-0.31666666666666665,0.10550913415844719,0.10575334499433597,True
BH14,-0.6833333333333333,-0.31666666666666665,0.11262703713172509,0.11268469646498395,True
BH14,-0.6666666666666667,-0.31666666666666665,0.12012318034002356,0.12062212521362231,True
BH14,-0.65,-0.31666666666666665,0.12800786783387968,0.1287147817899889,True
BH14,-0.6333333333333333,-0.31666666666666665,0.13638918195205607,0.13698520708408318,True
BH14,-0.6166666666666667,-0.31666666666666665,0.14528831057422562,0.1454615243245511,True
BH14,-0.6,-0.31666666666666665,0.15475324999795012,0.15417955005226858,True
BH14,-0.5833333333333333,-0.31666666666666665,0.1647753083512314,0.1638781064777717,True
BH14,-0.5666666666666667,-0.31666666666666665,0.17528337183252485,0.17417226200058547,True
BH14,-0.55,-0.31666666666666665,0.18619178561053706,0.18475350945667252,True
BH14,-0.5333333333333333,-0.31666666666666665,0.19727909972674595,0.19560721980865278,True
BH14,-0.5166666666666666,-0.31666666666666665,0.20834422172580364,0.20644238331764347,True
BH14,-0.5,-0.31666666666666665,0.21919151255792468,0.21730853571757186,True
BH14,-0.4833333333333334,-0.31666666666666665,0.22973173527890123,0.22820473856233653,True
BH14,-0.4666666666666667,-0.31666666666666665,0.2400199977930041,0.23913009185262968,True
BH14,-0.44999999999999996,-0.31666666666666665,0.2501107328532049,0.24928678640246227,True
BH14,-0.43333333333333335,-0.31666666666666665,0.26002832877637583,0.25912963072682277,True
BH14,-0.41666666666666663,-0.31666666666666665,0.269822987302625,0.26897388690484686,True
BH14,-0.4,-0.31666666666666665,0.27950265790803697,0.27881952640015484,True
BH14,-0.3833333333333333,-0.31666666666666665,0.28909682660788827,0.28865542805329614,True
BH14,-0.3666666666666667,-0.31666666666666665,0.2986150238406605,0.2980902860349876,True
BH14,-0.35,-0.31666666666666665,0.3080631357465089,0.3075253219436449,True
BH14,-0.33333333333333337,-0.31666666666666665,0.317457091417155,0.3169605342372961,True
BH14,-0.31666666666666665,-0.31666666666666665,0.3268021089618322,0.326395921391736,True
BH14,-0.30000000000000004,-0.31666666666666665,0.33610330874838257,0.3357666538574343,True
BH14,-0.2833333333333333,-0.31666666666666665,0.3453674544811769,0.3450067888363753,True
BH14,-0.2666666666666667,-0.31666666666666665,0.35459961164330966,0.3542469548095306,True
BH14,-0.25,-0.31666666666666665,0.36380229856946106,0.36348715167451784,True
BH14,-0.2333333333333334,-0.31666666666666665,0.37297812842607625,0.3727273793294047,True
BH14,-0.21666666666666667,-0.31666666666666665,0.3821318845956976,0.3818997753118143,True
BH14,-0.19999999999999996,-0.31666666666666665,0.39126698942707716,0.39103323331603346,True
BH14,-0.18333333333333335,-0.31666666666666665,0.4003831905340248,0.4001666962772489,True
BH14,-0.16666666666666663,-0.31666666666666665,0.4094842936004768,0.4093001641908138,True
BH14,-0.15000000000000002,-0.31666666666666665,0.4185711538106356,0.418433637052087,True
BH14,-0.1333333333333333,-0.31666666666666665,0.42764676996996026,0.42751317529998634,True
BH14,-0.1166666666666667,-0.31666666666666665,0.4367124473644843,0.4365892527228966,True
BH14,-0.09999999999999998,-0.31666666666666665,0.44576860514603034,0.4456653306082975,True
BH14,-0.08333333333333337,-0.31666666666666665,0.45481809401613005,0.4547414089561286,True
BH14,-0.06666666666666665,-0.31666666666666665,0.4638614821166309,0.4638115348964262,True
BH14,-0.050000000000000044,-0.31666666666666665,0.47290027249595046,0.4728632707418361,True
BH14,-0.033333333333333326,-0.31666666666666665,0.4819354804042893,0.48191500621091,True
BH14,-0.01666666666666672,-0.31666666666666665,0.49096847629000506,0.4909667413035991,True
BH14,0.0,-0.31666666666666665,0.5000002507705001,0.5000184760198547,True
BH14,0.016666666666666607,-0.31666666666666665,0.5090320686951916,0.5090716578374371,True
BH14,0.033333333333333215,-0.31666666666666665,0.5180649018468116,0.5181260253552519,True
BH14,0.050000000000000044,-0.31666666666666665,0.5271002467019654,0.5271803919900262,True
BH14,0.06666666666666665,-0.31666666666666665,0.5361389838584205,0.5362347577414988,True
BH14,0.08333333333333326,-0.31666666666666665,0.5451824017141785,0.5452891226094073,True
BH14,0.10000000000000009,-0.31666666666666665,0.554231885586106,0.5543693438570005,True
BH14,0.1166666666666667,-0.31666666666666665,0.5632886349164721,0.5634539593257955,True
BH14,0.1333333333333333,-0.31666666666666665,0.5723537118271437,0.5725385725487528,True
BH14,0.1499999999999999,-0.31666666666666665,0.581429135865142,0.5816231835245443,True
BH14,0.16666666666666674,-0.31666666666666665,0.5905168258727544,0.5907182783900302,True
BH14,0.18333333333333335,-0.31666666666666665,0.5996182156709162,0.5998683915565786,True
BH14,0.19999999999999996,-0.31666666666666665,0.6087336350287532,0.6090184979181813,True
BH14,0.21666666666666656,-0.31666666666666665,0.6178679728045595,0.6181685974669321,True
BH14,0.2333333333333334,-0.31666666666666665,0.6270214586601477,0.6273186901949122,True
BH14,0.25,-0.31666666666666665,0.6361990002010499,0.6365247886957481,True
BH14,0.2666666666666666,-0.31666666666666665,0.6454013384531543,0.6457950733821,True
BH14,0.2833333333333332,-0.31666666666666665,0.6546316703537433,0.6550653333611924,True
BH14,0.30000000000000004,-0.31666666666666665,0.6638976467558546,0.6643355685768422,True
BH14,0.31666666666666665,-0.31666666666666665,0.6731989708735469,0.6736057789726942,True
BH14,0.33333333333333326,-0.31666666666666665,0.6825444079057277,0.6830471848952979,True
BH14,0.3500000000000001,-0.31666666666666665,0.6919378533153258,0.6925388900613907,True
BH14,0.3666666666666667,-0.31666666666666665,0.7013871902600852,0.7020304817502739,True
BH14,0.3833333333333333,-0.31666666666666665,0.7109009668789028,0.7115219594492342,True
BH14,0.3999999999999999,-0.31666666666666665,0.7204968507879499,0.7210545366999993,True
BH14,0.41666666666666674,-0.31666666666666665,0.7301836721176744,0.731057741593224,True
BH14,0.43333333333333335,-0.31666666666666665,0.7399742666403653,0.7410599885805336,True
BH14,0.44999999999999996,-0.31666666666666665,0.7498961942301321,0.751061268694174,True
BH14,0.46666666666666656,-0.31666666666666665,0.7599794946656546,0.7610615728540076,True
BH14,0.4833333333333334,-0.31666666666666665,0.7702758205099671,0.771483601686747,True
BH14,0.5,-0.31666666666666665,0.7808220655771965,0.7825378932470053,True
BH14,0.5166666666666666,-0.31666666666666665,0.7916518740217837,0.7935481732350809,True
BH14,0.5333333333333332,-0.31666666666666665,0.8026895202080057,0.8045154789762481,True
BH14,0.55,-0.31666666666666665,0.8138116080356786,0.8154408151058379,True
BH14,0.5666666666666667,-0.31666666666666665,0.824706938721314,0.8264349967611783,True
BH14,0.5833333333333333,-0.31666666666666665,0.8352081359419757,0.8369489819095988,True
BH14,0.6000000000000001,-0.31666666666666665,0.845226456239498,0.8466965586605236,True
BH14,0.6166666666666667,-0.31666666666666665,0.8546988829921811,0.8557245943380261,True
BH14,0.6333333333333333,-0.31666666666666665,0.8636108020230951,0.8644194034804087,True
BH14,0.6499999999999999,-0.31666666666666665,0.8719862830629062,0.8728156071222368,True
BH14,0.6666666666666667,-0.31666666666666665,0.8798794657860167,0.8796711893086493,True
BH14,0.6833333333333333,-0.31666666666666665,0.8873597687216079,0.8864979076273436,True
BH14,0.7,-0.31666666666666665,0.8944852075999892,0.8940017146914658,True
BH14,0.7166666666666666,-0.31666666666666665,0.901314341133685,0.9014905407317562,True
BH14,0.7333333333333334,-0.31666666666666665,0.9078916676243046,0.9085095771664208,True
BH14,0.75,-0.31666666666666665,0.9142649810178196,0.9145356578817577,True
BH14,0.7666666666666666,-0.31666666666666665,0.9204567640667856,0.9205272301371498,True
BH14,0.7833333333333332,-0.31666666666666665,0.9265346981040392,0.926482807736428,True
BH14,0.8,-0.31666666666666665,0.9324848012604448,0.9324008434830772,True
BH14,0.8166666666666667,-0.31666666666666665,0.9383427716864303,0.9382797284394087,True
BH14,0.8333333333333333,-0.31666666666666665,0.944123061290189,0.9440522784071237,True
BH14,0.8499999999999999,-0.31666666666666665,0.949846841123411,0.9497243287026442,True
BH14,0.8666666666666667,-0.31666666666666665,0.9555190896940295,0.9553821885364508,True
BH14,0.8833333333333333,-0.31666666666666665,0.9611498683273094,0.9610255817226285,True
BH14,0.8999999999999999,-0.31666666666666665,0.9667499273848141,0.966654225398375,True
BH14,0.9166666666666667,-0.31666666666666665,0.9723261093532158,0.9722618151344429,True
BH14,0.9333333333333333,-0.31666666666666665,0.977882634086144,0.9778208539607802,True
BH14,0.95,-0.31666666666666665,0.9834233190064284,0.983374211022788,True
BH14,0.9666666666666666,-0.31666666666666665,0.988954001043582,0.9889218671979066,True
BH14,0.9833333333333334,-0.31666666666666665,0.9944830621400388,0.9944638032842034,True
BH14,1.0,-0.31666666666666665,1.0000000000000002,1.0,True
BH14,-1.0,-0.30000000000000004,1.0179597648754467e-17,-4.2352818623880004e-17,True
BH14,-0.9833333333333333,-0.30000000000000004,0.005367304602349273,0.005370336223704208,True
BH14,-0.9666666666666667,-0.30000000000000004,0.010743526287878863,0.010753973633656953,True
BH14,-0.95,-0.30000000000000004,0.016115646986058878,0.0161508790172296,True
BH14,-0.9333333333333333,-0.30000000000000004,0.021497803545224417,0.021561019299295187,True
BH14,-0.9166666666666666,-0.30000000000000004,0.026902204075610104,0.026984361541433355,True
BH14,-0.9,-0.30000000000000004,0.032311777967653665,0.03240361163616709,True
BH14,-0.8833333333333333,-0.30000000000000004,0.03774270488364763,0.03784108726068404,True
BH14,-0.8666666666666667,-0.30000000000000004,0.04320030052691529,0.04331926988990877,True
BH14,-0.85,-0.30000000000000004,0.04868499489923256,0.04883743895398813,True
BH14,-0.8333333333333334,-0.30000000000000004,0.05420950330436719,0.054394894417390593,True
BH14,-0.8166666666666667,-0.30000000000000004,0.059793217753402,0.05999095597206955,True
BH14,-0.8,-0.30000000000000004,0.06544061056686401,0.06572405719803442,True
BH14,-0.7833333333333333,-0.30000000000000004,0.07116620705137115,0.07158075919339879,True
BH14,-0.7666666666666666,-0.30000000000000004,0.07699425929228151,0.07753902149079187,True
BH14,-0.75,-0.30000000000000004,0.0829531352714366,0.08359308945625624,True
BH14,-0.7333333333333334,-0.30000000000000004,0.08907596571189218,0.08973772841503092,True
BH14,-0.7166666666666667,-0.30000000000000004,0.09541397027962537,0.09596816023239367,True
BH14,-0.7,-0.30000000000000004,0.10196544666063621,0.10225834776079101,True
BH14,-0.6833333333333333,-0.30000000000000004,0.10885091769939256,0.10882222864202545,True
BH14,-0.6666666666666667,-0.30000000000000004,0.11612917335276957,0.11588990985193877,True
BH14,-0.65,-0.30000000000000004,0.12386043981520707,0.12407516191850818,True
BH14,-0.6333333333333333,-0.30000000000000004,0.13214069729770167,0.13258580059548547,True
BH14,-0.6166666666666667,-0.30000000000000004,0.14107720337613847,0.1413610038328071,True
BH14,-0.6,-0.30000000000000004,0.1507166384631553,0.15045677237701896,True
BH14,-0.5833333333333333,-0.30000000000000004,0.16109991950506403,0.16016363929540783,True
BH14,-0.5666666666666667,-0.30000000000000004,0.17213530312621278,0.17094401625158243,True
BH14,-0.55,-0.30000000000000004,0.1837558323448258,0.18215715782005043,True
BH14,-0.5333333333333333,-0.30000000000000004,0.19564681572321074,0.1936400791283559,True
BH14,-0.5166666666666666,-0.30000000000000004,0.20741763743863104,0.2048282713566649,True
BH14,-0.5,-0.30000000000000004,0.21864947066336557,0.2160401381605418,True
BH14,-0.4833333333333334,-0.30000000000000004,0.22938743129484487,0.2272749756802302,True
BH14,-0.4666666666666667,-0.30000000000000004,0.239784749906519,0.23853210822592852,True
BH14,-0.44999999999999996,-0.30000000000000004,0.24992018015502582,0.24882667950938228,True
BH14,-0.43333333333333335,-0.30000000000000004,0.2598838192112863,0.25873840810934035,True
BH14,-0.41666666666666663,-0.30000000000000004,0.2697052911142097,0.26865061455803796,True
BH14,-0.4,-0.30000000000000004,0.2794053248297255,0.2785632892295252,True
BH14,-0.3833333333333333,-0.30000000000000004,0.2890148802553868,0.2884646704914614,True
BH14,-0.3666666666666667,-0.30000000000000004,0.29854418769324836,0.29791980647322375,True
BH14,-0.35,-0.30000000000000004,0.30800268970517164,0.3073750028852088,True
BH14,-0.33333333333333337,-0.30000000000000004,0.3174055214544399,0.3168302592036938,True
BH14,-0.31666666666666665,-0.30000000000000004,0.32675698927058955,0.326285574910991,True
BH14,-0.30000000000000004,-0.30000000000000004,0.3360640342735713,0.3356728896818055,True
BH14,-0.2833333333333333,-0.30000000000000004,0.34533396487721757,0.34492230604193086,True
BH14,-0.2666666666666667,-0.30000000000000004,0.35456956399913553,0.35417173293298976,True
BH14,-0.25,-0.30000000000000004,0.36377489865332335,0.3634211703201806,True
BH14,-0.2333333333333334,-0.30000000000000004,0.37295518471804345,0.37267061816885483,True
BH14,-0.21666666666666667,-0.30000000000000004,0.38211184647685864,0.38184975552482336,True
BH14,-0.19999999999999996,-0.30000000000000004,0.3912478924113374,0.3909884491505131,True
BH14,-0.18333333333333335,-0.30000000000000004,0.4003667329059838,0.40012714446002756,True
BH14,-0.16666666666666663,-0.30000000000000004,0.4094699288465099,0.40926584145178807,True
BH14,-0.15000000000000002,-0.30000000000000004,0.41855877123725815,0.41840454012421774,True
BH14,-0.1333333333333333,-0.30000000000000004,0.4276361905176872,0.42748771363793664,True
BH14,-0.1166666666666667,-0.30000000000000004,0.43670317295589006,0.43656731061508425,True
BH14,-0.09999999999999998,-0.30000000000000004,0.44576108636993605,0.44564690774930044,True
BH14,-0.08333333333333337,-0.30000000000000004,0.45481196332521295,0.4547265050405643,True
BH14,-0.06666666666666665,-0.30000000000000004,0.4638566570142418,0.46380000101634145,True
BH14,-0.050000000000000044,-0.30000000000000004,0.472896535115777,0.47285462201114964,True
BH14,-0.033333333333333326,-0.30000000000000004,0.4819330605297419,0.48190924287815745,True
BH14,-0.01666666666666672,-0.30000000000000004,0.4909672640782503,0.4909638636173482,True
BH14,0.0,-0.30000000000000004,0.5000002332749915,0.5000184842287055,True
BH14,0.016666666666666607,-0.30000000000000004,0.5090332407089897,0.5090745871809292,True
BH14,0.033333333333333215,-0.30000000000000004,0.5180673352034066,0.5181319069779236,True
BH14,0.050000000000000044,-0.30000000000000004,0.5271038924836104,0.5271892264750617,True
BH14,0.06666666666666665,-0.30000000000000004,0.5361438322851697,0.5362465456722549,True
BH14,0.08333333333333326,-0.30000000000000004,0.5451885509125245,0.5453038645694142,True
BH14,0.10000000000000009,-0.30000000000000004,0.5542394127896431,0.5543877108569282,True
BH14,0.1166666666666667,-0.30000000000000004,0.5632973618323012,0.5634760896527925,True
BH14,0.1333333333333333,-0.30000000000000004,0.5723641684402228,0.5725644676861135,True
BH14,0.1499999999999999,-0.30000000000000004,0.5814416035208002,0.5816528449564403,True
BH14,0.16666666666666674,-0.30000000000000004,0.5905305666293359,0.5907519638586501,True
BH14,0.18333333333333335,-0.30000000000000004,0.5996336017973943,0.599907882584609,True
BH14,0.19999999999999996,-0.30000000000000004,0.6087527060919358,0.6090637990004948,True
BH14,0.21666666666666656,-0.30000000000000004,0.6178890867837301,0.6182197131036246,True
BH14,0.2333333333333334,-0.30000000000000004,0.6270454725748115,0.6273756248913116,True
BH14,0.25,-0.30000000000000004,0.6362259903216708,0.6365896318740788,True
BH14,0.2666666666666666,-0.30000000000000004,0.6454314855356371,0.6458706932019465,True
BH14,0.2833333333333332,-0.30000000000000004,0.6546666003126573,0.6551517461453129,True
BH14,0.30000000000000004,-0.30000000000000004,0.6639368529310565,0.6644327906851271,True
BH14,0.31666666666666665,-0.30000000000000004,0.6732431448239871,0.6737138268022798,True
BH14,0.33333333333333326,-0.30000000000000004,0.6825950304188981,0.6831762136025439,True
BH14,0.3500000000000001,-0.30000000000000004,0.691997559769717,0.6926928568211959,True
BH14,0.3666666666666667,-0.30000000000000004,0.7014564938643983,0.702209461550869,True
BH14,0.3833333333333333,-0.30000000000000004,0.710983275441786,0.7117260276178892,True
BH14,0.3999999999999999,-0.30000000000000004,0.7205928110644964,0.7212869625322711,True
BH14,0.41666666666666674,-0.30000000000000004,0.7302942704252595,0.7313919524090987,True
BH14,0.43333333333333335,-0.30000000000000004,0.7401185043599852,0.7414966175022409,True
BH14,0.44999999999999996,-0.30000000000000004,0.7500848007929017,0.751600954776137,True
BH14,0.46666666666666656,-0.30000000000000004,0.7602233178154372,0.7617049611572683,True
BH14,0.4833333333333334,-0.30000000000000004,0.7706112210083675,0.7723385666728165,True
BH14,0.5,-0.30000000000000004,0.7813486781615588,0.7837955351397408,True
BH14,0.5166666666666666,-0.30000000000000004,0.7925768057180552,0.795202019283038,True
BH14,0.5333333333333332,-0.30000000000000004,0.8043619542833609,0.8065592147290328,True
BH14,0.55,-0.30000000000000004,0.8162394016076056,0.8178682791900462,True
BH14,0.5666666666666667,-0.30000000000000004,0.8278587909042299,0.8295862744352687,True
BH14,0.5833333333333333,-0.30000000000000004,0.8389196027016113,0.8407777740184902,True
BH14,0.6000000000000001,-0.30000000000000004,0.849283383478882,0.8508204446555211,True
BH14,0.6166666666666667,-0.30000000000000004,0.8589174042131903,0.8602154904202566,True
BH14,0.6333333333333333,-0.30000000000000004,0.8678557332665078,0.8692385589080103,True
BH14,0.6499999999999999,-0.30000000000000004,0.8761353010128468,0.8774390027104793,True
BH14,0.6666666666666667,-0.30000000000000004,0.8838620740382168,0.8843942766975439,True
BH14,0.6833333333333333,-0.30000000000000004,0.8911515478551665,0.8910835073108974,True
BH14,0.7,-0.30000000000000004,0.8980163858381995,0.8975746531359557,True
BH14,0.7166666666666666,-0.30000000000000004,0.9045890281892914,0.9041351550060802,True
BH14,0.7333333333333334,-0.30000000000000004,0.9109150335914008,0.910777082657228,True
BH14,0.75,-0.30000000000000004,0.9170450723574963,0.9166634063607785,True
BH14,0.7666666666666666,-0.30000000000000004,0.9230120931257695,0.9225659339737364,True
BH14,0.7833333333333332,-0.30000000000000004,0.928833459674358,0.9284438527117642,True
BH14,0.8,-0.30000000000000004,0.9345604553976925,0.9342527553729549,True
BH14,0.8166666666666667,-0.30000000000000004,0.9402068206481544,0.939991430551278,True
BH14,0.8333333333333333,-0.30000000000000004,0.9457901220478819,0.9456080274151923,True
BH14,0.8499999999999999,-0.30000000000000004,0.9513170846813912,0.9511264431378579,True
BH14,0.8666666666666667,-0.30000000000000004,0.956804481325155,0.956626586564558,True
BH14,0.8833333333333333,-0.30000000000000004,0.9622581499643212,0.962108695132065,True
BH14,0.8999999999999999,-0.30000000000000004,0.9676892088905902,0.9675730027151783,True
BH14,0.9166666666666667,-0.30000000000000004,0.9731013206856538,0.9730165002306481,True
BH14,0.9333333333333333,-0.30000000000000004,0.9784974194161798,0.9784255053427359,True
BH14,0.95,-0.30000000000000004,0.9838806237381412,0.9838283311971481,True
BH14,0.9666666666666666,-0.30000000000000004,0.9892583054889323,0.9892250045455684,True
BH14,0.9833333333333334,-0.30000000000000004,0.9946323085261516,0.9946155519932586,True
BH14,1.0,-0.30000000000000004,0.9999999999999999,0.9999999999999998,True
BH14,-1.0,-0.2833333333333333,-7.414558577270371e-18,-1.5639200000967152e-17,True
BH14,-0.9833333333333333,-0.2833333333333333,0.0052147366995067244,0.005213720103933092,True
BH14,-0.9666666666666667,-0.2833333333333333,0.01043165584477486,0.010441154286157637,True
BH14,-0.95,-0.2833333333333333,0.015650985316513558,0.01568226759045829,True
BH14,-0.9333333333333333,-0.2833333333333333,0.020882964906417622,0.020937025208356448,True
BH14,-0.9166666666666666,-0.2833333333333333,0.026110702815528075,0.02620539247823821,True
BH14,-0.9,-0.2833333333333333,0.03135240150857034,0.031444192226181375,True
BH14,-0.8833333333333333,-0.2833333333333333,0.03660708988495853,0.03668906333687361,True
BH14,-0.8666666666666667,-0.2833333333333333,0.041877536632164994,0.04197774732143712,True
BH14,-0.85,-0.2833333333333333,0.04716876373791683,0.04730943528605146,True
BH14,-0.8333333333333334,-0.2833333333333333,0.05249721531722073,0.05268334239444313,True
BH14,-0.8166666666666667,-0.2833333333333333,0.05785708310422505,0.058098706881611485,True
BH14,-0.8,-0.2833333333333333,0.06328306960407303,0.06354395830881854,True
BH14,-0.7833333333333333,-0.2833333333333333,0.06876697304971116,0.06911386535306924,True
BH14,-0.7666666666666666,-0.2833333333333333,0.07433218998883534,0.07480148025927733,True
BH14,-0.75,-0.2833333333333333,0.08001696350200739,0.08059951857915978,True
BH14,-0.7333333333333334,-0.2833333333333333,0.0858464765035203,0.08650141287541471,True
BH14,-0.7166666666666667,-0.2833333333333333,0.09186328578840613,0.09250121773428478,True
BH14,-0.7,-0.2833333333333333,0.09813892477948624,0.09843662441519097,True
BH14,-0.6833333333333333,-0.2833333333333333,0.10471341580227485,0.1047714446754056,True
BH14,-0.6666666666666667,-0.2833333333333333,0.11167391597262902,0.11163649607458245,True
BH14,-0.65,-0.2833333333333333,0.11917244796328622,0.11901953856130879,True
BH14,-0.6333333333333333,-0.2833333333333333,0.12727603801799064,0.12738890865711505,True
BH14,-0.6166666666666667,-0.2833333333333333,0.13614043790466923,0.1364964812806351,True
BH14,-0.6,-0.2833333333333333,0.1459170781459264,0.14603678631280076,True
BH14,-0.5833333333333333,-0.2833333333333333,0.15668437299248672,0.1561445588353031,True
BH14,-0.5666666666666667,-0.2833333333333333,0.16842905446599807,0.16738512576548187,True
BH14,0.5666666666666667,-0.2833333333333333,0.831577718273255,0.8329146125402216,True
BH14,0.5833333333333333,-0.2833333333333333,0.8433361069138469,0.844929101475585,True
BH14,0.6000000000000001,-0.2833333333333333,0.8540543179042622,0.8552144981282523,True
BH14,0.6166666666666667,-0.2833333333333333,0.8638481194875808,0.864990163452978,True
BH14,0.6333333333333333,-0.2833333333333333,0.8727118998707148,0.8743508838229541,True
BH14,0.6499999999999999,-0.2833333333333333,0.8808209761703683,0.8822804610364081,True
BH14,0.6666666666666667,-0.2833333333333333,0.8883243090564119,0.8894198722150082,True
BH14,0.6833333333333333,-0.2833333333333333,0.8953023542939528,0.8962337383955171,True
BH14,0.7,-0.2833333333333333,0.9018789060851613,0.9028148351294558,True
BH14,0.7166666666666666,-0.2833333333333333,0.908140162160485,0.908595443525009,True
BH14,0.7333333333333334,-0.2833333333333333,0.9141452385036932,0.913748099884424,True
BH14,0.75,-0.2833333333333333,0.919983546913367,0.9195246807749378,True
BH14,0.7666666666666666,-0.2833333333333333,0.9256718376348922,0.925229850075858,True
BH14,0.7833333333333332,-0.2833333333333333,0.9312408664630332,0.9308623231510684,True
BH14,0.8,-0.2833333333333333,0.936726246122042,0.9364207776510342,True
BH14,0.8166666666666667,-0.2833333333333333,0.9421371671140417,0.9419038519538947,True
BH14,0.8333333333333333,-0.2833333333333333,0.9475062568836481,0.9472961859995459,True
BH14,0.8499999999999999,-0.2833333333333333,0.9528272027349156,0.9526280829289167,True
BH14,0.8666666666666667,-0.2833333333333333,0.9581248883201205,0.957943166353665,True
BH14,0.8833333333333333,-0.2833333333333333,0.9633971691189769,0.9632416623117543,True
BH14,0.8999999999999999,-0.2833333333333333,0.9686492440877454,0.9685237932638626,True
BH14,0.9166666666666667,-0.2833333333333333,0.9738898561859834,0.9737895607342932,True
BH14,0.9333333333333333,-0.2833333333333333,0.9791207810063152,0.9790430956331252,True
BH14,0.95,-0.2833333333333333,0.9843448004054114,0.9842908819195206,True
BH14,0.9666666666666666,-0.2833333333333333,0.9895664697543378,0.989532944752904,True
BH14,0.9833333333333334,-0.2833333333333333,0.9947845315136328,0.9947693091528496,True
BH14,1.0,-0.2833333333333333,0.9999999999999999,0.9999999999999999,True
BH14,-1.0,-0.2666666666666667,4.345772692726291e-17,-3.000534680046198e-18,True
BH14,-0.9833333333333333,-0.2666666666666667,0.00506025929825691,0.005059802734238326,True
BH14,-0.9666666666666667,-0.2666666666666667,0.01012146115350895,0.010132414155361723,True
BH14,-0.95,-0.2666666666666667,0.015183135321878937,0.015217828773400159,True
BH14,-0.9333333333333333,-0.2666666666666667,0.020249576406987786,0.020316041070161668,True
BH14,-0.9166666666666666,-0.2666666666666667,0.02531323093229556,0.02542704549929829,True
BH14,-0.9,-0.2666666666666667,0.030380266161369213,0.0304735545192285,True
BH14,-0.8833333333333333,-0.2666666666666667,0.035453851855047604,0.03550945633932737,True
BH14,-0.8666666666666667,-0.2666666666666667,0.04053114848805509,0.040593978650708525,True
BH14,-0.85,-0.2666666666666667,0.04563142935664402,0.04573265300934126,True
BH14,-0.8333333333333334,-0.2666666666666667,0.05073946488792232,0.05091672026290641,True
BH14,-0.8166666666666667,-0.2666666666666667,0.0558748808686267,0.056113105847888575,True
BH14,-0.8,-0.2666666666666667,0.061044126950622536,0.06122639661633372,True
BH14,-0.7833333333333333,-0.2666666666666667,0.06625956623183676,0.06648696333074242,True
BH14,-0.7666666666666666,-0.2666666666666667,0.07154772183232092,0.07188437017646596,True
BH14,-0.75,-0.2666666666666667,0.07692229444456074,0.07740935196381502,True
BH14,-0.7333333333333334,-0.2666666666666667,0.08242385606175331,0.0830536382878341,True
BH14,-0.7166666666666667,-0.2666666666666667,0.08808126206031265,0.08871752385999147,True
BH14,-0.7,-0.2666666666666667,0.09396607809034159,0.09423460329772118,True
BH14,-0.6833333333333333,-0.2666666666666667,0.1001758523218518,0.1003202443008045,True
BH14,-0.6666666666666667,-0.2666666666666667,0.10671742981576395,0.10696587006981645,True
BH14,-0.65,-0.2666666666666667,0.11381493804716553,0.1141593628411247,True
BH14,-0.6333333333333333,-0.2666666666666667,0.12165779685911632,0.12188545380833629,True
BH14,-0.6166666666666667,-0.2666666666666667,0.13033213960528237,0.13045499159991547,True
BH14,0.6166666666666667,-0.2666666666666667,0.8696454848290063,0.8700774395834432,True
BH14,0.6333333333333333,-0.2666666666666667,0.8783428224822476,0.8796015684012418,True
BH14,0.6499999999999999,-0.2666666666666667,0.8861545133149616,0.8875319935637072,True
BH14,0.6666666666666667,-0.2666666666666667,0.8932752267053048,0.8948289696865458,True
BH14,0.6833333333333333,-0.2666666666666667,0.8998551896471908,0.9017423063601865,True
BH14,0.7,-0.2666666666666667,0.9060257183963702,0.9075792231903037,True
BH14,0.7166666666666666,-0.2666666666666667,0.9119109778278134,0.9123655681495892,True
BH14,0.7333333333333334,-0.2666666666666667,0.9175790821180094,0.917010038010019,True
BH14,0.75,-0.2666666666666667,0.9230767357719544,0.9225374915415261,True
BH14,0.7666666666666666,-0.2666666666666667,0.9284510781039531,0.9279883213890818,True
BH14,0.7833333333333332,-0.2666666666666667,0.9337371924386719,0.9333610823414131,True
BH14,0.8,-0.2666666666666667,0.938952437136753,0.9386542846270969,True
BH14,0.8166666666666667,-0.2666666666666667,0.9441163501577589,0.9438663919783986,True
BH14,0.8333333333333333,-0.2666666666666667,0.9492553630486813,0.9490107772638741,True
BH14,0.8499999999999999,-0.2666666666666667,0.9543683580479597,0.9541518808366867,True
BH14,0.8666666666666667,-0.2666666666666667,0.9594659639645817,0.9592777407261737,True
BH14,0.8833333333333333,-0.2666666666666667,0.9645424422223519,0.9643885689745413,True
BH14,0.8999999999999999,-0.2666666666666667,0.9696221196496875,0.9694845740880813,True
BH14,0.9166666666666667,-0.2666666666666667,0.97469131243709,0.9745681146188663,True
BH14,0.9333333333333333,-0.2666666666666667,0.9797537817643313,0.9796650613709218,True
BH14,0.95,-0.2666666666666667,0.9848148120454308,0.9847566998648165,True
BH14,0.9666666666666666,-0.2666666666666667,0.9898775224276516,0.9898430535869948,True
BH14,0.9833333333333334,-0.2666666666666667,0.9949390733727286,0.9949241458913268,True
BH14,1.0,-0.2666666666666667,1.0,1.0,True
BH14,-1.0,-0.25,-5.0350234141293364e-18,5.752464535411877e-18,True
BH14,-0.9833333333333333,-0.25,0.004905878301393945,0.0049103272173009116,True
BH14,-0.9666666666666667,-0.25,0.009810398504998027,0.009833662926777873,True
BH14,-0.95,-0.25,0.014714074231564064,0.014770001860126898,True
BH14,-0.9333333333333333,-0.25,0.019615714249613215,0.01971933871914154,True
BH14,-0.9166666666666666,-0.25,0.024512322530165477,0.024681668175777785,True
BH14,-0.9,-0.25,0.02940366796710095,0.029557486631870515,True
BH14,-0.8833333333333333,-0.25,0.03429363425359122,0.03442376179707373,True
BH14,-0.8666666666666667,-0.25,0.039180638988972435,0.03932695250570497,True
BH14,-0.85,-0.25,0.044074730425306234,0.04426797481075863,True
BH14,-0.8333333333333334,-0.25,0.048963027717114964,0.04924776568700006,True
BH14,-0.8166666666666667,-0.25,0.053852143329693,0.05415693178089189,True
BH14,-0.8,-0.25,0.05876970917030694,0.05890198300077647,True
BH14,-0.7833333333333333,-0.25,0.06371160143292076,0.06375019198092047,True
BH14,-0.7666666666666666,-0.25,0.06868598020963039,0.0687642737769641,True
BH14,-0.75,-0.25,0.07372264599669956,0.07399821801208112,True
BH14,-0.7333333333333334,-0.25,0.0788362155226117,0.07936943643365807,True
BH14,-0.7166666666666667,-0.25,0.08408065773711065,0.08438187974654159,True
BH14,-0.7,-0.25,0.08951309072359982,0.08959274180396125,True
BH14,-0.6833333333333333,-0.25,0.09520074284529616,0.09540491733621706,True
BH14,-0.6666666666666667,-0.25,0.10122477760459261,0.10181092593242812,True
BH14,-0.65,-0.25,0.1078118898163741,0.10879899412324788,True
BH14,-0.6333333333333333,-0.25,0.11509999404984389,0.11635348267384224,True
BH14,0.6333333333333333,-0.25,0.8849002308945315,0.8851826201875238,True
BH14,0.6499999999999999,-0.25,0.8921798022219667,0.8933139344241237,True
BH14,0.6666666666666667,-0.25,0.8987496345084293,0.9007066354268382,True
BH14,0.6833333333333333,-0.25,0.9047834886524515,0.9066706186929847,True
BH14,0.7,-0.25,0.9104823826949615,0.9116734748992948,True
BH14,0.7166666666666666,-0.25,0.9159069085247775,0.9162659434950081,True
BH14,0.7333333333333334,-0.25,0.9211578423675408,0.9205228875439742,True
BH14,0.75,-0.25,0.9262846843592986,0.9256685553287607,True
BH14,0.7666666666666666,-0.25,0.9313203351251409,0.9308501194988533,True
BH14,0.7833333333333332,-0.25,0.9362944117709049,0.9359476555050275,True
BH14,0.8,-0.25,0.9412325691148052,0.9409594784215443,True
BH14,0.8166666666666667,-0.25,0.9461388650567707,0.9458838479661182,True
BH14,0.8333333333333333,-0.25,0.9510385074159375,0.9507527033886632,True
BH14,0.8499999999999999,-0.25,0.9559300034328082,0.9556985821551778,True
BH14,0.8666666666666667,-0.25,0.9608163765743535,0.9606309061394028,True
BH14,0.8833333333333333,-0.25,0.9657079356124771,0.9655498704513784,True
BH14,0.8999999999999999,-0.25,0.9705950044100342,0.9704556667766471,True
BH14,0.9166666666666667,-0.25,0.9754881105789812,0.975352221099941,True
BH14,0.9333333333333333,-0.25,0.9803881504474289,0.9802914495071943,True
BH14,0.95,-0.25,0.9852851964452753,0.9852258199333307,True
BH14,0.9666666666666666,-0.25,0.9901892099694174,0.990155354108035,True
BH14,0.9833333333333334,-0.25,0.995093986206437,0.9950800736364436,True
BH14,1.0,-0.25,1.0,1.0,True
BH14,-1.0,-0.2333333333333334,-1.3968433688192163e-17,-8.25578956609704e-18,True
BH14,-0.9833333333333333,-0.2333333333333334,0.004751994753983851,0.004757115885525649,True
BH14,-0.9666666666666667,-0.2333333333333334,0.009501396601456748,0.009527443092509368,True
BH14,-0.95,-0.2333333333333334,0.014246630982903644,0.01431097660008421,True
BH14,-0.9333333333333333,-0.2333333333333334,0.01898470477471913,0.019107711355725792,True
BH14,-0.9166666666666666,-0.2333333333333334,0.02371075392409,0.023917642275316182,True
BH14,-0.9,-0.2333333333333334,0.02842666592971314,0.028614219541796757,True
BH14,-0.8833333333333333,-0.2333333333333334,0.033134606704387316,0.03330389743095536,True
BH14,-0.8666666666666667,-0.2333333333333334,0.03782664279894749,0.03802819835021369,True
BH14,-0.85,-0.2333333333333334,0.042507234099540325,0.04278804129291808,True
BH14,-0.8333333333333334,-0.2333333333333334,0.047168648740180924,0.0475843693615568,True
BH14,-0.8166666666666667,-0.2333333333333334,0.05181600838945554,0.05222435706170254,True
BH14,-0.8,-0.2333333333333334,0.056469045374515435,0.05673480625773597,True
BH14,-0.7833333333333333,-0.2333333333333334,0.06111133056953177,0.06134284330848438,True
BH14,-0.7666666666666666,-0.2333333333333334,0.06576377111278543,0.06605362191199954,True
BH14,-0.75,-0.2333333333333334,0.07043947974047265,0.07087255535535025,True
BH14,-0.7333333333333334,-0.2333333333333334,0.07514534898502848,0.07580532025787069,True
BH14,-0.7166666666666667,-0.2333333333333334,0.07991774821855548,0.07956530439850162,True
BH14,-0.7,-0.2333333333333334,0.0848184638613526,0.08443542918364177,True
BH14,-0.6833333333333333,-0.2333333333333334,0.08989147998167508,0.08994419551282903,True
BH14,-0.6666666666666667,-0.2333333333333334,0.09522124844016606,0.09608579014794325,True
BH14,-0.65,-0.2333333333333334,0.1010704787075537,0.1028491309750369,True
BH14,0.6499999999999999,-0.2333333333333334,0.8989291235480329,0.8997328224388306,True
BH14,0.6666666666666667,-0.2333333333333334,0.9047606858103127,0.905921260814564,True
BH14,0.6833333333333333,-0.2333333333333334,0.910110455099224,0.9111973353412448,True
BH14,0.7,-0.2333333333333334,0.9152029931330865,0.9159644388461898,True
BH14,0.7166666666666666,-0.2333333333333334,0.9200915942101661,0.9203219969802916,True
BH14,0.7333333333333334,-0.2333333333333334,0.9248649108388194,0.9243561732635157,True
BH14,0.75,-0.2333333333333334,0.9295740374254959,0.928929054042998,True
BH14,0.7666666666666666,-0.2333333333333334,0.9342441658765928,0.9338251200851218,True
BH14,0.7833333333333332,-0.2333333333333334,0.9388849833969393,0.938630527351753,True
BH14,0.8,-0.2333333333333334,0.943535179369194,0.9433433623347649,True
BH14,0.8166666666666667,-0.2333333333333334,0.9481769904709192,0.9479616452304671,True
BH14,0.8333333333333333,-0.2333333333333334,0.9528257495741341,0.952522909431701,True
BH14,0.8499999999999999,-0.2333333333333334,0.957491164537603,0.9572689669229615,True
BH14,0.8666666666666667,-0.2333333333333334,0.9621710902287053,0.962003286322745,True
BH14,0.8833333333333333,-0.2333333333333334,0.9668658980604475,0.9667260424905117,True
BH14,0.8999999999999999,-0.2333333333333334,0.9715703874265901,0.9714374070585573,True
BH14,0.9166666666666667,-0.2333333333333334,0.9762911371417448,0.9761419402537691,True
BH14,0.9333333333333333,-0.2333333333333334,0.9810171136667825,0.9809223076713067,True
BH14,0.95,-0.2333333333333334,0.9857536734296477,0.9856982775265064,True
BH14,0.9666666666666666,-0.2333333333333334,0.9904983412655297,0.9904698697053429,True
BH14,0.9833333333333334,-0.2333333333333334,0.9952476826995718,0.9952371039780643,True
BH14,1.0,-0.2333333333333334,1.0,1.0,True
BH14,-1.0,-0.21666666666666667,3.5304742825537866e-17,-1.3138137215127108e-17,True
BH14,-0.9833333333333333,-0.21666666666666667,0.004600742331650883,0.004600026854735349,True
BH14,-0.9666666666666667,-0.21666666666666667,0.009197373868759927,0.009213470805446676,True
BH14,-0.95,-0.21666666666666667,0.013786332661870342,0.013840327106589341,True
BH14,-0.9333333333333333,-0.21666666666666667,0.018363117979506936,0.018480590979130948,True
BH14,-0.9166666666666666,-0.21666666666666667,0.022927356308686288,0.023134257610614335,True
BH14,-0.9,-0.21666666666666667,0.027469355656935555,0.027642126351530877,True
BH14,-0.8833333333333333,-0.21666666666666667,0.03199222133522498,0.032147759657511155,True
BH14,-0.8666666666666667,-0.21666666666666667,0.03648772541415679,0.03668534798539384,True
BH14,-0.85,-0.21666666666666667,0.04095430482588898,0.04125579895216451,True
BH14,-0.8333333333333334,-0.21666666666666667,0.045391351368914534,0.04586004725642154,True
BH14,-0.8166666666666667,-0.21666666666666667,0.049795260659750484,0.050203904169952504,True
BH14,-0.8,-0.21666666666666667,0.054176247527434634,0.05446712571625627,True
BH14,-0.7833333333333333,-0.21666666666666667,0.0585169558414578,0.0588212793511885,True
BH14,-0.7666666666666666,-0.21666666666666667,0.06281891038886905,0.06327152978429938,True
BH14,-0.75,-0.21666666666666667,0.06709525312216444,0.06782334134474047,True
BH14,-0.7333333333333334,-0.21666666666666667,0.07135872131639082,0.07207209641232935,True
BH14,-0.7166666666666667,-0.21666666666666667,0.07562473119948168,0.07547430060901039,True
BH14,-0.7,-0.21666666666666667,0.07991677970569183,0.07922224065317947,True
BH14,-0.6833333333333333,-0.21666666666666667,0.08427442966730883,0.08383175594966735,True
BH14,-0.6666666666666667,-0.21666666666666667,0.08881848523262811,0.08967766820356043,True
BH14,0.6666666666666667,-0.21666666666666667,0.9111859498567281,0.9110655048819425,True
BH14,0.6833333333333333,-0.21666666666666667,0.9157241749457379,0.9160451419121716,True
BH14,0.7,-0.21666666666666667,0.9200844501170219,0.9205050411371383,True
BH14,0.7166666666666666,-0.21666666666666667,0.9243580431992257,0.924568656104607,True
BH14,0.7333333333333334,-0.21666666666666667,0.9286315836447105,0.928334017596654,True
BH14,0.75,-0.21666666666666667,0.9329027651194284,0.9323316003453941,True
BH14,0.7666666666666666,-0.21666666666666667,0.9371791924995521,0.9369244795394791,True
BH14,0.7833333333333332,-0.21666666666666667,0.9414790349860158,0.9414192980174888,True
BH14,0.8,-0.21666666666666667,0.9458328868086066,0.9458138731636325,True
BH14,0.8166666666666667,-0.21666666666666667,0.9502054891086802,0.9500710051897425,True
BH14,0.8333333333333333,-0.21666666666666667,0.9546069212379554,0.9542573865402902,True
BH14,0.8499999999999999,-0.21666666666666667,0.9590494993433027,0.9588011490561077,True
BH14,0.8666666666666667,-0.21666666666666667,0.9635122350863767,0.9633364363714705,True
BH14,0.8833333333333333,-0.21666666666666667,0.9680048490251684,0.9678632291541351,True
BH14,0.8999999999999999,-0.21666666666666667,0.9725292132154949,0.9723815080057392,True
BH14,0.9166666666666667,-0.21666666666666667,0.9770704843696291,0.976895176005691,True
BH14,0.9333333333333333,-0.21666666666666667,0.9816376683866075,0.9815230928219149,True
BH14,0.95,-0.21666666666666667,0.9862146768245277,0.9861475352683601,True
BH14,0.9666666666666666,-0.21666666666666667,0.990802212000675,0.9907685017067505,True
BH14,0.9833333333333334,-0.21666666666666667,0.9953985396327907,0.9953859904975575,True
BH14,1.0,-0.21666666666666667,1.0,1.0,True
BH14,-1.0,-0.19999999999999996,-1.0270850401032771e-17,-2.2529925276166463e-17,True
BH14,-0.9833333333333333,-0.19999999999999996,0.004453181445485658,0.004438910960611351,True
BH14,-0.9666666666666667,-0.19999999999999996,0.008900927508721788,0.008891447637894923,True
BH14,-0.95,-0.19999999999999996,0.013338681761473407,0.013357605591789355,True
BH14,-0.9333333333333333,-0.19999999999999996,0.01775989963375385,0.01783738034684113,True
BH14,-0.9166666666666666,-0.19999999999999996,0.022160445332435517,0.02233076739226501,True
BH14,-0.9,-0.19999999999999996,0.02653321539030196,0.026639441885309326,True
BH14,-0.8833333333333333,-0.19999999999999996,0.03087816543131644,0.030953059174762983,True
BH14,-0.8666666666666667,-0.19999999999999996,0.03517546725342514,0.035295533324266784,True
BH14,-0.85,-0.19999999999999996,0.03943681285760532,0.03966774184298706,True
BH14,-0.8333333333333334,-0.19999999999999996,0.04364206910856343,0.04407059179259182,True
BH14,-0.8166666666666667,-0.19999999999999996,0.047807459937820415,0.048089386176794,True
BH14,-0.8,-0.19999999999999996,0.05190289415117402,0.052091476261683894,True
BH14,-0.7833333333333333,-0.19999999999999996,0.05593501108675751,0.05617655096257769,True
BH14,-0.7666666666666666,-0.19999999999999996,0.05990796645092894,0.06034968822036347,True
BH14,-0.75,-0.19999999999999996,0.0637942784500613,0.06461630299462735,True
BH14,-0.7333333333333334,-0.19999999999999996,0.06760020250088039,0.06815884772230957,True
BH14,-0.7166666666666667,-0.19999999999999996,0.07131775779695901,0.07126743205635726,True
BH14,-0.7,-0.19999999999999996,0.07496900317351265,0.07466850686788933,True
BH14,-0.6833333333333333,-0.19999999999999996,0.07855865150487366,0.07846224040717419,True
BH14,-0.6666666666666667,-0.19999999999999996,0.08213250060674013,0.08280319938161225,True
BH14,0.6666666666666667,-0.19999999999999996,0.9178759777624305,0.9168063133597676,True
BH14,0.6833333333333333,-0.19999999999999996,0.9214367612339083,0.9213445669092346,True
BH14,0.7,-0.19999999999999996,0.9250160123831045,0.9253772072121592,True
BH14,0.7166666666666666,-0.19999999999999996,0.9286834332663024,0.9290562093630299,True
BH14,0.7333333333333334,-0.19999999999999996,0.9324013033177436,0.9322171090051794,True
BH14,0.75,-0.19999999999999996,0.9362124283107333,0.9354524999432607,True
BH14,0.7666666666666666,-0.19999999999999996,0.9401035759049963,0.9396486741057783,True
BH14,0.7833333333333332,-0.19999999999999996,0.9440608099473944,0.9437764138628295,True
BH14,0.8,-0.19999999999999996,0.9481000299486506,0.947837433645338,True
BH14,0.8166666666666667,-0.19999999999999996,0.9522047116141996,0.9518334047102645,True
BH14,0.8333333333333333,-0.19999999999999996,0.9563521154388244,0.9557837943587586,True
BH14,0.8499999999999999,-0.19999999999999996,0.9605676390297413,0.9601590830523105,True
BH14,0.8666666666666667,-0.19999999999999996,0.9648222261759958,0.964525601829302,True
BH14,0.8833333333333333,-0.19999999999999996,0.9691297723103219,0.9688833304486977,True
BH14,0.8999999999999999,-0.19999999999999996,0.9734684003161701,0.9732322485992966,True
BH14,0.9166666666666667,-0.19999999999999996,0.9778378805683845,0.9775742891106778,True
BH14,0.9333333333333333,-0.19999999999999996,0.9822413388198781,0.9820664959350908,True
BH14,0.95,-0.19999999999999996,0.9866623838368098,0.9865551721169095,True
BH14,0.9666666666666666,-0.19999999999999996,0.9910977236733749,0.9910403159761019,True
BH14,0.9833333333333334,-0.19999999999999996,0.9955458601990484,0.9955219258313404,True
BH14,1.0,-0.19999999999999996,1.0,0.9999999999999999,True
BH14,-1.0,-0.18333333333333335,1.499511779301774e-17,1.2040081247339366e-17,True
BH14,-0.9833333333333333,-0.18333333333333335,0.004311468294344185,0.004309286359682118,True
BH14,-0.9666666666666667,-0.18333333333333335,0.008615674997639308,0.008629684723425967,True
BH14,-0.95,-0.18333333333333335,0.012906982925682264,0.012961105947723008,True
BH14,-0.9333333333333333,-0.18333333333333335,0.017176438388565973,0.01730346195967295,True
BH14,-0.9166666666666666,-0.18333333333333335,0.021420118468510697,0.021656665739582307,True
BH14,-0.9,-0.18333333333333335,0.025626800541281042,0.025786700688676743,True
BH14,-0.8833333333333333,-0.18333333333333335,0.0297951882871494,0.029918967651109605,True
BH14,-0.8666666666666667,-0.18333333333333335,0.03390861359080061,0.034066886943928315,True
BH14,-0.85,-0.18333333333333335,0.03796742875063037,0.03823158847925559,True
BH14,-0.8333333333333334,-0.18333333333333335,0.04196072914929622,0.04241430902716094,True
BH14,-0.8166666666666667,-0.18333333333333335,0.0458723072089138,0.04605068248546593,True
BH14,-0.8,-0.18333333333333335,0.04970443884496903,0.04971265068897675,True
BH14,-0.7833333333333333,-0.18333333333333335,0.05344435079385307,0.053421444159688136,True
BH14,-0.7666666666666666,-0.18333333333333335,0.057058575788848556,0.057275999526418396,True
BH14,-0.75,-0.18333333333333335,0.060557136605897934,0.06123698564563739,True
BH14,-0.7333333333333334,-0.18333333333333335,0.06391548029499716,0.06406794777524862,True
BH14,-0.7166666666666667,-0.18333333333333335,0.06710747950252785,0.06685534838476567,True
BH14,-0.7,-0.18333333333333335,0.07006273146360616,0.06987476393856026,True
BH14,-0.6833333333333333,-0.18333333333333335,0.07286434816796501,0.07320601714172581,True
BH14,0.6833333333333333,-0.18333333333333335,0.9271591723277681,0.9263958064021998,True
BH14,0.7,-0.18333333333333335,0.9299016160813346,0.9295448716823074,True
BH14,0.7166666666666666,-0.18333333333333335,0.932904333760847,0.9325295782081057,True
BH14,0.7333333333333334,-0.18333333333333335,0.9361044483158135,0.9353596394685526,True
BH14,0.75,-0.18333333333333335,0.939443643595831,0.9381741573023987,True
BH14,0.7666666666666666,-0.18333333333333335,0.942943694851005,0.9421316451523776,True
BH14,0.7833333333333332,-0.18333333333333335,0.9465609906078328,0.9460239051350665,True
BH14,0.8,-0.18333333333333335,0.9502982273067926,0.9498526408575734,True
BH14,0.8166666666666667,-0.18333333333333335,0.9541255524704827,0.9536195096020501,True
BH14,0.8333333333333333,-0.18333333333333335,0.9580424011914805,0.9573261232410126,True
BH14,0.8499999999999999,-0.18333333333333335,0.9620307027787084,0.9615294512185015,True
BH14,0.8666666666666667,-0.18333333333333335,0.9660948909498203,0.9657257423044758,True
BH14,0.8833333333333333,-0.18333333333333335,0.9702071262204942,0.969912940831297,True
BH14,0.8999999999999999,-0.18333333333333335,0.9743754266414764,0.9740910255395949,True
BH14,0.9166666666666667,-0.18333333333333335,0.9785770997710208,0.9782599750952117,True
BH14,0.9333333333333333,-0.18333333333333335,0.982823830130672,0.9826140905445733,True
BH14,0.95,-0.18333333333333335,0.9870916255523448,0.9869659540835991,True
BH14,0.9666666666666666,-0.18333333333333335,0.9913838365950673,0.9913142279889233,True
BH14,0.9833333333333334,-0.18333333333333335,0.9956875475277622,0.9956589105362648,True
BH14,1.0,-0.18333333333333335,1.0,1.0,True
BH14,-1.0,-0.16666666666666663,-2.4412289267412166e-17,2.314242290742574e-17,True
BH14,-0.9833333333333333,-0.16666666666666663,0.004176183585157219,0.004180836686630144,True
BH14,-0.9666666666666667,-0.16666666666666663,0.00834405361457925,0.008373589580428923,True
BH14,-0.95,-0.16666666666666663,0.012495579028460914,0.012578160686956082,True
BH14,-0.9333333333333333,-0.16666666666666663,0.01661882601887902,0.016794453222087297,True
BH14,-0.9166666666666666,-0.16666666666666663,0.020712660376874532,0.021022371591756843,True
BH14,-0.9,-0.16666666666666663,0.024761779531616478,0.025002161769490425,True
BH14,-0.8833333333333333,-0.16666666666666663,0.02876335878869489,0.0289892568345315,True
BH14,-0.8666666666666667,-0.16666666666666663,0.03269703951427455,0.03298521208251515,True
BH14,-0.85,-0.16666666666666663,0.036562734750630654,0.03699070018474329,True
BH14,-0.8333333333333334,-0.16666666666666663,0.04034075637992246,0.04095089795936767,True
BH14,-0.8166666666666667,-0.16666666666666663,0.044031893749763816,0.04439291135159641,True
BH14,-0.8,-0.16666666666666663,0.04761043087750889,0.04786737283621506,True
BH14,-0.7833333333333333,-0.16666666666666663,0.051050135220375985,0.051377510631023623,True
BH14,-0.7666666666666666,-0.16666666666666663,0.05433774375281601,0.054926971908476736,True
BH14,-0.75,-0.16666666666666663,0.057477131692384054,0.058403066910128205,True
BH14,-0.7333333333333334,-0.16666666666666663,0.06038117046315861,0.060521446599577214,True
BH14,-0.7166666666666667,-0.16666666666666663,0.06305529974322714,0.06271627979932157,True
BH14,-0.7,-0.16666666666666663,0.06540892818075665,0.06500592599951108,True
BH14,-0.6833333333333333,-0.16666666666666663,0.0673766012269768,0.06764886522254156,True
BH14,0.6833333333333333,-0.16666666666666663,0.9326326352256331,0.9305598747911059,True
BH14,0.7,-0.16666666666666663,0.9345884602683726,0.9333802408784263,True
BH14,0.7166666666666666,-0.16666666666666663,0.9369602412508572,0.9360474641160905,True
BH14,0.7333333333333334,-0.16666666666666663,0.9396246882313991,0.9385709205147861,True
BH14,0.75,-0.16666666666666663,0.9425290913454203,0.9409593209065263,True
BH14,0.7666666666666666,-0.16666666666666663,0.945652897650926,0.9446583078617261,True
BH14,0.7833333333333332,-0.16666666666666663,0.9489466617724455,0.9483084057143305,True
BH14,0.8,-0.16666666666666663,0.9523975947760794,0.951898495333842,True
BH14,0.8166666666666667,-0.16666666666666663,0.9559780874205837,0.9554302075075747,True
BH14,0.8333333333333333,-0.16666666666666663,0.9596601508249738,0.9589051250368447,True
BH14,0.8499999999999999,-0.16666666666666663,0.9634324478553916,0.9629124163390338,True
BH14,0.8666666666666667,-0.16666666666666663,0.9673074164631295,0.9669370017820211,True
BH14,0.8833333333333333,-0.16666666666666663,0.9712411345779763,0.9709521853186036,True
BH14,0.8999999999999999,-0.16666666666666663,0.9752336640053426,0.9749579447045364,True
BH14,0.9166666666666667,-0.16666666666666663,0.9792888059140834,0.9789542576162632,True
BH14,0.9333333333333333,-0.16666666666666663,0.9833810885152937,0.9831659253127492,True
BH14,0.95,-0.16666666666666663,0.9875077945703666,0.987379917696465,True
BH14,0.9666666666666666,-0.16666666666666663,0.9916568988158038,0.9915902621180919,True
BH14,0.9833333333333334,-0.16666666666666663,0.99582339443045,0.995796956809208,True
BH14,1.0,-0.16666666666666663,0.9999999999999999,1.0,True
BH14,-1.0,-0.15000000000000002,-3.278986284886638e-17,-2.6645619984207312e-17,True
BH14,-0.9833333333333333,-0.15000000000000002,0.004048223953313991,0.004049970424024236,True
BH14,-0.9666666666666667,-0.15000000000000002,0.008088263508627446,0.008112701011279177,True
BH14,-0.95,-0.15000000000000002,0.01210489970053149,0.012188084179696607,True
BH14,-0.9333333333333333,-0.15000000000000002,0.016098991111571034,0.01627601371368005,True
BH14,-0.9166666666666666,-0.15000000000000002,0.020055098550758037,0.020364795340541593,True
BH14,-0.9,-0.15000000000000002,0.02395243424702395,0.024200169017523428,True
BH14,-0.8833333333333333,-0.15000000000000002,0.027792159422391115,0.02803677507839264,True
BH14,-0.8666666666666667,-0.15000000000000002,0.03155829721171549,0.03187470947385049,True
BH14,-0.85,-0.15000000000000002,0.0352407979487535,0.03571407835144781,True
BH14,-0.8333333333333334,-0.15000000000000002,0.03882752602794431,0.039426253279604716,True
BH14,-0.8166666666666667,-0.15000000000000002,0.042295837586248955,0.04268267187612123,True
BH14,-0.8,-0.15000000000000002,0.045624869392871706,0.045959817178248305,True
BH14,-0.7833333333333333,-0.15000000000000002,0.04882002746195452,0.04925987250952836,True
BH14,-0.7666666666666666,-0.15000000000000002,0.05180322554566291,0.052585328817284234,True
BH14,-0.75,-0.15000000000000002,0.05457887016977531,0.05552119528133274,True
BH14,-0.7333333333333334,-0.15000000000000002,0.05711255212436098,0.05744751521396718,True
BH14,-0.7166666666666667,-0.15000000000000002,0.0593095858974271,0.05942265575754786,True
BH14,-0.7,-0.15000000000000002,0.06111625552182519,0.06145876426631993,True
BH14,-0.6833333333333333,-0.15000000000000002,0.062409848296974935,0.0635723259477606,True
BH14,0.6833333333333333,-0.15000000000000002,0.9375701087458607,0.9348273615074089,True
BH14,0.7,-0.15000000000000002,0.9388815925085788,0.9373072663496175,True
BH14,0.7166666666666666,-0.15000000000000002,0.9406851126768702,0.9396463563264028,True
BH14,0.7333333333333334,-0.15000000000000002,0.942894269886517,0.9418535670112305,True
BH14,0.75,-0.15000000000000002,0.9454173533450284,0.9439371658135133,True
BH14,0.7666666666666666,-0.15000000000000002,0.9481947538273517,0.947230474799333,True
BH14,0.7833333333333332,-0.15000000000000002,0.9511992426137283,0.9506314067792379,True
BH14,0.8,-0.15000000000000002,0.9543710976880737,0.9539761963096497,True
BH14,0.8166666666666667,-0.15000000000000002,0.9577044178674241,0.9572664329490679,True
BH14,0.8333333333333333,-0.15000000000000002,0.9611707670105313,0.960503656151606,True
BH14,0.8499999999999999,-0.15000000000000002,0.964755897002942,0.9643081440358408,True
BH14,0.8666666666666667,-0.15000000000000002,0.9684417092322068,0.9681595267639176,True
BH14,0.8833333333333333,-0.15000000000000002,0.9722064904849752,0.9720011911188139,True
BH14,0.8999999999999999,-0.15000000000000002,0.9760478324706056,0.9758331138332774,True
BH14,0.9166666666666667,-0.15000000000000002,0.9799504756528504,0.9796552715559722,True
BH14,0.9333333333333333,-0.15000000000000002,0.9839002140721997,0.9837220496578752,True
BH14,0.95,-0.15000000000000002,0.987896001913444,0.987797100051209,True
BH14,0.9666666666666666,-0.15000000000000002,0.9919143863210104,0.9918684431154404,True
BH14,0.9833333333333334,-0.15000000000000002,0.9959503598099959,0.9959360770367804,True
BH14,1.0,-0.15000000000000002,0.9999999999999999,1.0,True
BH14,-1.0,-0.1333333333333333,1.5707866922364126e-17,1.1696819053105872e-17,True
BH14,-0.9833333333333333,-0.1333333333333333,0.003930743268319394,0.003916618894383571,True
BH14,-0.9666666666666667,-0.1333333333333333,0.007850303721108422,0.007846883822211442,True
BH14,-0.95,-0.1333333333333333,0.011747415587890872,0.011790676814976732,True
BH14,-0.9333333333333333,-0.1333333333333333,0.015612405605176148,0.01574788144516436,True
BH14,-0.9166666666666666,-0.1333333333333333,0.019433785777514822,0.019692907289075953,True
BH14,-0.9,-0.1333333333333333,0.023198471392910147,0.023379864846557685,True
BH14,-0.8833333333333333,-0.1333333333333333,0.026890374116228417,0.027060321891732485,True
BH14,-0.8666666666666667,-0.1333333333333333,0.030506809158638584,0.030733746864511288,True
BH14,-0.85,-0.1333333333333333,0.0340195219326565,0.034399547786991516,True
BH14,-0.8333333333333334,-0.1333333333333333,0.03742063434567106,0.037855037249436334,True
BH14,-0.8166666666666667,-0.1333333333333333,0.04068866581815042,0.0409166699110472,True
BH14,-0.8,-0.1333333333333333,0.043811028502563354,0.04398572192362847,True
BH14,-0.7833333333333333,-0.1333333333333333,0.046740297343672146,0.04706302221137064,True
BH14,-0.7666666666666666,-0.1333333333333333,0.049474691840940145,0.05014952659313037,True
BH14,-0.75,-0.1333333333333333,0.0519533519303783,0.05255939578076399,True
BH14,-0.7333333333333334,-0.1333333333333333,0.054153848340561875,0.05427993918540972,True
BH14,-0.7166666666666667,-0.1333333333333333,0.055969296402000226,0.05601795344733436,True
BH14,-0.7,-0.1333333333333333,0.057360060397601054,0.057777951137966244,True
BH14,-0.6833333333333333,-0.1333333333333333,0.05809330953204045,0.059566137676344846,True
BH14,0.6833333333333333,-0.1333333333333333,0.9419007231844143,0.9392030552470578,True
BH14,0.7,-0.1333333333333333,0.9426592089637481,0.9413299495332963,True
BH14,0.7166666666666666,-0.1333333333333333,0.9440238891755428,0.9433295903572425,True
BH14,0.7333333333333334,-0.1333333333333333,0.9458622692409151,0.9452103515231154,True
BH14,0.75,-0.1333333333333333,0.9480377933722295,0.9469799471998331,True
BH14,0.7666666666666666,-0.1333333333333333,0.9505272519643568,0.9498500673729827,True
BH14,0.7833333333333332,-0.1333333333333333,0.9532558645411371,0.9529944857909312,True
BH14,0.8,-0.1333333333333333,0.9561919568996079,0.9560870098557103,True
BH14,0.8166666666666667,-0.1333333333333333,0.9593081813409433,0.9591291705912965,True
BH14,0.8333333333333333,-0.1333333333333333,0.9625841991118802,0.9621224474373299,True
BH14,0.8499999999999999,-0.1333333333333333,0.9659711285227769,0.9657168028301724,True
BH14,0.8666666666666667,-0.1333333333333333,0.9694912040508123,0.9693934663240482,True
BH14,0.8833333333333333,-0.1333333333333333,0.9731047590864719,0.9730600876796685,True
BH14,0.8999999999999999,-0.1333333333333333,0.9768006748032435,0.9767166425671524,True
BH14,0.9166666666666667,-0.1333333333333333,0.9805665533526601,0.9803631065675026,True
BH14,0.9333333333333333,-0.1333333333333333,0.9843849314896354,0.984282513768804,True
BH14,0.95,-0.1333333333333333,0.9882503423611617,0.9882175388222678,True
BH14,0.9666666666666666,-0.1333333333333333,0.9921489446354735,0.9921487961191493,True
BH14,0.9833333333333334,-0.1333333333333333,0.9960686313024298,0.9960762837990301,True
BH14,1.0,-0.1333333333333333,1.0,1.0,True
BH14,-1.0,-0.1166666666666667,-2.3406405866252802e-17,-2.681862363574779e-17,True
BH14,-0.9833333333333333,-0.1166666666666667,0.0038230296639517793,0.003814544350270563,True
BH14,-0.9666666666666667,-0.1166666666666667,0.007633073106063311,0.0076358827103958,True
BH14,-0.95,-0.1166666666666667,0.011421614805678453,0.011464207243316808,True
BH14,-0.9333333333333333,-0.1166666666666667,0.01517042758000786,0.015299717372030147,True
BH14,-0.9166666666666666,-0.1166666666666667,0.01887639726372635,0.019108543860218367,True
BH14,-0.9,-0.1166666666666667,0.02251656039928131,0.022673331094313624,True
BH14,-0.8833333333333333,-0.1166666666666667,0.026080935005712333,0.026230836559047208,True
BH14,-0.8666666666666667,-0.1166666666666667,0.02955029689146614,0.02978112704776103,True
BH14,-0.85,-0.1166666666666667,0.03291460988916663,0.03332426850931534,True
BH14,-0.8333333333333334,-0.1166666666666667,0.036152566122748635,0.036606604984512,True
BH14,-0.8166666666666667,-0.1166666666666667,0.03924260797780975,0.039498985393175194,True
BH14,-0.8,-0.1166666666666667,0.04216366128791596,0.04239058026899178,True
BH14,-0.7833333333333333,-0.1166666666666667,0.0448903657845478,0.04528137569095751,True
BH14,-0.7666666666666666,-0.1166666666666667,0.04738498609426584,0.048171357407101954,True
BH14,-0.75,-0.1166666666666667,0.04961169179222977,0.050252804566580794,True
BH14,-0.7333333333333334,-0.1166666666666667,0.051517260519957225,0.05178755682408781,True
BH14,-0.7166666666666667,-0.1166666666666667,0.05307179383291139,0.053321120504316984,True
BH14,-0.7,-0.1166666666666667,0.05414630912468447,0.054853467476421475,True
BH14,-0.6833333333333333,-0.1166666666666667,0.05461567934223574,0.056384568714164904,True
BH14,0.6833333333333333,-0.1166666666666667,0.9453869352873661,0.9436921038082478,True
BH14,0.7,-0.1166666666666667,0.9458701943120482,0.9454525730238204,True
BH14,0.7166666666666666,-0.1166666666666667,0.9469368806162286,0.9471007213549177,True
BH14,0.7333333333333334,-0.1166666666666667,0.9484797603100902,0.9485408597301024,True
BH14,0.75,-0.1166666666666667,0.9503757968577955,0.9497597495718495,True
BH14,0.7666666666666666,-0.1166666666666667,0.9526059066349344,0.9520974729480691,True
BH14,0.7833333333333332,-0.1166666666666667,0.9551013769046643,0.9549134745247633,True
BH14,0.8,-0.1166666666666667,0.9578251253828378,0.9577102166865681,True
BH14,0.8166666666666667,-0.1166666666666667,0.960757058178701,0.9604881671014758,True
BH14,0.8333333333333333,-0.1166666666666667,0.9638451246538264,0.9632477787779156,True
BH14,0.8499999999999999,-0.1166666666666667,0.967089743053485,0.9666698997386125,True
BH14,0.8666666666666667,-0.1166666666666667,0.9704490832085103,0.9702142193556591,True
BH14,0.8833333333333333,-0.1166666666666667,0.9739207676799337,0.9737532091543574,True
BH14,0.8999999999999999,-0.1166666666666667,0.9774850038532383,0.9772868656475755,True
BH14,0.9166666666666667,-0.1166666666666667,0.981125067846087,0.9808151853443925,True
BH14,0.9333333333333333,-0.1166666666666667,0.9848243151955178,0.9846361558031826,True
BH14,0.95,-0.1166666666666667,0.9885766994869155,0.9884800064669478,True
BH14,0.9666666666666666,-0.1166666666666667,0.9923656959569064,0.9923219254223936,True
BH14,0.9833333333333334,-0.1166666666666667,0.9961765991631268,0.9961619206281307,True
BH14,1.0,-0.1166666666666667,1.0,1.0000000000000002,True
BH14,-1.0,-0.09999999999999998,-7.129640532432915e-19,-2.830600855935097e-17,True
BH14,-0.9833333333333333,-0.09999999999999998,0.0037276332262411098,0.003743094445760778,True
BH14,-0.9666666666666667,-0.09999999999999998,0.00744244032131702,0.007491653945773837,True
BH14,-0.95,-0.09999999999999998,0.011133038954714207,0.01124583374923145,True
BH14,-0.9333333333333333,-0.09999999999999998,0.014783035769643528,0.015005795005706927,True
BH14,-0.9166666666666666,-0.09999999999999998,0.01837897341051964,0.018732736012443376,True
BH14,-0.9,-0.09999999999999998,0.02191199054384513,0.022197568833297786,True
BH14,-0.8833333333333333,-0.09999999999999998,0.025357636928301792,0.025655753170075013,True
BH14,-0.8666666666666667,-0.09999999999999998,0.028706958431057195,0.02910734942552512,True
BH14,-0.85,-0.09999999999999998,0.03193369213547341,0.03255241724791806,True
BH14,-0.8333333333333334,-0.09999999999999998,0.03502866640652753,0.03572834045980329,True
BH14,-0.8166666666666667,-0.09999999999999998,0.03796079427763817,0.0384852033702532,True
BH14,-0.8,-0.09999999999999998,0.040722574602259864,0.041239687490197574,True
BH14,-0.7833333333333333,-0.09999999999999998,0.043266591617522325,0.04399175061047043,True
BH14,-0.7666666666666666,-0.09999999999999998,0.04556097782573648,0.04674134951669149,True
BH14,-0.75,-0.09999999999999998,0.04759470276079601,0.0486835911925748,True
BH14,-0.7333333333333334,-0.09999999999999998,0.049289480346356614,0.05006422898122107,True
BH14,-0.7166666666666667,-0.09999999999999998,0.050612116406834454,0.05144125769669442,True
BH14,-0.7,-0.09999999999999998,0.05151462907028945,0.05281459157854556,True
BH14,-0.6833333333333333,-0.09999999999999998,0.051883118270332276,0.054184142121838856,True
BH14,0.6833333333333333,-0.09999999999999998,0.9481143799166838,0.9465054537062816,True
BH14,0.7,-0.09999999999999998,0.948483244501412,0.9477127646949336,True
BH14,0.7166666666666666,-0.09999999999999998,0.9493758525392854,0.9489015855802613,True
BH14,0.7333333333333334,-0.09999999999999998,0.9507125133133076,0.9500727995623023,True
BH14,0.75,-0.09999999999999998,0.952409096388745,0.9512272312192337,True
BH14,0.7666666666666666,-0.09999999999999998,0.9544301692089688,0.9534089519433868,True
BH14,0.7833333333333332,-0.09999999999999998,0.956738956300488,0.9561164826636978,True
BH14,0.8,-0.09999999999999998,0.9592770453986421,0.958806483260515,True
BH14,0.8166666666666667,-0.09999999999999998,0.9620388638686257,0.9614793824107395,True
BH14,0.8333333333333333,-0.09999999999999998,0.9649754807400551,0.9641355952264702,True
BH14,0.8499999999999999,-0.09999999999999998,0.9680692383042429,0.9674414884828169,True
BH14,0.8666666666666667,-0.09999999999999998,0.9713020850454169,0.9708931472781024,True
BH14,0.8833333333333333,-0.09999999999999998,0.9746467244293312,0.9743394183405056,True
BH14,0.8999999999999999,-0.09999999999999998,0.9780903356350408,0.9777802981204178,True
BH14,0.9166666666666667,-0.09999999999999998,0.9816222348400147,0.9812157830643461,True
BH14,0.9333333333333333,-0.09999999999999998,0.9852141210604819,0.9849524006179347,True
BH14,0.95,-0.09999999999999998,0.9888644770879187,0.9887168685345789,True
BH14,0.9666666666666666,-0.09999999999999998,0.9925569420562823,0.992479619662191,True
BH14,0.9833333333333334,-0.09999999999999998,0.9962708976607714,0.9962406611228505,True
BH14,1.0,-0.09999999999999998,1.0,1.0,True
BH14,-1.0,-0.08333333333333337,-1.609419848430654e-17,-3.9614889191500685e-17,True
BH14,-0.9833333333333333,-0.08333333333333337,0.003645962625401734,0.0036714432779578125,True
BH14,-0.9666666666666667,-0.08333333333333337,0.007277975843024858,0.007347011220337284,True
BH14,-0.95,-0.08333333333333337,0.01088377227424656,0.011026821510768895,True
BH14,-0.9333333333333333,-0.08333333333333337,0.01444630223514888,0.014710996332172422,True
BH14,-0.9166666666666666,-0.08333333333333337,0.01795052769012721,0.018355607193220096,True
BH14,-0.9,-0.08333333333333337,0.021388545877165197,0.021721149848701434,True
BH14,-0.8833333333333333,-0.08333333333333337,0.024736798904315634,0.025080665303397885,True
BH14,-0.8666666666666667,-0.08333333333333337,0.02797749788081233,0.02843420779395114,True
BH14,-0.85,-0.08333333333333337,0.031088308002083044,0.03178183088772632,True
BH14,-0.8333333333333334,-0.08333333333333337,0.03406015678909016,0.03485231460471169,True
BH14,-0.8166666666666667,-0.08333333333333337,0.036865590938435513,0.037473570549048346,True
BH14,-0.8,-0.08333333333333337,0.039480117139496035,0.0400908508037499,True
BH14,-0.7833333333333333,-0.08333333333333337,0.041879050462515534,0.04270408473586183,True
BH14,-0.7666666666666666,-0.08333333333333337,0.04402986735481461,0.045313200027437564,True
BH14,-0.75,-0.08333333333333337,0.04588822295760063,0.04711610281084208,True
BH14,-0.7333333333333334,-0.08333333333333337,0.04743223221202619,0.0483422464001675,True
BH14,-0.7166666666666667,-0.08333333333333337,0.04861322280173256,0.04956234173280481,True
BH14,-0.7,-0.08333333333333337,0.04937068639661566,0.05077624451146088,True
BH14,-0.6833333333333333,-0.08333333333333337,0.04969197412544889,0.05198380579610782,True
BH14,0.6833333333333333,-0.08333333333333337,0.9503009282714847,0.9482449941899775,True
BH14,0.7,-0.08333333333333337,0.9506113727080031,0.9493819399108372,True
BH14,0.7166666666666666,-0.08333333333333337,0.9513917965717604,0.9505027932843939,True
BH14,0.7333333333333334,-0.08333333333333337,0.9525641342307922,0.9516083051671563,True
BH14,0.75,-0.08333333333333337,0.9540997392397759,0.9526991779642568,True
BH14,0.7666666666666666,-0.08333333333333337,0.9559724438872292,0.9547284525574424,True
BH14,0.7833333333333332,-0.08333333333333337,0.9581231312626954,0.9573268851128709,True
BH14,0.8,-0.08333333333333337,0.9605164521620264,0.9599095441477912,True
BH14,0.8166666666666667,-0.08333333333333337,0.9631369126687355,0.9624768181074874,True
BH14,0.8333333333333333,-0.08333333333333337,0.9659434424883646,0.9650290830291028,True
BH14,0.8499999999999999,-0.08333333333333337,0.9689123332149251,0.9682176273100584,True
BH14,0.8666666666666667,-0.08333333333333337,0.9720322960803947,0.9715760228468778,True
BH14,0.8833333333333333,-0.08333333333333337,0.9752631781977373,0.9749289719417875,True
BH14,0.8999999999999999,-0.08333333333333337,0.9786108452320175,0.9782764709813974,True
BH14,0.9166666666666667,-0.08333333333333337,0.9820485720952723,0.9816185163483355,True
BH14,0.9333333333333333,-0.08333333333333337,0.9855542594645026,0.9852700932272309,True
BH14,0.95,-0.08333333333333337,0.9891158935994296,0.9889548119376619,True
BH14,0.9666666666666666,-0.08333333333333337,0.9927196264391153,0.9926380318016519,True
BH14,0.9833333333333334,-0.08333333333333337,0.9963542081486524,0.9963197590801949,True
BH14,1.0,-0.08333333333333337,1.0,0.9999999999999999,True
BH14,-1.0,-0.06666666666666665,-1.6618936984227637e-17,-1.5517049319285705e-17,True
BH14,-0.9833333333333333,-0.06666666666666665,0.003577552633571309,0.0035995899873395255,True
BH14,-0.9666666666666667,-0.06666666666666665,0.007140675580710569,0.007201952716071788,True
BH14,-0.95,-0.06666666666666665,0.01067633784526234,0.010807167642899174,True
BH14,-0.9333333333333333,-0.06666666666666665,0.014164882201983767,0.014415317280375865,True
BH14,-0.9166666666666666,-0.06666666666666665,0.0175991625011222,0.017977170524896308,True
BH14,-0.9,-0.06666666666666665,0.020952740021647553,0.02124408060694731,True
BH14,-0.8833333333333333,-0.06666666666666665,0.024216500682718023,0.024505573002718304,True
BH14,-0.8666666666666667,-0.06666666666666665,0.027365729460355852,0.027761696000204686,True
BH14,-0.85,-0.06666666666666665,0.030388359127050284,0.03101249729874668,True
BH14,-0.8333333333333334,-0.06666666666666665,0.03326459604072313,0.033978529929883976,True
BH14,-0.8166666666666667,-0.06666666666666665,0.03596358141715475,0.036464089385988274,True
BH14,-0.8,-0.06666666666666665,0.038463370621266216,0.03894407260466064,True
BH14,-0.7833333333333333,-0.06666666666666665,0.040743847153569136,0.04141838039303229,True
BH14,-0.7666666666666666,-0.06666666666666665,0.04277765552636207,0.043886911187902826,True
BH14,-0.75,-0.06666666666666665,0.04451004489423335,0.045550345926985134,True
BH14,-0.7333333333333334,-0.06666666666666665,0.04593364980084822,0.046621614276732185,True
BH14,-0.7166666666666667,-0.06666666666666665,0.0470186044047884,0.047684376358020836,True
BH14,-0.7,-0.06666666666666665,0.047712924495400384,0.04873842841771539,True
BH14,-0.6833333333333333,-0.06666666666666665,0.047991007044426076,0.049783560111569966,True
BH14,0.6833333333333333,-0.06666666666666665,0.9520046717795413,0.9499847860402173,True
BH14,0.7,-0.06666666666666665,0.9522809285235656,0.9510525515854675,True
BH14,0.7166666666666666,-0.06666666666666665,0.9529838508144651,0.9521065116283159,True
BH14,0.7333333333333334,-0.06666666666666665,0.9540671927713201,0.9531472954264931,True
BH14,0.75,-0.06666666666666665,0.9554870366500128,0.9541754927693334,True
BH14,0.7666666666666666,-0.06666666666666665,0.9572261574386804,0.9560560381825369,True
BH14,0.7833333333333332,-0.06666666666666665,0.9592608395710355,0.9585447389523112,True
BH14,0.8,-0.06666666666666665,0.961542342958744,0.961019450585026,True
BH14,0.8166666666666667,-0.06666666666666665,0.964044720996104,0.9634805200202882,True
BH14,0.8333333333333333,-0.06666666666666665,0.9667416042975483,0.9659282830105966,True
BH14,0.8499999999999999,-0.06666666666666665,0.9696117044524867,0.9689983607972992,True
BH14,0.8666666666666667,-0.06666666666666665,0.9726360830565404,0.9722628847552469,True
BH14,0.8833333333333333,-0.06666666666666665,0.9757859415235122,0.9755219027543872,True
BH14,0.8999999999999999,-0.06666666666666665,0.979049543570246,0.9787754111162134,True
BH14,0.9166666666666667,-0.06666666666666665,0.982401253872851,0.9820234061581361,True
BH14,0.9333333333333333,-0.06666666666666665,0.9858351025441761,0.985589243652595,True
BH14,0.95,-0.06666666666666665,0.9893274517465287,0.9891938441295727,True
BH14,0.9666666666666666,-0.06666666666666665,0.9928584402262567,0.9927971667682325,True
BH14,0.9833333333333334,-0.06666666666666665,0.9964221015666013,0.996399216943352,True
BH14,1.0,-0.06666666666666665,0.9999999999999999,1.0,True
BH14,-1.0,-0.050000000000000044,2.8073144886871984e-17,-4.746294675615982e-17,True
BH14,-0.9833333333333333,-0.050000000000000044,0.0035231351575875144,0.0035275337094374604,True
BH14,-0.9666666666666667,-0.050000000000000044,0.007031891827106639,0.00705647660410972,True
BH14,-0.95,-0.050000000000000044,0.01051102583141542,0.010586869242729873,True
BH14,-0.9333333333333333,-0.050000000000000044,0.0139439287585224,0.014118753753132813,True
BH14,-0.9166666666666666,-0.050000000000000044,0.017318856564331308,0.017597438955599183,True
BH14,-0.9,-0.050000000000000044,0.020608314211090318,0.020766367489597357,True
BH14,-0.8833333333333333,-0.050000000000000044,0.02380671976235884,0.023930476311171796,True
BH14,-0.8666666666666667,-0.050000000000000044,0.02689148206038114,0.027089807970336076,True
BH14,-0.85,-0.050000000000000044,0.029834553889029378,0.030244404504693637,True
BH14,-0.8333333333333334,-0.050000000000000044,0.032631907516554044,0.03310698894917384,True
BH14,-0.8166666666666667,-0.050000000000000044,0.03524992100191988,0.03545676234073682,True
BH14,-0.8,-0.050000000000000044,0.03766724689818416,0.037799355291194534,True
BH14,-0.7833333333333333,-0.050000000000000044,0.0398477626158863,0.04013463991113769,True
BH14,-0.7666666666666666,-0.050000000000000044,0.04178839555019156,0.0424624852498916,True
BH14,-0.75,-0.050000000000000044,0.04344980746074217,0.043986327078176735,True
BH14,-0.7333333333333334,-0.050000000000000044,0.044773571652262284,0.04490233783278545,True
BH14,-0.7166666666666667,-0.050000000000000044,0.04578995965979671,0.045807365337132415,True
BH14,-0.7,-0.050000000000000044,0.046443859047194086,0.046701145451332624,True
BH14,-0.6833333333333333,-0.050000000000000044,0.04670971979002081,0.04758340544489584,True
BH14,0.6833333333333333,-0.050000000000000044,0.9532883057507092,0.9517248227395488,True
BH14,0.7,-0.050000000000000044,0.953551980000447,0.9527245641464585,True
BH14,0.7166666666666666,-0.050000000000000044,0.9542090562219901,0.9537126812080018,True
BH14,0.7333333333333334,-0.050000000000000044,0.955216344449905,0.9546896915355157,True
BH14,0.75,-0.050000000000000044,0.9565646068191505,0.9556560811892196,True
BH14,0.7666666666666666,-0.050000000000000044,0.9582191480362532,0.957391772951856,True
BH14,0.7833333333333332,-0.050000000000000044,0.9601484598962701,0.9597701019109912,True
BH14,0.8,-0.050000000000000044,0.9623383801379517,0.9621362543754677,True
BH14,0.8166666666666667,-0.050000000000000044,0.9647542253615546,0.9644905344706705,True
BH14,0.8333333333333333,-0.050000000000000044,0.9673727258712855,0.9668332364228405,True
BH14,0.8499999999999999,-0.050000000000000044,0.9701695715260072,0.9697837341051371,True
BH14,0.8666666666666667,-0.050000000000000044,0.9731126476450251,0.972953772203379,True
BH14,0.8833333333333333,-0.050000000000000044,0.9761975502137897,0.9761182440044007,True
BH14,0.8999999999999999,-0.050000000000000044,0.9793952226594487,0.9792771457632112,True
BH14,0.9166666666666667,-0.050000000000000044,0.9826850798696848,0.9824304737306346,True
BH14,0.9333333333333333,-0.050000000000000044,0.9860561004289454,0.9859098620087776,True
BH14,0.95,-0.050000000000000044,0.9894901522766252,0.9894339726326347,True
BH14,0.9666666666666666,-0.050000000000000044,0.9929684401785159,0.9929570295347147,True
BH14,0.9833333333333334,-0.050000000000000044,0.9964765984637175,0.9964790371778566,True
BH14,1.0,-0.050000000000000044,1.0,1.0000000000000002,True
BH14,-1.0,-0.033333333333333326,4.378028017354355e-17,1.4998229307064126e-17,True
BH14,-0.9833333333333333,-0.033333333333333326,0.003484911878112472,0.0034843822696773836,True
BH14,-0.9666666666666667,-0.033333333333333326,0.006955650430665061,0.006968746552203147,True
BH14,-0.95,-0.033333333333333326,0.010391882560936837,0.010453092679689281,True
BH14,-0.9333333333333333,-0.033333333333333326,0.013785255648416322,0.013937420482150107,True
BH14,-0.9166666666666666,-0.033333333333333326,0.017113508022039786,0.017365502298653062,True
BH14,-0.9,-0.033333333333333326,0.020361810245377844,0.02048400037102326,True
BH14,-0.8833333333333333,-0.033333333333333326,0.02351390100853472,0.023602402532034494,True
BH14,-0.8666666666666667,-0.033333333333333326,0.026546974243860932,0.026720707976341688,True
BH14,-0.85,-0.033333333333333326,0.02944358548692042,0.029838915889683182,True
BH14,-0.8333333333333334,-0.033333333333333326,0.032184408057182895,0.03267054046393026,True
BH14,-0.8166666666666667,-0.033333333333333326,0.03473960661954875,0.03497334175315503,True
BH14,-0.8,-0.033333333333333326,0.037101074786866195,0.03727520140537944,True
BH14,-0.7833333333333333,-0.033333333333333326,0.039217468571868364,0.03957609879505992,True
BH14,-0.7666666666666666,-0.033333333333333326,0.041095156435707346,0.04187601268912032,True
BH14,-0.75,-0.033333333333333326,0.04267645555843273,0.04339275660366293,True
BH14,-0.7333333333333334,-0.033333333333333326,0.04397909230396961,0.04429791007990242,True
BH14,-0.7166666666666667,-0.033333333333333326,0.04494114060276477,0.045200714622651864,True
BH14,-0.7,-0.033333333333333326,0.04554556671324175,0.04610109483437938,True
BH14,-0.6833333333333333,-0.033333333333333326,0.04580007565685151,0.04699897202249077,True
BH14,0.6833333333333333,-0.033333333333333326,0.9542013881599637,0.9534650979932453,True
BH14,0.7,-0.033333333333333326,0.9544481467664666,0.9543979431651611,True
BH14,0.7166666666666666,-0.033333333333333326,0.955054417999788,0.9552239823700923,True
BH14,0.7333333333333334,-0.033333333333333326,0.9560191385328265,0.9560244652833726,True
BH14,0.75,-0.033333333333333326,0.9573100654487154,0.9568284391165216,True
BH14,0.7666666666666666,-0.033333333333333326,0.9589041991532448,0.9583653331988351,True
BH14,0.7833333333333332,-0.033333333333333326,0.960780697786906,0.9606024861799353,True
BH14,0.8,-0.033333333333333326,0.9629066999443563,0.9628410534758777,True
BH14,0.8166666666666667,-0.033333333333333326,0.9652623073460744,0.9650810114713,True
BH14,0.8333333333333333,-0.033333333333333326,0.9678216514724826,0.9673223370724844,True
BH14,0.8499999999999999,-0.033333333333333326,0.970561851769768,0.9701773590176515,True
BH14,0.8666666666666667,-0.033333333333333326,0.9734557392740664,0.9732807785984103,True
BH14,0.8833333333333333,-0.033333333333333326,0.976491736180459,0.9763844041271992,True
BH14,0.8999999999999999,-0.033333333333333326,0.9796374423508788,0.9794882337789808,True
BH14,0.9166666666666667,-0.033333333333333326,0.9828873277182173,0.9825922657498647,True
BH14,0.9333333333333333,-0.033333333333333326,0.986216081736283,0.9860336122985236,True
BH14,0.95,-0.033333333333333326,0.989607223038786,0.989525221890875,True
BH14,0.9666666666666666,-0.033333333333333326,0.9930457737462659,0.9930168230038593,True
BH14,0.9833333333333334,-0.033333333333333326,0.996515301669211,0.9965084156896515,True
BH14,1.0,-0.033333333333333326,1.0,1.0,True
BH14,-1.0,-0.01666666666666672,1.031119789783526e-18,-1.3148676854257666e-17,True
BH14,-0.9833333333333333,-0.01666666666666672,0.0034610994723524428,0.0034877271701839437,True
BH14,-0.9666666666666667,-0.01666666666666672,0.006906175751750254,0.006975457079410739,True
BH14,-0.95,-0.01666666666666672,0.010321419676837574,0.010463189753171183,True
BH14,-0.9333333333333333,-0.01666666666666672,0.01368568480234044,0.013950925217273074,True
BH14,-0.9166666666666666,-0.01666666666666672,0.01699088892157081,0.017383365106498284,True
BH14,-0.9,-0.01666666666666672,0.02021167304834136,0.020499885324173267,True
BH14,-0.8833333333333333,-0.01666666666666672,0.023334171284799178,0.023616298774079694,True
BH14,-0.8666666666666667,-0.01666666666666672,0.026337487912306473,0.026732604563955344,True
BH14,-0.85,-0.01666666666666672,0.029199200875142925,0.029848801791723275,True
BH14,-0.8333333333333334,-0.01666666666666672,0.03191021982451305,0.032684275567336496,True
BH14,-0.8166666666666667,-0.01666666666666672,0.03442851071158583,0.03497283959404988,True
BH14,-0.8,-0.01666666666666672,0.0367461782150272,0.03726025534782382,True
BH14,-0.7833333333333333,-0.01666666666666672,0.03884889092464835,0.03954649765977308,True
BH14,-0.7666666666666666,-0.01666666666666672,0.04067307469665106,0.04183154061894938,True
BH14,-0.75,-0.01666666666666672,0.04223594123051368,0.04334270919332234,True
BH14,-0.7333333333333334,-0.01666666666666672,0.04350745985271608,0.04422175860642816,True
BH14,-0.7166666666666667,-0.01666666666666672,0.044438764706705366,0.045097898803536776,True
BH14,-0.7,-0.01666666666666672,0.04503164834976986,0.04597103575765729,True
BH14,-0.6833333333333333,-0.01666666666666672,0.04527179798618726,0.046841071294470564,True
BH14,0.6833333333333333,-0.01666666666666672,0.9547308186482788,0.9534755643344536,True
BH14,0.7,-0.01666666666666672,0.9549697862075749,0.9542942251862335,True
BH14,0.7166666666666666,-0.01666666666666672,0.9555710008521758,0.9551160954088204,True
BH14,0.7333333333333334,-0.01666666666666672,0.9564998908446167,0.9559410874667333,True
BH14,0.75,-0.01666666666666672,0.9577608635949126,0.9567691170468712,True
BH14,0.7666666666666666,-0.01666666666666672,0.9593242277695007,0.9583032715741662,True
BH14,0.7833333333333332,-0.01666666666666672,0.9611576175995911,0.9605553410751904,True
BH14,0.8,-0.01666666666666672,0.9632467869519963,0.9628086583274775,True
BH14,0.8166666666666667,-0.01666666666666672,0.9655688115916152,0.9650632024778459,True
BH14,0.8333333333333333,-0.01666666666666672,0.9680915216598429,0.9673189531342888,True
BH14,0.8499999999999999,-0.01666666666666672,0.9708029526385675,0.9701687025825105,True
BH14,0.8666666666666667,-0.01666666666666672,0.9736651796689223,0.9732758416854794,True
BH14,0.8833333333333333,-0.01666666666666672,0.9766667129611646,0.9763831649892505,True
BH14,0.8999999999999999,-0.01666666666666672,0.9797901293882758,0.9794906708527894,True
BH14,0.9166666666666667,-0.01666666666666672,0.9830110955740898,0.9825983576542145,True
BH14,0.9333333333333333,-0.01666666666666672,0.9863118359826415,0.9860372018407658,True
BH14,0.95,-0.01666666666666672,0.9896788703768669,0.989527908504916,True
BH14,0.9666666666666666,-0.01666666666666672,0.9930932712687928,0.9930186103999129,True
BH14,0.9833333333333334,-0.01666666666666672,0.9965384817661721,0.9965093075552052,True
BH14,1.0,-0.01666666666666672,1.0,1.0,True
BH14,-1.0,0.0,7.933433100076348e-18,-1.50558892169534e-17,True
BH14,-0.9833333333333333,0.0,0.0034530143569084437,0.0034910655924747635,True
BH14,-0.9666666666666667,0.0,0.006890876090422057,0.0069821545296096885,True
BH14,-0.95,0.0,0.010297153513346907,0.010473267028023057,True
BH14,-0.9333333333333333,0.0,0.0136568342607175,0.013964403307018449,True
BH14,-0.9166666666666666,0.0,0.016951752581610996,0.01740124750509162,True
BH14,-0.9,0.0,0.0201618393485501,0.02051579608854269,True
BH14,-0.8833333333333333,0.0,0.023274768720520457,0.023630227150847404,True
BH14,-0.8666666666666667,0.0,0.0262657950579241,0.026744539714521415,True
BH14,-0.85,0.0,0.02912029100738614,0.02985873279139769,True
BH14,-0.8333333333333334,0.0,0.0318153822250136,0.032698354523054834,True
BH14,-0.8166666666666667,0.0,0.03432948939411217,0.03497267906980697,True
BH14,-0.8,0.0,0.036635042554294,0.03724564850145778,True
BH14,-0.7833333333333333,0.0,0.03871186156461658,0.03951723309505803,True
BH14,-0.7666666666666666,0.0,0.04053157385113,0.04178740225049385,True
BH14,-0.75,0.0,0.04208820225115961,0.04329316888579052,True
BH14,-0.7333333333333334,0.0,0.04333763383443069,0.044146005844299216,True
BH14,-0.7166666666666667,0.0,0.044264492912861324,0.04499536595730948,True
BH14,-0.7,0.0,0.044856400688987254,0.04584113607497607,True
BH14,-0.6833333333333333,0.0,0.04510125619043184,0.04668319801046826,True
BH14,0.6833333333333333,0.0,0.9549016354426156,0.9533172090128081,True
BH14,0.7,0.0,0.9551502304063527,0.9541611568664677,True
BH14,0.7166666666666666,0.0,0.955744341046814,0.9550078423585193,True
BH14,0.7333333333333334,0.0,0.9566627640984054,0.9558571915377048,True
BH14,0.75,0.0,0.9579073831004813,0.9567091331416409,True
BH14,0.7666666666666666,0.0,0.959461049587381,0.9582407481514454,True
BH14,0.7833333333333332,0.0,0.9612881582001276,0.960507747710518,True
BH14,0.8,0.0,0.9633633634441554,0.962775828091595,True
BH14,0.8166666666666667,0.0,0.9656773941540626,0.965044971214843,True
BH14,0.8333333333333333,0.0,0.9681875233867823,0.9673151594007394,True
BH14,0.8499999999999999,0.0,0.9708752629992022,0.9701599493333215,True
BH14,0.8666666666666667,0.0,0.9737338474859695,0.9732708216658186,True
BH14,0.8833333333333333,0.0,0.976725947043612,0.9763818562129437,True
BH14,0.8999999999999999,0.0,0.9798381188525738,0.979493051521817,True
BH14,0.9166666666666667,0.0,0.9830525563375041,0.9826044061566377,True
BH14,0.9333333333333333,0.0,0.9863449760093002,0.9860407998733823,True
BH14,0.95,0.0,0.9897027305718069,0.9895306014473372,True
BH14,0.9666666666666666,0.0,0.9931094654369149,0.9930204019888352,True
BH14,0.9833333333333334,0.0,0.9965469662711726,0.9965102015042744,True
BH14,1.0,0.0,1.0000000000000002,1.0,True
BH14,-1.0,0.016666666666666607,-2.2387927445028933e-18,-4.7139747412181344e-17,True
BH14,-0.9833333333333333,0.016666666666666607,0.003461566621930308,0.0034943975554093377,True
BH14,-0.9666666666666667,0.016666666666666607,0.006907012761265693,0.0069888389412219535,True
BH14,-0.95,0.016666666666666607,0.010322295858740296,0.01048332456295482,True
BH14,-0.9333333333333333,0.016666666666666607,0.01368829515268477,0.013977854831132112,True
BH14,-0.9166666666666666,0.016666666666666607,0.016992178025717213,0.01741914940346696,True
BH14,-0.9,0.016666666666666607,0.020214159931193847,0.020531732543283967,True
BH14,-0.8833333333333333,0.016666666666666607,0.02333625802387676,0.023644187510630146,True
BH14,-0.8666666666666667,0.016666666666666607,0.02634156468775072,0.026756513244466974,True
BH14,-0.85,0.016666666666666607,0.029201952251049105,0.029868708672234838,True
BH14,-0.8333333333333334,0.016666666666666607,0.03190582421566669,0.032712777498054166,True
BH14,-0.8166666666666667,0.016666666666666607,0.034427350258262754,0.034972860351205504,True
BH14,-0.8,0.016666666666666607,0.03674719435297982,0.03723138104082551,True
BH14,-0.7833333333333333,0.016666666666666607,0.03883945419267692,0.03948830527916512,True
BH14,-0.7666666666666666,0.016666666666666607,0.040674471185841124,0.041743597765636596,True
BH14,-0.75,0.016666666666666607,0.04224080978163142,0.04324413893175398,True
BH14,-0.7333333333333334,0.016666666666666607,0.04349488079656864,0.04407065443314988,True
BH14,-0.7166666666666667,0.016666666666666607,0.04443458370043559,0.04489311801899676,True
BH14,-0.7,0.016666666666666607,0.04502286642162919,0.04571139691230297,True
BH14,-0.6833333333333333,0.016666666666666607,0.045268953480151516,0.046525352370779344,True
BH14,0.6833333333333333,0.016666666666666607,0.9547329146611611,0.9531588188667033,True
BH14,0.7,0.016666666666666607,0.9549781358239559,0.9540278852989622,True
BH14,0.7166666666666666,0.016666666666666607,0.9555672176290771,0.9548992267524636,True
BH14,0.7333333333333334,0.016666666666666607,0.9565043469534549,0.95577278236275,True
BH14,0.75,0.016666666666666607,0.9577613202232342,0.9566484934511319,True
BH14,0.7666666666666666,0.016666666666666607,0.9593227183676449,0.9581777624174902,True
BH14,0.7833333333333332,0.016666666666666607,0.9611620467503976,0.9604597055948634,True
BH14,0.8,0.016666666666666607,0.9632618498153329,0.9627425622983581,True
BH14,0.8166666666666667,0.016666666666666607,0.9655634027977182,0.9650263172326968,True
BH14,0.8333333333333333,0.016666666666666607,0.9680908467591575,0.9673109554416595,True
BH14,0.8499999999999999,0.016666666666666607,0.9707989975126402,0.9701510987420847,True
BH14,0.8666666666666667,0.016666666666666607,0.973661381693244,0.9732657180902368,True
BH14,0.8833333333333333,0.016666666666666607,0.9766697538093986,0.9763804774252459,True
BH14,0.8999999999999999,0.016666666666666607,0.9797877964661253,0.9794953754866148,True
BH14,0.9166666666666667,0.016666666666666607,0.9830096754771432,0.9826104110287697,True
BH14,0.9333333333333333,0.016666666666666607,0.9863121703021671,0.9860444064267821,True
BH14,0.95,0.016666666666666607,0.9896773971330344,0.9895333007406635,True
BH14,0.9666666666666666,0.016666666666666607,0.9930932239923117,0.9930221977854583,True
BH14,0.9833333333333334,0.016666666666666607,0.9965389660420628,0.9965110975441844,True
BH14,1.0,0.016666666666666607,1.0,1.0,True
BH14,-1.0,0.033333333333333215,5.368720147460656e-17,-1.5113549126842666e-17,True
BH14,-0.9833333333333333,0.033333333333333215,0.003484738343953294,0.003497723077773466,True
BH14,-0.9666666666666667,0.033333333333333215,0.006955460733090533,0.006995510352518188,True
BH14,-0.95,0.033333333333333215,0.01039345175772036,0.0104933624164424,True
BH14,-0.9333333333333333,0.033333333333333215,0.013783838244444808,0.013991279869037964,True
BH14,-0.9166666666666666,0.033333333333333215,0.017116494274335235,0.01743707071122545,True
BH14,-0.9,0.033333333333333215,0.020366751389584534,0.02054769456831148,True
BH14,-0.8833333333333333,0.033333333333333215,0.023512951165049496,0.023658179702687444,True
BH14,-0.8666666666666667,0.033333333333333215,0.026542277948291414,0.026768524971401815,True
BH14,-0.85,0.033333333333333215,0.029435961354773135,0.02987872921917281,True
BH14,-0.8333333333333334,0.033333333333333215,0.03218179518671453,0.03272754465932225,True
BH14,-0.8166666666666667,0.033333333333333215,0.03473554967501878,0.034973383609049835,True
BH14,-0.8,0.033333333333333215,0.03710007027291776,0.037217453140502954,True
BH14,-0.7833333333333333,0.033333333333333215,0.039220611172078854,0.03945971439038337,True
BH14,-0.7666666666666666,0.033333333333333215,0.04109539361519268,0.04170012734630613,True
BH14,-0.75,0.033333333333333215,0.04269131047705889,0.04319562260834124,True
BH14,-0.7333333333333334,0.033333333333333215,0.04397668035990733,0.04399570703509047,True
BH14,-0.7166666666666667,0.033333333333333215,0.044948676135337776,0.04479115694086212,True
BH14,-0.7,0.033333333333333215,0.04555754131458038,0.045581819406092176,True
BH14,-0.6833333333333333,0.033333333333333215,0.04580560729864293,0.046530391495012736,True
BH14,0.6833333333333333,0.033333333333333215,0.9541951600888545,0.9530003942499241,True
BH14,0.7,0.033333333333333215,0.9544407352605271,0.9538944124932194,True
BH14,0.7166666666666666,0.033333333333333215,0.9550560601530541,0.9547902520795364,True
BH14,0.7333333333333334,0.033333333333333215,0.9560255156970838,0.9556878647494278,True
BH14,0.75,0.033333333333333215,0.9573100686789179,0.9565872039551171,True
BH14,0.7666666666666666,0.033333333333333215,0.9589108006669439,0.9581143138582193,True
BH14,0.7833333333333332,0.033333333333333215,0.9607803036019518,0.9604112142363254,True
BH14,0.8,0.033333333333333215,0.9629080566476038,0.9627088604770964,True
BH14,0.8166666666666667,0.033333333333333215,0.9652628386419815,0.9650072400810628,True
BH14,0.8333333333333333,0.033333333333333215,0.9678166171810602,0.9673063408261644,True
BH14,0.8499999999999999,0.033333333333333215,0.9705578002735264,0.9701421502768713,True
BH14,0.8666666666666667,0.033333333333333215,0.9734491647321363,0.9732605305062383,True
BH14,0.8833333333333333,0.033333333333333215,0.9764941313390688,0.976379028250412,True
BH14,0.8999999999999999,0.033333333333333215,0.9796410588542876,0.9794976424455828,True
BH14,0.9166666666666667,0.033333333333333215,0.9828874537948767,0.9826163720406265,True
BH14,0.9333333333333333,0.033333333333333215,0.9862158154600573,0.9860480215315195,True
BH14,0.95,0.033333333333333215,0.989607751572728,0.989536006407528,True
BH14,0.9666666666666666,0.033333333333333215,0.993044294945099,0.9930239978046844,True
BH14,0.9833333333333334,0.033333333333333215,0.9965149857099247,0.9965119956822938,True
BH14,1.0,0.033333333333333215,1.0000000000000002,1.0,True
BH14,-1.0,0.050000000000000044,9.307733302922217e-19,8.545014370245393e-18,True
BH14,-0.9833333333333333,0.050000000000000044,0.0035229824957401395,0.003512677902404222,True
BH14,-0.9666666666666667,0.050000000000000044,0.007032604355888465,0.007027423606775123,True
BH14,-0.95,0.050000000000000044,0.010510211458782972,0.01054424177979317,True
BH14,-0.9333333333333333,0.050000000000000044,0.01394496876334099,0.014063137101635155,True
BH14,-0.9166666666666666,0.050000000000000044,0.01731807165230041,0.017535301955429943,True
BH14,-0.9,0.050000000000000044,0.02060935466477442,0.020682190745395346,True
BH14,-0.8833333333333333,0.050000000000000044,0.023807354832571626,0.02383640332672886,True
BH14,-0.8666666666666667,0.050000000000000044,0.026886268585650467,0.026997997588878067,True
BH14,-0.85,0.050000000000000044,0.029835527172094017,0.03016703201151564,True
BH14,-0.8333333333333334,0.050000000000000044,0.03263138567438356,0.033102484634140936,True
BH14,-0.8166666666666667,0.050000000000000044,0.0352483329652081,0.03545010080347828,True
BH14,-0.8,0.050000000000000044,0.03765932153275499,0.03781269530166437,True
BH14,-0.7833333333333333,0.050000000000000044,0.0398532020591065,0.040190601299808754,True
BH14,-0.7666666666666666,0.050000000000000044,0.04179512480352105,0.04258416187928962,True
BH14,-0.75,0.050000000000000044,0.04343935849925616,0.04427601956319312,True
BH14,-0.7333333333333334,0.050000000000000044,0.04478747382817806,0.04525586908654443,True
BH14,-0.7166666666666667,0.050000000000000044,0.04579415944815843,0.04624791945113751,True
BH14,-0.7,0.050000000000000044,0.04643961981715696,0.04725279747608322,True
BH14,-0.6833333333333333,0.050000000000000044,0.04671053303855441,0.04827117512958695,True
BH14,0.6833333333333333,0.050000000000000044,0.9532883603470327,0.952418469009029,True
BH14,0.7,0.050000000000000044,0.9535551366763899,0.9533081576723375,True
BH14,0.7166666666666666,0.050000000000000044,0.9542140187197596,0.9542070583506919,True
BH14,0.7333333333333334,0.050000000000000044,0.9552102538411167,0.9551149943335279,True
BH14,0.75,0.050000000000000044,0.9565596120773469,0.9560317934336022,True
BH14,0.7666666666666666,0.050000000000000044,0.9582171895192176,0.957566581679405,True
BH14,0.7833333333333332,0.050000000000000044,0.9601353498307054,0.9598962192402478,True
BH14,0.8,0.050000000000000044,0.9623352027124508,0.9622314038007231,True
BH14,0.8166666666666667,0.050000000000000044,0.9647549239498372,0.9645720622737287,True
BH14,0.8333333333333333,0.050000000000000044,0.9673599221641809,0.9669181228523498,True
BH14,0.8499999999999999,0.050000000000000044,0.9701621248466011,0.9697838622431336,True
BH14,0.8666666666666667,0.050000000000000044,0.9731083902693538,0.9729386937350667,True
BH14,0.8833333333333333,0.050000000000000044,0.9761950735896716,0.9760964884643957,True
BH14,0.8999999999999999,0.050000000000000044,0.979391336149959,0.9792572730364071,True
BH14,0.9166666666666667,0.050000000000000044,0.982682749666054,0.9824210743813484,True
BH14,0.9333333333333333,0.050000000000000044,0.9860559443993171,0.9858951824799023,True
BH14,0.95,0.050000000000000044,0.9894888683068164,0.9894233435877229,True
BH14,0.9666666666666666,0.050000000000000044,0.992968014291685,0.9929501797142222,True
BH14,0.9833333333333334,0.050000000000000044,0.9964767162331424,0.9964757218428872,True
BH14,1.0,0.050000000000000044,0.9999999999999999,1.0,True
BH14,-1.0,0.06666666666666665,-6.936316953523827e-18,-3.11747551877993e-17,True
BH14,-0.9833333333333333,0.06666666666666665,0.003577216005927245,0.0035960440098895727,True
BH14,-0.9666666666666667,0.06666666666666665,0.00714125087619896,0.007194275802923336,True
BH14,-0.95,0.06666666666666665,0.010678755968382005,0.010794700281537017,True
BH14,-0.9333333333333333,0.06666666666666665,0.01416556981985786,0.014397322362202347,True
BH14,-0.9166666666666666,0.06666666666666665,0.01759848891222824,0.017958949103000846,True
BH14,-0.9,0.06666666666666665,0.0209555292557325,0.021201379030089403,True
BH14,-0.8833333333333333,0.06666666666666665,0.02421438199856201,0.02445161548671476,True
BH14,-0.8666666666666667,0.06666666666666665,0.027367238112392226,0.02770971973927024,True
BH14,-0.85,0.06666666666666665,0.030391142069504842,0.030975753672578873,True
BH14,-0.8333333333333334,0.06666666666666665,0.03326024839159908,0.0340300248130803,True
BH14,-0.8166666666666667,0.06666666666666665,0.03595698174822619,0.03648531462923012,True
BH14,-0.8,0.06666666666666665,0.03845716087537416,0.03895715669933082,True
BH14,-0.7833333333333333,0.06666666666666665,0.04074461616739973,0.04144591862907589,True
BH14,-0.7666666666666666,0.06666666666666665,0.04277101882551237,0.043951978936176604,True
BH14,-0.75,0.06666666666666665,0.04451098220722082,0.045766761189929256,True
BH14,-0.7333333333333334,0.06666666666666665,0.0459291215607132,0.046805853878861464,True
BH14,-0.7166666666666667,0.06666666666666665,0.047004713280298406,0.047859220307474935,True
BH14,-0.7,0.06666666666666665,0.04769224746415295,0.04892760515387099,True
BH14,-0.6833333333333333,0.06666666666666665,0.04798864601400983,0.05001180783289842,True
BH14,0.6833333333333333,0.06666666666666665,0.9520109612179564,0.9502179178503927,True
BH14,0.7,0.06666666666666665,0.9522997822573707,0.9512690131188745,True
BH14,0.7166666666666666,0.06666666666666665,0.9529879489859007,0.9523272343036092,True
BH14,0.7333333333333334,0.06666666666666665,0.9540696262157705,0.9533924453904251,True
BH14,0.75,0.06666666666666665,0.955488179980624,0.9544645138241086,True
BH14,0.7666666666666666,0.06666666666666665,0.9572317952133333,0.9561364514202721,True
BH14,0.7833333333333332,0.06666666666666665,0.9592638072199782,0.9586063192605518,True
BH14,0.8,0.06666666666666665,0.9615406333144064,0.9610804960370614,True
BH14,0.8166666666666667,0.06666666666666665,0.9640440231513182,0.9635589250278891,True
BH14,0.8333333333333333,0.06666666666666665,0.9667395748072798,0.9660415505034328,True
BH14,0.8499999999999999,0.06666666666666665,0.9696126178475013,0.969010094838572,True
BH14,0.8666666666666667,0.06666666666666665,0.9726366693075758,0.972261196840902,True
BH14,0.8833333333333333,0.06666666666666665,0.9757844017266171,0.9755158502504004,True
BH14,0.8999999999999999,0.06666666666666665,0.9790459480448401,0.9787740872719021,True
BH14,0.9166666666666667,0.06666666666666665,0.9824011502518712,0.9820359405087455,True
BH14,0.9333333333333333,0.06666666666666665,0.9858339570389005,0.9855936487028619,True
BH14,0.95,0.06666666666666665,0.9893231606964533,0.9891989764278147,True
BH14,0.9666666666666666,0.06666666666666665,0.9928589258754162,0.9928017718687436,True
BH14,0.9833333333333334,0.06666666666666665,0.9964223021065992,0.9964020940041385,True
BH14,1.0,0.06666666666666665,0.9999999999999999,1.0,True
BH14,-1.0,0.08333333333333326,-2.0217333309677513e-17,-1.3985666213387102e-17,True
BH14,-0.9833333333333333,0.08333333333333326,0.0036458994522623675,0.0036790267922497365,True
BH14,-0.9666666666666667,0.08333333333333326,0.0072806272121355145,0.007360359630871942,True
BH14,-0.95,0.08333333333333326,0.010881186724933439,0.011044003646679106,True
BH14,-0.9333333333333333,0.08333333333333326,0.014447029668523662,0.014729963985026562,True
BH14,-0.9166666666666666,0.08333333333333326,0.017952552884849867,0.018380399910624685,True
BH14,-0.9,0.08333333333333326,0.02138578778581104,0.02171792193416163,True
BH14,-0.8833333333333333,0.08333333333333326,0.024731401323754294,0.02506372627380185,True
BH14,-0.8666666666666667,0.08333333333333326,0.027967719762173528,0.028417877468155505,True
BH14,-0.85,0.08333333333333326,0.031090260172787848,0.03178044070078039,True
BH14,-0.8333333333333334,0.08333333333333326,0.034063244698623915,0.03495272525816408,True
BH14,-0.8166666666666667,0.08333333333333326,0.03686894530046526,0.037515520108794116,True
BH14,-0.8,0.08333333333333326,0.039487259655148356,0.040096435244278354,True
BH14,-0.7833333333333333,0.08333333333333326,0.04187325348247208,0.04269587246636386,True
BH14,-0.7666666666666666,0.08333333333333326,0.04402638335999093,0.04531424547933872,True
BH14,-0.75,0.08333333333333326,0.04589819041029388,0.04725487797157664,True
BH14,-0.7333333333333334,0.08333333333333326,0.04742976448323784,0.0483537364966938,True
BH14,-0.7166666666666667,0.08333333333333326,0.04861885814852631,0.049469000532302215,True
BH14,-0.7,0.08333333333333326,0.04938100066412164,0.050601539254580455,True
BH14,-0.6833333333333333,0.08333333333333326,0.04969978117768724,0.051752287030873756,True
BH14,0.6833333333333333,0.08333333333333326,0.9503033307732196,0.9480172547978202,True
BH14,0.7,0.08333333333333326,0.9506168953730896,0.9492292100988053,True
BH14,0.7166666666666666,0.08333333333333326,0.9513796618516667,0.950446226108974,True
BH14,0.7333333333333334,0.08333333333333326,0.9525769845642682,0.9516682067132821,True
BH14,0.75,0.08333333333333326,0.9540991258792318,0.95289505822505,True
BH14,0.7666666666666666,0.08333333333333326,0.9559733663556447,0.9547040295816416,True
BH14,0.7833333333333332,0.08333333333333326,0.9581173179022646,0.9573140568525359,True
BH14,0.8,0.08333333333333326,0.9605221779807792,0.9599271571268077,True
BH14,0.8166666666666667,0.08333333333333326,0.9631376789737648,0.9625432899895121,True
BH14,0.8333333333333333,0.08333333333333326,0.9659418915214923,0.9651624157318629,True
BH14,0.8499999999999999,0.08333333333333326,0.9689184661488287,0.9682348943325557,True
BH14,0.8666666666666667,0.08333333333333326,0.9720292885090287,0.9715829035691493,True
BH14,0.8833333333333333,0.08333333333333326,0.9752677617024662,0.9749350640059513,True
BH14,0.8999999999999999,0.08333333333333326,0.9786138059475409,0.9782914136635423,True
BH14,0.9166666666666667,0.08333333333333326,0.9820469615787911,0.9816519910391119,True
BH14,0.9333333333333333,0.08333333333333326,0.9855548683404347,0.9852929407769844,True
BH14,0.95,0.08333333333333326,0.9891158408856011,0.988975214119279,True
BH14,0.9666666666666666,0.08333333333333326,0.992721676438213,0.9926537578662691,True
BH14,0.9833333333333334,0.08333333333333326,0.9963539691166694,0.9963286585355666,True
BH14,1.0,0.08333333333333326,1.0,1.0,True
BH14,-1.0,0.10000000000000009,-3.0547365417205254e-17,1.8427341898429738e-17,True
BH14,-0.9833333333333333,0.10000000000000009,0.003730045502332343,0.0037616288892943933,True
BH14,-0.9666666666666667,0.10000000000000009,0.007441756484755732,0.007525680394165032,True
BH14,-0.95,0.10000000000000009,0.011134312654148583,0.011292159866598967,True
BH14,-0.9333333333333333,0.10000000000000009,0.014786235670706867,0.015061072673600072,True
BH14,-0.9166666666666666,0.10000000000000009,0.018380628281028266,0.018799669549796328,True
BH14,-0.9,0.10000000000000009,0.02190935252572676,0.022231837875035538,True
BH14,-0.8833333333333333,0.10000000000000009,0.02534919489062911,0.02567275745046467,True
BH14,-0.8666666666666667,0.10000000000000009,0.02870587158953629,0.029122495984708747,True
BH14,-0.85,0.10000000000000009,0.0319349419057377,0.032581121856235726,True
BH14,-0.8333333333333334,0.10000000000000009,0.03503035548297529,0.03587059483830892,True
BH14,-0.8166666666666667,0.10000000000000009,0.037965504110003157,0.03854072658567302,True
BH14,-0.8,0.10000000000000009,0.040722244506319824,0.04123054078093934,True
BH14,-0.7833333333333333,0.10000000000000009,0.04326150204492322,0.04394047318496701,True
BH14,-0.7666666666666666,0.10000000000000009,0.04557145267139477,0.04667097244055874,True
BH14,-0.75,0.10000000000000009,0.04760466271293527,0.04874033335219605,True
BH14,-0.7333333333333334,0.10000000000000009,0.04929873834417946,0.049899486117492606,True
BH14,-0.7166666666666667,0.10000000000000009,0.05063667687166298,0.051077236643797166,True
BH14,-0.7,0.10000000000000009,0.05151169411815698,0.052274585564831624,True
BH14,-0.6833333333333333,0.10000000000000009,0.05188835929043306,0.053492610090780116,True
BH14,0.6833333333333333,0.10000000000000009,0.9481173795409872,0.9458164804268134,True
BH14,0.7,0.10000000000000009,0.9484960483621923,0.947188751934097,True
BH14,0.7166666666666666,0.10000000000000009,0.9493801904912221,0.9485640396269087,True
BH14,0.7333333333333334,0.10000000000000009,0.950711041704411,0.9499422865051591,True
BH14,0.75,0.10000000000000009,0.9524063064047363,0.9513234369994779,True
BH14,0.7666666666666666,0.10000000000000009,0.954437938676022,0.9532693181671344,True
BH14,0.7833333333333332,0.10000000000000009,0.9567360188901939,0.9560194340522101,True
BH14,0.8,0.10000000000000009,0.9592743381261775,0.9587713891352307,True
BH14,0.8166666666666667,0.10000000000000009,0.9620253182105557,0.9615251592501527,True
BH14,0.8333333333333333,0.10000000000000009,0.9649761062322147,0.9642807206526569,True
BH14,0.8499999999999999,0.10000000000000009,0.9680651537885471,0.9674582464497303,True
BH14,0.8666666666666667,0.10000000000000009,0.9712931478525079,0.9709038059153657,True
BH14,0.8833333333333333,0.10000000000000009,0.9746404222530582,0.9743541282297391,True
BH14,0.8999999999999999,0.10000000000000009,0.9780878500759428,0.9778092574525703,True
BH14,0.9166666666666667,0.10000000000000009,0.9816189037675837,0.9812692382030859,True
BH14,0.9333333333333333,0.10000000000000009,0.9852173126641532,0.9849930552099927,True
BH14,0.95,0.10000000000000009,0.988867238012968,0.9887520541632615,True
BH14,0.9666666666666666,0.10000000000000009,0.9925568720531421,0.9925061361170495,True
BH14,0.9833333333333334,0.10000000000000009,0.9962721878551302,0.9962554146784497,True
BH14,1.0,0.10000000000000009,1.0,1.0,True
BH14,-1.0,0.1166666666666667,2.254127630425653e-17,-2.0970125501195612e-17,True
BH14,-0.9833333333333333,0.1166666666666667,0.0038243878526431916,0.0038438529166310354,True
BH14,-0.9666666666666667,0.1166666666666667,0.007635703306446955,0.007690243347575376,True
BH14,-0.95,0.1166666666666667,0.011422284865802355,0.011539176858963725,True
BH14,-0.9333333333333333,0.1166666666666667,0.015173311282720724,0.015390659032386587,True
BH14,-0.9166666666666666,0.1166666666666667,0.018877858575475203,0.019216773050778235,True
BH14,-0.9,0.1166666666666667,0.02251759563701529,0.022743145096916634,True
BH14,-0.8833333333333333,0.1166666666666667,0.026077977697661354,0.026278730572392547,True
BH14,-0.8666666666666667,0.1166666666666667,0.029552235409763657,0.029823600256111485,True
BH14,-0.85,0.1166666666666667,0.03290680858299432,0.03337782562015494,True
BH14,-0.8333333333333334,0.1166666666666667,0.036149273757840494,0.03678364239652917,True
BH14,-0.8166666666666667,0.1166666666666667,0.03924512550638815,0.03956094337556339,True
BH14,-0.8,0.1166666666666667,0.042168735497274734,0.04235948312389103,True
BH14,-0.7833333333333333,0.1166666666666667,0.04488653643720026,0.045179731126118804,True
BH14,-0.7666666666666666,0.1166666666666667,0.04739652514435835,0.04802217071718352,True
BH14,-0.75,0.1166666666666667,0.049617050940162694,0.050223090152340694,True
BH14,-0.7333333333333334,0.1166666666666667,0.05152954679837067,0.051443071351416014,True
BH14,-0.7166666666666667,0.1166666666666667,0.05307127844392304,0.05276157262985212,True
BH14,-0.7,0.1166666666666667,0.05413313670026693,0.05445561005311493,True
BH14,-0.6833333333333333,0.1166666666666667,0.054617472891903315,0.056286116187288744,True
BH14,0.6833333333333333,0.1166666666666667,0.9453910516044622,0.9436155953089399,True
BH14,0.7,0.1166666666666667,0.9458856960247102,0.9451476419245818,True
BH14,0.7166666666666666,0.1166666666666667,0.9469458940266484,0.9466806806794905,True
BH14,0.7333333333333334,0.1166666666666667,0.9484731577431587,0.9482146929172355,True
BH14,0.75,0.1166666666666667,0.9503775720636598,0.9497496604466052,True
BH14,0.7666666666666666,0.1166666666666667,0.9526030116893391,0.9518323191783622,True
BH14,0.7833333333333332,0.1166666666666667,0.9551012571711874,0.9547224528935894,True
BH14,0.8,0.1166666666666667,0.9578285714014938,0.9576131941256225,True
BH14,0.8166666666666667,0.1166666666666667,0.9607606856742852,0.9605045348994103,True
BH14,0.8333333333333333,0.1166666666666667,0.9638523607283109,0.9633964673789035,True
BH14,0.8499999999999999,0.1166666666666667,0.9670828559518588,0.9666801367258049,True
BH14,0.8666666666666667,0.1166666666666667,0.9704490584776827,0.9702238957678775,True
BH14,0.8833333333333333,0.1166666666666667,0.9739224035749156,0.9737730414000962,True
BH14,0.8999999999999999,0.1166666666666667,0.9774821021845675,0.9773276239521558,True
BH14,0.9166666666666667,0.1166666666666667,0.9811243043003554,0.98088769440118,True
BH14,0.9333333333333333,0.1166666666666667,0.9848265263973751,0.9846939885298391,True
BH14,0.95,0.1166666666666667,0.9885783163957096,0.9885294940749547,True
BH14,0.9666666666666666,0.1166666666666667,0.9923655673154421,0.9923589050400077,True
BH14,0.9833333333333334,0.1166666666666667,0.9961777518259123,0.9961823616780803,True
BH14,1.0,0.1166666666666667,1.0,1.0,True
BH14,-1.0,0.1333333333333333,6.810033358958859e-18,-1.5025798669561837e-17,True
BH14,-0.9833333333333333,0.1333333333333333,0.003930782545611184,0.003925701465942091,True
BH14,-0.9666666666666667,0.1333333333333333,0.007849433779465799,0.00785405369766455,True
BH14,-0.95,0.1333333333333333,0.011746992995572789,0.01178506246857822,True
BH14,-0.9333333333333333,0.1333333333333333,0.015613337648406065,0.015718733567967443,True
BH14,-0.9166666666666666,0.1333333333333333,0.019435388965167465,0.019631725304260664,True
BH14,-0.9,0.1333333333333333,0.02319882781509536,0.023251861672853813,True
BH14,-0.8833333333333333,0.1333333333333333,0.026895821663869116,0.026881666990981778,True
BH14,-0.8666666666666667,0.1333333333333333,0.030505863371637,0.03054399707359825,True
BH14,-0.85,0.1333333333333333,0.034023845614284856,0.03422967992408907,True
BH14,-0.8333333333333334,0.1333333333333333,0.03741721320854374,0.0378058675421847,True
BH14,-0.8166666666666667,0.1333333333333333,0.04069793098516421,0.04080390895429828,True
BH14,-0.8,0.1333333333333333,0.043809041625911024,0.043854622029643485,True
BH14,-0.7833333333333333,0.1333333333333333,0.04675575982460859,0.04695873715210279,True
BH14,-0.7666666666666666,0.1333333333333333,0.049469930169816136,0.050116996896976185,True
BH14,-0.75,0.1333333333333333,0.05194945285015584,0.05279290062662517,True
BH14,-0.7333333333333334,0.1333333333333333,0.05413822054151091,0.05457743383772276,True
BH14,-0.7166666666666667,0.1333333333333333,0.05597630155442826,0.05649317315861918,True
BH14,-0.7,0.1333333333333333,0.057344127170066275,0.05854972911038468,True
BH14,-0.6833333333333333,0.1333333333333333,0.058103709632204625,0.06075747782730499,True
BH14,0.6833333333333333,0.1333333333333333,0.941906941302723,0.9404337719013691,True
BH14,0.7,0.1333333333333333,0.9426621181462813,0.9422213333130487,True
BH14,0.7166666666666666,0.1333333333333333,0.944028719116472,0.9439808330338123,True
BH14,0.7333333333333334,0.1333333333333333,0.9458778804583787,0.9457184454214338,True
BH14,0.75,0.1333333333333333,0.9480473889653729,0.9474386608544225,True
BH14,0.7666666666666666,0.1333333333333333,0.9505229969915716,0.9498500259928828,True
BH14,0.7833333333333332,0.1333333333333333,0.9532455715124846,0.9529356710431194,True
BH14,0.8,0.1333333333333333,0.9561892271355998,0.956012098587362,True
BH14,0.8166666666666667,0.1333333333333333,0.9593072766671289,0.9590802738501427,True
BH14,0.8333333333333333,0.1333333333333333,0.9625770609916726,0.9621410328101794,True
BH14,0.8499999999999999,0.1333333333333333,0.9659791780530205,0.9656037012638373,True
BH14,0.8666666666666667,0.1333333333333333,0.9694939163327829,0.9692742387231432,True
BH14,0.8833333333333333,0.1333333333333333,0.9731050612750463,0.9729493386169442,True
BH14,0.8999999999999999,0.1333333333333333,0.9767970672721922,0.9766286407256508,True
BH14,0.9166666666666667,0.1333333333333333,0.9805615903990159,0.9803118220490555,True
BH14,0.9333333333333333,0.1333333333333333,0.9843862698483299,0.98425323647027,True
BH14,0.95,0.1333333333333333,0.9882531850206036,0.9882087631147428,True
BH14,0.9666666666666666,0.1333333333333333,0.9921467641655959,0.992151583933826,True
BH14,0.9833333333333334,0.1333333333333333,0.9960690566939635,0.9960819231102354,True
BH14,1.0,0.1333333333333333,1.0,1.0,True
BH14,-1.0,0.1499999999999999,-1.4442568606429934e-18,-4.449759525061796e-18,True
BH14,-0.9833333333333333,0.1499999999999999,0.004047853201785068,0.004056420036499159,True
BH14,-0.9666666666666667,0.1499999999999999,0.00808603050769834,0.008117619493777237,True
BH14,-0.95,0.1499999999999999,0.012105996590454176,0.012183607170572364,True
BH14,-0.9333333333333333,0.1499999999999999,0.016097386373582212,0.016254391884863044,True
BH14,-0.9166666666666666,0.1499999999999999,0.02004644008140624,0.02031454524281782,True
BH14,-0.9,0.1499999999999999,0.023949906885138587,0.024122590015601356,True
BH14,-0.8833333333333333,0.1499999999999999,0.027792189913051643,0.027948256110437393,True
BH14,-0.8666666666666667,0.1499999999999999,0.03155876218996521,0.03179143554444841,True
BH14,-0.85,0.1499999999999999,0.03524023233249077,0.03565202130601831,True
BH14,-0.8333333333333334,0.1499999999999999,0.03882945118565795,0.03944283577209186,True
BH14,-0.8166666666666667,0.1499999999999999,0.04229764130171963,0.04268845588935498,True
BH14,-0.8,0.1499999999999999,0.045623677941322834,0.04598878886447355,True
BH14,-0.7833333333333333,0.1499999999999999,0.04880652000299522,0.04934458367699961,True
BH14,-0.7666666666666666,0.1499999999999999,0.05179924409338568,0.052756601562921966,True
BH14,-0.75,0.1499999999999999,0.0545819631328337,0.055798478524153566,True
BH14,-0.7333333333333334,0.1499999999999999,0.05710867933592372,0.05790301904159402,True
BH14,-0.7166666666666667,0.1499999999999999,0.05931794222836778,0.060150817880205903,True
BH14,-0.7,0.1499999999999999,0.06112179065263014,0.06255169868055106,True
BH14,-0.6833333333333333,0.1499999999999999,0.062433441353061975,0.0651161785700934,True
BH14,0.6833333333333333,0.1499999999999999,0.9375843527369108,0.9364273024429862,True
BH14,0.7,0.1499999999999999,0.9388873988548403,0.9385393492554713,True
BH14,0.7166666666666666,0.1499999999999999,0.9406961339795513,0.940574155337011,True
BH14,0.7333333333333334,0.1499999999999999,0.9429099484203594,0.9425481782649443,True
BH14,0.75,0.1499999999999999,0.945410144512782,0.9444735377229232,True
BH14,0.7666666666666666,0.1499999999999999,0.9481943330730571,0.9474141492902938,True
BH14,0.7833333333333332,0.1499999999999999,0.9512027329966822,0.9507374199314957,True
BH14,0.8,0.1499999999999999,0.95437201909276,0.9540351855578333,True
BH14,0.8166666666666667,0.1499999999999999,0.9577026560030714,0.9573099756876479,True
BH14,0.8333333333333333,0.1499999999999999,0.961169344926971,0.9605640034934825,True
BH14,0.8499999999999999,0.1499999999999999,0.9647598257951406,0.9642887172570034,True
BH14,0.8666666666666667,0.1499999999999999,0.9684403169590053,0.9681321628942745,True
BH14,0.8833333333333333,0.1499999999999999,0.9722093001559404,0.9719710723707726,True
BH14,0.8999999999999999,0.1499999999999999,0.9760510560515159,0.9758057854183624,True
BH14,0.9166666666666667,0.1499999999999999,0.9799533886482684,0.979636608936497,True
BH14,0.9333333333333333,0.1499999999999999,0.9839022702017953,0.9837270818429802,True
BH14,0.95,0.1499999999999999,0.9878928988073671,0.9878162683242926,True
BH14,0.9666666666666666,0.1499999999999999,0.9919130708338055,0.9918913230286092,True
BH14,0.9833333333333334,0.1499999999999999,0.9959517208205143,0.995952487924757,True
BH14,1.0,0.1499999999999999,1.0,1.0,True
BH14,-1.0,0.16666666666666674,1.3970755005281345e-17,-1.3862103180250011e-17,True
BH14,-0.9833333333333333,0.16666666666666674,0.004175950844347818,0.004197146166556204,True
BH14,-0.9666666666666667,0.16666666666666674,0.008341137226507199,0.008399225910007887,True
BH14,-0.95,0.16666666666666674,0.012493484257878006,0.012606248208679224,True
BH14,-0.9333333333333333,0.16666666666666674,0.016619540864608304,0.016818222060176878,True
BH14,-0.9166666666666666,0.16666666666666674,0.02070870819140523,0.021026003433731875,True
BH14,-0.9,0.16666666666666674,0.024756458100774693,0.025009696370490865,True
BH14,-0.8833333333333333,0.16666666666666674,0.02876292080000998,0.02901021350290811,True
BH14,-0.8666666666666667,0.16666666666666674,0.03269906725574151,0.03302745309306454,True
BH14,-0.85,0.16666666666666674,0.036562828685153516,0.03706131430406004,True
BH14,-0.8333333333333334,0.16666666666666674,0.04034731624285541,0.04105899868187196,True
BH14,-0.8166666666666667,0.16666666666666674,0.04402897707361985,0.04455006505591513,True
BH14,-0.8,0.16666666666666674,0.047605824651363496,0.04809783023072206,True
BH14,-0.7833333333333333,0.16666666666666674,0.05105007822527247,0.051703060457916325,True
BH14,-0.7666666666666666,0.16666666666666674,0.054338588013356004,0.055366534280389706,True
BH14,-0.75,0.16666666666666674,0.057467129505487935,0.05876284726844935,True
BH14,-0.7333333333333334,0.16666666666666674,0.0603774405231762,0.06117418006112787,True
BH14,-0.7166666666666667,0.16666666666666674,0.06304374459483175,0.06373919184133268,True
BH14,-0.7,0.16666666666666674,0.06541567484633115,0.06646775737445623,True
BH14,-0.6833333333333333,0.16666666666666674,0.06737034721303964,0.06937036521529594,True
BH14,0.6833333333333333,0.16666666666666674,0.9326160252019005,0.9323479177135089,True
BH14,0.7,0.16666666666666674,0.9345825310606484,0.9349914138369956,True
BH14,0.7166666666666666,0.16666666666666674,0.9369559947960568,0.937279186028789,True
BH14,0.7333333333333334,0.16666666666666674,0.9396056937013497,0.9394723210450904,True
BH14,0.75,0.16666666666666674,0.942529697979527,0.9415891804562138,True
BH14,0.7666666666666666,0.16666666666666674,0.9456553844581983,0.9450738253102619,True
BH14,0.7833333333333332,0.16666666666666674,0.948954903298949,0.9486201487522524,True
BH14,0.8,0.16666666666666674,0.9523966087702352,0.9521268898509829,True
BH14,0.8166666666666667,0.16666666666666674,0.9559670298634966,0.95559777220785,True
BH14,0.8333333333333333,0.16666666666666674,0.9596492138533954,0.9590360844373877,True
BH14,0.8499999999999999,0.16666666666666674,0.9634394735348133,0.9630137742829885,True
BH14,0.8666666666666667,0.16666666666666674,0.9673024139229078,0.9670220560335177,True
BH14,0.8833333333333333,0.16666666666666674,0.9712367310975378,0.9710177564457947,True
BH14,0.8999999999999999,0.16666666666666674,0.9752375336110296,0.97500176999131,True
BH14,0.9166666666666667,0.16666666666666674,0.979287225276195,0.9789750594325957,True
BH14,0.9333333333333333,0.16666666666666674,0.9833808309948401,0.983210991605326,True
BH14,0.95,0.16666666666666674,0.987504903275531,0.9874311920982477,True
BH14,0.9666666666666666,0.16666666666666674,0.9916563931557861,0.9916359231325982,True
BH14,0.9833333333333334,0.16666666666666674,0.9958241788377856,0.995825441766047,True
BH14,1.0,0.16666666666666674,1.0000000000000002,1.0,True
BH14,-1.0,0.18333333333333335,-4.150373038081352e-17,-1.197910648776219e-17,True
BH14,-0.9833333333333333,0.18333333333333335,0.004310770646915417,0.00433686573598732,True
BH14,-0.9666666666666667,0.18333333333333335,0.008617161751772563,0.008678815541308057,True
BH14,-0.95,0.18333333333333335,0.012904951137461734,0.013025858562069014,True
BH14,-0.9333333333333333,0.18333333333333335,0.017175711180270205,0.01737800396366615,True
BH14,-0.9166666666666666,0.18333333333333335,0.02141944700081047,0.02173113812290025,True
BH14,-0.9,0.18333333333333335,0.025627231001730432,0.025888813755961727,True
BH14,-0.8833333333333333,0.18333333333333335,0.029792127850840122,0.03006253672487518,True
BH14,-0.8666666666666667,0.18333333333333335,0.033904917298857015,0.03425221126695729,True
BH14,-0.85,0.18333333333333335,0.03796937904079811,0.03845774245457234,True
BH14,-0.8333333333333334,0.18333333333333335,0.041958901984777,0.042654609764034845,True
BH14,-0.8166666666666667,0.18333333333333335,0.04587080494106162,0.046389019783195484,True
BH14,-0.8,0.18333333333333335,0.04970839575412837,0.05018206076075043,True
BH14,-0.7833333333333333,0.18333333333333335,0.053436042705961834,0.054034514957862,True
BH14,-0.7666666666666666,0.18333333333333335,0.057051375947710495,0.05794717693399402,True
BH14,-0.75,0.18333333333333335,0.06054987560178943,0.06168823474872388,True
BH14,-0.7333333333333334,0.18333333333333335,0.06388478574107719,0.06439405544035953,True
BH14,-0.7166666666666667,0.18333333333333335,0.06709619293435534,0.06726255371238332,True
BH14,-0.7,0.18333333333333335,0.07010269592877634,0.07030353234576259,True
BH14,-0.6833333333333333,0.18333333333333335,0.07284307998431006,0.07352732618408936,True
BH14,0.6833333333333333,0.18333333333333335,0.9271453062427786,0.9267912290144514,True
BH14,0.7,0.18333333333333335,0.9299214284849515,0.9301209022311229,True
BH14,0.7166666666666666,0.18333333333333335,0.9329021624287535,0.9331385939142615,True
BH14,0.7333333333333334,0.18333333333333335,0.936091877327325,0.9359239771979999,True
BH14,0.75,0.18333333333333335,0.9394363351079343,0.9387668969643915,True
BH14,0.7666666666666666,0.18333333333333335,0.9429409364009101,0.9427267847033994,True
BH14,0.7833333333333332,0.18333333333333335,0.9465647511008315,0.9465784136748567,True
BH14,0.8,0.18333333333333335,0.9502955207539046,0.9502829610299853,True
BH14,0.8166666666666667,0.18333333333333335,0.9541249389382225,0.95394034287288,True
BH14,0.8333333333333333,0.18333333333333335,0.9580428004383192,0.9575895263828205,True
BH14,0.8499999999999999,0.18333333333333335,0.9620304230133431,0.9617763709723548,True
BH14,0.8666666666666667,0.18333333333333335,0.9660838482959978,0.9659420546855362,True
BH14,0.8833333333333333,0.18333333333333335,0.9702031923455137,0.9700880329381101,True
BH14,0.8999999999999999,0.18333333333333335,0.9743748486791466,0.9742156365106249,True
BH14,0.9166666666666667,0.18333333333333335,0.9785816675258863,0.9783390245442369,True
BH14,0.9333333333333333,0.18333333333333335,0.9828226760565616,0.9827046729364988,True
BH14,0.95,0.18333333333333335,0.9870932401687236,0.9870533223644347,True
BH14,0.9666666666666666,0.18333333333333335,0.9913844992600714,0.9913852477134092,True
BH14,0.9833333333333334,0.18333333333333335,0.9956888599539498,0.9957007187058449,True
BH14,1.0,0.18333333333333335,1.0,1.0,True
BH14,-1.0,0.19999999999999996,-1.945018197746548e-17,1.2406460325316038e-18,True
BH14,-0.9833333333333333,0.19999999999999996,0.004453103886239528,0.004475589512720941,True
BH14,-0.9666666666666667,0.19999999999999996,0.008900986685351404,0.008956410004288094,True
BH14,-0.95,0.19999999999999996,0.013337595886123491,0.01344247077725562,True
BH14,-0.9333333333333333,0.19999999999999996,0.01775934646521233,0.017933781153440232,True
BH14,-0.9166666666666666,0.19999999999999996,0.022158265326807272,0.02243003985426591,True
BH14,-0.9,0.19999999999999996,0.02653082571672538,0.026760055927924246,True
BH14,-0.8833333333333333,0.19999999999999996,0.0308735299119196,0.031105362197803296,True
BH14,-0.8666666666666667,0.19999999999999996,0.03516750305281184,0.03546586861804639,True
BH14,-0.85,0.19999999999999996,0.03943154003719317,0.03984148591589748,True
BH14,-0.8333333333333334,0.19999999999999996,0.04364885697170438,0.04422991821630336,True
BH14,-0.8166666666666667,0.19999999999999996,0.0478038779694214,0.048205598517317746,True
BH14,-0.8,0.19999999999999996,0.051902336704491,0.05224178957125039,True
BH14,-0.7833333333333333,0.19999999999999996,0.055939169459201736,0.05633928844458974,True
BH14,-0.7666666666666666,0.19999999999999996,0.05989756411998555,0.06049890448359576,True
BH14,-0.75,0.19999999999999996,0.06378533557992948,0.06457669941493613,True
BH14,-0.7333333333333334,0.19999999999999996,0.06758882845613251,0.06756552638939431,True
BH14,-0.7166666666666667,0.19999999999999996,0.07133269921519346,0.07072478651462721,True
BH14,-0.7,0.19999999999999996,0.074985581352809,0.07439194772865733,True
BH14,-0.6833333333333333,0.19999999999999996,0.07856444347610772,0.0785293259227402,True
BH14,-0.6666666666666667,0.19999999999999996,0.08212585009930395,0.0831630177246849,True
BH14,0.6666666666666667,0.19999999999999996,0.9178630075416879,0.9171960622011002,True
BH14,0.6833333333333333,0.19999999999999996,0.9214449047342337,0.9215350767113771,True
BH14,0.7,0.19999999999999996,0.9250241175234092,0.9253276589738338,True
BH14,0.7166666666666666,0.19999999999999996,0.9286675337259572,0.9287276414279391,True
BH14,0.7333333333333334,0.19999999999999996,0.9323959416308878,0.9318349060860925,True
BH14,0.75,0.19999999999999996,0.9362119186881774,0.9353894536997049,True
BH14,0.7666666666666666,0.19999999999999996,0.9401111521905896,0.9396564261843202,True
BH14,0.7833333333333332,0.19999999999999996,0.9440609406766288,0.9438285382297187,True
BH14,0.8,0.19999999999999996,0.9481014717284855,0.9479112701705394,True
BH14,0.8166666666666667,0.19999999999999996,0.9521917592397903,0.9519097682490691,True
BH14,0.8333333333333333,0.19999999999999996,0.9563552833122413,0.9559410813870577,True
BH14,0.8499999999999999,0.19999999999999996,0.9605647272450221,0.960350359897554,True
BH14,0.8666666666666667,0.19999999999999996,0.9648221747646998,0.9647251492606596,True
BH14,0.8833333333333333,0.19999999999999996,0.9691227096502967,0.9690662863567868,True
BH14,0.8999999999999999,0.19999999999999996,0.9734643170602217,0.9733745873726631,True
BH14,0.9166666666666667,0.19999999999999996,0.9778394241805337,0.9776764692038789,True
BH14,0.9333333333333333,0.19999999999999996,0.982239471074746,0.9821877249417317,True
BH14,0.95,0.19999999999999996,0.9866611907825994,0.9866757935296766,True
BH14,0.9666666666666666,0.19999999999999996,0.9910991203832927,0.9911391653620685,True
BH14,0.9833333333333334,0.19999999999999996,0.9955470430788481,0.9955782552335057,True
BH14,1.0,0.19999999999999996,1.0,0.9999999999999999,True
BH14,-1.0,0.21666666666666656,-6.99595832646161e-18,-6.416907081434943e-17,True
BH14,-0.9833333333333333,0.21666666666666656,0.004600740656848649,0.004613328111541277,True
BH14,-0.9666666666666667,0.21666666666666656,0.009197284101743173,0.009232030607330664,True
BH14,-0.95,0.21666666666666656,0.013786244593637201,0.013856116935484815,True
BH14,-0.9333333333333333,0.21666666666666656,0.018364709167589324,0.018485596563326198,True
BH14,-0.9166666666666666,0.21666666666666656,0.02292562850369105,0.023120478977422008,True
BH14,-0.9,0.21666666666666656,0.027469614405295655,0.027623534510800542,True
BH14,-0.8833333333333333,0.21666666666666656,0.03199326599523394,0.032138823805752684,True
BH14,-0.8666666666666667,0.21666666666666656,0.036488410148689795,0.036668580770910474,True
BH14,-0.85,0.21666666666666656,0.040953758846523955,0.04121272154460057,True
BH14,-0.8333333333333334,0.21666666666666656,0.04539775262397025,0.04577116297202642,True
BH14,-0.8166666666666667,0.21666666666666656,0.04979767348396378,0.050000074930579466,True
BH14,-0.8,0.21666666666666656,0.054170832947218736,0.0542773203890832,True
BH14,-0.7833333333333333,0.21666666666666656,0.058517964141154996,0.05863745650209978,True
BH14,-0.7666666666666666,0.21666666666666656,0.06281962221712678,0.06313980121912992,True
BH14,-0.75,0.21666666666666656,0.06709437087190692,0.06773386237234694,True
BH14,-0.7333333333333334,0.21666666666666656,0.07136458661771995,0.07136769340042579,True
BH14,-0.7166666666666667,0.21666666666666656,0.07564246774672989,0.0752035950074405,True
BH14,-0.7,0.21666666666666656,0.07991845474193784,0.07933994532219422,True
BH14,-0.6833333333333333,0.21666666666666656,0.08427780390295697,0.08386790462119154,True
BH14,-0.6666666666666667,0.21666666666666656,0.08881517267731048,0.08890210245396885,True
BH14,0.6666666666666667,0.21666666666666656,0.9111817232815542,0.9103194732783491,True
BH14,0.6833333333333333,0.21666666666666656,0.9157231605513079,0.9161625301972917,True
BH14,0.7,0.21666666666666656,0.9200772141849184,0.9207739753670307,True
BH14,0.7166666666666666,0.21666666666666656,0.9243803263824104,0.9245214956106516,True
BH14,0.7333333333333334,0.21666666666666656,0.9286390202082063,0.9279231116834377,True
BH14,0.75,0.21666666666666656,0.9329220984906527,0.9321835318673949,True
BH14,0.7666666666666666,0.21666666666666656,0.9371775102862957,0.9367363736974347,True
BH14,0.7833333333333332,0.21666666666666656,0.9414764949241005,0.9411864564019504,True
BH14,0.8,0.21666666666666656,0.9458232685002598,0.9455392697973435,True
BH14,0.8166666666666667,0.21666666666666656,0.9502014280377277,0.9498000122957192,True
BH14,0.8333333333333333,0.21666666666666656,0.9546026874361391,0.9541535414790514,True
BH14,0.8499999999999999,0.21666666666666656,0.959044704081206,0.9587623025991816,True
BH14,0.8666666666666667,0.21666666666666656,0.9635089714415825,0.9633341753258085,True
BH14,0.8833333333333333,0.21666666666666656,0.9680060355733455,0.9678699975285365,True
BH14,0.8999999999999999,0.21666666666666656,0.9725277289304741,0.9723705888402839,True
BH14,0.9166666666666667,0.21666666666666656,0.9770718796077427,0.9768739409310777,True
BH14,0.9333333333333333,0.21666666666666656,0.9816354828020786,0.981544346514411,True
BH14,0.95,0.21666666666666656,0.9862125983946828,0.9861922386592905,True
BH14,0.9666666666666666,0.21666666666666656,0.9908032873302196,0.9908175341682034,True
BH14,0.9833333333333334,0.21666666666666656,0.9953998338953346,0.9954201493468489,True
BH14,1.0,0.21666666666666656,1.0,1.0,True
BH14,-1.0,0.2333333333333334,-1.8736414568723006e-17,-3.187404042726201e-17,True
BH14,-0.9833333333333333,0.2333333333333334,0.004751951600701434,0.004757681465215741,True
BH14,-0.9666666666666667,0.2333333333333334,0.009501384974442233,0.00952185711411312,True
BH14,-0.95,0.2333333333333334,0.01424578770827345,0.014292557399962675,True
BH14,-0.9333333333333333,0.2333333333333334,0.018982161492988363,0.019069812957413855,True
BH14,-0.9166666666666666,0.2333333333333334,0.02371319780215855,0.02385365460377093,True
BH14,-0.9,0.2333333333333334,0.028438110414688966,0.028545728154975743,True
BH14,-0.8833333333333333,0.2333333333333334,0.03313623731315333,0.033251197942545316,True
BH14,-0.8666666666666667,0.2333333333333334,0.03782979077465419,0.03797378792029544,True
BH14,-0.85,0.2333333333333334,0.04250801618744518,0.04271359578388523,True
BH14,-0.8333333333333334,0.2333333333333334,0.04717112627522772,0.04747071973934316,True
BH14,-0.8166666666666667,0.2333333333333334,0.0518345014712193,0.05205803587619149,True
BH14,-0.8,0.2333333333333334,0.05646981290292355,0.05670897349753613,True
BH14,-0.7833333333333333,0.2333333333333334,0.06110820445951923,0.06144737207804668,True
BH14,-0.7666666666666666,0.2333333333333334,0.06577202091921744,0.066273012739858,True
BH14,-0.75,0.2333333333333334,0.07043380480044155,0.07118564471228526,True
BH14,-0.7333333333333334,0.2333333333333334,0.07513607011424038,0.07542833859567862,True
BH14,-0.7166666666666667,0.2333333333333334,0.07991141844435212,0.0795178079046957,True
BH14,-0.7,0.2333333333333334,0.0847969687369668,0.08392780271462791,True
BH14,-0.6833333333333333,0.2333333333333334,0.08989168166981792,0.08873941893610085,True
BH14,-0.6666666666666667,0.2333333333333334,0.09523587429958957,0.09404787563774433,True
BH14,-0.65,0.2333333333333334,0.10106933088659387,0.10024779765408277,True
BH14,0.6499999999999999,0.2333333333333334,0.8989305456629573,0.897149103522072,True
BH14,0.6666666666666667,0.2333333333333334,0.9047751130595909,0.9039108005346024,True
BH14,0.6833333333333333,0.2333333333333334,0.910096105627064,0.9100510225584871,True
BH14,0.7,0.2333333333333334,0.9151857782805293,0.9155582619308016,True
BH14,0.7166666666666666,0.2333333333333334,0.9200892752499665,0.9204262741532795,True
BH14,0.7333333333333334,0.2333333333333334,0.9248510388340525,0.9241993598994851,True
BH14,0.75,0.2333333333333334,0.9295598899527007,0.9291341425035868,True
BH14,0.7666666666666666,0.2333333333333334,0.9342447884063155,0.9339541598903649,True
BH14,0.7833333333333332,0.2333333333333334,0.93889045984724,0.938665059708797,True
BH14,0.8,0.2333333333333334,0.9435227163168454,0.9432722413619898,True
BH14,0.8166666666666667,0.2333333333333334,0.9481703605459966,0.9477808571165006,True
BH14,0.8333333333333333,0.2333333333333334,0.9528277463789923,0.9524275902289507,True
BH14,0.8499999999999999,0.2333333333333334,0.9575000615138219,0.9572272896105614,True
BH14,0.8666666666666667,0.2333333333333334,0.9621718523662838,0.9619880564380693,True
BH14,0.8833333333333333,0.2333333333333334,0.9668610692305866,0.966710718689548,True
BH14,0.8999999999999999,0.2333333333333334,0.9715664740818999,0.9713960886545028,True
BH14,0.9166666666666667,0.2333333333333334,0.9762856117859979,0.9760905980957509,True
BH14,0.9333333333333333,0.2333333333333334,0.9810155876116713,0.9809163730377706,True
BH14,0.95,0.2333333333333334,0.9857527400521897,0.9857202802053888,True
BH14,0.9666666666666666,0.2333333333333334,0.9904998207943267,0.990502240324853,True
BH14,0.9833333333333334,0.2333333333333334,0.9952484743160811,0.9952621736583066,True
BH14,1.0,0.2333333333333334,1.0,1.0,True
BH14,-1.0,0.25,-1.271964948044048e-18,-2.7533825895008274e-17,True
BH14,-0.9833333333333333,0.25,0.004905731723722727,0.0049147498827663795,True
BH14,-0.9666666666666667,0.25,0.009810844516055843,0.009836458009199727,True
BH14,-0.95,0.25,0.014713222939281156,0.014765156655221127,True
BH14,-0.9333333333333333,0.25,0.0196144927642388,0.019700878286010543,True
BH14,-0.9166666666666666,0.25,0.024509827892825832,0.024643655557308984,True
BH14,-0.9,0.25,0.029401645364751126,0.02953063728637578,True
BH14,-0.8833333333333333,0.25,0.03429521013295515,0.03443148817542248,True
BH14,-0.8666666666666667,0.25,0.03918258528932558,0.039349997237477605,True
BH14,-0.85,0.25,0.04406356212563684,0.044286261437159025,True
BH14,-0.8333333333333334,0.25,0.04896053878538485,0.049240378203895,True
BH14,-0.8166666666666667,0.25,0.053853985015586664,0.054133851237892265,True
BH14,-0.8,0.25,0.058774176374428694,0.05908872997529428,True
BH14,-0.7833333333333333,0.25,0.06371046316808943,0.06412673349801318,True
BH14,-0.7666666666666666,0.25,0.06868843566735391,0.06924756052645792,True
BH14,-0.75,0.25,0.07372205681441923,0.07445088315069623,True
BH14,-0.7333333333333334,0.25,0.07885026475043229,0.07931366485697385,True
BH14,-0.7166666666666667,0.25,0.08410011440936326,0.08361172645097073,True
BH14,-0.7,0.25,0.08951254551024411,0.08823971186578536,True
BH14,-0.6833333333333333,0.25,0.09522280033398448,0.09326925909473406,True
BH14,-0.6666666666666667,0.25,0.10124388140527503,0.09924339055266432,True
BH14,-0.65,0.25,0.10781595310667974,0.10666493326136216,True
BH14,-0.6333333333333333,0.25,0.11509826686897527,0.11481242733538455,True
BH14,0.6333333333333333,0.25,0.8848969442350094,0.8836451004726928,True
BH14,0.6499999999999999,0.25,0.8921781710385831,0.891198165886917,True
BH14,0.6666666666666667,0.25,0.8987574320934574,0.8981856737493381,True
BH14,0.6833333333333333,0.25,0.9047901246179767,0.9045916323380674,True
BH14,0.7,0.25,0.9104792911030071,0.9104038882955561,True
BH14,0.7166666666666666,0.25,0.9159148328031205,0.9156145672144129,True
BH14,0.7333333333333334,0.25,0.9211538311033369,0.9206323927614251,True
BH14,0.75,0.25,0.9262787993811997,0.9260053976335663,True
BH14,0.7666666666666666,0.25,0.9313144710042834,0.9312402928510319,True
BH14,0.7833333333333332,0.25,0.9362901081805893,0.9362552313680584,True
BH14,0.8,0.25,0.9412245374621073,0.941102642271582,True
BH14,0.8166666666666667,0.25,0.9461450062010129,0.9458461129793871,True
BH14,0.8333333333333333,0.25,0.9510333448145731,0.9507595094737427,True
BH14,0.8499999999999999,0.25,0.9559213253041008,0.9557421939472315,True
BH14,0.8666666666666667,0.25,0.9608197896257369,0.9606842109460655,True
BH14,0.8833333333333333,0.25,0.9657078367819532,0.9655863704024626,True
BH14,0.8999999999999999,0.25,0.9705894357101491,0.9704494690800977,True
BH14,0.9166666666666667,0.25,0.9754906175589162,0.9753257620348935,True
BH14,0.9333333333333333,0.25,0.9803834553283619,0.980303258542508,True
BH14,0.95,0.25,0.9852823276871112,0.9852595063935699,True
BH14,0.9666666666666666,0.25,0.9901904410269515,0.9901944300046639,True
BH14,0.9833333333333334,0.25,0.995095281965926,0.995107953358412,True
BH14,1.0,0.25,0.9999999999999999,0.9999999999999999,True
BH14,-1.0,0.2666666666666666,-5.87544855224746e-18,-8.551785430189463e-18,True
BH14,-0.9833333333333333,0.2666666666666666,0.005060693412136058,0.005070724266087857,True
BH14,-0.9666666666666667,0.2666666666666666,0.010121766911061711,0.010148860686147138,True
BH14,-0.95,0.2666666666666666,0.015184646955473459,0.015234443269470117,True
BH14,-0.9333333333333333,0.2666666666666666,0.02024594120837677,0.02032750622166871,True
BH14,-0.9166666666666666,0.2666666666666666,0.02531812563018737,0.025428083945995765,True
BH14,-0.9,0.2666666666666666,0.03037982353449328,0.030504750315342846,True
BH14,-0.8833333333333333,0.2666666666666666,0.03546198799472775,0.035596763949974033,True
BH14,-0.8666666666666667,0.2666666666666666,0.040539380011214196,0.0407069277629387,True
BH14,-0.85,0.2666666666666666,0.04562355592812305,0.04583533765897432,True
BH14,-0.8333333333333334,0.2666666666666666,0.05073723148372494,0.050982089962332555,True
BH14,-0.8166666666666667,0.2666666666666666,0.05587716417283282,0.05614495627798531,True
BH14,-0.8,0.2666666666666666,0.06104392845620627,0.061378901614137685,True
BH14,-0.7833333333333333,0.2666666666666666,0.0662686996744615,0.06669183664747333,True
BH14,-0.7666666666666666,0.2666666666666666,0.0715591045586506,0.07208340150922998,True
BH14,-0.75,0.2666666666666666,0.07692980561661333,0.07755321427954975,True
BH14,-0.7333333333333334,0.2666666666666666,0.08241757393172866,0.08305100272219793,True
BH14,-0.7166666666666667,0.2666666666666666,0.08809206980942946,0.08752453488957321,True
BH14,-0.7,0.2666666666666666,0.0939544601927644,0.09233142102806435,True
BH14,-0.6833333333333333,0.2666666666666666,0.10014494398873489,0.09817655818892282,True
BH14,-0.6666666666666667,0.2666666666666666,0.10671973857137135,0.10512285404837732,True
BH14,-0.65,0.2666666666666666,0.1138397875321806,0.11244685530713322,True
BH14,-0.6333333333333333,0.2666666666666666,0.12165861266610153,0.12039463641599851,True
BH14,-0.6166666666666667,0.2666666666666666,0.13034555140241122,0.12991634197692317,True
BH14,0.6166666666666667,0.2666666666666666,0.8696502200005114,0.8695419014925792,True
BH14,0.6333333333333333,0.2666666666666666,0.8783325172230834,0.8781113638021569,True
BH14,0.6499999999999999,0.2666666666666666,0.8861663574605937,0.885836882529444,True
BH14,0.6666666666666667,0.2666666666666666,0.8932784862768739,0.8930308167454424,True
BH14,0.6833333333333333,0.2666666666666666,0.8998406238664404,0.8996775866908502,True
BH14,0.7,0.2666666666666666,0.906030579183707,0.9057647343374287,True
BH14,0.7166666666666666,0.2666666666666666,0.9119184145933843,0.9112833234338205,True
BH14,0.7333333333333334,0.2666666666666666,0.9175723657196866,0.9169509439527869,True
BH14,0.75,0.2666666666666666,0.9230827959593699,0.9225963712393567,True
BH14,0.7666666666666666,0.2666666666666666,0.9284453192045441,0.9281217887992632,True
BH14,0.7833333333333332,0.2666666666666666,0.9337361213316475,0.9335187741897606,True
BH14,0.8,0.2666666666666666,0.9389546941058697,0.9387778791821408,True
BH14,0.8166666666666667,0.2666666666666666,0.9441352083526175,0.9438884460619483,True
BH14,0.8333333333333333,0.2666666666666666,0.9492597763105873,0.9490874722242786,True
BH14,0.8499999999999999,0.2666666666666666,0.954366230406008,0.9542738825389464,True
BH14,0.8666666666666667,0.2666666666666666,0.9594603070276703,0.9594133947667867,True
BH14,0.8833333333333333,0.2666666666666666,0.9645464065405338,0.9644950322257104,True
BH14,0.8999999999999999,0.2666666666666666,0.9696141597864432,0.9695292324024587,True
BH14,0.9166666666666667,0.2666666666666666,0.9746849874799837,0.9745787856674993,True
BH14,0.9333333333333333,0.2666666666666666,0.9797497752107471,0.9797044825228167,True
BH14,0.95,0.2666666666666666,0.9848130923351305,0.9848095246969994,True
BH14,0.9666666666666666,0.2666666666666666,0.9898776146073096,0.9898938400801611,True
BH14,0.9833333333333334,0.2666666666666666,0.994940425926273,0.9949573561562778,True
BH14,1.0,0.2666666666666666,1.0,1.0,True
BH14,-1.0,0.2833333333333332,-1.6195644209790566e-17,-8.84342309187644e-18,True
BH14,-0.9833333333333333,0.2833333333333332,0.005215712806033089,0.00522561602414374,True
BH14,-0.9666666666666667,0.2833333333333332,0.010434125112290147,0.010459088177428915,True
BH14,-0.95,0.2833333333333332,0.015655423361406764,0.015700452116486387,True
BH14,-0.9333333333333333,0.2833333333333332,0.020879996701508925,0.020949743700556155,True
BH14,-0.9166666666666666,0.2833333333333332,0.026111103393115932,0.026206998992819867,True
BH14,-0.9,0.2833333333333332,0.03134952862455806,0.03146841013122023,True
BH14,-0.8833333333333333,0.2833333333333332,0.03660242153860123,0.03674750511610561,True
BH14,-0.8666666666666667,0.2833333333333332,0.04188138381376731,0.042045199479458555,True
BH14,-0.85,0.2833333333333332,0.047168218466248246,0.04736158778694344,True
BH14,-0.8333333333333334,0.2833333333333332,0.05249772297738554,0.052696764979209915,True
BH14,-0.8166666666666667,0.2833333333333332,0.05785649737257277,0.05809897021158192,True
BH14,-0.8,0.2833333333333332,0.06327974745224829,0.0635901135214293,True
BH14,-0.7833333333333333,0.2833333333333332,0.06876495978206336,0.06915632789424783,True
BH14,-0.7666666666666666,0.2833333333333332,0.07433187957741622,0.07479721307537857,True
BH14,-0.75,0.2833333333333332,0.08000312826806003,0.08051235068394888,True
BH14,-0.7333333333333334,0.2833333333333332,0.08586132655879133,0.08630130477281825,True
BH14,-0.7166666666666667,0.2833333333333332,0.09186432184296887,0.09128501845385313,True
BH14,-0.7,0.2833333333333332,0.09813276166754559,0.09707214567409342,True
BH14,-0.6833333333333333,0.2833333333333332,0.10469930653306772,0.10368697379064774,True
BH14,-0.6666666666666667,0.2833333333333332,0.11168668311133575,0.11053065544247383,True
BH14,-0.65,0.2833333333333332,0.11916944788419953,0.11769433069037027,True
BH14,-0.6333333333333333,0.2833333333333332,0.1272725598545068,0.12564919350057516,True
BH14,-0.6166666666666667,0.2833333333333332,0.1361587834740388,0.13496572865562917,True
BH14,-0.6,0.2833333333333332,0.1459168147669691,0.14471604818028144,True
BH14,-0.5833333333333333,0.2833333333333332,0.15668512449331007,0.1553306186501039,True
BH14,-0.5666666666666667,0.2833333333333332,0.16842604194742766,0.16725245431278632,True
BH14,0.5666666666666667,0.2833333333333332,0.8315673235147765,0.8326115357659284,True
BH14,0.5833333333333333,0.2833333333333332,0.8433124970076094,0.8438544811354611,True
BH14,0.6000000000000001,0.2833333333333332,0.8540732919385474,0.8539622299343215,True
BH14,0.6166666666666667,0.2833333333333332,0.8638367484362802,0.863500334828415,True
BH14,0.6333333333333333,0.2833333333333332,0.8727178542932787,0.8726038360429369,True
BH14,0.6499999999999999,0.2833333333333332,0.8808163443925223,0.8809756408134397,True
BH14,0.6666666666666667,0.2833333333333332,0.8883184848797016,0.8883600537591285,True
BH14,0.6833333333333333,0.2833333333333332,0.8952987130550862,0.895227336443426,True
BH14,0.7,0.2833333333333332,0.901875137736524,0.9015649430978445,True
BH14,0.7166666666666666,0.2833333333333332,0.9081449387083347,0.9075033644945996,True
BH14,0.7333333333333334,0.2833333333333332,0.914159774994759,0.9135043138972703,True
BH14,0.75,0.2833333333333332,0.9199917014422466,0.9194068679549781,True
BH14,0.7666666666666666,0.2833333333333332,0.9256716637719612,0.9252049803842045,True
BH14,0.7833333333333332,0.2833333333333332,0.9312311686673163,0.9308919647716735,True
BH14,0.8,0.2833333333333332,0.936726054287763,0.9364603956112301,True
BH14,0.8166666666666667,0.2833333333333332,0.9421442048521255,0.9419031989763986,True
BH14,0.8333333333333333,0.2833333333333332,0.9475020524095146,0.9473219204830197,True
BH14,0.8499999999999999,0.2833333333333332,0.9528239630529651,0.9526976309056996,True
BH14,0.8666666666666667,0.2833333333333332,0.9581178415721258,0.9580295579924905,True
BH14,0.8833333333333333,0.2833333333333332,0.9633909337601682,0.9633169065758447,True
BH14,0.8999999999999999,0.2833333333333332,0.9686457531758059,0.9685588576124967,True
BH14,0.9166666666666667,0.2833333333333332,0.973891971899025,0.973802180639278,True
BH14,0.9333333333333333,0.2833333333333332,0.9791186493571366,0.9790849916379892,True
BH14,0.95,0.2833333333333332,0.9843472443074633,0.9843463759376936,True
BH14,0.9666666666666666,0.2833333333333332,0.9895652212981012,0.9895861381025878,True
BH14,0.9833333333333334,0.2833333333333332,0.9947858231224888,0.9948040798514712,True
BH14,1.0,0.2833333333333332,1.0,1.0,True
BH14,-1.0,0.30000000000000004,-5.921440749362234e-17,3.349522276306589e-17,True
BH14,-0.9833333333333333,0.30000000000000004,0.005368066222230948,0.005379436407562622,True
BH14,-0.9666666666666667,0.30000000000000004,0.010741179656865068,0.01076716319385741,True
BH14,-0.95,0.30000000000000004,0.01611988890685855,0.016163217579954085,True
BH14,-0.9333333333333333,0.30000000000000004,0.02150071449836568,0.021567636995093686,True
BH14,-0.9166666666666666,0.30000000000000004,0.02689934913493457,0.026980459078026077,True
BH14,-0.9,0.30000000000000004,0.032311222999583736,0.032421945174885405,True
BH14,-0.8833333333333333,0.30000000000000004,0.03773931305992589,0.0378841711365942,True
BH14,-0.8666666666666667,0.30000000000000004,0.04319543961387398,0.043365405811778626,True
BH14,-0.85,0.30000000000000004,0.04868732329493952,0.048865742191502894,True
BH14,-0.8333333333333334,0.30000000000000004,0.05421069049537905,0.05438527359844297,True
BH14,-0.8166666666666667,0.30000000000000004,0.05979209557141929,0.06000235019838816,True
BH14,-0.8,0.30000000000000004,0.06544270816422702,0.06573135332701824,True
BH14,-0.7833333333333333,0.30000000000000004,0.07116845755375954,0.07153172944206942,True
BH14,-0.7666666666666666,0.30000000000000004,0.07699536182936664,0.07740305179270147,True
BH14,-0.75,0.30000000000000004,0.08296079951228476,0.08334487883206203,True
BH14,-0.7333333333333334,0.30000000000000004,0.08908422087588816,0.08926643642245181,True
BH14,-0.7166666666666667,0.30000000000000004,0.09540732456800025,0.09594347631441708,True
BH14,-0.7,0.30000000000000004,0.10198133824304431,0.10231304042383849,True
BH14,-0.6833333333333333,0.30000000000000004,0.1088581524570871,0.10883441096228276,True
BH14,-0.6666666666666667,0.30000000000000004,0.11613642343054109,0.11554988233071771,True
BH14,-0.65,0.30000000000000004,0.12386864801243916,0.12252586965979623,True
BH14,-0.6333333333333333,0.30000000000000004,0.1321441791631422,0.1307398913738368,True
BH14,-0.6166666666666667,0.30000000000000004,0.14107371407864783,0.13970658331906943,True
BH14,-0.6,0.30000000000000004,0.15073106492636618,0.14904186309248607,True
BH14,-0.5833333333333333,0.30000000000000004,0.16107652472822925,0.1592774115560031,True
BH14,-0.5666666666666667,0.30000000000000004,0.17214301394032683,0.17045540991824287,True
BH14,-0.55,0.30000000000000004,0.1837678041602218,0.18211583272178086,True
BH14,-0.5333333333333333,0.30000000000000004,0.19562986641320682,0.19342837383478886,True
BH14,-0.5166666666666666,0.30000000000000004,0.207429234713138,0.20478909813510643,True
BH14,-0.5,0.30000000000000004,0.21865430019313173,0.2161991942147976,True
BH14,-0.4833333333333334,0.30000000000000004,0.22939060427336755,0.22765989066198541,True
BH14,-0.4666666666666667,0.30000000000000004,0.23977762341723202,0.23829572837703678,True
BH14,-0.44999999999999996,0.30000000000000004,0.24991582729095146,0.24839954125294222,True
BH14,-0.43333333333333335,0.30000000000000004,0.2598818680963102,0.25850369324142775,True
BH14,-0.41666666666666663,0.30000000000000004,0.26970601172199504,0.2686081811129962,True
BH14,-0.4,0.30000000000000004,0.2794073970244564,0.2787130016790419,True
BH14,-0.3833333333333333,0.30000000000000004,0.28901672513461935,0.28827410854263147,True
BH14,-0.3666666666666667,0.30000000000000004,0.2985434163852622,0.29779065753896167,True
BH14,-0.35,0.30000000000000004,0.30800229729230977,0.30730724671629533,True
BH14,-0.33333333333333337,0.30000000000000004,0.3174049818752603,0.31682387588706246,True
BH14,-0.31666666666666665,0.30000000000000004,0.32675708798878383,0.3262862798930319,True
BH14,-0.30000000000000004,0.30000000000000004,0.336063378002719,0.3355673059675838,True
BH14,-0.2833333333333333,0.30000000000000004,0.34533357588570246,0.3448483407521137,True
BH14,-0.2666666666666667,0.30000000000000004,0.354568640760803,0.35412938422618695,True
BH14,-0.25,0.30000000000000004,0.3637740912072303,0.3634104363694329,True
BH14,-0.2333333333333334,0.30000000000000004,0.3729545770807524,0.37262444014876767,True
BH14,-0.21666666666666667,0.30000000000000004,0.3821109372022915,0.3817803469203069,True
BH14,-0.19999999999999996,0.30000000000000004,0.3912472976589514,0.39093625605703697,True
BH14,-0.18333333333333335,0.30000000000000004,0.40036638932139784,0.40009216755615407,True
BH14,-0.16666666666666663,0.30000000000000004,0.40946942102296857,0.40924808141485863,True
BH14,-0.15000000000000002,0.30000000000000004,0.41855838693018665,0.4183471967007795,True
BH14,-0.1333333333333333,0.30000000000000004,0.42763581898159764,0.4274355707480362,True
BH14,-0.1166666666666667,0.30000000000000004,0.4367026355385157,0.436523945563862,True
BH14,-0.09999999999999998,0.30000000000000004,0.4457605756606706,0.4456123211477996,True
BH14,-0.08333333333333337,0.30000000000000004,0.4548114159186868,0.45469616403834684,True
BH14,-0.06666666666666665,0.30000000000000004,0.4638561393335629,0.4637534801982214,True
BH14,-0.050000000000000044,0.30000000000000004,0.47289606137716533,0.47281079665639325,True
BH14,-0.033333333333333326,0.30000000000000004,0.481932607126484,0.4818681134127748,True
BH14,-0.01666666666666672,0.30000000000000004,0.4909666949636604,0.4909254304672779,True
BH14,0.0,0.30000000000000004,0.4999996995091794,0.499981530332667,True
BH14,0.016666666666666607,0.30000000000000004,0.5090326661247805,0.5090361474799389,True
BH14,0.033333333333333215,0.30000000000000004,0.5180668559626412,0.5180907647524116,True
BH14,0.050000000000000044,0.30000000000000004,0.5271033600603277,0.527145382150069,True
BH14,0.06666666666666665,0.30000000000000004,0.5361431893767197,0.5361999996728954,True
BH14,0.08333333333333326,0.30000000000000004,0.5451878517157335,0.545273495322561,True
BH14,0.10000000000000009,0.30000000000000004,0.5542387706245051,0.5543530931500222,True
BH14,0.1166666666666667,0.30000000000000004,0.5632966779496534,0.5634326908178715,True
BH14,0.1333333333333333,0.30000000000000004,0.5723636878384201,0.5725122883260876,True
BH14,0.1499999999999999,0.30000000000000004,0.5814411199949469,0.5815954616424953,True
BH14,0.16666666666666674,0.30000000000000004,0.590529970324484,0.5907341602554365,True
BH14,0.18333333333333335,0.30000000000000004,0.5996331916265408,0.5998728571776384,True
BH14,0.19999999999999996,0.30000000000000004,0.6087520365240386,0.6090115524075056,True
BH14,0.21666666666666656,0.30000000000000004,0.6178880791916358,0.6181502459434405,True
BH14,0.2333333333333334,0.30000000000000004,0.6270447289364618,0.6273293739094653,True
BH14,0.25,0.30000000000000004,0.6362249950521803,0.6365788230910596,True
BH14,0.2666666666666666,0.30000000000000004,0.6454303107292698,0.6458282620083895,True
BH14,0.2833333333333332,0.30000000000000004,0.654665882664619,0.6550776906280871,True
BH14,0.30000000000000004,0.30000000000000004,0.6639358105227807,0.6643271089166404,True
BH14,0.31666666666666665,0.30000000000000004,0.6732428578657133,0.6737143572148216,True
BH14,0.33333333333333326,0.30000000000000004,0.6825942858080806,0.6831696650746337,True
BH14,0.3500000000000001,0.30000000000000004,0.69199709043315,0.6926249171604459,True
BH14,0.3666666666666667,0.30000000000000004,0.7014555471714333,0.7020801130160186,True
BH14,0.3833333333333333,0.30000000000000004,0.7109848234569818,0.7115352521801226,True
BH14,0.3999999999999999,0.30000000000000004,0.7205943366393956,0.7214363547727503,True
BH14,0.41666666666666674,0.30000000000000004,0.7302943187789007,0.7313490376469356,True
BH14,0.43333333333333335,0.30000000000000004,0.7401157131595951,0.7412612571106925,True
BH14,0.44999999999999996,0.30000000000000004,0.7500792074108589,0.7511730037341816,True
BH14,0.46666666666666656,0.30000000000000004,0.7602141868752827,0.7614662886537413,True
BH14,0.4833333333333334,0.30000000000000004,0.7706110814382836,0.7727234203642943,True
BH14,0.5,0.30000000000000004,0.781349029962062,0.7839581961525139,True
BH14,0.5166666666666666,0.30000000000000004,0.7925818218294156,0.7951699279939954,True
BH14,0.5333333333333332,0.30000000000000004,0.8043522634376725,0.806357898766454,True
BH14,0.55,0.30000000000000004,0.8162429391002326,0.8178386114485272,True
BH14,0.5666666666666667,0.30000000000000004,0.8278615173429891,0.8290517555744749,True
BH14,0.5833333333333333,0.30000000000000004,0.8389010000129358,0.839832654415776,True
BH14,0.6000000000000001,0.30000000000000004,0.8492632139197842,0.8495449884988091,True
BH14,0.6166666666666667,0.30000000000000004,0.8589117894819848,0.8586390138270608,True
BH14,0.6333333333333333,0.30000000000000004,0.8678318069977483,0.8674109481801593,True
BH14,0.6499999999999999,0.30000000000000004,0.8761127012031051,0.8759170429327855,True
BH14,0.6666666666666667,0.30000000000000004,0.8838701659175878,0.8841060854867244,True
BH14,0.6833333333333333,0.30000000000000004,0.8911477981974938,0.8911769933218929,True
BH14,0.7,0.30000000000000004,0.8980275796194681,0.897744818276871,True
BH14,0.7166666666666666,0.30000000000000004,0.9045983346480764,0.904036676750434,True
BH14,0.7333333333333334,0.30000000000000004,0.9109291988868086,0.9102678201528664,True
BH14,0.75,0.30000000000000004,0.9170483032317434,0.9164127724906632,True
BH14,0.7666666666666666,0.30000000000000004,0.9230103480533421,0.9224666759999713,True
BH14,0.7833333333333332,0.30000000000000004,0.9288290465070324,0.9284242032643903,True
BH14,0.8,0.30000000000000004,0.9345621620492768,0.9342794911755772,True
BH14,0.8166666666666667,0.30000000000000004,0.9402069433532985,0.9400118656010641,True
BH14,0.8333333333333333,0.30000000000000004,0.9457867830331259,0.9456109815014974,True
BH14,0.8499999999999999,0.30000000000000004,0.9513135053251481,0.9511698940656904,True
BH14,0.8666666666666667,0.30000000000000004,0.9568011126818284,0.9566879099244877,True
BH14,0.8833333333333333,0.30000000000000004,0.9622579340330251,0.9621643159735364,True
BH14,0.8999999999999999,0.30000000000000004,0.967689897191217,0.9675983785806987,True
BH14,0.9166666666666667,0.30000000000000004,0.973097794180928,0.9730231773113888,True
BH14,0.9333333333333333,0.30000000000000004,0.9784970214037783,0.9784594599705763,True
BH14,0.95,0.30000000000000004,0.9838818633669928,0.9838754646976257,True
BH14,0.9666666666666666,0.30000000000000004,0.9892558360106383,0.9892710116396899,True
BH14,0.9833333333333334,0.30000000000000004,0.9946331824310646,0.9946459184024332,True
BH14,1.0,0.30000000000000004,1.0,1.0000000000000002,True
BH14,-1.0,0.31666666666666665,-1.3498931715913355e-17,5.027572488133549e-17,True
BH14,-0.9833333333333333,0.31666666666666665,0.005521336409924092,0.005532196511378543,True
BH14,-0.9666666666666667,0.31666666666666665,0.011041167277627668,0.01107310813019643,True
BH14,-0.95,0.31666666666666665,0.016576441650334034,0.016622773562083182,True
BH14,-0.9333333333333333,0.31666666666666665,0.022115949956434046,0.02218123172571774,True
BH14,-0.9166666666666666,0.31666666666666665,0.02767017604698227,0.027748521754165537,True
BH14,-0.9,0.31666666666666665,0.03324864529577945,0.03336424313462294,True
BH14,-0.8833333333333333,0.31666666666666665,0.03884659418662952,0.03899676145707155,True
BH14,-0.8666666666666667,0.31666666666666665,0.04448768920956376,0.044644704681823695,True
BH14,-0.85,0.31666666666666665,0.05015652918211364,0.05030782705845375,True
BH14,-0.8333333333333334,0.31666666666666665,0.05587362954243518,0.0559858875578375,True
BH14,-0.8166666666666667,0.31666666666666665,0.061658542693856476,0.06175624529592138,True
BH14,-0.8,0.31666666666666665,0.06751517934387138,0.06762495947775157,True
BH14,-0.7833333333333333,0.31666666666666665,0.07346526829155126,0.07353843005919158,True
BH14,-0.7666666666666666,0.31666666666666665,0.07953382145223248,0.07949465105102235,True
BH14,-0.75,0.31666666666666665,0.08574293000613317,0.08549169981408142,True
BH14,-0.7333333333333334,0.31666666666666665,0.09210776018232436,0.09152773607730674,True
BH14,-0.7166666666666667,0.31666666666666665,0.09868841459540609,0.0986120460414093,True
BH14,-0.7,0.31666666666666665,0.10551624706152196,0.10607807029966923,True
BH14,-0.6833333333333333,0.31666666666666665,0.11264011078893225,0.11355443818094169,True
BH14,-0.6666666666666667,0.31666666666666665,0.12013089042735177,0.12026140810425595,True
BH14,-0.65,0.31666666666666665,0.12802441205864135,0.1271826396673175,True
BH14,-0.6333333333333333,0.31666666666666665,0.13640308224971548,0.13554767832553666,True
BH14,-0.6166666666666667,0.31666666666666665,0.14529394249980004,0.14418743851462185,True
BH14,-0.6,0.31666666666666665,0.15474888335087483,0.15314160876834004,True
BH14,-0.5833333333333333,0.31666666666666665,0.16477484935510972,0.163020196421924,True
BH14,-0.5666666666666667,0.31666666666666665,0.1752968983003409,0.17355220649030412,True
BH14,-0.55,0.31666666666666665,0.18619364362860025,0.1845476982852546,True
BH14,-0.5333333333333333,0.31666666666666665,0.19731602030839887,0.19547542349462177,True
BH14,-0.5166666666666666,0.31666666666666665,0.20834861558012618,0.2064449892120428,True
BH14,-0.5,0.31666666666666665,0.2191779310901977,0.21745742177099162,True
BH14,-0.4833333333333334,0.31666666666666665,0.22972665877742565,0.2285137817840019,True
BH14,-0.4666666666666667,0.31666666666666665,0.24002241784646777,0.23893854609371173,True
BH14,-0.44999999999999996,0.31666666666666665,0.25010445868164766,0.24893868203423927,True
BH14,-0.43333333333333335,0.31666666666666665,0.26002613684821646,0.25893981855453185,True
BH14,-0.41666666666666663,0.31666666666666665,0.2698164610366782,0.2689419461064633,True
BH14,-0.4,0.31666666666666665,0.27950351149472047,0.2789450552631271,True
BH14,-0.3833333333333333,0.31666666666666665,0.289099457918198,0.2884781181909647,True
BH14,-0.3666666666666667,0.31666666666666665,0.2986126087250668,0.29796957380324685,True
BH14,-0.35,0.31666666666666665,0.30806221121285204,0.3074611479145546,True
BH14,-0.33333333333333337,0.31666666666666665,0.3174559146191094,0.3169528399708508,True
BH14,-0.31666666666666665,0.31666666666666665,0.326801422095136,0.326394317543763,True
BH14,-0.30000000000000004,0.31666666666666665,0.33610260118875634,0.33566451722172297,True
BH14,-0.2833333333333333,0.31666666666666665,0.3453685216213167,0.34493474256920387,True
BH14,-0.2666666666666667,0.31666666666666665,0.3545987765018559,0.35420499352592716,True
BH14,-0.25,0.31666666666666665,0.36380107361816794,0.36347527003180313,True
BH14,-0.2333333333333334,0.31666666666666665,0.3729785892565213,0.3726813727783212,True
BH14,-0.21666666666666667,0.31666666666666665,0.38213204772771237,0.38183146072404106,True
BH14,-0.19999999999999996,0.31666666666666665,0.39126636574432927,0.39098155563734976,True
BH14,-0.18333333333333335,0.31666666666666665,0.40038176751981835,0.40013165750998325,True
BH14,-0.16666666666666663,0.31666666666666665,0.40948314802395147,0.40928176633369073,True
BH14,-0.15000000000000002,0.31666666666666665,0.41857087518477454,0.41837685760405846,True
BH14,-0.1333333333333333,0.31666666666666665,0.42764629183351893,0.4274614655749033,True
BH14,-0.1166666666666667,0.31666666666666665,0.43671140433477607,0.4365460758093514,True
BH14,-0.09999999999999998,0.31666666666666665,0.4457681429346861,0.4456306883060551,True
BH14,-0.08333333333333337,0.31666666666666665,0.45481749924017034,0.45471090591136176,True
BH14,-0.06666666666666665,0.31666666666666665,0.46386098483340155,0.46376526821170594,True
BH14,-0.050000000000000044,0.31666666666666665,0.472899702956357,0.47281963139049854,True
BH14,-0.033333333333333326,0.31666666666666665,0.48193503403449856,0.48187399544748094,True
BH14,-0.01666666666666672,0.31666666666666665,0.4909678625348998,0.4909283603823944,True
BH14,0.0,0.31666666666666665,0.49999968199604233,0.4999815391511273,True
BH14,0.016666666666666607,0.31666666666666665,0.5090314616436131,0.5090332703713414,True
BH14,0.033333333333333215,0.31666666666666665,0.5180644543157197,0.5180850019602348,True
BH14,0.050000000000000044,0.31666666666666665,0.5270996701487856,0.5271367339177608,True
BH14,0.06666666666666665,0.31666666666666665,0.5361384452515843,0.5361884662438727,True
BH14,0.08333333333333326,0.31666666666666665,0.5451817368229711,0.5452585931115226,True
BH14,0.10000000000000009,0.31666666666666665,0.5542312796323665,0.5543346733820864,True
BH14,0.1166666666666667,0.31666666666666665,0.5632874536029733,0.5634107531826793,True
BH14,0.1333333333333333,0.31666666666666665,0.5723531245869824,0.5724868325132391,True
BH14,0.1499999999999999,0.31666666666666665,0.5814287047029758,0.5815663705573815,True
BH14,0.16666666666666674,0.31666666666666665,0.5905155556730031,0.5906998431599974,True
BH14,0.18333333333333335,0.31666666666666665,0.5996167510284973,0.5998333107857327,True
BH14,0.19999999999999996,0.31666666666666665,0.6087329458505895,0.608966773429892,True
BH14,0.21666666666666656,0.31666666666666665,0.6178680557922798,0.6181002310877741,True
BH14,0.2333333333333334,0.31666666666666665,0.6270217999732604,0.627272601397541,True
BH14,0.25,0.31666666666666665,0.6361976066966577,0.6365128357295051,True
BH14,0.2666666666666666,0.31666666666666665,0.6454002569743237,0.6457530398596325,True
BH14,0.2833333333333332,0.31666666666666665,0.6546323638381093,0.6549932136898093,True
BH14,0.30000000000000004,0.31666666666666665,0.6638965179178627,0.6642333571214967,True
BH14,0.31666666666666665,0.31666666666666665,0.6731977768770041,0.6736039099636637,True
BH14,0.33333333333333326,0.31666666666666665,0.6825427381673929,0.6830392832266734,True
BH14,0.3500000000000001,0.31666666666666665,0.6919366625100489,0.6924744923391695,True
BH14,0.3666666666666667,0.31666666666666665,0.7013847069417835,0.701909535958962,True
BH14,0.3833333333333333,0.31666666666666665,0.7109028794905816,0.7113444127291924,True
BH14,0.3999999999999999,0.31666666666666665,0.7204969996307957,0.7211795907212007,True
BH14,0.41666666666666674,0.31666666666666665,0.7301766878261114,0.731025269664556,True
BH14,0.43333333333333335,0.31666666666666665,0.7399712640630305,0.7408695801360071,True
BH14,0.44999999999999996,0.31666666666666665,0.7498888337393184,0.7507124942058447,True
BH14,0.46666666666666656,0.31666666666666665,0.7599792814210706,0.7608661814469425,True
BH14,0.4833333333333334,0.31666666666666665,0.7702686514457061,0.771791688132585,True
BH14,0.5,0.31666666666666665,0.7808074739189637,0.7826878943797144,True
BH14,0.5166666666666666,0.31666666666666665,0.7916534870237548,0.7935538823660031,True
BH14,0.5333333333333332,0.31666666666666665,0.8027201942622718,0.8043886945397294,True
BH14,0.55,0.31666666666666665,0.8138081908915475,0.815241701598173,True
BH14,0.5666666666666667,0.31666666666666665,0.8247181445389726,0.8258237904100674,True
BH14,0.5833333333333333,0.31666666666666665,0.8352226401205965,0.8361186940037771,True
BH14,0.6000000000000001,0.31666666666666665,0.84525213906142,0.8458251692219318,True
BH14,0.6166666666666667,0.31666666666666665,0.8547200285936198,0.8545421601669576,True
BH14,0.6333333333333333,0.31666666666666665,0.8636112584440745,0.8630161022569344,True
BH14,0.6499999999999999,0.31666666666666665,0.8719798366294588,0.8712830259997217,True
BH14,0.6666666666666667,0.31666666666666665,0.8798719111163649,0.879371234436815,True
BH14,0.6833333333333333,0.31666666666666665,0.8873588698226857,0.8873034192886206,True
BH14,0.7,0.31666666666666665,0.8944901116920656,0.8942498760185204,True
BH14,0.7166666666666666,0.31666666666666665,0.9013127436551758,0.9007707846563953,True
BH14,0.7333333333333334,0.31666666666666665,0.9078975109935331,0.9072196956228636,True
BH14,0.75,0.31666666666666665,0.914260438645752,0.9135930026805049,True
BH14,0.7666666666666666,0.31666666666666665,0.9204650924355388,0.9198867914574824,True
BH14,0.7833333333333332,0.31666666666666665,0.9265240517089441,0.9260968013426546,True
BH14,0.8,0.31666666666666665,0.9324853740930423,0.93221838110278,True
BH14,0.8166666666666667,0.31666666666666665,0.9383392906560967,0.9381780644882342,True
BH14,0.8333333333333333,0.31666666666666665,0.9441227916584327,0.9439519474851044,True
BH14,0.8499999999999999,0.31666666666666665,0.9498459544666762,0.9496882344730468,True
BH14,0.8666666666666667,0.31666666666666665,0.9555130724715487,0.955386302320266,True
BH14,0.8833333333333333,0.31666666666666665,0.9611522200573731,0.9610455108745992,True
BH14,0.8999999999999999,0.31666666666666665,0.9667476184585331,0.966665202307978,True
BH14,0.9166666666666667,0.31666666666666665,0.9723270447570939,0.9722612619639844,True
BH14,0.9333333333333333,0.31666666666666665,0.9778808754615916,0.9778477193367104,True
BH14,0.95,0.31666666666666665,0.9834237489010867,0.9834149884917933,True
BH14,0.9666666666666666,0.31666666666666665,0.9889546813747512,0.9889629039037496,True
BH14,0.9833333333333334,0.31666666666666665,0.994481568643639,0.9944912977764984,True
BH14,1.0,0.31666666666666665,1.0,1.0,True
BH14,-1.0,0.33333333333333326,3.3692036285609516e-17,-1.6066117145102234e-17,True
BH14,-0.9833333333333333,0.33333333333333326,0.005668967626618467,0.005669874957910345,True
BH14,-0.9666666666666667,0.33333333333333326,0.011341404041292347,0.011347287262328988,True
BH14,-0.95,0.33333333333333326,0.017023499437681118,0.01703221318610378,True
BH14,-0.9333333333333333,0.33333333333333326,0.022717904411056207,0.02272462909104446,True
BH14,-0.9166666666666666,0.33333333333333326,0.028424901475064927,0.028424511427567672,True
BH14,-0.9,0.33333333333333326,0.03416024197450555,0.03418242312109016,True
BH14,-0.8833333333333333,0.33333333333333326,0.039929113083671024,0.03996013508064935,True
BH14,-0.8666666666666667,0.33333333333333326,0.04573096392966462,0.0457518252189792,True
BH14,-0.85,0.33333333333333326,0.05157939847142591,0.05155726480354902,True
BH14,-0.8333333333333334,0.33333333333333326,0.05748177484348882,0.05737622967536893,True
BH14,-0.8166666666666667,0.33333333333333326,0.06345543234601109,0.0633098153493514,True
BH14,-0.8,0.33333333333333326,0.06950706645564675,0.06933931794493402,True
BH14,-0.7833333333333333,0.33333333333333326,0.07566090157069787,0.07540957902390477,True
BH14,-0.7666666666666666,0.33333333333333326,0.08193605596406717,0.08151860040956159,True
BH14,-0.75,0.33333333333333326,0.08835387380878251,0.08766448333071752,True
BH14,-0.7333333333333334,0.33333333333333326,0.09494464140814085,0.09384542515359154,True
BH14,-0.7166666666666667,0.33333333333333326,0.10172130179985225,0.1012239650870255,True
BH14,-0.7,0.33333333333333326,0.10875489361016372,0.10867941534235032,True
BH14,-0.6833333333333333,0.33333333333333326,0.11605552017406688,0.11614433381819021,True
BH14,-0.6666666666666667,0.33333333333333326,0.12369253338482772,0.12362009948426886,True
BH14,-0.65,0.33333333333333326,0.13168957741877896,0.13167351383621023,True
BH14,-0.6333333333333333,0.33333333333333326,0.14009983362199374,0.14011266985596804,True
BH14,-0.6166666666666667,0.33333333333333326,0.14893600456918799,0.14844837314227816,True
BH14,-0.6,0.33333333333333326,0.1582358604494232,0.15705349259292664,True
BH14,-0.5833333333333333,0.33333333333333326,0.16794039763107171,0.1665983739216004,True
BH14,-0.5666666666666667,0.33333333333333326,0.1780309702905559,0.17656602892783863,True
BH14,-0.55,0.33333333333333326,0.18843321721035527,0.1869799651379871,True
BH14,-0.5333333333333333,0.33333333333333326,0.1989602511889681,0.1975242983455423,True
BH14,-0.5166666666666666,0.33333333333333326,0.20953519258127037,0.2081041990791449,True
BH14,-0.5,0.33333333333333326,0.21999652827797936,0.21872053490277066,True
BH14,-0.4833333333333334,0.33333333333333326,0.23031062182650766,0.22937420214070103,True
BH14,-0.4666666666666667,0.33333333333333326,0.24045711124154778,0.2395831071454444,True
BH14,-0.44999999999999996,0.33333333333333326,0.25044782573133245,0.24947941599366397,True
BH14,-0.43333333333333335,0.33333333333333326,0.2603012793627404,0.25937738964863394,True
BH14,-0.41666666666666663,0.33333333333333326,0.2700432587662488,0.269277012191714,True
BH14,-0.4,0.33333333333333326,0.2796897174545282,0.2791782679069007,True
BH14,-0.3833333333333333,0.33333333333333326,0.28925350468793676,0.2886823881447688,True
BH14,-0.3666666666666667,0.33333333333333326,0.298745787473264,0.2981487232931496,True
BH14,-0.35,0.33333333333333326,0.3081787369782807,0.3076152555080054,True
BH14,-0.33333333333333337,0.33333333333333326,0.31755628404378633,0.31708198386651376,True
BH14,-0.31666666666666665,0.33333333333333326,0.3268883005398041,0.3265024232326892,True
BH14,-0.30000000000000004,0.33333333333333326,0.33617954483186346,0.33576178984602084,True
BH14,-0.2833333333333333,0.33333333333333326,0.34543324996028435,0.34502119911948254,True
BH14,-0.2666666666666667,0.33333333333333326,0.3546572290290574,0.3542806509528067,True
BH14,-0.25,0.33333333333333326,0.36385311232727446,0.36354014524603967,True
BH14,-0.2333333333333334,0.33333333333333326,0.3730243731486138,0.37273832521914035,True
BH14,-0.21666666666666667,0.33333333333333326,0.3821724817140634,0.3818825924261948,True
BH14,-0.19999999999999996,0.33333333333333326,0.391301343126948,0.3910268712077548,True
BH14,-0.18333333333333335,0.33333333333333326,0.40041375314896177,0.40017116155008564,True
BH14,-0.16666666666666663,0.33333333333333326,0.40951081855213844,0.40931546343947445,True
BH14,-0.15000000000000002,0.33333333333333326,0.41859452562618904,0.41840652566796344,True
BH14,-0.1333333333333333,0.33333333333333326,0.4276667109287464,0.42748736690072253,True
BH14,-0.1166666666666667,0.33333333333333326,0.43672924054507534,0.4365682118929052,True
BH14,-0.09999999999999998,0.33333333333333326,0.44578285423242064,0.4456490606422726,True
BH14,-0.08333333333333337,0.33333333333333326,0.454829582146707,0.45472565136673415,True
BH14,-0.06666666666666665,0.33333333333333326,0.4638702680707314,0.4637770595184646,True
BH14,-0.050000000000000044,0.33333333333333326,0.4729066894243267,0.4728284691289649,True
BH14,-0.033333333333333326,0.33333333333333326,0.48193965004870487,0.48187988019780514,True
BH14,-0.01666666666666672,0.33333333333333326,0.49097009561294114,0.4909312927245556,True
BH14,0.0,0.33333333333333326,0.49999968072939777,0.4999815501101268,True
BH14,0.016666666666666607,0.33333333333333326,0.5090292214261427,0.5090303952307695,True
BH14,0.033333333333333215,0.33333333333333326,0.518059880745809,0.5180792409636137,True
BH14,0.050000000000000044,0.33333333333333326,0.5270925396828398,0.5271280873085822,True
BH14,0.06666666666666665,0.33333333333333326,0.5361289775327392,0.5361769342655966,True
BH14,0.08333333333333326,0.33333333333333326,0.5451697937293153,0.54524369260939,True
BH14,0.10000000000000009,0.33333333333333326,0.5542163875405057,0.5543162553120766,True
BH14,0.1166666666666667,0.33333333333333326,0.5632705954846124,0.5633888172344306,True
BH14,0.1333333333333333,0.33333333333333326,0.5723327692637575,0.5724613783763488,True
BH14,0.1499999999999999,0.33333333333333326,0.5814048096729567,0.581537282004251,True
BH14,0.16666666666666674,0.33333333333333326,0.5904881220770141,0.5906655295801924,True
BH14,0.18333333333333335,0.33333333333333326,0.5995856001045612,0.5997937688949662,True
BH14,0.19999999999999996,0.33333333333333326,0.6086976676484197,0.6089219999407811,True
BH14,0.21666666666666656,0.33333333333333326,0.6178270889898044,0.6180502227098352,True
BH14,0.2333333333333334,0.33333333333333326,0.626975393473455,0.6272158428913143,True
BH14,0.25,0.33333333333333326,0.6361462406574705,0.636446866593424,True
BH14,0.2666666666666666,0.33333333333333326,0.6453420131858968,0.6456778401834433,True
BH14,0.2833333333333332,0.33333333333333326,0.6545647230378053,0.6549087634986894,True
BH14,0.30000000000000004,0.33333333333333326,0.663820047839877,0.6641396363757746,True
BH14,0.31666666666666665,0.33333333333333326,0.673111919037093,0.6734935359819016,True
BH14,0.33333333333333326,0.33333333333333326,0.682446040571768,0.6829089807275197,True
BH14,0.3500000000000001,0.33333333333333326,0.6918223438319685,0.6923241530422692,True
BH14,0.3666666666666667,0.33333333333333326,0.7012524691537552,0.7017390506995691,True
BH14,0.3833333333333333,0.33333333333333326,0.7107494065563,0.7111536714485174,True
BH14,0.3999999999999999,0.33333333333333326,0.7203137142328686,0.7209230252993719,True
BH14,0.41666666666666674,0.33333333333333326,0.7299583765485493,0.7307015720363743,True
BH14,0.43333333333333335,0.33333333333333326,0.7396996967601913,0.7404778399494701,True
BH14,0.44999999999999996,0.33333333333333326,0.7495572142019725,0.7502517823905744,True
BH14,0.46666666666666656,0.33333333333333326,0.7595412514194044,0.7602635754158122,True
BH14,0.4833333333333334,0.33333333333333326,0.7696849171771347,0.7708535361987163,True
BH14,0.5,0.33333333333333326,0.7799942706978369,0.7814070079255961,True
BH14,0.5166666666666666,0.33333333333333326,0.7904683189291283,0.791922827157468,True
BH14,0.5333333333333332,0.33333333333333326,0.801028110941044,0.8023997789136166,True
BH14,0.55,0.33333333333333326,0.8115717199702469,0.8127367610906795,True
BH14,0.5666666666666667,0.33333333333333326,0.8219514383437275,0.8228228466175577,True
BH14,0.5833333333333333,0.33333333333333326,0.8320482300866006,0.8327120527542372,True
BH14,0.6000000000000001,0.33333333333333326,0.8417614538598155,0.8424356363814156,True
BH14,0.6166666666666667,0.33333333333333326,0.8510716770353882,0.8509567319260074,True
BH14,0.6333333333333333,0.33333333333333326,0.8599124173899719,0.8591724203623718,True
BH14,0.6499999999999999,0.33333333333333326,0.8683053392360942,0.8672244683308061,True
BH14,0.6666666666666667,0.33333333333333326,0.8763092076105082,0.8754294907351916,True
BH14,0.6833333333333333,0.33333333333333326,0.8839341491610628,0.883721711874065,True
BH14,0.7,0.33333333333333326,0.8912507688939839,0.8915381267371403,True
BH14,0.7166666666666666,0.33333333333333326,0.8982805973381099,0.8980660692768838,True
BH14,0.7333333333333334,0.33333333333333326,0.9050621097968047,0.9045602598681595,True
BH14,0.75,0.33333333333333326,0.9116461411008845,0.9110191264068208,True
BH14,0.7666666666666666,0.33333333333333326,0.9180645133984604,0.917447906003423,True
BH14,0.7833333333333332,0.33333333333333326,0.9243385801573458,0.9238936967001681,True
BH14,0.8,0.33333333333333326,0.9304948161307782,0.930262781270463,True
BH14,0.8166666666666667,0.33333333333333326,0.9365429501323542,0.936399018882685,True
BH14,0.8333333333333333,0.33333333333333326,0.9425171660876833,0.942342281316352,True
BH14,0.8499999999999999,0.33333333333333326,0.9484251359715571,0.9482503708925478,True
BH14,0.8666666666666667,0.33333333333333326,0.9542710973241728,0.95412272709584,True
BH14,0.8833333333333333,0.33333333333333326,0.9600741979448988,0.9599587747117626,True
BH14,0.8999999999999999,0.33333333333333326,0.9658367933955426,0.9657579232836276,True
BH14,0.9166666666666667,0.33333333333333326,0.9715685423806775,0.9715158843492147,True
BH14,0.9333333333333333,0.33333333333333326,0.9772845599256383,0.9772493224727428,True
BH14,0.95,0.33333333333333326,0.9829791604180427,0.9829646064640806,True
BH14,0.9666666666666666,0.33333333333333326,0.9886571607111523,0.9886615839769879,True
BH14,0.9833333333333334,0.33333333333333326,0.9943295715401005,0.9943401006362333,True
BH14,1.0,0.33333333333333326,0.9999999999999999,1.0,True
BH14,-1.0,0.3500000000000001,-1.217025608563878e-17,-3.933968563252844e-17,True
BH14,-0.9833333333333333,0.3500000000000001,0.005812624484266655,0.005805813882554055,True
BH14,-0.9666666666666667,0.3500000000000001,0.011630801264447571,0.011618905040051843,True
BH14,-0.95,0.3500000000000001,0.01745499973368314,0.01743925029517943,True
BH14,-0.9333333333333333,0.3500000000000001,0.023300120460475072,0.023266826559097654,True
BH14,-0.9166666666666666,0.3500000000000001,0.02915925450957003,0.029101610831078317,True
BH14,-0.9,0.3500000000000001,0.03504562852668379,0.03500839600642858,True
BH14,-0.8833333333333333,0.3500000000000001,0.04096836315112555,0.040933750774438296,True
BH14,-0.8666666666666667,0.3500000000000001,0.04693143290075101,0.04687155520710803,True
BH14,-0.85,0.3500000000000001,0.05294723445691162,0.05282160006336756,True
BH14,-0.8333333333333334,0.3500000000000001,0.05902256768622911,0.05878368045355971,True
BH14,-0.8166666666666667,0.3500000000000001,0.06516799255543645,0.06489051220893606,True
BH14,-0.8,0.3500000000000001,0.07140382345175442,0.07108894347741343,True
BH14,-0.7833333333333333,0.3500000000000001,0.07773759871965262,0.07732327021067714,True
BH14,-0.7666666666666666,0.3500000000000001,0.0841913517976891,0.08359156993274444,True
BH14,-0.75,0.3500000000000001,0.09079062990297145,0.08989203226956816,True
BH14,-0.7333333333333334,0.3500000000000001,0.0975602924486854,0.09639413500737765,True
BH14,-0.7166666666666667,0.3500000000000001,0.10452638128546703,0.1038311083400366,True
BH14,-0.7,0.3500000000000001,0.11171792971319543,0.111275566578163,True
BH14,-0.6833333333333333,0.3500000000000001,0.11916047824083217,0.1187285605254032,True
BH14,-0.6666666666666667,0.3500000000000001,0.12689589221622083,0.12619134701215168,True
BH14,-0.65,0.3500000000000001,0.13496287723214953,0.1344161680705954,True
BH14,-0.6333333333333333,0.3500000000000001,0.14336429097730297,0.14308500591235196,True
BH14,-0.6166666666666667,0.3500000000000001,0.1521278471673962,0.1518536017668686,True
BH14,-0.6,0.3500000000000001,0.16126545298978512,0.16082880095598692,True
BH14,-0.5833333333333333,0.3500000000000001,0.17072879358040044,0.17004228209749925,True
BH14,-0.5666666666666667,0.3500000000000001,0.18049957119585466,0.17951389268773982,True
BH14,-0.55,0.3500000000000001,0.1905035304627219,0.1894126310967147,True
BH14,-0.5333333333333333,0.3500000000000001,0.20064828942986931,0.19957498822003322,True
BH14,-0.5166666666666666,0.3500000000000001,0.21083054216997593,0.20976670880529077,True
BH14,-0.5,0.3500000000000001,0.22098580135312038,0.2199885050713349,True
BH14,-0.4833333333333334,0.3500000000000001,0.23106786200594803,0.23024111267133845,True
BH14,-0.4666666666666667,0.3500000000000001,0.24104496073114237,0.24022941520450058,True
BH14,-0.44999999999999996,0.3500000000000001,0.2509178304476471,0.2500217464558047,True
BH14,-0.43333333333333335,0.3500000000000001,0.2606841267050461,0.25981640951256624,True
BH14,-0.41666666666666663,0.3500000000000001,0.27036216713434746,0.26961338203338236,True
BH14,-0.4,0.3500000000000001,0.2799589699327726,0.27941264196200377,True
BH14,-0.3833333333333333,0.3500000000000001,0.2894797280094215,0.2888869188205961,True
BH14,-0.3666666666666667,0.3500000000000001,0.2989396693200734,0.2983281063801552,True
BH14,-0.35,0.3500000000000001,0.3083456287477331,0.3077695698238724,True
BH14,-0.33333333333333337,0.3500000000000001,0.31770172802420327,0.31721130785780804,True
BH14,-0.31666666666666665,0.3500000000000001,0.3270168225281158,0.3266105970222821,True
BH14,-0.30000000000000004,0.3500000000000001,0.3362907482496502,0.33585912389669464,True
BH14,-0.2833333333333333,0.3500000000000001,0.34553202502572067,0.3451077104529703,True
BH14,-0.2666666666666667,0.3500000000000001,0.35474347844054765,0.3543563565507059,True
BH14,-0.25,0.3500000000000001,0.36392905397075587,0.36360506204993925,True
BH14,-0.2333333333333334,0.3500000000000001,0.3730908665622119,0.37279529748096346,True
BH14,-0.21666666666666667,0.3500000000000001,0.3822315777981088,0.3819337420355557,True
BH14,-0.19999999999999996,0.3500000000000001,0.39135421151658056,0.39107220277609345,True
BH14,-0.18333333333333335,0.3500000000000001,0.4004600760714909,0.4002106796833607,True
BH14,-0.16666666666666663,0.3500000000000001,0.4095511753265488,0.40934917273817195,True
BH14,-0.15000000000000002,0.3500000000000001,0.41862964581531104,0.4184362008943784,True
BH14,-0.1333333333333333,0.3500000000000001,0.42769735314895796,0.4275132747272028,True
BH14,-0.1166666666666667,0.3500000000000001,0.4367550434902086,0.43659035381605765,True
BH14,-0.09999999999999998,0.3500000000000001,0.44580434504221117,0.4456674381578122,True
BH14,-0.08333333333333337,0.3500000000000001,0.4548473097619461,0.4547404004049893,True
BH14,-0.06666666666666665,0.3500000000000001,0.46388454458535666,0.4637888541189804,True
BH14,-0.050000000000000044,0.3500000000000001,0.47291708459822224,0.4728373098722326,True
BH14,-0.033333333333333326,0.3500000000000001,0.48194642264080967,0.4818857676641451,True
BH14,-0.01666666666666672,0.3500000000000001,0.4909737071922203,0.4909342274941171,True
BH14,0.0,0.3500000000000001,0.4999996904737546,0.49998156320985715,True
BH14,0.016666666666666607,0.3500000000000001,0.5090257869825545,0.5090275220583995,True
BH14,0.033333333333333215,0.3500000000000001,0.5180526429753609,0.5180734817627093,True
BH14,0.050000000000000044,0.3500000000000001,0.5270823601733938,0.5271194423226779,True
BH14,0.06666666666666665,0.3500000000000001,0.5361147550156145,0.5361654037381973,True
BH14,0.08333333333333326,0.3500000000000001,0.5451517533996552,0.5452287938161713,True
BH14,0.10000000000000009,0.3500000000000001,0.5541945423192467,0.554297838940001,True
BH14,0.1166666666666667,0.3500000000000001,0.5632442317431867,0.5633668829731333,True
BH14,0.1333333333333333,0.3500000000000001,0.5723021931367189,0.5724359259154242,True
BH14,0.1499999999999999,0.3500000000000001,0.5813695346785968,0.5815081959823906,True
BH14,0.16666666666666674,0.3500000000000001,0.5904483434726837,0.5906312195150295,True
BH14,0.18333333333333335,0.3500000000000001,0.5995394714710051,0.599754231504068,True
BH14,0.19999999999999996,0.3500000000000001,0.6086449928732198,0.6088772319386213,True
BH14,0.21666666666666656,0.3500000000000001,0.6177673625198652,0.6180002208077908,True
BH14,0.2333333333333334,0.3500000000000001,0.6269079396022981,0.6271590983812221,True
BH14,0.25,0.3500000000000001,0.6360704633636881,0.6363809156703317,True
BH14,0.2666666666666666,0.3500000000000001,0.6452541414332587,0.6456026629643781,True
BH14,0.2833333333333332,0.3500000000000001,0.6544661833455312,0.6548243400362858,True
BH14,0.30000000000000004,0.3500000000000001,0.6637081751046084,0.6640459466579978,True
BH14,0.31666666666666665,0.3500000000000001,0.6729839074216962,0.6733832352372904,True
BH14,0.33333333333333326,0.3500000000000001,0.6822976563954164,0.6827787575419741,True
BH14,0.3500000000000001,0.3500000000000001,0.6916544090576275,0.6921738992315052,True
BH14,0.3666666666666667,0.3500000000000001,0.7010590855352126,0.7015686571964671,True
BH14,0.3833333333333333,0.3500000000000001,0.7105179278247343,0.7109630282934993,True
BH14,0.3999999999999999,0.3500000000000001,0.7200426853313882,0.7206666590764278,True
BH14,0.41666666666666674,0.3500000000000001,0.7296377573900287,0.7303779449680996,True
BH14,0.43333333333333335,0.3500000000000001,0.7393148741021124,0.7400860363624775,True
BH14,0.44999999999999996,0.3500000000000001,0.7490853634935751,0.7497908676724403,True
BH14,0.46666666666666656,0.3500000000000001,0.7589494713235793,0.7596584271590788,True
BH14,0.4833333333333334,0.3500000000000001,0.7689285311028037,0.7699088496367592,True
BH14,0.5,0.3500000000000001,0.7790067077603157,0.780115341452905,True
BH14,0.5166666666666666,0.3500000000000001,0.7891670583481067,0.7902764767729914,True
BH14,0.5333333333333332,0.3500000000000001,0.7993584613941244,0.8003907651203678,True
BH14,0.55,0.3500000000000001,0.8095003929069209,0.8102927867302501,True
BH14,0.5666666666666667,0.3500000000000001,0.8194875263723707,0.8199818680807474,True
BH14,0.5833333333333333,0.3500000000000001,0.8292561088550654,0.8295320414527338,True
BH14,0.6000000000000001,0.3500000000000001,0.8387468786229386,0.839036957098825,True
BH14,0.6166666666666667,0.3500000000000001,0.8478776123767104,0.8479876147720027,True
BH14,0.6333333333333333,0.3500000000000001,0.8566371674952677,0.856328199197317,True
BH14,0.6499999999999999,0.3500000000000001,0.8650348269274424,0.8646293626359703,True
BH14,0.6666666666666667,0.3500000000000001,0.8731049019810869,0.8728948873579342,True
BH14,0.6833333333333333,0.3500000000000001,0.8808428709203031,0.8811280922921456,True
BH14,0.7,0.3500000000000001,0.8882862634026925,0.8891914717205361,True
BH14,0.7166666666666666,0.3500000000000001,0.89546852203141,0.8958358024884572,True
BH14,0.7333333333333334,0.3500000000000001,0.9024376482636297,0.9024494831810789,True
BH14,0.75,0.3500000000000001,0.9092089408805752,0.9090309748910934,True
BH14,0.7666666666666666,0.3500000000000001,0.9158094969981381,0.9155786579052188,True
BH14,0.7833333333333332,0.3500000000000001,0.9222703742146774,0.9220908288689669,True
BH14,0.8,0.3500000000000001,0.9285970800272088,0.9285656981986469,True
BH14,0.8166666666666667,0.3500000000000001,0.9348365488611889,0.9348100090254879,True
BH14,0.8333333333333333,0.3500000000000001,0.9409799098206645,0.940877462599322,True
BH14,0.8499999999999999,0.3500000000000001,0.9470560074022111,0.9469187709908289,True
BH14,0.8666666666666667,0.3500000000000001,0.953073043132568,0.9529332792342338,True
BH14,0.8833333333333333,0.3500000000000001,0.9590330892494825,0.9589203115426002,True
BH14,0.8999999999999999,0.3500000000000001,0.9649539239074757,0.9648791705300797,True
BH14,0.9166666666666667,0.3500000000000001,0.9708365722300211,0.9707865173445078,True
BH14,0.9333333333333333,0.3500000000000001,0.9767011747211025,0.9766638410865804,True
BH14,0.95,0.3500000000000001,0.9825467814378109,0.9825239923506721,True
BH14,0.9666666666666666,0.3500000000000001,0.9883732628859858,0.9883668309192293,True
BH14,0.9833333333333334,0.3500000000000001,0.9941859819584441,0.9941922147613137,True
BH14,1.0,0.3500000000000001,1.0000000000000002,1.0,True
BH14,-1.0,0.3666666666666667,2.5365329246439714e-17,0.0,True
BH14,-0.9833333333333333,0.3666666666666667,0.0059541273576798216,0.005942756141331085,True
BH14,-0.9666666666666667,0.3666666666666667,0.011909382849991042,0.011892523094813642,True
BH14,-0.95,0.3666666666666667,0.017873384786081307,0.017849278269571063,True
BH14,-0.9333333333333333,0.3666666666666667,0.02385773919544565,0.023812999162513393,True
BH14,-0.9166666666666666,0.3666666666666667,0.02986451495766162,0.029783663357965187,True
BH14,-0.9,0.3666666666666667,0.03590144403510791,0.03584236652178656,True
BH14,-0.8833333333333333,0.3666666666666667,0.04197314267614394,0.041917872788810956,True
BH14,-0.8666666666666667,0.3666666666666667,0.04808343790798699,0.04800421414438838,True
BH14,-0.85,0.3666666666666667,0.05425074437178572,0.054101203545450116,True
BH14,-0.8333333333333334,0.3666666666666667,0.06048920283900827,0.060208657991958105,True
BH14,-0.8166666666666667,0.3666666666666667,0.0667932152277637,0.06650065709979833,True
BH14,-0.8,0.3666666666666667,0.07318428411855887,0.07287666138624545,True
BH14,-0.7833333333333333,0.3666666666666667,0.07968575802808077,0.07928269250702866,True
BH14,-0.7666666666666666,0.3666666666666667,0.08630912689128878,0.08571699559687196,True
BH14,-0.75,0.3666666666666667,0.09306868806813261,0.0921779338631793,True
BH14,-0.7333333333333334,0.3666666666666667,0.09999607703230748,0.09900691762563077,True
BH14,-0.7166666666666667,0.3666666666666667,0.10710139890408096,0.10643334194319842,True
BH14,-0.7,0.3666666666666667,0.11441902840144853,0.11386637164752761,True
BH14,-0.6833333333333333,0.3666666666666667,0.12197033670531934,0.12130694387895477,True
BH14,-0.6666666666666667,0.3666666666666667,0.12977653336163605,0.1287561815961066,True
BH14,-0.65,0.3666666666666667,0.1378822508841196,0.13710730579867836,True
BH14,-0.6333333333333333,0.3666666666666667,0.14627149296585654,0.1456484643091166,True
BH14,-0.6166666666666667,0.3666666666666667,0.15495803551995782,0.15427621041000383,True
BH14,-0.6,0.3666666666666667,0.1639440933022212,0.16314947118602685,True
BH14,-0.5833333333333333,0.3666666666666667,0.17321141983657445,0.17253593835998615,True
BH14,-0.5666666666666667,0.3666666666666667,0.1827276602482985,0.18207199711221153,True
BH14,-0.55,0.3666666666666667,0.19243341205992864,0.19179372369385106,True
BH14,-0.5333333333333333,0.3666666666666667,0.20226550190218195,0.20160806944238316,True
BH14,-0.5166666666666666,0.3666666666666667,0.21216144740231224,0.2114316955346249,True
BH14,-0.5,0.3666666666666667,0.22207369338636934,0.22126130396512278,True
BH14,-0.4833333333333334,0.3666666666666667,0.23193798636720994,0.231114474635828,True
BH14,-0.4666666666666667,0.3666666666666667,0.24175152506969425,0.24087747395384942,True
BH14,-0.44999999999999996,0.3666666666666667,0.25149483058628663,0.2505656767548246,True
BH14,-0.43333333333333335,0.3666666666666667,0.2611610781264541,0.2602568811436661,True
BH14,-0.41666666666666663,0.3666666666666667,0.2707595084387377,0.26995105830359417,True
BH14,-0.4,0.3666666666666667,0.28029459204026597,0.27964817978661005,True
BH14,-0.3833333333333333,0.3666666666666667,0.28976824073256735,0.28909171063590133,True
BH14,-0.3666666666666667,0.3666666666666667,0.29919101621134775,0.29850772343654924,True
BH14,-0.35,0.3666666666666667,0.308563584646152,0.3079240911900801,True
BH14,-0.33333333333333337,0.3666666666666667,0.31789249492635424,0.3173408122290939,True
BH14,-0.31666666666666665,0.3666666666666667,0.3271797345817197,0.3267188389750905,True
BH14,-0.30000000000000004,0.3666666666666667,0.33643718979151327,0.33595651943003085,True
BH14,-0.2833333333333333,0.3666666666666667,0.3456608843759357,0.34519427661974855,True
BH14,-0.2666666666666667,0.3666666666666667,0.35485736939234847,0.35443211036355865,True
BH14,-0.25,0.3666666666666667,0.36402961850374704,0.3636700204813445,True
BH14,-0.2333333333333334,0.3666666666666667,0.3731796613154325,0.37285228957353517,True
BH14,-0.21666666666666667,0.3666666666666667,0.3823108713179709,0.38198490956091685,True
BH14,-0.19999999999999996,0.3666666666666667,0.39142376919456623,0.3911175503502122,True
BH14,-0.18333333333333335,0.3666666666666667,0.40052094654890424,0.4002502119167128,True
BH14,-0.16666666666666663,0.3666666666666667,0.40960498538926127,0.40938289423574953,True
BH14,-0.15000000000000002,0.3666666666666667,0.41867641289351976,0.41846588328518797,True
BH14,-0.1333333333333333,0.3666666666666667,0.4277373499055446,0.4275391890560536,True
BH14,-0.1166666666666667,0.3666666666666667,0.4367893979858555,0.43661250158034354,True
BH14,-0.09999999999999998,0.3666666666666667,0.44583335349455183,0.44568582085403385,True
BH14,-0.08333333333333337,0.3666666666666667,0.45487067104843376,0.45475515302665276,True
BH14,-0.06666666666666665,0.3666666666666667,0.46390294362195494,0.4638006520137362,True
BH14,-0.050000000000000044,0.3666666666666667,0.47293076754624624,0.4728461536207423,True
BH14,-0.033333333333333326,0.3666666666666667,0.48195535401853484,0.481891657846899,True
BH14,-0.01666666666666672,0.3666666666666667,0.4909780184924718,0.49093716469143445,True
BH14,0.0,0.3666666666666667,0.49999965951304404,0.4999815784505104,True
BH14,0.016666666666666607,0.3666666666666667,0.5090211190886104,0.5090246508544077,True
BH14,0.033333333333333215,0.3666666666666667,0.5180437989459372,0.518067724357682,True
BH14,0.050000000000000044,0.3666666666666667,0.5270683336235144,0.527110798960194,True
BH14,0.06666666666666665,0.3666666666666667,0.5360966126378562,0.5361538746618044,True
BH14,0.08333333333333326,0.3666666666666667,0.545128419577685,0.5452138967318743,True
BH14,0.10000000000000009,0.3666666666666667,0.5541660234720456,0.5542794242658674,True
BH14,0.1166666666666667,0.3666666666666667,0.563210025423136,0.5633449503987956,True
BH14,0.1333333333333333,0.3666666666666667,0.572262038381131,0.5724104751304736,True
BH14,0.1499999999999999,0.3666666666666667,0.5813231441470317,0.5814791124910861,True
BH14,0.16666666666666674,0.3666666666666667,0.590394693241382,0.5905969129635174,True
BH14,0.18333333333333335,0.3666666666666667,0.5994781492467183,0.5997146986117672,True
BH14,0.19999999999999996,0.3666666666666667,0.6085758705039616,0.6088324694218615,True
BH14,0.21666666666666656,0.3666666666666667,0.617688480646065,0.6179502253798088,True
BH14,0.2333333333333334,0.3666666666666667,0.6268190709245423,0.6271023678577097,True
BH14,0.25,0.3666666666666667,0.6359689198645424,0.636314982947755,True
BH14,0.2666666666666666,0.3666666666666667,0.6451416460211719,0.6455275081870071,True
BH14,0.2833333333333332,0.3666666666666667,0.6543387462674563,0.6547399432841752,True
BH14,0.30000000000000004,0.3666666666666667,0.6635627656010201,0.6639522879467099,True
BH14,0.31666666666666665,0.3666666666666667,0.6728187223685124,0.673273007697604,True
BH14,0.33333333333333326,0.3666666666666667,0.6821098328009738,0.6826486136348593,True
BH14,0.3500000000000001,0.3666666666666667,0.6914382881836119,0.69202373086866,True
BH14,0.3666666666666667,0.3666666666666667,0.7008092683755407,0.7013983554083086,True
BH14,0.3833333333333333,0.3666666666666667,0.7102296447142249,0.7107724832195679,True
BH14,0.3999999999999999,0.3666666666666667,0.7197024893544111,0.7204104926236868,True
BH14,0.41666666666666674,0.3666666666666667,0.7292382525919385,0.7300543886662408,True
BH14,0.43333333333333335,0.3666666666666667,0.7388407169289936,0.7396941691856713,True
BH14,0.44999999999999996,0.3666666666666667,0.7485072861053907,0.7493282750322531,True
BH14,0.46666666666666656,0.3666666666666667,0.7582498073788464,0.7590366035013061,True
BH14,0.4833333333333334,0.3666666666666667,0.7680633229403999,0.7689433294769056,True
BH14,0.5,0.3666666666666667,0.7779336238857766,0.7788261325759251,True
BH14,0.5166666666666666,0.3666666666666667,0.7878355897640792,0.7886851934195176,True
BH14,0.5333333333333332,0.3666666666666667,0.79773576542502,0.7985206905001937,True
BH14,0.55,0.3666666666666667,0.8075601146434213,0.8082049087239472,True
BH14,0.5666666666666667,0.3666666666666667,0.817258672522241,0.8177640795853299,True
BH14,0.5833333333333333,0.3666666666666667,0.8267860328933554,0.8272505661002276,True
BH14,0.6000000000000001,0.3666666666666667,0.8360515167994725,0.8366698096147449,True
BH14,0.6166666666666667,0.3666666666666667,0.8450348140077627,0.8456810256139262,True
BH14,0.6333333333333333,0.3666666666666667,0.8537437958227383,0.853948548781817,True
BH14,0.6499999999999999,0.3666666666666667,0.8621209929639249,0.8621812165492364,True
BH14,0.6666666666666667,0.3666666666666667,0.8702148088133904,0.8703824087613428,True
BH14,0.6833333333333333,0.3666666666666667,0.8780251330319536,0.8785550862975094,True
BH14,0.7,0.3666666666666667,0.885586934630076,0.8867018534115212,True
BH14,0.7166666666666666,0.3666666666666667,0.8928991175932565,0.8935711422444521,True
BH14,0.7333333333333334,0.3666666666666667,0.9000142523177401,0.9003085505303355,True
BH14,0.75,0.3666666666666667,0.906927870076596,0.9070174149791713,True
BH14,0.7666666666666666,0.3666666666666667,0.9136933674159498,0.9136961828100989,True
BH14,0.7833333333333332,0.3666666666666667,0.9203153980082515,0.9203432084251368,True
BH14,0.8,0.3666666666666667,0.9268104579109697,0.926956748824737,True
BH14,0.8166666666666667,0.3666666666666667,0.9332103534075729,0.933343135047788,True
BH14,0.8333333333333333,0.3666666666666667,0.93951569888881,0.939544374486216,True
BH14,0.8499999999999999,0.3666666666666667,0.9457471222142717,0.94572159498237,True
BH14,0.8666666666666667,0.3666666666666667,0.9519165470125495,0.9518741866433301,True
BH14,0.8833333333333333,0.3666666666666667,0.9580319600128855,0.9580015198033756,True
BH14,0.8999999999999999,0.3666666666666667,0.96410350398063,0.9641029442643098,True
BH14,0.9166666666666667,0.3666666666666667,0.9701352021241706,0.9701402937414334,True
BH14,0.9333333333333333,0.3666666666666667,0.9761423482382745,0.9761420678151536,True
BH14,0.95,0.3666666666666667,0.9821243354596193,0.9821290158235185,True
BH14,0.9666666666666666,0.3666666666666667,0.9880902883181063,0.9881010478030056,True
BH14,0.9833333333333334,0.3666666666666667,0.9940473313263112,0.9940580730275252,True
BH14,1.0,0.3666666666666667,1.0,1.0,True
BH14,-1.0,0.3833333333333333,-3.267211702585898e-18,1.7042372750456068e-17,True
BH14,-0.9833333333333333,0.3833333333333333,0.006087250643109032,0.0060807128702961896,True
BH14,-0.9666666666666667,0.3833333333333333,0.012175898459942965,0.012168163551898262,True
BH14,-0.95,0.3833333333333333,0.018277854518471193,0.018262330078479883,True
BH14,-0.9333333333333333,0.3833333333333333,0.02439725992709149,0.024363190570597226,True
BH14,-0.9166666666666666,0.3833333333333333,0.030539668432639555,0.03047072323531085,True
BH14,-0.9,0.3833333333333333,0.036715629434284094,0.036684546490704656,True
BH14,-0.8833333333333333,0.3833333333333333,0.04292680885817328,0.042912774299139346,True
BH14,-0.8666666666666667,0.3833333333333333,0.049186212102274696,0.049150132047313694,True
BH14,-0.85,0.3833333333333333,0.055495226804325754,0.05539645785032381,True
BH14,-0.8333333333333334,0.3833333333333333,0.061879187864151565,0.06165159345820269,True
BH14,-0.8166666666666667,0.3833333333333333,0.06833029835277708,0.06814282245706454,True
BH14,-0.8,0.3833333333333333,0.07487456711557859,0.07470557216741677,True
BH14,-0.7833333333333333,0.3833333333333333,0.08151979984709638,0.08129131267456163,True
BH14,-0.7666666666666666,0.3833333333333333,0.08827958451454465,0.08789857929899121,True
BH14,-0.75,0.3833333333333333,0.09518110101104915,0.09452601970893326,True
BH14,-0.7333333333333334,0.3833333333333333,0.10223936172771443,0.10161505332885123,True
BH14,-0.7166666666666667,0.3833333333333333,0.10946263160208895,0.10903052690138673,True
BH14,-0.7,0.3833333333333333,0.11688844823264886,0.11645167206315854,True
BH14,-0.6833333333333333,0.3833333333333333,0.12452133414728213,0.1238793020881116,True
BH14,-0.6666666666666667,0.3833333333333333,0.13238172457827838,0.13139987444133444,True
BH14,-0.65,0.3833333333333333,0.14049082442187605,0.13974979008065835,True
BH14,-0.6333333333333333,0.3833333333333333,0.1488600530871667,0.1481665534986537,True
BH14,-0.6166666666666667,0.3833333333333333,0.15749173961174961,0.15665797166772838,True
BH14,-0.6,0.3833333333333333,0.1663552140550617,0.16543134387670144,True
BH14,-0.5833333333333333,0.3833333333333333,0.1754546509170779,0.17462160391523507,True
BH14,-0.5666666666666667,0.3833333333333333,0.18476417656128785,0.1839318045785083,True
BH14,-0.55,0.3833333333333333,0.194240611909899,0.19341626062772221,True
BH14,-0.5333333333333333,0.3833333333333333,0.2038309859579595,0.20307735136477928,True
BH14,-0.5166666666666666,0.3833333333333333,0.21348808101813632,0.21274874397724813,True
BH14,-0.5,0.3833333333333333,0.22317844021693373,0.2224303429855607,True
BH14,-0.4833333333333334,0.3833333333333333,0.23286500888655065,0.23212205418090903,True
BH14,-0.4666666666666667,0.3833333333333333,0.24252556773178774,0.24175596328357826,True
BH14,-0.44999999999999996,0.3833333333333333,0.2521419809597121,0.2513427669751773,True
BH14,-0.43333333333333335,0.3833333333333333,0.26170959895254414,0.26093268757574234,True
BH14,-0.41666666666666663,0.3833333333333333,0.27122804658750527,0.27052571137590264,True
BH14,-0.4,0.3833333333333333,0.2806958440559698,0.28012182474838465,True
BH14,-0.3833333333333333,0.3833333333333333,0.2901145891816409,0.2895144125536706,True
BH14,-0.3666666666666667,0.3833333333333333,0.2994850895131912,0.2988838527862681,True
BH14,-0.35,0.3833333333333333,0.3088207780837441,0.30825406365770164,True
BH14,-0.33333333333333337,0.3833333333333333,0.3181184252874051,0.3176250432886828,True
BH14,-0.31666666666666665,0.3833333333333333,0.3273811291015918,0.3269629031838913,True
BH14,-0.30000000000000004,0.3833333333333333,0.33661319426131153,0.3361772355818111,True
BH14,-0.2833333333333333,0.3833333333333333,0.3458163943228906,0.3453917730775602,True
BH14,-0.2666666666666667,0.3833333333333333,0.35499579274567095,0.3546065153950806,True
BH14,-0.25,0.3833333333333333,0.3641519093041161,0.363821462258811,True
BH14,-0.2333333333333334,0.3833333333333333,0.3732881549309539,0.37298599895073653,True
BH14,-0.21666666666666667,0.3833333333333333,0.38240558725822105,0.38210523343848535,True
BH14,-0.19999999999999996,0.3833333333333333,0.3915088698183747,0.39122452955728826,True
BH14,-0.18333333333333335,0.3833333333333333,0.40059584295149064,0.40034388726309744,True
BH14,-0.16666666666666663,0.3833333333333333,0.4096700283970739,0.4094633065119075,True
BH14,-0.15000000000000002,0.3833333333333333,0.41873337996288973,0.41853669879550104,True
BH14,-0.1333333333333333,0.3833333333333333,0.42778666903074036,0.42760107567062344,True
BH14,-0.1166666666666667,0.3833333333333333,0.43683133188632417,0.4366654735864137,True
BH14,-0.09999999999999998,0.3833333333333333,0.44586870181295446,0.4457298925351909,True
BH14,-0.08333333333333337,0.3833333333333333,0.4548996462814216,0.45479060602020394,True
BH14,-0.06666666666666665,0.3833333333333333,0.46392562978005697,0.4638289972471479,True
BH14,-0.050000000000000044,0.3833333333333333,0.4729475937534138,0.47286739682311224,True
BH14,-0.033333333333333326,0.3833333333333333,0.48196658379825985,0.481905804746601,True
BH14,-0.01666666666666672,0.3833333333333333,0.4909836679505474,0.4909442210161183,True
BH14,0.0,0.3833333333333333,0.49999964701425287,0.4999816155056027,True
BH14,0.016666666666666607,0.3833333333333333,0.5090156994680959,0.5090177506497856,True
BH14,0.033333333333333215,0.3833333333333333,0.5180328490072851,0.5180538893513613,True
BH14,0.050000000000000044,0.3833333333333333,0.5270516635152146,0.5270900316100182,True
BH14,0.06666666666666665,0.3833333333333333,0.5360734606534158,0.5361261774254442,True
BH14,0.08333333333333326,0.3833333333333333,0.5450994416443121,0.5451781982364262,True
BH14,0.10000000000000009,0.3833333333333333,0.5541309626417878,0.5542353798550548,True
BH14,0.1166666666666667,0.3833333333333333,0.5631678663433971,0.5632925575527996,True
BH14,0.1333333333333333,0.3833333333333333,0.5722129408530721,0.5723497313297241,True
BH14,0.1499999999999999,0.3833333333333333,0.5812662147405826,0.5814097867734336,True
BH14,0.16666666666666674,0.3833333333333333,0.5903294371878086,0.5905155479873504,True
BH14,0.18333333333333335,0.3833333333333333,0.5994040739059665,0.599621266185375,True
BH14,0.19999999999999996,0.3833333333333333,0.6084908346041027,0.6087269413537124,True
BH14,0.21666666666666656,0.3833333333333333,0.61759253074564,0.6178325734785618,True
BH14,0.2333333333333334,0.3833333333333333,0.6267110541201832,0.6269695475784967,True
BH14,0.25,0.3833333333333333,0.6358476953256824,0.6361617341823276,True
BH14,0.2666666666666666,0.3833333333333333,0.6450035049152094,0.6453536790346441,True
BH14,0.2833333333333332,0.3833333333333333,0.6541822877865952,0.6545453818857265,True
BH14,0.30000000000000004,0.3833333333333333,0.6633867831070431,0.6637368424855132,True
BH14,0.31666666666666665,0.3833333333333333,0.6726175172461997,0.6730235642413391,True
BH14,0.33333333333333326,0.3833333333333333,0.6818794508824755,0.6823585762309168,True
BH14,0.3500000000000001,0.3833333333333333,0.6911761875909643,0.6916924725051649,True
BH14,0.3666666666666667,0.3833333333333333,0.7005109154132547,0.7010252504984602,True
BH14,0.3833333333333333,0.3833333333333333,0.7098851876037711,0.7103569076374607,True
BH14,0.3999999999999999,0.3833333333333333,0.7193047408448319,0.7199030819952877,True
BH14,0.41666666666666674,0.3833333333333333,0.7287744048411021,0.7294537012089446,True
BH14,0.43333333333333335,0.3833333333333333,0.7382882459253137,0.7389989333978288,True
BH14,0.44999999999999996,0.3833333333333333,0.7478565842605687,0.7485387672196673,True
BH14,0.46666666666666656,0.3833333333333333,0.7574727576307938,0.758133682576811,True
BH14,0.4833333333333334,0.3833333333333333,0.7671311140315004,0.7678764118390571,True
BH14,0.5,0.3833333333333333,0.7768214433703607,0.777596222245323,True
BH14,0.5166666666666666,0.3833333333333333,0.7865104775027706,0.787293283409463,True
BH14,0.5333333333333332,0.3833333333333333,0.7961746325170459,0.7969677629888553,True
BH14,0.55,0.3833333333333333,0.805765889253812,0.8064676148319514,True
BH14,0.5666666666666667,0.3833333333333333,0.8152281403857193,0.8158251508230805,True
BH14,0.5833333333333333,0.3833333333333333,0.8245318563012397,0.8251217108288741,True
BH14,0.6000000000000001,0.3833333333333333,0.8336389260399965,0.8343615699197522,True
BH14,0.6166666666666667,0.3833333333333333,0.8425175120969169,0.8434028987135879,True
BH14,0.6333333333333333,0.3833333333333333,0.8511378808239357,0.8515951867309699,True
BH14,0.6499999999999999,0.3833333333333333,0.8595063487431505,0.8597574177832907,True
BH14,0.6666666666666667,0.3833333333333333,0.8676142219170833,0.8678925379784713,True
BH14,0.6833333333333333,0.3833333333333333,0.8754778070601636,0.8760031238143731,True
BH14,0.7,0.3833333333333333,0.8831135676195825,0.8840914379071181,True
BH14,0.7166666666666666,0.3833333333333333,0.8905273008997515,0.8912700646308562,True
BH14,0.7333333333333334,0.3833333333333333,0.8977653657648813,0.898135569494529,True
BH14,0.75,0.3833333333333333,0.9048123145383861,0.9049767472045936,True
BH14,0.7666666666666666,0.3833333333333333,0.9117206249921423,0.9117921677979474,True
BH14,0.7833333333333332,0.3833333333333333,0.9184800284198469,0.9185803034872666,True
BH14,0.8,0.3833333333333333,0.925123939443182,0.9253395220932987,True
BH14,0.8166666666666667,0.3833333333333333,0.9316712639386168,0.9318724601664167,True
BH14,0.8333333333333333,0.3833333333333333,0.9381275965380962,0.9382085763029901,True
BH14,0.8499999999999999,0.3833333333333333,0.9445052398531714,0.9445228569134446,True
BH14,0.8666666666666667,0.3833333333333333,0.9508162380670694,0.9508147399904652,True
BH14,0.8833333333333333,0.3833333333333333,0.9570739628393246,0.9570836449474065,True
BH14,0.8999999999999999,0.3833333333333333,0.9632841029712856,0.9633289718845255,True
BH14,0.9166666666666667,0.3833333333333333,0.9694566902344297,0.9694986236561863,True
BH14,0.9333333333333333,0.3833333333333333,0.9755976366500696,0.9756276520537128,True
BH14,0.95,0.3833333333333333,0.9817187950809264,0.9817423905479983,True
BH14,0.9666666666666666,0.3833333333333333,0.9878213209732603,0.9878427528422422,True
BH14,0.9833333333333334,0.3833333333333333,0.9939146683961089,0.9939286519125579,True
BH14,1.0,0.3833333333333333,1.0,1.0,True
BH14,-1.0,0.3999999999999999,2.851319939064158e-17,-3.820914082826283e-17,True
BH14,-0.9833333333333333,0.3999999999999999,0.006214266612555525,0.006219695370718687,True
BH14,-0.9666666666666667,0.3999999999999999,0.01243297865350413,0.012445848863321696,True
BH14,-0.95,0.3999999999999999,0.018662010508308086,0.018678439175718733,True
BH14,-0.9333333333333333,0.3999999999999999,0.024910605068249082,0.024917445091567587,True
BH14,-0.9166666666666666,0.3999999999999999,0.031184365095647718,0.031162845479890507,True
BH14,-0.9,0.3999999999999999,0.037490817279009034,0.037535155132346606,True
BH14,-0.8833333333333333,0.3999999999999999,0.043835741508438886,0.04391873777467,True
BH14,-0.8666666666666667,0.3999999999999999,0.050231297607482864,0.05030964987058343,True
BH14,-0.85,0.3999999999999999,0.0566699166863944,0.05670775792964003,True
BH14,-0.8333333333333334,0.3999999999999999,0.0631875322163025,0.06311293157330292,True
BH14,-0.8166666666666667,0.3999999999999999,0.06977894438200302,0.06981986324152009,True
BH14,-0.8,0.3999999999999999,0.07644726310188876,0.07657908024276167,True
BH14,-0.7833333333333333,0.3999999999999999,0.0832291198642125,0.0833528987917114,True
BH14,-0.7666666666666666,0.3999999999999999,0.09011696697845575,0.0901403058930247,True
BH14,-0.75,0.3999999999999999,0.09714149975991111,0.09694037629187316,True
BH14,-0.7333333333333334,0.3999999999999999,0.10431057121365665,0.10421841500578811,True
BH14,-0.7166666666666667,0.3999999999999999,0.11163792098730063,0.11162251882848045,True
BH14,-0.7,0.3999999999999999,0.11914796611745078,0.11903130289338978,True
BH14,-0.6833333333333333,0.3999999999999999,0.12684534828626473,0.1264454455947085,True
BH14,-0.6666666666666667,0.3999999999999999,0.1347428070606162,0.13410815998645148,True
BH14,-0.65,0.3999999999999999,0.1428569964241719,0.14234635359860187,True
BH14,-0.6333333333333333,0.3999999999999999,0.15119419254494199,0.15064211078582126,True
BH14,-0.6166666666666667,0.3999999999999999,0.15975413508670103,0.15900173940375187,True
BH14,-0.6,0.3999999999999999,0.16852387585105696,0.16767928893118617,True
BH14,-0.5833333333333333,0.3999999999999999,0.17749562937182212,0.17668965308041792,True
BH14,-0.5666666666666667,0.3999999999999999,0.18663136799039554,0.18579634429415304,True
BH14,-0.55,0.3999999999999999,0.19592134028939578,0.19505505449309596,True
BH14,-0.5333333333333333,0.3999999999999999,0.20531835939994714,0.2045602138679965,True
BH14,-0.5166666666666666,0.3999999999999999,0.2147860169002818,0.21407674548504851,True
BH14,-0.5,0.3999999999999999,0.22429483676747755,0.22360454143363515,True
BH14,-0.4833333333333334,0.3999999999999999,0.23381864986797715,0.23314349528015849,True
BH14,-0.4666666666666667,0.3999999999999999,0.2433419682064859,0.24265721620794384,True
BH14,-0.44999999999999996,0.3999999999999999,0.2528432297937081,0.2521465579875215,True
BH14,-0.43333333333333335,0.3999999999999999,0.262310786398286,0.2616393108486118,True
BH14,-0.41666666666666663,0.3999999999999999,0.27174377614412415,0.271135459692869,True
BH14,-0.4,0.3999999999999999,0.2811405214241475,0.2806349895131008,True
BH14,-0.3833333333333333,0.3999999999999999,0.2904999508283632,0.2899752165176208,True
BH14,-0.3666666666666667,0.3999999999999999,0.29982875995309705,0.29929631401887646,True
BH14,-0.35,0.3999999999999999,0.30911890156670013,0.3086182614530255,True
BH14,-0.33333333333333337,0.3999999999999999,0.31837943114755113,0.3179410567431808,True
BH14,-0.31666666666666665,0.3999999999999999,0.32761237099424045,0.3272360430521303,True
BH14,-0.30000000000000004,0.3999999999999999,0.33681717148499013,0.3364250201705242,True
BH14,-0.2833333333333333,0.3999999999999999,0.3459985502317663,0.34561422521679175,True
BH14,-0.2666666666666667,0.3999999999999999,0.3551563606918329,0.3548036578838978,True
BH14,-0.25,0.3999999999999999,0.3642941502366941,0.3639933178653598,True
BH14,-0.2333333333333334,0.3999999999999999,0.37341463970869715,0.3731381133166811,True
BH14,-0.21666666666666667,0.3999999999999999,0.382518393753864,0.38224234685732933,True
BH14,-0.19999999999999996,0.3999999999999999,0.3916075977706069,0.391346649187658,True
BH14,-0.18333333333333335,0.3999999999999999,0.4006833016660846,0.4004510202584849,True
BH14,-0.16666666666666663,0.3999999999999999,0.4097469978368288,0.40955546002067456,True
BH14,-0.15000000000000002,0.3999999999999999,0.4188003077783673,0.4186179228560036,True
BH14,-0.1333333333333333,0.3999999999999999,0.4278444929063417,0.42767211831981694,True
BH14,-0.1166666666666667,0.3999999999999999,0.43688067239212475,0.43672633730403104,True
BH14,-0.09999999999999998,0.3999999999999999,0.4459100509308619,0.4457805798000584,True
BH14,-0.08333333333333337,0.3999999999999999,0.4549337479111316,0.4548314175288044,True
BH14,-0.06666666666666665,0.3999999999999999,0.4639523793993371,0.46386163893331117,True
BH14,-0.050000000000000044,0.3999999999999999,0.4729673234948623,0.47289186966327823,True
BH14,-0.033333333333333326,0.3999999999999999,0.4819797049897476,0.48192210971703453,True
BH14,-0.01666666666666672,0.3999999999999999,0.4909902322201405,0.490952359092909,True
BH14,0.0,0.3999999999999999,0.4999995894997752,0.49998166244520215,True
BH14,0.016666666666666607,0.3999999999999999,0.5090088768719904,0.5090097972956027,True
BH14,0.033333333333333215,0.3999999999999999,0.5180195057752537,0.5180379361707954,True
BH14,0.050000000000000044,0.3999999999999999,0.5270317114146079,0.5270660790704274,True
BH14,0.06666666666666665,0.3999999999999999,0.536046822624687,0.5360942259941464,True
BH14,0.08333333333333326,0.3999999999999999,0.5450655438262106,0.5451370296276474,True
BH14,0.10000000000000009,0.3999999999999999,0.5540889817676437,0.554184603281102,True
BH14,0.1166666666666667,0.3999999999999999,0.5631188180403948,0.5632321731174261,True
BH14,0.1333333333333333,0.3999999999999999,0.5721549440837514,0.5722797391366821,True
BH14,0.1499999999999999,0.3999999999999999,0.5811991163661253,0.5813299348781356,True
BH14,0.16666666666666674,0.3999999999999999,0.5902523863034537,0.5904219864017166,True
BH14,0.18333333333333335,0.3999999999999999,0.5993167935964193,0.5995139919835408,True
BH14,0.19999999999999996,0.3999999999999999,0.6083919704100504,0.6086059516088791,True
BH14,0.21666666666666656,0.3999999999999999,0.6174808214774248,0.6176978652629965,True
BH14,0.2333333333333334,0.3999999999999999,0.6265844175301943,0.6268178923414724,True
BH14,0.25,0.3999999999999999,0.6357053556162156,0.6359875717443118,True
BH14,0.2666666666666666,0.3999999999999999,0.6448428295261002,0.6451569940215798,True
BH14,0.2833333333333332,0.3999999999999999,0.6540017364933983,0.6543261589080277,True
BH14,0.30000000000000004,0.3999999999999999,0.663182682352496,0.6634950661380454,True
BH14,0.31666666666666665,0.3999999999999999,0.672387690025666,0.672746217734093,True
BH14,0.33333333333333326,0.3999999999999999,0.6816202726381195,0.6820394216592092,True
BH14,0.3500000000000001,0.3999999999999999,0.6908815485387272,0.6913314471828454,True
BH14,0.3666666666666667,0.3999999999999999,0.7001713313991766,0.7006222916042055,True
BH14,0.3833333333333333,0.3999999999999999,0.7094958850322005,0.7099119522144026,True
BH14,0.3999999999999999,0.3999999999999999,0.7188588706291152,0.719373239971725,True
BH14,0.41666666666666674,0.3999999999999999,0.7282547170459279,0.7288384495958442,True
BH14,0.43333333333333335,0.3999999999999999,0.7376878834700775,0.7382981670699704,True
BH14,0.44999999999999996,0.3999999999999999,0.7471552463779472,0.7477523809275873,True
BH14,0.46666666666666656,0.3999999999999999,0.7566573432774899,0.7572380228697246,True
BH14,0.4833333333333334,0.3999999999999999,0.766177560186574,0.7668192958581872,True
BH14,0.5,0.3999999999999999,0.7756987271396922,0.7763786162318944,True
BH14,0.5166666666666666,0.3999999999999999,0.7852133529648626,0.7859161432520587,True
BH14,0.5333333333333332,0.3999999999999999,0.7946854827153299,0.7954320343817327,True
BH14,0.55,0.3999999999999999,0.8040777599813744,0.8047612873945422,True
BH14,0.5666666666666667,0.3999999999999999,0.8133656549710875,0.8139265581147208,True
BH14,0.5833333333333333,0.3999999999999999,0.8225058286644493,0.8230411717411833,True
BH14,0.6000000000000001,0.3999999999999999,0.8314648176476346,0.8321084549755388,True
BH14,0.6166666666666667,0.3999999999999999,0.8402420431001292,0.8411314157506813,True
BH14,0.6333333333333333,0.3999999999999999,0.8488020252732048,0.8492687539719748,True
BH14,0.6499999999999999,0.3999999999999999,0.8571409484511368,0.8573585310225071,True
BH14,0.6666666666666667,0.3999999999999999,0.8652583346764428,0.8654257747332412,True
BH14,0.6833333333333333,0.3999999999999999,0.8731613990548647,0.8734726489239222,True
BH14,0.7,0.3999999999999999,0.8808565174293517,0.8815010507431569,True
BH14,0.7166666666666666,0.3999999999999999,0.888361423292528,0.8889304148853047,True
BH14,0.7333333333333334,0.3999999999999999,0.8956887032521534,0.895928510593226,True
BH14,0.75,0.3999999999999999,0.902850928430023,0.9029071351511212,True
BH14,0.7666666666666666,0.3999999999999999,0.9098768086197814,0.9098650524493672,True
BH14,0.7833333333333332,0.3999999999999999,0.9167682063511591,0.9168009304514233,True
BH14,0.8,0.3999999999999999,0.9235476627256618,0.9237133330668321,True
BH14,0.8166666666666667,0.3999999999999999,0.930221025708777,0.9303979371779938,True
BH14,0.8333333333333333,0.3999999999999999,0.9368131941397716,0.9368700334923865,True
BH14,0.8499999999999999,0.3999999999999999,0.9433251640063949,0.9433225363317603,True
BH14,0.8666666666666667,0.3999999999999999,0.9497719597294852,0.9497549345154633,True
BH14,0.8833333333333333,0.3999999999999999,0.9561629128208758,0.9561666996329153,True
BH14,0.8999999999999999,0.3999999999999999,0.9625083503139211,0.9625572853445068,True
BH14,0.9166666666666667,0.3999999999999999,0.968815012354106,0.9688590447158916,True
BH14,0.9333333333333333,0.3999999999999999,0.9750893278994566,0.9751149192871686,True
BH14,0.95,0.3999999999999999,0.9813324322337961,0.9813570351413821,True
BH14,0.9666666666666666,0.3999999999999999,0.9875659069749745,0.9875853095853857,True
BH14,0.9833333333333334,0.3999999999999999,0.9937856258986324,0.9937996592335057,True
BH14,1.0,0.3999999999999999,1.0,1.0,True
BH14,-1.0,0.41666666666666674,-3.964320536391655e-17,-3.5305916912800354e-18,True
BH14,-0.9833333333333333,0.41666666666666674,0.0063352935475333265,0.006347344579472943,True
BH14,-0.9666666666666667,0.41666666666666674,0.012676333049949586,0.012698997574781231,True
BH14,-0.95,0.41666666666666674,0.019030467630218706,0.019054910739279913,True
BH14,-0.9333333333333333,0.41666666666666674,0.02540168552497334,0.025415036522621826,True
BH14,-0.9166666666666666,0.41666666666666674,0.03179962314339649,0.03177932805864684,True
BH14,-0.9,0.41666666666666674,0.03822729545085346,0.03828229025896079,True
BH14,-0.8833333333333333,0.41666666666666674,0.0447005825813839,0.04479033290313052,True
BH14,-0.8666666666666667,0.41666666666666674,0.05121697972780612,0.05130222886054092,True
BH14,-0.85,0.41666666666666674,0.05778467155001249,0.05781797758299888,True
BH14,-0.8333333333333334,0.41666666666666674,0.06442549958315887,0.06433757852099012,True
BH14,-0.8166666666666667,0.41666666666666674,0.0711360418864011,0.07119251831848994,True
BH14,-0.8,0.41666666666666674,0.07792782308043511,0.07806780902230742,True
BH14,-0.7833333333333333,0.41666666666666674,0.08482705980748054,0.08494688772495831,True
BH14,-0.7666666666666666,0.41666666666666674,0.09182972630704117,0.09182972063974522,True
BH14,-0.75,0.41666666666666674,0.09895867603484733,0.09871627434087772,True
BH14,-0.7333333333333334,0.41666666666666674,0.10622430839572343,0.10625822627774281,True
BH14,-0.7166666666666667,0.41666666666666674,0.11363520406134163,0.11383166793970281,True
BH14,-0.7,0.41666666666666674,0.12120693513258612,0.1213996856186714,True
BH14,-0.6833333333333333,0.41666666666666674,0.12895706921292893,0.12896201533899593,True
BH14,-0.6666666666666667,0.41666666666666674,0.13688896839060458,0.13677049311036477,True
BH14,-0.65,0.41666666666666674,0.14500723771269078,0.14489959619203607,True
BH14,-0.6333333333333333,0.41666666666666674,0.15331500777568527,0.15307780178357497,True
BH14,-0.6166666666666667,0.41666666666666674,0.16181106173419205,0.16131015705705315,True
BH14,-0.6,0.41666666666666674,0.17049622474076814,0.16989744419078548,True
BH14,-0.5833333333333333,0.41666666666666674,0.1793548002827427,0.1787424747814253,True
BH14,-0.5666666666666667,0.41666666666666674,0.18836255483567965,0.187664897964733,True
BH14,-0.55,0.41666666666666674,0.19749884698623113,0.19671052929962002,True
BH14,-0.5333333333333333,0.41666666666666674,0.20673640404374893,0.20605700801717697,True
BH14,-0.5166666666666666,0.41666666666666674,0.21604703683985257,0.21541598069612128,True
BH14,-0.5,0.41666666666666674,0.2254015312416512,0.2247873259451409,True
BH14,-0.4833333333333334,0.41666666666666674,0.23478605073653905,0.2341709240815879,True
BH14,-0.4666666666666667,0.41666666666666674,0.24418335059760565,0.2435613302471786,True
BH14,-0.44999999999999996,0.41666666666666674,0.2535726798885394,0.25295278271125216,True
BH14,-0.43333333333333335,0.41666666666666674,0.2629462534244561,0.26234794417744,True
BH14,-0.41666666666666663,0.41666666666666674,0.2722964250487032,0.2717467981245801,True
BH14,-0.4,0.41666666666666674,0.2816229992193713,0.2811493281320684,True
BH14,-0.3833333333333333,0.41666666666666674,0.29092330351038365,0.2904365268883716,True
BH14,-0.3666666666666667,0.41666666666666674,0.3002010256089953,0.29970921470695,True
BH14,-0.35,0.41666666666666674,0.3094499285873247,0.3089828320776945,True
BH14,-0.33333333333333337,0.41666666666666674,0.3186690103662176,0.3182573767245228,True
BH14,-0.31666666666666665,0.41666666666666674,0.3278685315986172,0.3275093142242073,True
BH14,-0.30000000000000004,0.41666666666666674,0.33704492663737556,0.33667292222791156,True
BH14,-0.2833333333333333,0.41666666666666674,0.34620083187165157,0.34583678102664966,True
BH14,-0.2666666666666667,0.41666666666666674,0.3553360890340297,0.3550008902823091,True
BH14,-0.25,0.41666666666666674,0.3644550062074311,0.3641652496573866,True
BH14,-0.2333333333333334,0.41666666666666674,0.37355775987884016,0.3732902670960344,True
BH14,-0.21666666666666667,0.41666666666666674,0.3826450042932566,0.3823794959287129,True
BH14,-0.19999999999999996,0.41666666666666674,0.39171971449932924,0.39146880071506285,True
BH14,-0.18333333333333335,0.41666666666666674,0.4007824874862338,0.4005581814007593,True
BH14,-0.16666666666666663,0.41666666666666674,0.4098341105265203,0.4096476379315298,True
BH14,-0.15000000000000002,0.41666666666666674,0.4188763182687999,0.4186991620020395,True
BH14,-0.1333333333333333,0.41666666666666674,0.4279103114132618,0.4277431747495424,True
BH14,-0.1166666666666667,0.41666666666666674,0.4369369779277896,0.43678721349813066,True
BH14,-0.09999999999999998,0.41666666666666674,0.44595698077087254,0.44583127823830926,True
BH14,-0.08333333333333337,0.41666666666666674,0.45497218654177995,0.4548722370298549,True
BH14,-0.06666666666666665,0.41666666666666674,0.46398298857166753,0.4638942880203102,True
BH14,-0.050000000000000044,0.41666666666666674,0.4729900607008131,0.4729163493128778,True
BH14,-0.033333333333333326,0.41666666666666674,0.4819946007075778,0.48193842090571126,True
BH14,-0.01666666666666672,0.41666666666666674,0.49099751524312635,0.4909605027969646,True
BH14,0.0,0.41666666666666674,0.4999994826891511,0.49998171441436323,True
BH14,0.016666666666666607,0.41666666666666674,0.5090016012244183,0.5090018486039632,True
BH14,0.033333333333333215,0.41666666666666674,0.518004797628072,0.5180219872858187,True
BH14,0.050000000000000044,0.41666666666666674,0.5270093397077545,0.5270421304595364,True
BH14,0.06666666666666665,0.41666666666666674,0.5360165454915649,0.5360622781247223,True
BH14,0.08333333333333326,0.41666666666666674,0.5450267572720643,0.5450958651198733,True
BH14,0.10000000000000009,0.41666666666666674,0.5540418123426905,0.5541338307162857,True
BH14,0.1166666666666667,0.41666666666666674,0.5630621947556349,0.5631717925993243,True
BH14,0.1333333333333333,0.41666666666666674,0.5720890467238862,0.5722097507690491,True
BH14,0.1499999999999999,0.41666666666666674,0.5811229573993448,0.5812500884802859,True
BH14,0.16666666666666674,0.41666666666666674,0.5901654451991336,0.5903284330740617,True
BH14,0.18333333333333335,0.41666666666666674,0.5992172262990101,0.5994067288019851,True
BH14,0.19999999999999996,0.41666666666666674,0.6082796742583858,0.608484975648395,True
BH14,0.21666666666666656,0.41666666666666674,0.617354014875735,0.6175631735976228,True
BH14,0.2333333333333334,0.41666666666666674,0.6264417788345179,0.6266662742607771,True
BH14,0.25,0.41666666666666674,0.6355449121977541,0.635813466260336,True
BH14,0.2666666666666666,0.41666666666666674,0.6446636220367081,0.644960385801086,True
BH14,0.2833333333333332,0.41666666666666674,0.6537991317590068,0.6541070326023333,True
BH14,0.30000000000000004,0.41666666666666674,0.6629539571233002,0.663253406383002,True
BH14,0.31666666666666665,0.41666666666666674,0.6721298115187886,0.6724691591247003,True
BH14,0.33333333333333326,0.41666666666666674,0.6813295739070746,0.6817206462764331,True
BH14,0.3500000000000001,0.41666666666666674,0.6905508375615312,0.6909708927579519,True
BH14,0.3666666666666667,0.41666666666666674,0.699799394321444,0.700219895735159,True
BH14,0.3833333333333333,0.41666666666666674,0.7090744271302147,0.7094676523655075,True
BH14,0.3999999999999999,0.41666666666666674,0.7183751453835432,0.7188451557237663,True
BH14,0.41666666666666674,0.41666666666666674,0.7277050660016806,0.7282254003429146,True
BH14,0.43333333333333335,0.41666666666666674,0.7370528474444401,0.737600049536808,True
BH14,0.44999999999999996,0.41666666666666674,0.7464301503272,0.7469690917213618,True
BH14,0.46666666666666656,0.41666666666666674,0.7558171641458437,0.7563494550340677,True
BH14,0.4833333333333334,0.41666666666666674,0.7652108326772953,0.765771754360195,True
BH14,0.5,0.41666666666666674,0.7745968439731774,0.7751730311234926,True
BH14,0.5166666666666666,0.41666666666666674,0.7839558699466962,0.784553434846339,True
BH14,0.5333333333333332,0.41666666666666674,0.7932677549399958,0.7939131133985668,True
BH14,0.55,0.41666666666666674,0.8024995340475499,0.80308354124347,True
BH14,0.5666666666666667,0.41666666666666674,0.8116262106577772,0.8120653886169418,True
BH14,0.5833333333333333,0.41666666666666674,0.8206407142563508,0.8210056735653852,True
BH14,0.6000000000000001,0.41666666666666674,0.829492584753142,0.8299069531288614,True
BH14,0.6166666666666667,0.41666666666666674,0.8381848998971242,0.838771556313638,True
BH14,0.6333333333333333,0.41666666666666674,0.8466891963224159,0.8469699163152447,True
BH14,0.6499999999999999,0.41666666666666674,0.8550007657300075,0.8549851417506176,True
BH14,0.6666666666666667,0.41666666666666674,0.8631178516451563,0.8629826362468933,True
BH14,0.6833333333333333,0.41666666666666674,0.8710464445736423,0.8709641205153501,True
BH14,0.7,0.41666666666666674,0.8787917893499204,0.8789311007028329,True
BH14,0.7166666666666666,0.41666666666666674,0.8863638375405454,0.8865499004421716,True
BH14,0.7333333333333334,0.41666666666666674,0.8937705783382184,0.8936851977819278,True
BH14,0.75,0.41666666666666674,0.9010364373530151,0.9008065937699191,True
BH14,0.7666666666666666,0.41666666666666674,0.908163558157151,0.9079131356689045,True
BH14,0.7833333333333332,0.41666666666666674,0.9151716769693699,0.9150037874558837,True
BH14,0.8,0.41666666666666674,0.9220666615320808,0.9220774212818319,True
BH14,0.8166666666666667,0.41666666666666674,0.9288619121023763,0.928919518119192,True
BH14,0.8333333333333333,0.41666666666666674,0.9355731230995397,0.9355287109198931,True
BH14,0.8499999999999999,0.41666666666666674,0.9422144268653161,0.9421206124307042,True
BH14,0.8666666666666667,0.41666666666666674,0.9487838441995997,0.9486947653726564,True
BH14,0.8833333333333333,0.41666666666666674,0.9552975975562294,0.955250696753718,True
BH14,0.8999999999999999,0.41666666666666674,0.9617694506533766,0.9617879172141226,True
BH14,0.9166666666666667,0.41666666666666674,0.9681985897350915,0.968221546812634,True
BH14,0.9333333333333333,0.41666666666666674,0.9745972815744017,0.9746038613329048,True
BH14,0.95,0.41666666666666674,0.9809679111325378,0.9809729433935097,True
BH14,0.9666666666666666,0.41666666666666674,0.9873227500636164,0.9873287138428646,True
BH14,0.9833333333333334,0.41666666666666674,0.9936631488626118,0.9936710928705124,True
BH14,1.0,0.41666666666666674,1.0,1.0,True
BH14,-1.0,0.43333333333333335,9.127908314162587e-18,-2.1414093013021227e-17,True
BH14,-0.9833333333333333,0.43333333333333335,0.006451390300975421,0.0064502930475468095,True
BH14,-0.9666666666666667,0.43333333333333335,0.01290840217247666,0.01290413764003585,True
BH14,-0.95,0.43333333333333335,0.01937746715167093,0.01936149336637198,True
BH14,-0.9333333333333333,0.43333333333333335,0.02586686578564531,0.025822320411627384,True
BH14,-0.9166666666666666,0.43333333333333335,0.032381268129350875,0.032288861752204454,True
BH14,-0.9,0.43333333333333335,0.03892997706279299,0.03889031080788985,True
BH14,-0.8833333333333333,0.43333333333333335,0.04551351182813468,0.045495633983225245,True
BH14,-0.8666666666666667,0.43333333333333335,0.05214542885409393,0.05210483068775236,True
BH14,-0.85,0.43333333333333335,0.05883635112985888,0.05871790032968132,True
BH14,-0.8333333333333334,0.43333333333333335,0.06558192493326664,0.06534055946072524,True
BH14,-0.8166666666666667,0.43333333333333335,0.07241122958789599,0.07229158082367088,True
BH14,-0.8,0.43333333333333335,0.07931598912922114,0.07924598100285296,True
BH14,-0.7833333333333333,0.43333333333333335,0.086315786624455,0.08620372870240756,True
BH14,-0.7666666666666666,0.43333333333333335,0.09341788130820415,0.09316479297977154,True
BH14,-0.75,0.43333333333333335,0.10063741840548868,0.10017239025473221,True
BH14,-0.7333333333333334,0.43333333333333335,0.10798531249474985,0.10776796002820602,True
BH14,-0.7166666666666667,0.43333333333333335,0.11546562209471287,0.11535887751668378,True
BH14,-0.7,0.43333333333333335,0.12309567536704413,0.12294491947198086,True
BH14,-0.6833333333333333,0.43333333333333335,0.13088277282454855,0.13052584813167417,True
BH14,-0.6666666666666667,0.43333333333333335,0.1388330262418497,0.13854061561647196,True
BH14,-0.65,0.43333333333333335,0.1469435281765319,0.14680643354077608,True
BH14,-0.6333333333333333,0.43333333333333335,0.1552368740609163,0.15508903185469253,True
BH14,-0.6166666666666667,0.43333333333333335,0.1636874601257203,0.1633893856406637,True
BH14,-0.6,0.43333333333333335,0.1723016344950385,0.17204846212573105,True
BH14,-0.5833333333333333,0.43333333333333335,0.18106538708589595,0.18078205468454328,True
BH14,-0.5666666666666667,0.43333333333333335,0.18995493016453213,0.18953688638025978,True
BH14,-0.55,0.43333333333333335,0.19896921675896861,0.198383124200096,True
BH14,-0.5333333333333333,0.43333333333333335,0.20807326415049684,0.207568097269629,True
BH14,-0.5166666666666666,0.43333333333333335,0.21724989676705245,0.21676674003941815,True
BH14,-0.5,0.43333333333333335,0.226483327208478,0.2259789165020062,True
BH14,-0.4833333333333334,0.43333333333333335,0.23574552786565486,0.23520449261855486,True
BH14,-0.4666666666666667,0.43333333333333335,0.24502786969922552,0.2444683241308556,True
BH14,-0.44999999999999996,0.43333333333333335,0.254317187546922,0.25376145700861735,True
BH14,-0.43333333333333335,0.43333333333333335,0.2636013517521228,0.2630586006061485,True
BH14,-0.41666666666666663,0.43333333333333335,0.2728745206076575,0.27235973694490884,True
BH14,-0.4,0.43333333333333335,0.2821332187353838,0.2816648481566771,True
BH14,-0.3833333333333333,0.43333333333333335,0.2913757381207066,0.2908983447138631,True
BH14,-0.3666666666666667,0.43333333333333335,0.30059909215907105,0.3001225557576732,True
BH14,-0.35,0.43333333333333335,0.3098016226820498,0.3093477762994855,True
BH14,-0.33333333333333337,0.43333333333333335,0.3189850536313722,0.31857400386241497,True
BH14,-0.31666666666666665,0.43333333333333335,0.32814812607652377,0.32778271680725857,True
BH14,-0.30000000000000004,0.43333333333333335,0.3372950833086428,0.3369209418496919,True
BH14,-0.2833333333333333,0.43333333333333335,0.34642333963215055,0.34605944059149596,True
BH14,-0.2666666666666667,0.43333333333333335,0.35553586970128725,0.3551982126633804,True
BH14,-0.25,0.43333333333333335,0.36463160721309895,0.3643372576967211,True
BH14,-0.2333333333333334,0.43333333333333335,0.3737152824876127,0.37344246030359024,True
BH14,-0.21666666666666667,0.43333333333333335,0.38278551924619203,0.38251668066600886,True
BH14,-0.19999999999999996,0.43333333333333335,0.3918441459848737,0.39159098415145793,True
BH14,-0.18333333333333335,0.43333333333333335,0.40089177529449627,0.400665370700463,True
BH14,-0.16666666666666663,0.43333333333333335,0.4099308829459293,0.40973984025360627,True
BH14,-0.15000000000000002,0.43333333333333335,0.41896085849399384,0.41878041623650575,True
BH14,-0.1333333333333333,0.43333333333333335,0.42798356575455176,0.42781424496244536,True
BH14,-0.1166666666666667,0.43333333333333335,0.43699942193280006,0.4368481021711069,True
BH14,-0.09999999999999998,0.43333333333333335,0.44600971235436204,0.44588198785208727,True
BH14,-0.08333333333333337,0.43333333333333335,0.45501520248272775,0.45491306452422264,True
BH14,-0.06666666666666665,0.43333333333333335,0.46401698030583327,0.4639269445089482,True
BH14,-0.050000000000000044,0.43333333333333335,0.4730154668139155,0.47294083577264995,True
BH14,-0.033333333333333326,0.43333333333333335,0.4820116188053944,0.48195473831330615,True
BH14,-0.01666666666666672,0.43333333333333335,0.4910059279994428,0.4909686521288954,True
BH14,0.0,0.43333333333333335,0.49999940060069215,0.49998177141343225,True
BH14,0.016666666666666607,0.43333333333333335,0.5089931753470391,0.508993904575188,True
BH14,0.033333333333333215,0.43333333333333335,0.5179878790235057,0.5180060426967272,True
BH14,0.050000000000000044,0.43333333333333335,0.5269836261734397,0.5270181857776153,True
BH14,0.06666666666666665,0.43333333333333335,0.5359824093848016,0.5360303338174177,True
BH14,0.08333333333333326,0.43333333333333335,0.5449843252451391,0.545054704713163,True
BH14,0.10000000000000009,0.43333333333333335,0.5539894824943374,0.5540830621606637,True
BH14,0.1166666666666667,0.43333333333333335,0.5629997722514791,0.56311141599855,True
BH14,0.1333333333333333,0.43333333333333335,0.5720158800247291,0.5721397662268801,True
BH14,0.1499999999999999,0.43333333333333335,0.5810382982064896,0.581170247578225,True
BH14,0.16666666666666674,0.43333333333333335,0.5900692225448249,0.5902348880018911,True
BH14,0.18333333333333335,0.43333333333333335,0.599107439356863,0.5992994766373787,True
BH14,0.19999999999999996,0.43333333333333335,0.6081554081836804,0.6083640134680944,True
BH14,0.21666666666666656,0.43333333333333335,0.6172139537739365,0.6174284984774381,True
BH14,0.2333333333333334,0.43333333333333335,0.6262841148848614,0.6265146932874726,True
BH14,0.25,0.43333333333333335,0.6353671992368933,0.6356394176553088,True
BH14,0.2666666666666666,0.43333333333333335,0.6444651159933384,0.6447638542718106,True
BH14,0.2833333333333332,0.43333333333333335,0.6535759041797335,0.653888002840922,True
BH14,0.30000000000000004,0.43333333333333335,0.6627043185254554,0.663011863066185,True
BH14,0.31666666666666665,0.43333333333333335,0.6718485961386561,0.6721923874749262,True
BH14,0.33333333333333326,0.43333333333333335,0.6810150219015525,0.681402248843991,True
BH14,0.3500000000000001,0.43333333333333335,0.6901958697177349,0.6906108076887721,True
BH14,0.3666666666666667,0.43333333333333335,0.6993996363216706,0.6998180610437247,True
BH14,0.3833333333333333,0.43333333333333335,0.7086241297007136,0.7090240059345029,True
BH14,0.3999999999999999,0.43333333333333335,0.7178640159787388,0.7183188156199618,True
BH14,0.41666666666666674,0.43333333333333335,0.7271229832214501,0.7276145363328443,True
BH14,0.43333333333333335,0.43333333333333335,0.73639971740491,0.7369045601652664,True
BH14,0.44999999999999996,0.43333333333333335,0.7456823917234481,0.746188875422052,True
BH14,0.46666666666666656,0.43333333333333335,0.7549708049861102,0.7554678149219934,True
BH14,0.4833333333333334,0.43333333333333335,0.7642531527391727,0.76473356708797,True
BH14,0.5,0.43333333333333335,0.7735157221714712,0.7739791920677699,True
BH14,0.5166666666666666,0.43333333333333335,0.7827437029806426,0.7832048302206335,True
BH14,0.5333333333333332,0.43333333333333335,0.7919245237605661,0.7924106203872107,True
BH14,0.55,0.43333333333333335,0.801027807868772,0.8014322173593423,True
BH14,0.5666666666666667,0.43333333333333335,0.8100361942360877,0.8102389820062406,True
BH14,0.5833333333333333,0.43333333333333335,0.8189298363748525,0.8190122001136138,True
BH14,0.6000000000000001,0.43333333333333335,0.8276908519394419,0.8277538055302354,True
BH14,0.6166666666666667,0.43333333333333335,0.8363076391575686,0.8365255536045083,True
BH14,0.6333333333333333,0.43333333333333335,0.8447641753172765,0.8448328742278463,True
BH14,0.6499999999999999,0.43333333333333335,0.8530502507203959,0.8528614830764827,True
BH14,0.6666666666666667,0.43333333333333335,0.8611672255351779,0.8608882797439066,True
BH14,0.6833333333333333,0.43333333333333335,0.8691190108036195,0.8689133159087643,True
BH14,0.7,0.43333333333333335,0.8769014611847668,0.8769366413025813,True
BH14,0.7166666666666666,0.43333333333333335,0.8845301354464518,0.8847133531783,True
BH14,0.7333333333333334,0.43333333333333335,0.8920086870032045,0.8919072007561399,True
BH14,0.75,0.43333333333333335,0.8993573418941427,0.8990967057588839,True
BH14,0.7666666666666666,0.43333333333333335,0.9065769720484316,0.9062817948747914,True
BH14,0.7833333333333332,0.43333333333333335,0.913681842874843,0.9134623932328586,True
BH14,0.8,0.43333333333333335,0.9206822098244861,0.9206384243641879,True
BH14,0.8166666666666667,0.43333333333333335,0.9275938364048903,0.9275939169400372,True
BH14,0.8333333333333333,0.43333333333333335,0.9344126989905597,0.9343017360568048,True
BH14,0.8499999999999999,0.43333333333333335,0.9411583360993938,0.9409997665443202,True
BH14,0.8666666666666667,0.43333333333333335,0.9478502475929075,0.9476878654111982,True
BH14,0.8833333333333333,0.43333333333333335,0.9544870573457787,0.9543658870199737,True
BH14,0.8999999999999999,0.43333333333333335,0.9610705203421654,0.9610336830295979,True
BH14,0.9166666666666667,0.43333333333333335,0.9676218372922488,0.967588553305721,True
BH14,0.9333333333333333,0.43333333333333335,0.9741324082309155,0.9740944700608523,True
BH14,0.95,0.43333333333333335,0.9806188244395694,0.9805901091344149,True
BH14,0.9666666666666666,0.43333333333333335,0.9870892036956134,0.987072961452435,True
BH14,0.9833333333333334,0.43333333333333335,0.9935479049108225,0.993542950717656,True
BH14,1.0,0.43333333333333335,1.0,1.0,True
BH14,-1.0,0.44999999999999996,-1.6903675738516886e-17,-1.4429757252241493e-17,True
BH14,-0.9833333333333333,0.44999999999999996,0.0065611494301602725,0.006554339050694743,True
BH14,-0.9666666666666667,0.44999999999999996,0.013130513904075648,0.013111447797507478,True
BH14,-0.95,0.44999999999999996,0.01971380260816402,0.019671294217700166,True
BH14,-0.9333333333333333,0.44999999999999996,0.02630975415589404,0.026233846771371354,True
BH14,-0.9166666666666666,0.44999999999999996,0.032934182326148774,0.032804764283881155,True
BH14,-0.9,0.44999999999999996,0.03959138631401829,0.03950499085714732,True
BH14,-0.8833333333333333,0.44999999999999996,0.046281253631512205,0.04620911134490075,True
BH14,-0.8666666666666667,0.44999999999999996,0.053024703678430436,0.05291712511153242,True
BH14,-0.85,0.44999999999999996,0.05982091665761688,0.059629031520094314,True
BH14,-0.8333333333333334,0.44999999999999996,0.06667241507616528,0.06637054262482239,True
BH14,-0.8166666666666667,0.44999999999999996,0.07360400302574219,0.07340290935924912,True
BH14,-0.8,0.44999999999999996,0.08060718013939586,0.0804381776565325,True
BH14,-0.7833333333333333,0.44999999999999996,0.08770269234503045,0.08747631965635252,True
BH14,-0.7666666666666666,0.44999999999999996,0.0948933453334127,0.094517307830087,True
BH14,-0.75,0.44999999999999996,0.10219664618097943,0.10166930574960228,True
BH14,-0.7333333333333334,0.44999999999999996,0.10960925556411308,0.1092819561195937,True
BH14,-0.7166666666666667,0.44999999999999996,0.11715206332274741,0.1168904841024813,True
BH14,-0.7,0.44999999999999996,0.12483025158971399,0.12449469148469977,True
BH14,-0.6833333333333333,0.44999999999999996,0.13265231750396195,0.13209436713979844,True
BH14,-0.6666666666666667,0.44999999999999996,0.14061583695461433,0.14016380287030838,True
BH14,-0.65,0.44999999999999996,0.14873369549355858,0.14838776212959093,True
BH14,-0.6333333333333333,0.44999999999999996,0.1569915317133965,0.15662678559720372,True
BH14,-0.6166666666666667,0.44999999999999996,0.1654019190152653,0.1648817222731829,True
BH14,-0.6,0.44999999999999996,0.17395601445304135,0.1735056770802843,True
BH14,-0.5833333333333333,0.44999999999999996,0.18264082561071743,0.18225135310905308,True
BH14,-0.5666666666666667,0.44999999999999996,0.19144011647964895,0.19102733963314766,True
BH14,-0.55,0.44999999999999996,0.20034700866612176,0.19984786366321844,True
BH14,-0.5333333333333333,0.44999999999999996,0.20934281990342607,0.2089265266798095,True
BH14,-0.5166666666666666,0.44999999999999996,0.21840744414067265,0.2180117810504266,True
BH14,-0.5,0.44999999999999996,0.2275285601520522,0.2271037102414146,True
BH14,-0.4833333333333334,0.44999999999999996,0.23668512653859725,0.236202399199421,True
BH14,-0.4666666666666667,0.44999999999999996,0.24586939262357516,0.2453562721142476,True
BH14,-0.44999999999999996,0.44999999999999996,0.25506483186823803,0.25456056446279424,True
BH14,-0.43333333333333335,0.44999999999999996,0.26426892683465825,0.2637676357165766,True
BH14,-0.41666666666666663,0.44999999999999996,0.27346955256588407,0.2729774924059203,True
BH14,-0.4,0.44999999999999996,0.2826618072681114,0.28219014108201673,True
BH14,-0.3833333333333333,0.44999999999999996,0.291846921133634,0.2913698903388053,True
BH14,-0.3666666666666667,0.44999999999999996,0.30101827012960597,0.3005455573066243,True
BH14,-0.35,0.44999999999999996,0.3101757495851206,0.3097222111386194,True
BH14,-0.33333333333333337,0.44999999999999996,0.3193182934544548,0.3188998519724987,True
BH14,-0.31666666666666665,0.44999999999999996,0.3284462149739694,0.3280647556619755,True
BH14,-0.30000000000000004,0.44999999999999996,0.33756211891363364,0.3371767914837372,True
BH14,-0.2833333333333333,0.44999999999999996,0.34666181935603163,0.34628916065993853,True
BH14,-0.2666666666666667,0.44999999999999996,0.3557475885999827,0.35540186311662353,True
BH14,-0.25,0.44999999999999996,0.3648235306190979,0.3645148987798585,True
BH14,-0.2333333333333334,0.44999999999999996,0.37388522151002285,0.37359964478383817,True
BH14,-0.21666666666666667,0.44999999999999996,0.38293691379597383,0.3826583159639839,True
BH14,-0.19999999999999996,0.44999999999999996,0.39197885765863744,0.3917171021374961,True
BH14,-0.18333333333333335,0.44999999999999996,0.4010115338339925,0.4007760032825916,True
BH14,-0.16666666666666663,0.44999999999999996,0.4100358638479602,0.40983501937749306,True
BH14,-0.15000000000000002,0.44999999999999996,0.41905282041534925,0.418864265860563,True
BH14,-0.1333333333333333,0.44999999999999996,0.42806319081916705,0.4278875635925212,True
BH14,-0.1166666666666667,0.44999999999999996,0.4370673982838572,0.43691090371911934,True
BH14,-0.09999999999999998,0.44999999999999996,0.4460671960319631,0.44593428623566167,True
BH14,-0.08333333333333337,0.44999999999999996,0.4550626637132832,0.45495517162294297,True
BH14,-0.06666666666666665,0.44999999999999996,0.4640539301358213,0.4639606154302027,True
BH14,-0.050000000000000044,0.44999999999999996,0.47304262212212395,0.4729660766343291,True
BH14,-0.033333333333333326,0.44999999999999996,0.48202964612632226,0.48197155523435614,True
BH14,-0.01666666666666672,0.44999999999999996,0.4910149670075938,0.4909770512293177,True
BH14,0.0,0.44999999999999996,0.499999664188167,0.49998183454851075,True
BH14,0.016666666666666607,0.44999999999999996,0.5089843756995432,0.5089857275834967,True
BH14,0.033333333333333215,0.44999999999999996,0.5179696155659449,0.5179896283511773,True
BH14,0.050000000000000044,0.44999999999999996,0.5269564932278938,0.5269935368513334,True
BH14,0.06666666666666665,0.44999999999999996,0.5359454633283842,0.5359974530837455,True
BH14,0.08333333333333326,0.44999999999999996,0.5449370525539752,0.5450123571495373,True
BH14,0.10000000000000009,0.44999999999999996,0.5539317810150666,0.5540308470615949,True
BH14,0.1166666666666667,0.44999999999999996,0.5629315237953996,0.5630493321288402,True
BH14,0.1333333333333333,0.44999999999999996,0.5719362518182036,0.572067812351548,True
BH14,0.1499999999999999,0.44999999999999996,0.5809464947578353,0.5810881703612636,True
BH14,0.16666666666666674,0.44999999999999996,0.589963704377073,0.5901387445312616,True
BH14,0.18333333333333335,0.44999999999999996,0.5989882740497917,0.5991892475341047,True
BH14,0.19999999999999996,0.44999999999999996,0.6080202837587154,0.6082396793792653,True
BH14,0.21666666666666656,0.44999999999999996,0.6170626335011968,0.617290040076213,True
BH14,0.2333333333333334,0.44999999999999996,0.6261140870700042,0.626358832069372,True
BH14,0.25,0.44999999999999996,0.6351769275303573,0.6354603928376301,True
BH14,0.2666666666666666,0.44999999999999996,0.6442506867001339,0.6445615975242952,True
BH14,0.2833333333333332,0.44999999999999996,0.6533375069910672,0.6536624461815037,True
BH14,0.30000000000000004,0.44999999999999996,0.6624377008724918,0.6627629388613809,True
BH14,0.31666666666666665,0.44999999999999996,0.6715519982916056,0.6719073443405574,True
BH14,0.33333333333333326,0.44999999999999996,0.6806803511583405,0.6810745363386018,True
BH14,0.3500000000000001,0.44999999999999996,0.6898233391559933,0.6902403831092783,True
BH14,0.3666666666666667,0.44999999999999996,0.698981926420224,0.6994048858033451,True
BH14,0.3833333333333333,0.44999999999999996,0.7081508582083091,0.7085680455701726,True
BH14,0.3999999999999999,0.44999999999999996,0.7173370874978631,0.7177830766804706,True
BH14,0.41666666666666674,0.44999999999999996,0.7265323383456102,0.7269982023942696,True
BH14,0.43333333333333335,0.44999999999999996,0.7357297638199991,0.736209047595171,True
BH14,0.44999999999999996,0.44999999999999996,0.7449329666183586,0.7454156347393618,True
BH14,0.46666666666666656,0.44999999999999996,0.7541307429156727,0.7546084714787857,True
BH14,0.4833333333333334,0.44999999999999996,0.7633140657214887,0.7637526937415239,True
BH14,0.5,0.44999999999999996,0.7724717204128213,0.7728866587688199,True
BH14,0.5166666666666666,0.44999999999999996,0.7815890592337582,0.7820105129602946,True
BH14,0.5333333333333332,0.44999999999999996,0.7906550934081069,0.7911243997928568,True
BH14,0.55,0.44999999999999996,0.799648673463516,0.8000836551893125,True
BH14,0.5666666666666667,0.44999999999999996,0.808559412425279,0.8088363116318138,True
BH14,0.5833333333333333,0.44999999999999996,0.8173555849977271,0.817576251576609,True
BH14,0.6000000000000001,0.44999999999999996,0.8260402913951643,0.8263038325025471,True
BH14,0.6166666666666667,0.44999999999999996,0.8345962684631679,0.8350193976098805,True
BH14,0.6333333333333333,0.44999999999999996,0.843006743266564,0.843353610055489,True
BH14,0.6499999999999999,0.44999999999999996,0.8512710177989858,0.8513721041598041,True
BH14,0.6666666666666667,0.44999999999999996,0.8593867866616847,0.8593889789529279,True
BH14,0.6833333333333333,0.44999999999999996,0.8673526779610246,0.8674042806458274,True
BH14,0.7,0.44999999999999996,0.875169110122795,0.8754180537072045,True
BH14,0.7166666666666666,0.44999999999999996,0.8828460650907037,0.8832708161012048,True
BH14,0.7333333333333334,0.44999999999999996,0.8903887413985772,0.8905262334625773,True
BH14,0.75,0.44999999999999996,0.8978031780250412,0.8977779737233405,True
BH14,0.7666666666666666,0.44999999999999996,0.9051047479414136,0.9050259731043054,True
BH14,0.7833333333333332,0.44999999999999996,0.912297150697635,0.9122701664153294,True
BH14,0.8,0.44999999999999996,0.919392527397526,0.9195104870183293,True
BH14,0.8166666666666667,0.44999999999999996,0.9264021290862989,0.9265570872820099,True
BH14,0.8333333333333333,0.44999999999999996,0.9333272769244321,0.9333548120599104,True
BH14,0.8499999999999999,0.44999999999999996,0.9401787092597392,0.9401435852495451,True
BH14,0.8666666666666667,0.44999999999999996,0.9469748470843891,0.9469232742578699,True
BH14,0.8833333333333333,0.44999999999999996,0.9537145126490989,0.9536937439884667,True
BH14,0.8999999999999999,0.44999999999999996,0.9604096450088139,0.9604548567855642,True
BH14,0.9166666666666667,0.44999999999999996,0.9670678174388586,0.9671057232687776,True
BH14,0.9333333333333333,0.44999999999999996,0.9736918531995462,0.9737030779434082,True
BH14,0.95,0.44999999999999996,0.9802905936635611,0.9802912529817209,True
BH14,0.9666666666666666,0.44999999999999996,0.9868683399263773,0.9868701787003669,True
BH14,0.9833333333333334,0.44999999999999996,0.9934373246897048,0.9934397847285923,True
BH14,1.0,0.44999999999999996,1.0,1.0,True
BH14,-1.0,0.46666666666666656,-4.405140377285497e-19,-3.645863123950542e-17,True
BH14,-0.9833333333333333,0.46666666666666656,0.006666201865459539,0.006659500163439183,True
BH14,-0.9666666666666667,0.46666666666666656,0.013338995628046087,0.01332096238730702,True
BH14,-0.95,0.46666666666666656,0.020022584803226353,0.019984363620518975,True
BH14,-0.9333333333333333,0.46666666666666656,0.02672567900355209,0.026649681167167705,True
BH14,-0.9166666666666666,0.46666666666666656,0.033454223984600705,0.03332593039471173,True
BH14,-0.9,0.46666666666666656,0.04021057373584285,0.040126487455188486,True
BH14,-0.8833333333333333,0.46666666666666656,0.04700855784618403,0.04693095771569467,True
BH14,-0.8666666666666667,0.46666666666666656,0.05384781609495211,0.053739340493869504,True
BH14,-0.85,0.46666666666666656,0.06074037358018928,0.060551635106007085,True
BH14,-0.8333333333333334,0.46666666666666656,0.06769325458352059,0.06741136620806093,True
BH14,-0.8166666666666667,0.46666666666666656,0.07471260362462391,0.07452692928452237,True
BH14,-0.8,0.46666666666666656,0.08180870068011137,0.08164488035473887,True
BH14,-0.7833333333333333,0.46666666666666656,0.08898507150473309,0.08876519564821936,True
BH14,-0.7666666666666666,0.46666666666666656,0.0962620910777672,0.09588785169260042,True
BH14,-0.75,0.46666666666666656,0.10362216359529144,0.10317037823997671,True
BH14,-0.7333333333333334,0.46666666666666656,0.11110473431764448,0.1108002388832392,True
BH14,-0.7166666666666667,0.46666666666666656,0.11870756805632034,0.11842651319973244,True
BH14,-0.7,0.46666666666666656,0.12642537970881207,0.1260490284071557,True
BH14,-0.6833333333333333,0.46666666666666656,0.134271363944268,0.13366760044410186,True
BH14,-0.6666666666666667,0.46666666666666656,0.14224943355886302,0.14177759267791407,True
BH14,-0.65,0.46666666666666656,0.15035982403028691,0.1499603031762744,True
BH14,-0.6333333333333333,0.46666666666666656,0.15860408813886287,0.15815644607897034,True
BH14,-0.6166666666666667,0.46666666666666656,0.16697900090724785,0.16636675560538194,True
BH14,-0.6,0.46666666666666656,0.17547871597405273,0.17495270141658315,True
BH14,-0.5833333333333333,0.46666666666666656,0.18409875600475833,0.18362070966161176,True
BH14,-0.5666666666666667,0.46666666666666656,0.19282260240902313,0.19231650043109866,True
BH14,-0.55,0.46666666666666656,0.20164225901851207,0.20106060877506532,True
BH14,-0.5333333333333333,0.46666666666666656,0.21054286081223794,0.21006191067693541,True
BH14,-0.5166666666666666,0.46666666666666656,0.21950833284143845,0.21906912941912593,True
BH14,-0.5,0.46666666666666656,0.22853263929020753,0.2280823389124798,True
BH14,-0.4833333333333334,0.46666666666666656,0.23759961426999326,0.23710161435617874,True
BH14,-0.4666666666666667,0.46666666666666656,0.24669355183401687,0.24618335825194795,True
BH14,-0.44999999999999996,0.46666666666666656,0.2558077876595275,0.25532254822966105,True
BH14,-0.43333333333333335,0.46666666666666656,0.26493857055595166,0.26446441338444676,True
BH14,-0.41666666666666663,0.46666666666666656,0.2740704994449631,0.273608959989714,True
BH14,-0.4,0.46666666666666656,0.283202841324089,0.2827561943388614,True
BH14,-0.3833333333333333,0.46666666666666656,0.292330024920648,0.2918888389121426,True
BH14,-0.3666666666666667,0.46666666666666656,0.3014506878652894,0.30102003599284505,True
BH14,-0.35,0.46666666666666656,0.3105630176245986,0.31015221580390173,True
BH14,-0.33333333333333337,0.46666666666666656,0.3196669120225366,0.3192853784824448,True
BH14,-0.31666666666666665,0.46666666666666656,0.32875793219131044,0.32840908022321874,True
BH14,-0.30000000000000004,0.46666666666666656,0.3378418015325055,0.3374923651350211,True
BH14,-0.2833333333333333,0.46666666666666656,0.3469130156386854,0.34657598768286,True
BH14,-0.2666666666666667,0.46666666666666656,0.35597420804948243,0.3556599477918103,True
BH14,-0.25,0.46666666666666656,0.3650255504452658,0.3647442453869699,True
BH14,-0.2333333333333334,0.46666666666666656,0.3740668075087548,0.3738052611404215,True
BH14,-0.21666666666666667,0.46666666666666656,0.38309875025741746,0.3828447134532196,True
BH14,-0.19999999999999996,0.46666666666666656,0.39212206028713464,0.3918842831943983,True
BH14,-0.18333333333333335,0.46666666666666656,0.4011386615506331,0.4009239703417091,True
BH14,-0.16666666666666663,0.46666666666666656,0.4101484668274584,0.40996377487290925,True
BH14,-0.15000000000000002,0.46666666666666656,0.41915120290833097,0.4189781634987899,True
BH14,-0.1333333333333333,0.46666666666666656,0.4281483687267612,0.427987455539671,True
BH14,-0.1166666666666667,0.46666666666666656,0.43714081498241997,0.43699679101130606,True
BH14,-0.09999999999999998,0.46666666666666656,0.44612843690362025,0.44600616990888375,True
BH14,-0.08333333333333337,0.46666666666666656,0.4551127074248309,0.45501339135003604,True
BH14,-0.06666666666666665,0.46666666666666656,0.4640941156858606,0.464007189328617,True
BH14,-0.050000000000000044,0.46666666666666656,0.4730728169028653,0.473001005135709,True
BH14,-0.033333333333333326,0.46666666666666656,0.4820494317173339,0.48199483877032184,True
BH14,-0.01666666666666672,0.46666666666666656,0.49102491757094296,0.4909886902314655,True
BH14,0.0,0.46666666666666656,0.4999998509017761,0.49998191818915616,True
BH14,0.016666666666666607,0.46666666666666656,0.5089743639390646,0.5089743647058389,True
BH14,0.033333333333333215,0.46666666666666656,0.5179500678679203,0.5179668191716529,True
BH14,0.050000000000000044,0.46666666666666656,0.5269267814661707,0.5269592815863728,True
BH14,0.06666666666666665,0.46666666666666656,0.5359054374231323,0.5359517519497731,True
BH14,0.08333333333333326,0.46666666666666656,0.5448863733044379,0.5449537755361653,True
BH14,0.10000000000000009,0.46666666666666656,0.5538703544686433,0.5539589197909542,True
BH14,0.1166666666666667,0.46666666666666656,0.5628585460800253,0.5629640597043839,True
BH14,0.1333333333333333,0.46666666666666656,0.5718506507065895,0.5719691952767,True
BH14,0.1499999999999999,0.46666666666666656,0.5808481245191552,0.5809759364514366,True
BH14,0.16666666666666674,0.46666666666666656,0.5898510102496823,0.5900085912637194,True
BH14,0.18333333333333335,0.46666666666666656,0.5988601073470263,0.5990411765042561,True
BH14,0.19999999999999996,0.46666666666666656,0.6078767869466775,0.6080736921823044,True
BH14,0.21666666666666656,0.46666666666666656,0.6169006350169189,0.61710613830712,True
BH14,0.2333333333333334,0.46666666666666656,0.6259328150777401,0.6261539092068273,True
BH14,0.25,0.46666666666666656,0.634973787904479,0.6352289666622539,True
BH14,0.2666666666666666,0.46666666666666656,0.6440251703048644,0.6443036707587224,True
BH14,0.2833333333333332,0.46666666666666656,0.6530865996993995,0.6533780215479127,True
BH14,0.30000000000000004,0.46666666666666656,0.6621574297931984,0.6624520190814943,True
BH14,0.31666666666666665,0.46666666666666656,0.671239806170073,0.6715601993013582,True
BH14,0.33333333333333326,0.46666666666666656,0.6803318948156123,0.6806861148089884,True
BH14,0.3500000000000001,0.46666666666666656,0.6894351898322633,0.689810710049614,True
BH14,0.3666666666666667,0.46666666666666656,0.6985491688687546,0.6989339861491117,True
BH14,0.3833333333333333,0.46666666666666656,0.7076715574716441,0.7080559442320054,True
BH14,0.3999999999999999,0.46666666666666656,0.7167962352997764,0.7172090462536893,True
BH14,0.41666666666666674,0.46666666666666656,0.7259295654902734,0.7263610915195386,True
BH14,0.43333333333333335,0.46666666666666656,0.7350608766706153,0.7355090859073734,True
BH14,0.44999999999999996,0.46666666666666656,0.7441881034281872,0.7446530505301895,True
BH14,0.46666666666666656,0.46666666666666656,0.753303845695778,0.753780797256582,True
BH14,0.4833333333333334,0.46666666666666656,0.7623986156714395,0.7628421719257382,True
BH14,0.5,0.46666666666666656,0.7714629993040774,0.7718941205104914,True
BH14,0.5166666666666666,0.46666666666666656,0.7804868655194833,0.7809367758194313,True
BH14,0.5333333333333332,0.46666666666666656,0.789455812806862,0.7899702680517959,True
BH14,0.55,0.46666666666666656,0.798358209185939,0.7988660593853191,True
BH14,0.5666666666666667,0.46666666666666656,0.807177822469497,0.8075472065227388,True
BH14,0.5833333333333333,0.46666666666666656,0.8159043609722028,0.8162170808248368,True
BH14,0.6000000000000001,0.46666666666666656,0.8245227024286024,0.8248759912255574,True
BH14,0.6166666666666667,0.46666666666666656,0.8330246951425039,0.83352423468851,True
BH14,0.6333333333333333,0.46666666666666656,0.8414023555862582,0.8418761049455423,True
BH14,0.6499999999999999,0.46666666666666656,0.8496434147356893,0.8498844512377852,True
BH14,0.6666666666666667,0.46666666666666656,0.8577526005815572,0.8578913720125487,True
BH14,0.6833333333333333,0.46666666666666656,0.865729061050112,0.8658969079790372,True
BH14,0.7,0.46666666666666656,0.8735795527429708,0.8739010983106046,True
BH14,0.7166666666666666,0.46666666666666656,0.8812959752989056,0.8818179688021193,True
BH14,0.7333333333333334,0.46666666666666656,0.8888871540382822,0.889135920802367,True
BH14,0.75,0.46666666666666656,0.8963702168074853,0.8964508969050629,True
BH14,0.7666666666666666,0.46666666666666656,0.903745126170612,0.9037628440772822,True
BH14,0.7833333333333332,0.46666666666666656,0.9110106344250589,0.9110717080664955,True
BH14,0.8,0.46666666666666656,0.9181948822102759,0.9183774333668211,True
BH14,0.8166666666666667,0.46666666666666656,0.9252909553947768,0.9255144823983303,True
BH14,0.8333333333333333,0.46666666666666656,0.932310335924199,0.9324028634310259,True
BH14,0.8499999999999999,0.46666666666666656,0.9392589540896441,0.9392831530740757,True
BH14,0.8666666666666667,0.46666666666666656,0.9461521870936539,0.9461552297983156,True
BH14,0.8833333333333333,0.46666666666666656,0.952991664480706,0.9530189697339319,True
BH14,0.8999999999999999,0.46666666666666656,0.959791151375716,0.9598742466166412,True
BH14,0.9166666666666667,0.46666666666666656,0.9665473168790994,0.9666215411878916,True
BH14,0.9333333333333333,0.46666666666666656,0.9732750057682517,0.9733147803451093,True
BH14,0.95,0.46666666666666656,0.9799770099589931,0.9799993125158212,True
BH14,0.9666666666666666,0.46666666666666656,0.986661399158628,0.9866750713193082,True
BH14,0.9833333333333334,0.46666666666666656,0.9933338708424965,0.9933419897160969,True
BH14,1.0,0.46666666666666656,1.0,1.0,True
BH14,-1.0,0.4833333333333334,3.771412519709602e-17,4.605358668550889e-17,True
BH14,-0.9833333333333333,0.4833333333333334,0.006763896594466071,0.006765794335995629,True
BH14,-0.9666666666666667,0.4833333333333334,0.01353547814829355,0.013532716471929093,True
BH14,-0.95,0.4833333333333334,0.020315586506600543,0.020300752943813755,True
BH14,-0.9333333333333333,0.4833333333333334,0.02711806682070056,0.027069890499635568,True
BH14,-0.9166666666666666,0.4833333333333334,0.033940667432849105,0.03385248525360697,True
BH14,-0.9,0.4833333333333334,0.040793739262141894,0.040754962623069116,True
BH14,-0.8833333333333333,0.4833333333333334,0.04768547861025004,0.04766137192124481,True
BH14,-0.8666666666666667,0.4833333333333334,0.054617045377229556,0.05457171241738238,True
BH14,-0.85,0.4833333333333334,0.0616024703707744,0.06148598337938131,True
BH14,-0.8333333333333334,0.4833333333333334,0.06864679395953383,0.06846341414294757,True
BH14,-0.8166666666666667,0.4833333333333334,0.07574784192731823,0.07566408536105812,True
BH14,-0.8,0.4833333333333334,0.08292438421734893,0.08286659210899193,True
BH14,-0.7833333333333333,0.4833333333333334,0.0901824090561033,0.09007091544412642,True
BH14,-0.7666666666666666,0.4833333333333334,0.097525660335573,0.09727703667385618,True
BH14,-0.75,0.4833333333333334,0.10495859628819415,0.10467563113217944,True
BH14,-0.7333333333333334,0.4833333333333334,0.11249385697468184,0.11232283283739289,True
BH14,-0.7166666666666667,0.4833333333333334,0.12013712589437783,0.11996699051016008,True
BH14,-0.7,0.4833333333333334,0.12788754414997708,0.1276079572019374,True
BH14,-0.6833333333333333,0.4833333333333334,0.13575824164964,0.1352514644917808,True
BH14,-0.6666666666666667,0.4833333333333334,0.1437449482613199,0.14338223629517788,True
BH14,-0.65,0.4833333333333334,0.1518524836387812,0.1515243045165978,True
BH14,-0.6333333333333333,0.4833333333333334,0.16008021624613053,0.15967825418682635,True
BH14,-0.6166666666666667,0.4833333333333334,0.16842677902332956,0.1678447151621921,True
BH14,-0.6,0.4833333333333334,0.17688327214494093,0.17638991679128935,True
BH14,-0.5833333333333333,0.4833333333333334,0.18544262196832534,0.18498211812523752,True
BH14,-0.5666666666666667,0.4833333333333334,0.19410167034195092,0.1935997354544971,True
BH14,-0.55,0.4833333333333334,0.20285045148799125,0.2022698147877072,True
BH14,-0.5333333333333333,0.4833333333333334,0.2116716412846359,0.21119444307567536,True
BH14,-0.5166666666666666,0.4833333333333334,0.22055884262899092,0.22012433120301167,True
BH14,-0.5,0.4833333333333334,0.22950163428883583,0.22905954398570694,True
BH14,-0.4833333333333334,0.4833333333333334,0.23848481543436387,0.23800014735011327,True
BH14,-0.4666666666666667,0.4833333333333334,0.24750156694583952,0.24701023627061208,True
BH14,-0.44999999999999996,0.4833333333333334,0.25654499420020277,0.2560844154079526,True
BH14,-0.43333333333333335,0.4833333333333334,0.2656020715366831,0.2651611664242237,True
BH14,-0.41666666666666663,0.4833333333333334,0.274670459536245,0.2742404953379737,True
BH14,-0.4,0.4833333333333334,0.28374413000663157,0.28332240818687643,True
BH14,-0.3833333333333333,0.4833333333333334,0.2928187328650619,0.2924079044929552,True
BH14,-0.3666666666666667,0.4833333333333334,0.3018923825687283,0.3014946314286199,True
BH14,-0.35,0.4833333333333334,0.3109624824317154,0.31058233696074317,True
BH14,-0.33333333333333337,0.4833333333333334,0.3200257279505527,0.3196710212258817,True
BH14,-0.31666666666666665,0.4833333333333334,0.32908369718758,0.3287534788008448,True
BH14,-0.30000000000000004,0.4833333333333334,0.3381332549037406,0.3378080079263383,True
BH14,-0.2833333333333333,0.4833333333333334,0.347175226816738,0.3468628789716267,True
BH14,-0.2666666666666667,0.4833333333333334,0.356209172992496,0.35591809186081536,True
BH14,-0.25,0.4833333333333334,0.36523702611221176,0.36497364651803244,True
BH14,-0.2333333333333334,0.4833333333333334,0.3742559534076645,0.37401091110468554,True
BH14,-0.21666666666666667,0.4833333333333334,0.38326887533087367,0.3830311420458227,True
BH14,-0.19999999999999996,0.4833333333333334,0.3922740116139555,0.39205149285130314,True
BH14,-0.18333333333333335,0.4833333333333334,0.40127375483183414,0.40107196349841234,True
BH14,-0.16666666666666663,0.4833333333333334,0.41026776457209246,0.4100925539644415,True
BH14,-0.15000000000000002,0.4833333333333334,0.41925599519353207,0.4190920770706008,True
BH14,-0.1333333333333333,0.4833333333333334,0.4282389032273757,0.42808736226062805,True
BH14,-0.1166666666666667,0.4833333333333334,0.43721847550649107,0.4370826919177796,True
BH14,-0.09999999999999998,0.4833333333333334,0.44619411373602547,0.4460780660371294,True
BH14,-0.08333333333333337,0.4833333333333334,0.4551665582898881,0.45507162052124156,True
BH14,-0.06666666666666665,0.4833333333333334,0.4641361832175675,0.46405377205563547,True
BH14,-0.050000000000000044,0.4833333333333334,0.4731040089071187,0.473035941850253,True
BH14,-0.033333333333333326,0.4833333333333334,0.4820699743041636,0.4820181299040801,True
BH14,-0.01666666666666672,0.4833333333333334,0.4910352335988302,0.4910003362161026,True
BH14,0.0,0.4833333333333334,0.4999997566792027,0.49998200817397964,True
BH14,0.016666666666666607,0.4833333333333334,0.5089643155574002,0.5089630077573406,True
BH14,0.033333333333333215,0.4833333333333334,0.5179294658485837,0.5179440155062929,True
BH14,0.050000000000000044,0.4833333333333334,0.5268952036982286,0.5269250314206051,True
BH14,0.06666666666666665,0.4833333333333334,0.5358628306889479,0.5359060555000457,True
BH14,0.08333333333333326,0.4833333333333334,0.544832249731185,0.5448951991254376,True
BH14,0.10000000000000009,0.4833333333333334,0.553805148040819,0.5538869975370588,True
BH14,0.1166666666666667,0.4833333333333334,0.5627807382169596,0.5628787921107944,True
BH14,0.1333333333333333,0.4833333333333334,0.5717597437905928,0.5718705828468617,True
BH14,0.1499999999999999,0.4833333333333334,0.5807439297549288,0.5808637087095474,True
BH14,0.16666666666666674,0.4833333333333334,0.5897320627273528,0.5898784469957186,True
BH14,0.18333333333333335,0.4833333333333334,0.5987252811800599,0.5988931173047993,True
BH14,0.19999999999999996,0.4833333333333334,0.607724759145593,0.6079077196458325,True
BH14,0.21666666666666656,0.4833333333333334,0.6167305782788863,0.6169222540278595,True
BH14,0.2333333333333334,0.4833333333333334,0.6257428589235188,0.6259490222326503,True
BH14,0.25,0.4833333333333334,0.634761824304241,0.634997596824186,True
BH14,0.2666666666666666,0.4833333333333334,0.6437891329463257,0.6440458207734168,True
BH14,0.2833333333333332,0.4833333333333334,0.6528245502642975,0.6530936941315675,True
BH14,0.30000000000000004,0.4833333333333334,0.6618666647848415,0.6621412169498535,True
BH14,0.31666666666666665,0.4833333333333334,0.670915521072163,0.6712133068535228,True
BH14,0.33333333333333326,0.4833333333333334,0.679973558517362,0.6802980355210431,True
BH14,0.3500000000000001,0.4833333333333334,0.6890375233064489,0.6893814687289125,True
BH14,0.3666666666666667,0.4833333333333334,0.698106134303434,0.6984636075784015,True
BH14,0.3833333333333333,0.4833333333333334,0.7071803931784668,0.7075444531694626,True
BH14,0.3999999999999999,0.4833333333333334,0.7162562198561764,0.7166362254325174,True
BH14,0.41666666666666674,0.4833333333333334,0.7253295822447079,0.7257254704334151,True
BH14,0.43333333333333335,0.4833333333333334,0.7343984891711759,0.7348108912503599,True
BH14,0.44999999999999996,0.4833333333333334,0.7434572449489647,0.7438925076850378,True
BH14,0.46666666666666656,0.4833333333333334,0.7524968900131719,0.752956277337643,True
BH14,0.4833333333333334,0.4833333333333334,0.761512422484379,0.7619355289061196,True
BH14,0.5,0.4833333333333334,0.7704961141536815,0.7709061647492723,True
BH14,0.5166666666666666,0.4833333333333334,0.7794393325132616,0.779868304700834,True
BH14,0.5333333333333332,0.4833333333333334,0.7883279171126286,0.7888220662775476,True
BH14,0.55,0.4833333333333334,0.7971492744629246,0.7976547270749741,True
BH14,0.5666666666666667,0.4833333333333334,0.8058960077755266,0.8062655802516658,True
BH14,0.5833333333333333,0.4833333333333334,0.8145540729022301,0.814866534931715,True
BH14,0.6000000000000001,0.4833333333333334,0.8231197244641401,0.82345785558068,True
BH14,0.6166666666666667,0.4833333333333334,0.8315799955330215,0.8320397967253684,True
BH14,0.6333333333333333,0.4833333333333334,0.8399215782683349,0.8404003631129212,True
BH14,0.6499999999999999,0.4833333333333334,0.848146311327023,0.8483985284097414,True
BH14,0.6666666666666667,0.4833333333333334,0.8562522429401513,0.8563954629106678,True
BH14,0.6833333333333333,0.4833333333333334,0.8642420072557284,0.8643912017888735,True
BH14,0.7,0.4833333333333334,0.8721133231431095,0.8723857788896622,True
BH14,0.7166666666666666,0.4833333333333334,0.8798664395050646,0.8803545552612007,True
BH14,0.7333333333333334,0.4833333333333334,0.8875088839684575,0.8877360263185958,True
BH14,0.75,0.4833333333333334,0.8950428595929185,0.8951152601616029,True
BH14,0.7666666666666666,0.4833333333333334,0.9024780647669896,0.9024922158266793,True
BH14,0.7833333333333332,0.4833333333333334,0.9098192431306987,0.9098668513715131,True
BH14,0.8,0.4833333333333334,0.9170717534042316,0.917239123846494,True
BH14,0.8166666666666667,0.4833333333333334,0.9242509517973314,0.9244660277004533,True
BH14,0.8333333333333333,0.4833333333333334,0.9313560122791524,0.9314458242524586,True
BH14,0.8499999999999999,0.4833333333333334,0.938397895676208,0.9384184133711422,True
BH14,0.8666666666666667,0.4833333333333334,0.9453820473614853,0.9453836852876557,True
BH14,0.8833333333333333,0.4833333333333334,0.9523138527445463,0.9523415280767653,True
BH14,0.8999999999999999,0.4833333333333334,0.9592047636361833,0.9592918276058916,True
BH14,0.9166666666666667,0.4833333333333334,0.9660605281474016,0.9661360014506946,True
BH14,0.9333333333333333,0.4833333333333334,0.9728826010607121,0.9729253883601314,True
BH14,0.95,0.4833333333333334,0.9796826077081308,0.9797065450023296,True
BH14,0.9666666666666666,0.4833333333333334,0.9864652899224456,0.9864794083600665,True
BH14,0.9833333333333334,0.4833333333333334,0.9932356739087931,0.9932439147869991,True
BH14,1.0,0.4833333333333334,0.9999999999999998,1.0,True
BH14,-1.0,0.5,-4.3643017224510535e-17,-2.2336264474385283e-17,True
BH14,-0.9833333333333333,0.5,0.006858251733450998,0.006873239904323424,True
BH14,-0.9666666666666667,0.5,0.013717916811492235,0.013746745855185101,True
BH14,-0.95,0.5,0.020588460187232788,0.020620514625041112,True
BH14,-0.9333333333333333,0.5,0.027482183679157654,0.027494543038259895,True
BH14,-0.9166666666666666,0.5,0.034399176690028434,0.03438455802696187,True
BH14,-0.9,0.5,0.04134297205134502,0.041390583552635356,True
BH14,-0.8833333333333333,0.5,0.04832166413897046,0.04840055912811385,True
BH14,-0.8666666666666667,0.5,0.05534045603852086,0.055414483972580336,True
BH14,-0.85,0.5,0.062407574407492714,0.06243235730386729,True
BH14,-0.8333333333333334,0.5,0.0695306850715874,0.06952708831533337,True
BH14,-0.8166666666666667,0.5,0.07671355475261339,0.07681484284108629,True
BH14,-0.8,0.5,0.0839641470438201,0.08410383876122357,True
BH14,-0.7833333333333333,0.5,0.09128872724778563,0.09139406279297563,True
BH14,-0.7666666666666666,0.5,0.09869607191400707,0.09868550183789707,True
BH14,-0.75,0.5,0.1061860561794507,0.10618508800987389,True
BH14,-0.7333333333333334,0.5,0.11376930549851381,0.11384976268903364,True
BH14,-0.7166666666666667,0.5,0.12145374186090234,0.12151194193653395,True
BH14,-0.7,0.5,0.12923571252880287,0.1291715050460197,True
BH14,-0.6833333333333333,0.5,0.13712752156771532,0.13688585926291819,True
BH14,-0.6666666666666667,0.5,0.1451231012094123,0.14497797806679713,True
BH14,-0.65,0.5,0.15322616995604413,0.15308000649458392,True
BH14,-0.6333333333333333,0.5,0.16144509811933494,0.16119244283727915,True
BH14,-0.6166666666666667,0.5,0.16975748232037638,0.16932184838202713,True
BH14,-0.6,0.5,0.17817633119541218,0.1778176870683078,True
BH14,-0.5833333333333333,0.5,0.1866936100040385,0.18633588368549484,True
BH14,-0.5666666666666667,0.5,0.19529634221200465,0.19487728032660306,True
BH14,-0.55,0.5,0.2039838814740602,0.20347552928222779,True
BH14,-0.5333333333333333,0.5,0.21273549267781805,0.21232416267654597,True
BH14,-0.5166666666666666,0.5,0.2215525517556814,0.2211774159627769,True
BH14,-0.5,0.5,0.23042227158363401,0.2300353453029099,True
BH14,-0.4833333333333334,0.5,0.2393362064434183,0.238898007804433,True
BH14,-0.4666666666666667,0.5,0.24828776536493705,0.247836906608938,True
BH14,-0.44999999999999996,0.5,0.2572603351668378,0.2568461662439965,True
BH14,-0.43333333333333335,0.5,0.2662553230831103,0.26585789488806183,True
BH14,-0.41666666666666663,0.5,0.2752652495785317,0.2748720983068642,True
BH14,-0.4,0.5,0.2842856248943288,0.283888782284406,True
BH14,-0.3833333333333333,0.5,0.2933113668911121,0.29292708708228254,True
BH14,-0.3666666666666667,0.5,0.30233794667515074,0.30196934361498584,True
BH14,-0.35,0.5,0.31136470911846237,0.3110125746101788,True
BH14,-0.33333333333333337,0.5,0.32039113589542384,0.32005678020384243,True
BH14,-0.31666666666666665,0.5,0.3294133526491415,0.3290979514136673,True
BH14,-0.30000000000000004,0.5,0.33843170180127263,0.3381237198752589,True
BH14,-0.2833333333333333,0.5,0.34744510189647526,0.34714983454256676,True
BH14,-0.2666666666666667,0.5,0.356453384601507,0.3561762953387254,True
BH14,-0.25,0.5,0.36545577499578513,0.3652031021868929,True
BH14,-0.2333333333333334,0.5,0.3744532218078837,0.3742165946831947,True
BH14,-0.21666666666666667,0.5,0.3834454086106585,0.3832176017478677,True
BH14,-0.19999999999999996,0.5,0.3924315811442183,0.39221873111379507,True
BH14,-0.18333333333333335,0.5,0.40141419124640915,0.4012199827577959,True
BH14,-0.16666666666666663,0.5,0.41039144945094136,0.41022135665669535,True
BH14,-0.15000000000000002,0.5,0.41936447989906817,0.41920600657797424,True
BH14,-0.1333333333333333,0.5,0.4283340549792196,0.42818728375722626,True
BH14,-0.1166666666666667,0.5,0.437299949179357,0.43716860644023037,True
BH14,-0.09999999999999998,0.5,0.44626273593651455,0.4461499746219446,True
BH14,-0.08333333333333337,0.5,0.4552227969266049,0.4551298591373081,True
BH14,-0.06666666666666665,0.5,0.46418078188161643,0.46410036361195783,True
BH14,-0.050000000000000044,0.5,0.4731372941492622,0.4730708867786121,True
BH14,-0.033333333333333326,0.5,0.4820916991701719,0.4820414286362329,True
BH14,-0.01666666666666672,0.5,0.49104610948193106,0.49101198918378214,True
BH14,0.0,0.5,0.4999995728390908,0.49998210450332614,True
BH14,0.016666666666666607,0.5,0.5089533377331118,0.5089516567383241,True
BH14,0.033333333333333215,0.5,0.5179073567226427,0.5179212173553971,True
BH14,0.050000000000000044,0.5,0.5268619963581412,0.5268907863543076,True
BH14,0.06666666666666665,0.5,0.5358184956425169,0.5358603637348178,True
BH14,0.08333333333333326,0.5,0.5447765932341392,0.544836627917463,True
BH14,0.10000000000000009,0.5,0.5537367008994397,0.5538150803000133,True
BH14,0.1166666666666667,0.5,0.5626994744269616,0.5627935293481726,True
BH14,0.1333333333333333,0.5,0.5716654725198131,0.5717719750621301,True
BH14,0.1499999999999999,0.5,0.5806346914433053,0.5807514871341332,True
BH14,0.16666666666666674,0.5,0.5896078277524752,0.5897483117251261,True
BH14,0.18333333333333335,0.5,0.5985848915320019,0.5987450699329305,True
BH14,0.19999999999999996,0.5,0.6075667933667713,0.6077417617663753,True
BH14,0.21666666666666656,0.5,0.6165540325321097,0.6167383872342876,True
BH14,0.2333333333333334,0.5,0.6255457266064571,0.6257441711053146,True
BH14,0.25,0.5,0.6345436035748624,0.6347662832582476,True
BH14,0.2666666666666666,0.5,0.6435458496613295,0.6437880474795601,True
BH14,0.2833333333333332,0.5,0.6525546304462448,0.6528094638200246,True
BH14,0.30000000000000004,0.5,0.6615679328659645,0.6618305323304039,True
BH14,0.31666666666666665,0.5,0.6705861211501556,0.67086666617391,True
BH14,0.33333333333333326,0.5,0.6796083724817326,0.6799102973603843,True
BH14,0.3500000000000001,0.5,0.6886346154297277,0.6889526577425245,True
BH14,0.3666666666666667,0.5,0.6976611743210963,0.6979937483972687,True
BH14,0.3833333333333333,0.5,0.7066888855073985,0.707033570400271,True
BH14,0.3999999999999999,0.5,0.7157162444479077,0.716064606087562,True
BH14,0.41666666666666674,0.5,0.7247342689203822,0.7250913291742693,True
BH14,0.43333333333333335,0.5,0.733743413879529,0.7341144518685749,True
BH14,0.44999999999999996,0.5,0.7427369355249044,0.7431339926920626,True
BH14,0.46666666666666656,0.5,0.7517148262603417,0.7521348692845977,True
BH14,0.4833333333333334,0.5,0.7606618299061747,0.76103271321118,True
BH14,0.5,0.5,0.7695740999558777,0.7699227315045635,True
BH14,0.5166666666666666,0.5,0.7784429595210298,0.7788050316146842,True
BH14,0.5333333333333332,0.5,0.7872623769198865,0.7876797189470738,True
BH14,0.55,0.5,0.7960175568892713,0.7964494893079792,True
BH14,0.5666666666666667,0.5,0.8047044521854321,0.8049912363976843,True
BH14,0.5833333333333333,0.5,0.8133051053737297,0.8135243933130423,True
BH14,0.6000000000000001,0.5,0.8218242017523717,0.822049183816057,True
BH14,0.6166666666666667,0.5,0.8302416360619268,0.8305658235145189,True
BH14,0.6333333333333333,0.5,0.8385603125803123,0.8389263887853348,True
BH14,0.6499999999999999,0.5,0.8467731363270048,0.8469143397873287,True
BH14,0.6666666666666667,0.5,0.8548780371818028,0.8549012556470933,True
BH14,0.6833333333333333,0.5,0.8628761224584446,0.862887165967311,True
BH14,0.7,0.5,0.8707661166648191,0.8708720992323558,True
BH14,0.7166666666666666,0.5,0.8785506412188001,0.8788560828606161,True
BH14,0.7333333333333334,0.5,0.8862297126722485,0.8863263059921906,True
BH14,0.75,0.5,0.8938132453674394,0.893770841278613,True
BH14,0.7666666666666666,0.5,0.9013036794872181,0.9012138899015479,True
BH14,0.7833333333333332,0.5,0.9087106488922245,0.908655423727452,True
BH14,0.8,0.5,0.9160359365912851,0.916095413920732,True
BH14,0.8166666666666667,0.5,0.9232851206044217,0.9234116473626099,True
BH14,0.8333333333333333,0.5,0.9304690667187467,0.9304836274885986,True
BH14,0.8499999999999999,0.5,0.93759144322275,0.9375493085119064,True
BH14,0.8666666666666667,0.5,0.9446599521866361,0.9446085931527102,True
BH14,0.8833333333333333,0.5,0.9516783802896073,0.9516613821822157,True
BH14,0.8999999999999999,0.5,0.9586593415656832,0.9587075743753519,True
BH14,0.9166666666666667,0.5,0.9656015311735335,0.9656490984141329,True
BH14,0.9333333333333333,0.5,0.9725150730123101,0.9725348974040882,True
BH14,0.95,0.5,0.9794061966487342,0.9794129469496101,True
BH14,0.9666666666666666,0.5,0.986280657085753,0.9862831874587176,True
BH14,0.9833333333333334,0.5,0.9931435488978897,0.9931455587409461,True
BH14,1.0,0.5,1.0000000000000002,1.0,True
BH14,-1.0,0.5166666666666666,3.768754722539338e-17,-7.866617165162813e-17,True
BH14,-0.9833333333333333,0.5166666666666666,0.006944442309072014,0.006949324128120332,True
BH14,-0.9666666666666667,0.5166666666666666,0.013891644049839115,0.013898861261464052,True
BH14,-0.95,0.5166666666666666,0.020849694916332935,0.02084861197023057,True
BH14,-0.9333333333333333,0.5166666666666666,0.02782781947658223,0.027798576826672392,True
BH14,-0.9166666666666666,0.5166666666666666,0.03482650123365285,0.034766240600829244,True
BH14,-0.9,0.5166666666666666,0.04185341582387478,0.041838685735469415,True
BH14,-0.8833333333333333,0.5166666666666666,0.048914927654650844,0.04891361050072401,True
BH14,-0.8666666666666667,0.5166666666666666,0.056012426768484135,0.05599101449240452,True
BH14,-0.85,0.5166666666666666,0.06315837007539914,0.06307089730596765,True
BH14,-0.8333333333333334,0.5166666666666666,0.07035837050424484,0.0702352300843813,True
BH14,-0.8166666666666667,0.5166666666666666,0.07761170479747032,0.07757118476968722,True
BH14,-0.8,0.5166666666666666,0.08492954244284513,0.08490791442397083,True
BH14,-0.7833333333333333,0.5166666666666666,0.09231505819394206,0.0922454209026276,True
BH14,-0.7666666666666666,0.5166666666666666,0.0997799315907417,0.0995837060672504,True
BH14,-0.75,0.5166666666666666,0.10732371798578873,0.10716306623723404,True
BH14,-0.7333333333333334,0.5166666666666666,0.11495161340859866,0.11488481522430463,True
BH14,-0.7166666666666667,0.5166666666666666,0.1226686646599329,0.12260408090396349,True
BH14,-0.7,0.5166666666666666,0.13047762643023436,0.13032082012435175,True
BH14,-0.6833333333333333,0.5166666666666666,0.13838846532903656,0.1381268571450419,True
BH14,-0.6666666666666667,0.5166666666666666,0.14639092002455323,0.14626239149085504,True
BH14,-0.65,0.5166666666666666,0.15449403128339095,0.15440073051180975,True
BH14,-0.6333333333333333,0.5166666666666666,0.1626965139822781,0.16254196045343602,True
BH14,-0.6166666666666667,0.5166666666666666,0.17099138803165984,0.17071541329665343,True
BH14,-0.6,0.5166666666666666,0.1793801521821487,0.17920970619339358,True
BH14,-0.5833333333333333,0.5166666666666666,0.1878557335217741,0.18768229672597378,True
BH14,-0.5666666666666667,0.5166666666666666,0.19641123708632696,0.1961493586924847,True
BH14,-0.55,0.5166666666666666,0.20504298536831006,0.20467779900748576,True
BH14,-0.5333333333333333,0.5166666666666666,0.21374247833443924,0.21345110759033017,True
BH14,-0.5166666666666666,0.5166666666666666,0.22249625463110803,0.22222841272508143,True
BH14,-0.5,0.5166666666666666,0.23130290085653696,0.2310097623416366,True
BH14,-0.4833333333333334,0.5166666666666666,0.24015402761259413,0.23979520516282532,True
BH14,-0.4666666666666667,0.5166666666666666,0.2490423711167425,0.24866336970439396,True
BH14,-0.44999999999999996,0.5166666666666666,0.25795866875684537,0.2576078009834273,True
BH14,-0.43333333333333335,0.5166666666666666,0.26689693615286536,0.2665545988279684,True
BH14,-0.41666666666666663,0.5166666666666666,0.27585166814154966,0.27550376875295735,True
BH14,-0.4,0.5166666666666666,0.2848217574297612,0.28445531629076404,True
BH14,-0.3833333333333333,0.5166666666666666,0.2937996929607074,0.2934463866811639,True
BH14,-0.3666666666666667,0.5166666666666666,0.3027828448877849,0.30244417255298023,True
BH14,-0.35,0.5166666666666666,0.3117706692227002,0.31144292875324364,True
BH14,-0.33333333333333337,0.5166666666666666,0.3207595132627966,0.32044265541735967,True
BH14,-0.31666666666666665,0.5166666666666666,0.32974845602141695,0.32944249808050646,True
BH14,-0.30000000000000004,0.5166666666666666,0.3387352870884977,0.33843950099935927,True
BH14,-0.2833333333333333,0.5166666666666666,0.3477202313389782,0.3474368544120138,True
BH14,-0.2666666666666667,0.5166666666666666,0.3567024096674495,0.3564345582406329,True
BH14,-0.25,0.5166666666666666,0.36568046213345523,0.3654326124074029,True
BH14,-0.2333333333333334,0.5166666666666666,0.3746562255749334,0.37442231188251524,True
BH14,-0.21666666666666667,0.5166666666666666,0.3836277243769063,0.38340409256543034,True
BH14,-0.19999999999999996,0.5166666666666666,0.3925950584495167,0.3923859979874598,True
BH14,-0.18333333333333335,0.5166666666666666,0.40155972672276996,0.401368028124956,True
BH14,-0.16666666666666663,0.5166666666666666,0.41052022831016755,0.4103501829542775,True
BH14,-0.15000000000000002,0.5166666666666666,0.4194776082817678,0.41931995202288885,True
BH14,-0.1333333333333333,0.5166666666666666,0.4284322529785506,0.4282872200313002,True
BH14,-0.1166666666666667,0.5166666666666666,0.43738407730849865,0.43725453458034824,True
BH14,-0.09999999999999998,0.5166666666666666,0.44633361245970815,0.4462218956648756,True
BH14,-0.08333333333333337,0.5166666666666666,0.45528127644256633,0.45518810719898445,True
BH14,-0.06666666666666665,0.5166666666666666,0.46422700450741233,0.4641469639982838,True
BH14,-0.050000000000000044,0.5166666666666666,0.47317125747731714,0.4731058399214372,True
BH14,-0.033333333333333326,0.5166666666666666,0.48211476093208827,0.48206473496738267,True
BH14,-0.01666666666666672,0.5166666666666666,0.4910572195872408,0.49102364913505747,True
BH14,0.0,0.5166666666666666,0.49999943418985904,0.4999822071775407,True
BH14,0.016666666666666607,0.5166666666666666,0.5089420734347546,0.508940311649112,True
BH14,0.033333333333333215,0.5166666666666666,0.5178847844628134,0.5178984247192655,True
BH14,0.050000000000000044,0.5166666666666666,0.5268278768275769,0.5268565463877577,True
BH14,0.06666666666666665,0.5166666666666666,0.5357724921090425,0.5358146766543445,True
BH14,0.08333333333333326,0.5166666666666666,0.5447175840415158,0.5447780619123497,True
BH14,0.10000000000000009,0.5166666666666666,0.5536655498874644,0.5537431680799221,True
BH14,0.1166666666666667,0.5166666666666666,0.5626150055598251,0.5627082714166195,True
BH14,0.1333333333333333,0.5166666666666666,0.5715672443142529,0.5716733719226024,True
BH14,0.1499999999999999,0.5166666666666666,0.5805214974797959,0.5806392717237324,True
BH14,0.16666666666666674,0.5166666666666666,0.5894792076151956,0.5896181854498095,True
BH14,0.18333333333333335,0.5166666666666666,0.5984402176344372,0.5985970343858471,True
BH14,0.19999999999999996,0.5166666666666666,0.6074039969580076,0.6075758185404598,True
BH14,0.21666666666666656,0.5166666666666666,0.6163718633781333,0.6165545379222617,True
BH14,0.2333333333333334,0.5166666666666666,0.6253435235002469,0.6255393557833576,True
BH14,0.25,0.5166666666666666,0.6343178949348214,0.63453502589936,True
BH14,0.2666666666666666,0.5166666666666666,0.6432966370153732,0.6435303507884718,True
BH14,0.2833333333333332,0.5166666666666666,0.6522789361065167,0.6525253305010148,True
BH14,0.30000000000000004,0.5166666666666666,0.6612642933728958,0.6615199650873003,True
BH14,0.31666666666666665,0.5166666666666666,0.6702499485614365,0.670520276442949,True
BH14,0.33333333333333326,0.5166666666666666,0.6792397674346067,0.6795228992174578,True
BH14,0.3500000000000001,0.5166666666666666,0.6882277635983469,0.68852427569188,True
BH14,0.3666666666666667,0.5166666666666666,0.6972145288674083,0.6975244069190916,True
BH14,0.3833333333333333,0.5166666666666666,0.7061994260644986,0.7065232939507172,True
BH14,0.3999999999999999,0.5166666666666666,0.7151781799902888,0.7154941801616002,True
BH14,0.41666666666666674,0.5166666666666666,0.7241465911749869,0.7244586578683065,True
BH14,0.43333333333333335,0.5166666666666666,0.7331027805147949,0.7334197561094113,True
BH14,0.44999999999999996,0.5166666666666666,0.7420417960149592,0.7423774921569442,True
BH14,0.46666666666666656,0.5166666666666666,0.7509562974724499,0.7513165314037165,True
BH14,0.4833333333333334,0.5166666666666666,0.7598452570174159,0.7601336742547088,True
BH14,0.5,0.5166666666666666,0.768692068195172,0.7689437618082391,True
BH14,0.5166666666666666,0.5166666666666666,0.7775013744105549,0.7777468896974242,True
BH14,0.5333333333333332,0.5166666666666666,0.7862586511593583,0.7865431517649366,True
BH14,0.55,0.5166666666666666,0.7949567694682078,0.795250182911517,True
BH14,0.5666666666666667,0.5166666666666666,0.8035875600305544,0.8037239850119687,True
BH14,0.5833333333333333,0.5166666666666666,0.8121461126982367,0.8121904423853198,True
BH14,0.6000000000000001,0.5166666666666666,0.8206219168836937,0.8206497415667909,True
BH14,0.6166666666666667,0.5166666666666666,0.8290097784657933,0.8291095887647963,True
BH14,0.6333333333333333,0.5166666666666666,0.8373076001416104,0.8374858428033833,True
BH14,0.6499999999999999,0.5166666666666666,0.8455029310329939,0.8454847597360791,True
BH14,0.6666666666666667,0.5166666666666666,0.8536055485861018,0.8534839396517251,True
BH14,0.6833333333333333,0.5166666666666666,0.8616110233550218,0.8614833798616977,True
BH14,0.7,0.5166666666666666,0.8695214917374396,0.8694830777143189,True
BH14,0.7166666666666666,0.5166666666666666,0.8773365419401207,0.8774830305942178,True
BH14,0.7333333333333334,0.5166666666666666,0.8850520524029218,0.8850427045133191,True
BH14,0.75,0.5166666666666666,0.8926775382533871,0.8925428811096172,True
BH14,0.7666666666666666,0.5166666666666666,0.9002184916357748,0.9000425746764187,True
BH14,0.7833333333333332,0.5166666666666666,0.9076841057190181,0.9075417830246284,True
BH14,0.8,0.5166666666666666,0.9150695876481431,0.9150405039520646,True
BH14,0.8166666666666667,0.5166666666666666,0.922386920622497,0.9224323921577255,True
BH14,0.8333333333333333,0.5166666666666666,0.92964254371945,0.9295804056642198,True
BH14,0.8499999999999999,0.5166666666666666,0.9368412737539863,0.9367248761028826,True
BH14,0.8666666666666667,0.5166666666666666,0.9439862261070356,0.9438657748965961,True
BH14,0.8833333333333333,0.5166666666666666,0.9510878958447713,0.951003073169663,True
BH14,0.8999999999999999,0.5166666666666666,0.9581441878875758,0.958136741744033,True
BH14,0.9166666666666667,0.5166666666666666,0.9651717738244191,0.9651684545624568,True
BH14,0.9333333333333333,0.5166666666666666,0.972171235810697,0.9721451382275782,True
BH14,0.95,0.5166666666666666,0.9791478769669297,0.9791185148465031,True
BH14,0.9666666666666666,0.5166666666666666,0.9861067084320019,0.986086406237979,True
BH14,0.9833333333333334,0.5166666666666666,0.9930561745409541,0.9930469203707301,True
BH14,1.0,0.5166666666666666,1.0,1.0,True
BH14,-1.0,0.5333333333333332,4.358788330309579e-17,1.0359479919755387e-16,True
BH14,-0.9833333333333333,0.5333333333333332,0.007025260140263766,0.007021365502951369,True
BH14,-0.9666666666666667,0.5333333333333332,0.014053812947707855,0.014043074677422008,True
BH14,-0.95,0.5333333333333332,0.02109430836768943,0.02106512845641236,True
BH14,-0.9333333333333333,0.5333333333333332,0.02815037052467058,0.0280875277763442,True
BH14,-0.9166666666666666,0.5333333333333332,0.03522686870220307,0.03512946963755386,True
BH14,-0.9,0.5333333333333332,0.042330756615675875,0.04226832831300521,True
BH14,-0.8833333333333333,0.5333333333333332,0.04946828381919713,0.04940967224098813,True
BH14,-0.8666666666666667,0.5333333333333332,0.05664121803304567,0.05655350100232276,True
BH14,-0.85,0.5333333333333332,0.06385817198444543,0.06369981417747632,True
BH14,-0.8333333333333334,0.5333333333333332,0.07112488236332609,0.0709366873800262,True
BH14,-0.8166666666666667,0.5333333333333332,0.07844566197904546,0.07832304451050798,True
BH14,-0.8,0.5333333333333332,0.08582470962144631,0.08571026162848377,True
BH14,-0.7833333333333333,0.5333333333333332,0.0932678634647711,0.09309834082266921,True
BH14,-0.7666666666666666,0.5333333333333332,0.10078214652028213,0.10048728418888378,True
BH14,-0.75,0.5333333333333332,0.10837531577662088,0.10812298586560515,True
BH14,-0.7333333333333334,0.5333333333333332,0.11603889360359831,0.11586435896070717,True
BH14,-0.7166666666666667,0.5333333333333332,0.1237909073055117,0.1236034745779637,True
BH14,-0.7,0.5333333333333332,0.13162584519838758,0.131340293515917,True
BH14,-0.6833333333333333,0.5333333333333332,0.13955029272417702,0.13918650808354385,True
BH14,-0.6666666666666667,0.5333333333333332,0.1475611063677743,0.1473099474606741,True
BH14,-0.65,0.5333333333333332,0.1556618228914965,0.15543593219316693,True
BH14,-0.6333333333333333,0.5333333333333332,0.16385492598629922,0.16356453908822788,True
BH14,-0.6166666666666667,0.5333333333333332,0.17213432482336027,0.17173657508921614,True
BH14,-0.6,0.5333333333333332,0.18049055029306227,0.1801964455138776,True
BH14,-0.5833333333333333,0.5333333333333332,0.18893405393605234,0.18866549500627244,True
BH14,-0.5666666666666667,0.5333333333333332,0.19745034437575143,0.19714407127990546,True
BH14,-0.55,0.5333333333333332,0.20603590298042598,0.20566744167497972,True
BH14,-0.5333333333333333,0.5333333333333332,0.21468571594351987,0.21439582361413165,True
BH14,-0.5166666666666666,0.5333333333333332,0.22338871314106915,0.22312619626290087,True
BH14,-0.5,0.5333333333333332,0.23214156296010588,0.2318585607332636,True
BH14,-0.4833333333333334,0.5333333333333332,0.24093892315810267,0.24059291813793,True
BH14,-0.4666666666666667,0.5333333333333332,0.24976982193646557,0.24941010083314882,True
BH14,-0.44999999999999996,0.5333333333333332,0.2586328095193876,0.25830461328198195,True
BH14,-0.43333333333333335,0.5333333333333332,0.2675194379293715,0.2672005752061735,True
BH14,-0.41666666666666663,0.5333333333333332,0.27642580064450006,0.2760979880169175,True
BH14,-0.4,0.5333333333333332,0.28534951592975155,0.2849968531272193,True
BH14,-0.3833333333333333,0.5333333333333332,0.29428411296714807,0.29394678616902314,True
BH14,-0.3666666666666667,0.5333333333333332,0.30322608269469814,0.3029051515454163,True
BH14,-0.35,0.5333333333333332,0.31217621112858285,0.3118642493092586,True
BH14,-0.33333333333333337,0.5333333333333332,0.32112920183336113,0.3208240798434983,True
BH14,-0.31666666666666665,0.5333333333333332,0.3300847909263439,0.32978631223181837,True
BH14,-0.30000000000000004,0.5333333333333332,0.3390416276337549,0.3387557942998025,True
BH14,-0.2833333333333333,0.5333333333333332,0.3479986834114134,0.3477255894344385,True
BH14,-0.2666666666666667,0.5333333333333332,0.3569546097831422,0.3566956977113771,True
BH14,-0.25,0.5333333333333332,0.36590846567887847,0.3656661192062941,True
BH14,-0.2333333333333334,0.5333333333333332,0.37486204379440735,0.37463251963741434,True
BH14,-0.21666666666666667,0.5333333333333332,0.38381285240621343,0.3835950448378015,True
BH14,-0.19999999999999996,0.5333333333333332,0.3927612244242597,0.3925576955716342,True
BH14,-0.18333333333333335,0.5333333333333332,0.4017077123893109,0.4015204718531241,True
BH14,-0.16666666666666663,0.5333333333333332,0.41065133195541514,0.41048337369648485,True
BH14,-0.15000000000000002,0.5333333333333332,0.4195936455139205,0.41943791865936575,True
BH14,-0.1333333333333333,0.5333333333333332,0.42853338083874426,0.4283907816351027,True
BH14,-0.1166666666666667,0.5333333333333332,0.4374710042319281,0.4373436951845792,True
BH14,-0.09999999999999998,0.5333333333333332,0.44640693506544504,0.44629665931071594,True
BH14,-0.08333333333333337,0.5333333333333332,0.4553414892699995,0.4552487943070067,True
BH14,-0.06666666666666665,0.5333333333333332,0.4642745500728065,0.4641955134095593,True
BH14,-0.050000000000000044,0.5333333333333332,0.473206769010775,0.4731422541309738,True
BH14,-0.033333333333333326,0.5333333333333332,0.4821383568336708,0.48208901647191804,True
BH14,-0.01666666666666672,0.5333333333333332,0.49106891307898715,0.49103580043305883,True
BH14,0.0,0.5333333333333332,0.4999997925816099,0.49998231639006163,True
BH14,0.016666666666666607,0.5333333333333332,0.5089301306326185,0.5089284860343234,True
BH14,0.033333333333333215,0.5333333333333332,0.5178612935396274,0.5178746654507074,True
BH14,0.050000000000000044,0.5333333333333332,0.5267921614500666,0.5268208546393549,True
BH14,0.06666666666666665,0.5333333333333332,0.5357245859468476,0.5357670536004076,True
BH14,0.08333333333333326,0.5333333333333332,0.5446577527155754,0.5447171373461138,True
BH14,0.10000000000000009,0.5333333333333332,0.5535924448386416,0.5536684934775691,True
BH14,0.1166666666666667,0.5333333333333332,0.5625282659527426,0.5626198469906427,True
BH14,0.1333333333333333,0.5333333333333332,0.5714659715178101,0.5715711978854148,True
BH14,0.1499999999999999,0.5333333333333332,0.5804061043146185,0.5805230982662519,True
BH14,0.16666666666666674,0.5333333333333332,0.5893475232649579,0.5894839728041567,True
BH14,0.18333333333333335,0.5333333333333332,0.5982914449933311,0.5984447835837303,True
BH14,0.19999999999999996,0.5333333333333332,0.6072377524786015,0.607405530621964,True
BH14,0.21666666666666656,0.5333333333333332,0.61618643558814,0.6163662139358426,True
BH14,0.2333333333333334,0.5333333333333332,0.6251372621396349,0.6253302350305388,True
BH14,0.25,0.5333333333333332,0.6340897956102982,0.6343001670051898,True
BH14,0.2666666666666666,0.5333333333333332,0.6430446846494778,0.6432697877524287,True
BH14,0.2833333333333332,0.5333333333333332,0.6520003978465796,0.6522390975250378,True
BH14,0.30000000000000004,0.5333333333333332,0.6609576618076025,0.6612080965755245,True
BH14,0.31666666666666665,0.5333333333333332,0.6699143469954237,0.6701750458383053,True
BH14,0.33333333333333326,0.5333333333333332,0.6788695467914567,0.6791401585312515,True
BH14,0.3500000000000001,0.5333333333333332,0.6878250119917715,0.6881043068443295,True
BH14,0.3666666666666667,0.5333333333333332,0.6967728590554649,0.697067492719539,True
BH14,0.3833333333333333,0.5333333333333332,0.7057148880571926,0.7060297180936121,True
BH14,0.3999999999999999,0.5333333333333332,0.7146508059618755,0.7149512696454591,True
BH14,0.41666666666666674,0.5333333333333332,0.7235735182169911,0.7238658558466555,True
BH14,0.43333333333333335,0.5333333333333332,0.7324800660065118,0.7327783522475517,True
BH14,0.44999999999999996,0.5333333333333332,0.7413659052467375,0.7416887692097995,True
BH14,0.46666666666666656,0.5333333333333332,0.7502294352790583,0.7505825070248308,True
BH14,0.4833333333333334,0.5333333333333332,0.7590616097955767,0.7593492741849368,True
BH14,0.5,0.5333333333333332,0.7678566160025806,0.7681127330316969,True
BH14,0.5166666666666666,0.5333333333333332,0.776611157109157,0.7768729312501741,True
BH14,0.5333333333333332,0.5333333333333332,0.7853153029486551,0.7856299156246347,True
BH14,0.55,0.5333333333333332,0.7939639931751648,0.7943071066889085,True
BH14,0.5666666666666667,0.5333333333333332,0.8025517245689839,0.8027628883691895,True
BH14,0.5833333333333333,0.5333333333333332,0.8110644374932738,0.8112156650789878,True
BH14,0.6000000000000001,0.5333333333333332,0.8195055148898982,0.8196654628104125,True
BH14,0.6166666666666667,0.5333333333333332,0.8278670437174593,0.8281123072230822,True
BH14,0.6333333333333333,0.5333333333333332,0.8361459989494953,0.8364823527424434,True
BH14,0.6499999999999999,0.5333333333333332,0.8443373921477939,0.8444844193006583,True
BH14,0.6666666666666667,0.5333333333333332,0.8524383473068102,0.8524867271160377,True
BH14,0.6833333333333333,0.5333333333333332,0.8604520017387013,0.8604892737288528,True
BH14,0.7,0.5333333333333332,0.8683771200102237,0.8684920567130523,True
BH14,0.7166666666666666,0.5333333333333332,0.8762098892242,0.8764950736756834,True
BH14,0.7333333333333334,0.5333333333333332,0.88396097436233,0.8841087774693989,True
BH14,0.75,0.5333333333333332,0.891628265577547,0.8916481414629434,True
BH14,0.7666666666666666,0.5333333333333332,0.8992209765607337,0.8991871399602831,True
BH14,0.7833333333333332,0.5333333333333332,0.906732346157683,0.9067257712904633,True
BH14,0.8,0.5333333333333332,0.9141753295629156,0.9142640337724204,True
BH14,0.8166666666666667,0.5333333333333332,0.9215571335156765,0.9217102372963262,True
BH14,0.8333333333333333,0.5333333333333332,0.9288737324873817,0.9289190754891589,True
BH14,0.8499999999999999,0.5333333333333332,0.9361412529757352,0.9361246891591325,True
BH14,0.8666666666666667,0.5333333333333332,0.9433591545265674,0.9433270520805922,True
BH14,0.8833333333333333,0.5333333333333332,0.9505304317286793,0.9505261377506655,True
BH14,0.8999999999999999,0.5333333333333332,0.9576668355455393,0.9577219193857016,True
BH14,0.9166666666666667,0.5333333333333332,0.9647716376513138,0.9648214007225544,True
BH14,0.9333333333333333,0.5333333333333332,0.9718496591877124,0.9718668058862401,True
BH14,0.95,0.5333333333333332,0.9789061767017769,0.978907405554166,True
BH14,0.9666666666666666,0.5333333333333332,0.9859467891940992,0.985943162753921,True
BH14,0.9833333333333334,0.5333333333333332,0.9929756324025114,0.9929740401421481,True
BH14,1.0,0.5333333333333332,1.0,1.0,True
BH14,-1.0,0.55,-4.395648892480056e-17,-4.924606752624649e-17,True
BH14,-0.9833333333333333,0.55,0.007100117533932971,0.007094089202527312,True
BH14,-0.9666666666666667,0.55,0.01420532972685929,0.014188656447812755,True
BH14,-0.95,0.55,0.021319826224119157,0.021283703052041466,True
BH14,-0.9333333333333333,0.55,0.02845046150764116,0.028379230336315293,True
BH14,-0.9166666666666666,0.55,0.035602542857315705,0.03549586332876149,True
BH14,-0.9,0.55,0.04277694526291552,0.04270183445322076,True
BH14,-0.8833333333333333,0.55,0.04998460759388279,0.049910296215699895,True
BH14,-0.8666666666666667,0.55,0.05723096574630018,0.057121248181730186,True
BH14,-0.85,0.55,0.06450863535453467,0.06433468991649244,True
BH14,-0.8333333333333334,0.55,0.07183858063688063,0.07164318041032594,True
BH14,-0.8166666666666667,0.55,0.07922048263299694,0.07908044798755685,True
BH14,-0.8,0.55,0.0866565791471578,0.08651866302073646,True
BH14,-0.7833333333333333,0.55,0.09415347812140551,0.09395782784437276,True
BH14,-0.7666666666666666,0.55,0.10171311535094338,0.10139794480105732,True
BH14,-0.75,0.55,0.10934474174624495,0.10908568068073027,True
BH14,-0.7333333333333334,0.55,0.1170465078379203,0.11684669567832724,True
BH14,-0.7166666666666667,0.55,0.12482783816651699,0.12460567909491346,True
BH14,-0.7,0.55,0.1326845957567528,0.13236259567539974,True
BH14,-0.6833333333333333,0.55,0.14062248827939344,0.14024453869915904,True
BH14,-0.6666666666666667,0.55,0.14864038913807126,0.14835601236376647,True
BH14,-0.65,0.55,0.15674387587658445,0.1564697807088482,True
BH14,-0.6333333333333333,0.55,0.1649271775623375,0.16458591168320014,True
BH14,-0.6166666666666667,0.55,0.1731863070895368,0.17275505324938306,True
BH14,-0.6,0.55,0.18152969747569597,0.18118123461228414,True
BH14,-0.5833333333333333,0.55,0.18994246093457667,0.18961567061764117,True
BH14,-0.5666666666666667,0.55,0.19842215077943168,0.19805866391303484,True
BH14,-0.55,0.55,0.20696956709284392,0.20654353650606208,True
BH14,-0.5333333333333333,0.55,0.21557354357987135,0.2152319976884222,True
BH14,-0.5166666666666666,0.55,0.22423011485463948,0.22392243622183536,True
BH14,-0.5,0.55,0.23293655862182253,0.23261485321354172,True
BH14,-0.4833333333333334,0.55,0.2416836832545322,0.24130924977151527,True
BH14,-0.4666666666666667,0.55,0.25046801038865196,0.25008554944345857,True
BH14,-0.44999999999999996,0.55,0.259282710442574,0.25893914103713356,True
BH14,-0.43333333333333335,0.55,0.2681207983491293,0.2677941558405378,True
BH14,-0.41666666666666663,0.55,0.2769847392245144,0.27665059524015406,True
BH14,-0.4,0.55,0.2858639221988458,0.28550846062424673,True
BH14,-0.3833333333333333,0.55,0.29475719600364036,0.29442344873211024,True
BH14,-0.3666666666666667,0.55,0.3036618182147023,0.3033479301139815,True
BH14,-0.35,0.55,0.312576243132372,0.3122731321652246,True
BH14,-0.33333333333333337,0.55,0.3214964920542739,0.3211990552628078,True
BH14,-0.31666666666666665,0.55,0.3304199880153149,0.3301289867267477,True
BH14,-0.30000000000000004,0.55,0.3393472718779121,0.3390728269745661,True
BH14,-0.2833333333333333,0.55,0.3482773271473394,0.3480169761858077,True
BH14,-0.2666666666666667,0.55,0.35720898347897645,0.35696143443515227,True
BH14,-0.25,0.55,0.3661391931442729,0.3659062017973036,True
BH14,-0.2333333333333334,0.55,0.3750710573458468,0.374850288548575,True
BH14,-0.21666666666666667,0.55,0.3840010836558303,0.38379361723316885,True
BH14,-0.19999999999999996,0.55,0.3929305886105792,0.3927370700094076,True
BH14,-0.18333333333333335,0.55,0.4018586192664555,0.4016806468913421,True
BH14,-0.16666666666666663,0.55,0.4107853892046743,0.4106243478930253,True
BH14,-0.15000000000000002,0.55,0.41971151485777713,0.4195631236795593,True
BH14,-0.1333333333333333,0.55,0.42863609380074147,0.42850091677323215,True
BH14,-0.1166666666666667,0.55,0.43755953725385155,0.437438759862235,True
BH14,-0.09999999999999998,0.55,0.4464816244187647,0.4463766529494553,True
BH14,-0.08333333333333337,0.55,0.45540295415355736,0.4553140011968242,True
BH14,-0.06666666666666665,0.55,0.46432322634392875,0.46424768669528693,True
BH14,-0.050000000000000044,0.55,0.4732430129286854,0.4731813935448983,True
BH14,-0.033333333333333326,0.55,0.482162196683255,0.4821151217463175,True
BH14,-0.01666666666666672,0.55,0.4910809842098656,0.4910488713002034,True
BH14,0.0,0.55,0.4999997552964884,0.49998243246676105,True
BH14,0.016666666666666607,0.55,0.5089182844642315,0.5089157460023199,True
BH14,0.033333333333333215,0.55,0.5178373334307226,0.517849069186016,True
BH14,0.050000000000000044,0.55,0.5267560602860744,0.5267824020179892,True
BH14,0.06666666666666665,0.55,0.535675865928352,0.5357157444983791,True
BH14,0.08333333333333326,0.55,0.5445966254211385,0.5446517219699949,True
BH14,0.10000000000000009,0.55,0.5535177669233211,0.5535885622781841,True
BH14,0.1166666666666667,0.55,0.562439733935284,0.5625254002628528,True
BH14,0.1333333333333333,0.55,0.5713635861403393,0.5714622359240721,True
BH14,0.1499999999999999,0.55,0.5802875869892115,0.5803994060794984,True
BH14,0.16666666666666674,0.55,0.5892136931056782,0.5893420552356998,True
BH14,0.18333333333333335,0.55,0.5981406361541572,0.5982846438738667,True
BH14,0.19999999999999996,0.55,0.607069072104448,0.6072271720101242,True
BH14,0.21666666666666656,0.55,0.6159983389094017,0.6161696396605925,True
BH14,0.2333333333333334,0.55,0.6249291769835666,0.6251132735841536,True
BH14,0.25,0.55,0.6338594725367924,0.6340589043949385,True
BH14,0.2666666666666666,0.55,0.6427910472350709,0.6430042372041942,True
BH14,0.2833333333333332,0.55,0.6517220407351765,0.6519492722537992,True
BH14,0.30000000000000004,0.55,0.6606514190802857,0.6608940097853682,True
BH14,0.31666666666666665,0.55,0.6695795795710543,0.6698313695417424,True
BH14,0.33333333333333326,0.55,0.6785036713692305,0.6787638694021072,True
BH14,0.3500000000000001,0.55,0.6874240506334856,0.6876954491421059,True
BH14,0.3666666666666667,0.55,0.696337163875645,0.6966261106117981,True
BH14,0.3833333333333333,0.55,0.7052416439271276,0.7055558556562347,True
BH14,0.3999999999999999,0.55,0.7141351446687546,0.7144375605414466,True
BH14,0.41666666666666674,0.55,0.7230149478344629,0.7233112858297572,True
BH14,0.43333333333333335,0.55,0.7318771017436323,0.7321830575024509,True
BH14,0.44999999999999996,0.55,0.7407172516149015,0.7410528852316409,True
BH14,0.46666666666666656,0.55,0.7495314230767298,0.7499068204543636,True
BH14,0.4833333333333334,0.55,0.7583135360692395,0.7586313024479537,True
BH14,0.5,0.55,0.767062482169538,0.7673528804715756,True
BH14,0.5166666666666666,0.55,0.7757680456589446,0.7760715965767242,True
BH14,0.5333333333333332,0.55,0.7844259107400862,0.784787492015558,True
BH14,0.55,0.55,0.7930300109474282,0.7934266068699438,True
BH14,0.5666666666666667,0.55,0.8015783681635085,0.8018533467371474,True
BH14,0.5833333333333333,0.55,0.8100599540343929,0.8102772693785165,True
BH14,0.6000000000000001,0.55,0.8184712759155941,0.8186983986782415,True
BH14,0.6166666666666667,0.55,0.8268097579610549,0.827116758221965,True
BH14,0.6333333333333333,0.55,0.8350730257857044,0.8354786319711591,True
BH14,0.6499999999999999,0.55,0.8432561025057606,0.8434838435754914,True
BH14,0.6666666666666667,0.55,0.8513546591038523,0.8514892748202769,True
BH14,0.6833333333333333,0.55,0.859378156213678,0.859494923472336,True
BH14,0.7,0.55,0.8673150795428585,0.8675007873289546,True
BH14,0.7166666666666666,0.55,0.8751734675774936,0.8755068642173609,True
BH14,0.7333333333333334,0.55,0.8829526122756297,0.8831717873193557,True
BH14,0.75,0.55,0.8906593031678908,0.8907505572610663,True
BH14,0.7666666666666666,0.55,0.8982846794943845,0.8983290812815976,True
BH14,0.7833333333333332,0.55,0.9058502412521962,0.9059073582467974,True
BH14,0.8,0.55,0.9133453711204447,0.9134853870155701,True
BH14,0.8166666666666667,0.55,0.9207818101233183,0.9209850993721294,True
BH14,0.8333333333333333,0.55,0.9281597422525864,0.928255078994633,True
BH14,0.8499999999999999,0.55,0.9354910594986391,0.935522157930017,True
BH14,0.8666666666666667,0.55,0.942772469998258,0.9427863123887574,True
BH14,0.8833333333333333,0.55,0.9500147767651141,0.9500475183269307,True
BH14,0.8999999999999999,0.55,0.9572209052745166,0.9573057514428948,True
BH14,0.9166666666666667,0.55,0.9643978107057107,0.9644731540059616,True
BH14,0.9333333333333333,0.55,0.9715495892524861,0.9715875119183208,True
BH14,0.95,0.55,0.9786803601767021,0.9786974101419523,True
BH14,0.9666666666666666,0.55,0.9857953618833639,0.9858028141835429,True
BH14,0.9833333333333334,0.55,0.9929000507691149,0.9929036892011711,True
BH14,1.0,0.55,0.9999999999999999,1.0,True
BH14,-1.0,0.5666666666666667,-3.426447927315374e-17,-3.4283110263995e-17,True
BH14,-0.9833333333333333,0.5666666666666667,0.007170648495051595,0.007167504975563427,True
BH14,-0.9666666666666667,0.5666666666666667,0.014348347034604294,0.014335626176261853,True
BH14,-0.95,0.5666666666666667,0.02153117719023808,0.021504365322824386,True
BH14,-0.9333333333333333,0.5666666666666667,0.02872968909841994,0.0286737241425267,True
BH14,-0.9166666666666666,0.5666666666666667,0.03595016417495504,0.035865471917140235,True
BH14,-0.9,0.5666666666666667,0.04319414371777011,0.04313926547214524,True
BH14,-0.8833333333333333,0.5666666666666667,0.05046832858732153,0.050415554802275685,True
BH14,-0.8666666666666667,0.5666666666666667,0.05776960597271408,0.05769433945747471,True
BH14,-0.85,0.5666666666666667,0.06511447706569307,0.06497561898733767,True
BH14,-0.8333333333333334,0.5666666666666667,0.07250344001129723,0.07235478495947638,True
BH14,-0.8166666666666667,0.5666666666666667,0.07994024990485188,0.07984347882715082,True
BH14,-0.8,0.5666666666666667,0.08742499798818797,0.08733321014293963,True
BH14,-0.7833333333333333,0.5666666666666667,0.09496943183342335,0.09482398150022306,True
BH14,-0.7666666666666666,0.5666666666666667,0.10257212827749013,0.10231579550152414,True
BH14,-0.75,0.5666666666666667,0.11024480715072923,0.1100511511007769,True
BH14,-0.7333333333333334,0.5666666666666667,0.11798139456735182,0.11783182576682279,True
BH14,-0.7166666666666667,0.5666666666666667,0.12578235077777666,0.12561069481482018,True
BH14,-0.7,0.5666666666666667,0.13366118127731166,0.1333877269319791,True
BH14,-0.6833333333333333,0.5666666666666667,0.1416126712735643,0.1413009774522206,True
BH14,-0.6666666666666667,0.5666666666666667,0.14964081171779517,0.14940061316494696,True
BH14,-0.65,0.5666666666666667,0.1577425779778459,0.15750230125706938,True
BH14,-0.6333333333333333,0.5666666666666667,0.16591851351238182,0.1656061013674665,True
BH14,-0.6166666666666667,0.5666666666666667,0.17416878769061855,0.1737709344462558,True
BH14,-0.6,0.5666666666666667,0.1824892096200878,0.18216413859075736,True
BH14,-0.5833333333333333,0.5666666666666667,0.1908756927707303,0.19056472696709403,True
BH14,-0.5666666666666667,0.5666666666666667,0.1993280101522455,0.19897296165820855,True
BH14,-0.55,0.5666666666666667,0.20784021499490316,0.20742012862701786,True
BH14,-0.5333333333333333,0.5666666666666667,0.21640840763420932,0.21606860778382933,True
BH14,-0.5166666666666666,0.5666666666666667,0.22502539910327113,0.22471905086438615,True
BH14,-0.5,0.5666666666666667,0.2336894656065437,0.23337145897112382,True
BH14,-0.4833333333333334,0.5666666666666667,0.24239439909664487,0.24202583320721152,True
BH14,-0.4666666666666667,0.5666666666666667,0.25113332395777593,0.2507612163471185,True
BH14,-0.44999999999999996,0.5666666666666667,0.2599064354707321,0.2595738703952468,True
BH14,-0.43333333333333335,0.5666666666666667,0.26870341820570337,0.26838792135481465,True
BH14,-0.41666666666666663,0.5666666666666667,0.2775261946219503,0.27720337058753075,True
BH14,-0.4,0.5666666666666667,0.2863649609699183,0.2860202194568549,True
BH14,-0.3833333333333333,0.5666666666666667,0.2952221106739934,0.29490022684285033,True
BH14,-0.3666666666666667,0.5666666666666667,0.3040914763697795,0.3037908155175215,True
BH14,-0.35,0.5666666666666667,0.3129700741089598,0.3126821131343514,True
BH14,-0.33333333333333337,0.5666666666666667,0.32185771751235226,0.32157412006431796,True
BH14,-0.31666666666666665,0.5666666666666667,0.3307525381496912,0.3304717225677196,True
BH14,-0.30000000000000004,0.5666666666666667,0.3396521754531958,0.3393899164125094,True
BH14,-0.2833333333333333,0.5666666666666667,0.34855541209553936,0.3483084151152762,True
BH14,-0.2666666666666667,0.5666666666666667,0.3574619080835727,0.3572272187497273,True
BH14,-0.25,0.5666666666666667,0.3663694647169393,0.36614632738959363,True
BH14,-0.2333333333333334,0.5666666666666667,0.3752795892203706,0.3750680868414634,True
BH14,-0.21666666666666667,0.5666666666666667,0.38418927693645555,0.38399221682963736,True
BH14,-0.19999999999999996,0.5666666666666667,0.39310014022779666,0.39291646946716163,True
BH14,-0.18333333333333335,0.5666666666666667,0.4020102826156429,0.4018408447679258,True
BH14,-0.16666666666666663,0.5666666666666667,0.4109208311014275,0.4107653427458223,True
BH14,-0.15000000000000002,0.5666666666666667,0.4198306333211214,0.41968834375017444,True
BH14,-0.1333333333333333,0.5666666666666667,0.4287402625437833,0.4286110659156815,True
BH14,-0.1166666666666667,0.5666666666666667,0.43764904474621036,0.43753383749798797,True
BH14,-0.09999999999999998,0.5666666666666667,0.44655738001133405,0.44645665849994814,True
BH14,-0.08333333333333337,0.5666666666666667,0.4554651896571018,0.45537921752852617,True
BH14,-0.06666666666666665,0.5666666666666667,0.46437272328681345,0.4642998688511445,True
BH14,-0.050000000000000044,0.5666666666666667,0.47327986416081824,0.4732205412571626,True
BH14,-0.033333333333333326,0.5666666666666667,0.4821865803274866,0.48214123474723153,True
BH14,-0.01666666666666672,0.5666666666666667,0.4910931693397693,0.491061949322002,True
BH14,0.0,0.5666666666666667,0.49999965125235657,0.4999825551178947,True
BH14,0.016666666666666607,0.5666666666666667,0.5089059804501558,0.5089030121644622,True
BH14,0.033333333333333215,0.5666666666666667,0.5178125875094309,0.5178234787351711,True
BH14,0.050000000000000044,0.5666666666666667,0.5267196149719187,0.5267439548301593,True
BH14,0.06666666666666665,0.5666666666666667,0.5356264417596921,0.5356644404495645,True
BH14,0.08333333333333326,0.5666666666666667,0.5445339099026398,0.5445863120300072,True
BH14,0.10000000000000009,0.5666666666666667,0.5534418622164949,0.5535086362982564,True
BH14,0.1166666666666667,0.5666666666666667,0.562350121592184,0.5624309585378592,True
BH14,0.1333333333333333,0.5666666666666667,0.5712592444365515,0.5713532787488779,True
BH14,0.1499999999999999,0.5666666666666667,0.5801685876891934,0.5802757197246324,True
BH14,0.16666666666666674,0.5666666666666667,0.5890786797863838,0.589200144857443,True
BH14,0.18333333333333335,0.5666666666666667,0.5979887808365176,0.5981245127117907,True
BH14,0.19999999999999996,0.5666666666666667,0.6068993052086566,0.6070488233029365,True
BH14,0.21666666666666656,0.5666666666666667,0.6158094240855718,0.6159730766461352,True
BH14,0.2333333333333334,0.5666666666666667,0.6247195993378329,0.6248963322128843,True
BH14,0.25,0.5666666666666667,0.6336298307239971,0.6338176727446265,True
BH14,0.2666666666666666,0.5666666666666667,0.6425378164488278,0.6427387284830444,True
BH14,0.2833333333333332,0.5666666666666667,0.6514430908112439,0.6516594996591403,True
BH14,0.30000000000000004,0.5666666666666667,0.6603482043681728,0.6605799865036661,True
BH14,0.31666666666666665,0.5666666666666667,0.6692466192219151,0.6694878052543916,True
BH14,0.33333333333333326,0.5666666666666667,0.6781409547776882,0.6783877254859708,True
BH14,0.3500000000000001,0.5666666666666667,0.6870288053130917,0.6872867697228668,True
BH14,0.3666666666666667,0.5666666666666667,0.6959088142520296,0.6961849397237425,True
BH14,0.3833333333333333,0.5666666666666667,0.7047778995008108,0.705082237242509,True
BH14,0.3999999999999999,0.5666666666666667,0.713633458721209,0.7139242003402616,True
BH14,0.41666666666666674,0.5666666666666667,0.7224751080182409,0.7227571044001961,True
BH14,0.43333333333333335,0.5666666666666667,0.7312944153423566,0.7315881906306222,True
BH14,0.44999999999999996,0.5666666666666667,0.7400912884602283,0.7404174680181008,True
BH14,0.46666666666666656,0.5666666666666667,0.7488637195324939,0.749231649232864,True
BH14,0.4833333333333334,0.5666666666666667,0.7576063494986711,0.7579137099370343,True
BH14,0.5,0.5666666666666667,0.766310116139878,0.7665932748829118,True
BH14,0.5166666666666666,0.5666666666666667,0.7749728643079103,0.7752703803788461,True
BH14,0.5333333333333332,0.5666666666666667,0.7835927700134355,0.7839450620387169,True
BH14,0.55,0.5666666666666667,0.7921573850197956,0.7925461502020728,True
BH14,0.5666666666666667,0.5666666666666667,0.8006710723031294,0.8009442720099933,True
BH14,0.5833333333333333,0.5666666666666667,0.8091240580038925,0.8093397571492704,True
BH14,0.6000000000000001,0.5666666666666667,0.8175106731267596,0.8177326275309711,True
BH14,0.6166666666666667,0.5666666666666667,0.825829059153086,0.8261229047985406,True
BH14,0.6333333333333333,0.5666666666666667,0.8340803760512012,0.8344746810833479,True
BH14,0.6499999999999999,0.5666666666666667,0.8422564251508586,0.8424830331594588,True
BH14,0.6666666666666667,0.5666666666666667,0.8503564419253108,0.8504915833679288,True
BH14,0.6833333333333333,0.5666666666666667,0.8583861641940532,0.8585003296998008,True
BH14,0.7,0.5666666666666667,0.866337519493459,0.8665092701734247,True
BH14,0.7166666666666666,0.5666666666666667,0.874214925836972,0.8745184028339906,True
BH14,0.7333333333333334,0.5666666666666667,0.8820216416378883,0.882231707900928,True
BH14,0.75,0.5666666666666667,0.8897559322228275,0.8898501040944198,True
BH14,0.7666666666666666,0.5666666666666667,0.8974296572717642,0.8974683760180667,True
BH14,0.7833333333333332,0.5666666666666667,0.90503025568317,0.9050865230937227,True
BH14,0.8,0.5666666666666667,0.9125740199614614,0.9127045447396603,True
BH14,0.8166666666666667,0.5666666666666667,0.9200629974402491,0.9202569545625161,True
BH14,0.8333333333333333,0.5666666666666667,0.9274970152130679,0.927588394707446,True
BH14,0.8499999999999999,0.5666666666666667,0.934884946031717,0.9349172633760867,True
BH14,0.8666666666666667,0.5666666666666667,0.9422278256766634,0.9422435393020623,True
BH14,0.8833333333333333,0.5666666666666667,0.9495344280778291,0.9495672009889358,True
BH14,0.8999999999999999,0.5666666666666667,0.9568063837491904,0.956888226707162,True
BH14,0.9166666666666667,0.5666666666666667,0.9640504776757801,0.9641237083337957,True
BH14,0.9333333333333333,0.5666666666666667,0.9712693920259795,0.9713072513846847,True
BH14,0.95,0.5666666666666667,0.9784687831872833,0.9784866841985307,True
BH14,0.9666666666666666,0.5666666666666667,0.9856540852318054,0.9856619748166339,True
BH14,0.9833333333333334,0.5666666666666667,0.9928295910085894,0.992833090954944,True
BH14,1.0,0.5666666666666667,1.0,1.0000000000000002,True
BH14,-1.0,0.5833333333333333,-2.9409902198478065e-17,3.8303099070739447e-17,True
BH14,-0.9833333333333333,0.5833333333333333,0.007236933942679205,0.007241622757546814,True
BH14,-0.9666666666666667,0.5833333333333333,0.014480097350452286,0.014484003843345994,True
BH14,-0.95,0.5833333333333333,0.021729385413984288,0.021727145405050167,True
BH14,-0.9333333333333333,0.5833333333333333,0.028989756383880013,0.02897104959863398,True
BH14,-0.9166666666666666,0.5833333333333333,0.036273948645423416,0.03623834671381807,True
BH14,-0.9,0.5833333333333333,0.04358094055758864,0.0435806839890366,True
BH14,-0.8833333333333333,0.5833333333333333,0.05091295254307332,0.0509255219156455,True
BH14,-0.8666666666666667,0.5833333333333333,0.05827631175516966,0.05827286002769841,True
BH14,-0.85,0.5833333333333333,0.06567836592263909,0.06562269785890523,True
BH14,-0.8333333333333334,0.5833333333333333,0.0731199294795252,0.07307157835199315,True
BH14,-0.8166666666666667,0.5833333333333333,0.08060417732346783,0.08061222236063692,True
BH14,-0.8,0.5833333333333333,0.08813924037564687,0.08815399640956449,True
BH14,-0.7833333333333333,0.5833333333333333,0.09572510866089325,0.09569690336474866,True
BH14,-0.7666666666666666,0.5833333333333333,0.10337128506512674,0.10324094610244751,True
BH14,-0.75,0.5833333333333333,0.11107325371111179,0.11101939753930472,True
BH14,-0.7333333333333334,0.5833333333333333,0.11883873939078479,0.11881974961114478,True
BH14,-0.7166666666666667,0.5833333333333333,0.12666657569638856,0.12661852209288435,True
BH14,-0.7,0.5833333333333333,0.13456486392882652,0.1344156876099267,True
BH14,-0.6833333333333333,0.5833333333333333,0.1425280852063146,0.1423558522132066,True
BH14,-0.6666666666666667,0.5833333333333333,0.15056395825668561,0.1504437762448697,True
BH14,-0.65,0.5833333333333333,0.15866619644786728,0.15853351846583624,True
BH14,-0.6333333333333333,0.5833333333333333,0.1668375309756352,0.16662513072377638,True
BH14,-0.6166666666666667,0.5833333333333333,0.17507689861555828,0.17478430179370935,True
BH14,-0.6,0.5833333333333333,0.1833819390394025,0.18314521975865194,True
BH14,-0.5833333333333333,0.5833333333333333,0.1917496051964917,0.1915127022729263,True
BH14,-0.5666666666666667,0.5833333333333333,0.20017432021004378,0.19988697492055055,True
BH14,-0.55,0.5833333333333333,0.20865689962193756,0.2082972191848402,True
BH14,-0.5333333333333333,0.5833333333333333,0.2171917167582903,0.21690565490663433,True
BH14,-0.5166666666666666,0.5833333333333333,0.22577478492172154,0.22551604105579404,True
BH14,-0.5,0.5833333333333333,0.23440068217253696,0.23412837872988168,True
BH14,-0.4833333333333334,0.5833333333333333,0.24306667860213305,0.24274266902719255,True
BH14,-0.4666666666666667,0.5833333333333333,0.25177198602804013,0.25143710167818806,True
BH14,-0.44999999999999996,0.5833333333333333,0.2605017363533543,0.26020880148025316,True
BH14,-0.43333333333333335,0.5833333333333333,0.2692635589643462,0.2689818718627671,True
BH14,-0.41666666666666663,0.5833333333333333,0.2780472089184862,0.2777563141626018,True
BH14,-0.4,0.5833333333333333,0.28685230821513985,0.2865321297183493,True
BH14,-0.3833333333333333,0.5833333333333333,0.295672589331256,0.295377120545903,True
BH14,-0.3666666666666667,0.5833333333333333,0.30450750284457506,0.30423380779735065,True
BH14,-0.35,0.5833333333333333,0.31335595390508275,0.31309119225460014,True
BH14,-0.33333333333333337,0.5833333333333333,0.3222143170525785,0.32194927428263037,True
BH14,-0.31666666666666665,0.5833333333333333,0.33108007506759707,0.33081451977119664,True
BH14,-0.30000000000000004,0.5833333333333333,0.33995222086311805,0.33970706262886907,True
BH14,-0.2833333333333333,0.5833333333333333,0.3488306161640998,0.34859990623685316,True
BH14,-0.2666666666666667,0.5833333333333333,0.35771384434052067,0.35749305066788273,True
BH14,-0.25,0.5833333333333333,0.36659884868896236,0.36638649599471496,True
BH14,-0.2333333333333334,0.5833333333333333,0.37548780283449434,0.3752859145210886,True
BH14,-0.21666666666666667,0.5833333333333333,0.3843778035432864,0.38419084363184475,True
BH14,-0.19999999999999996,0.5833333333333333,0.3932699794534693,0.39309589394916233,True
BH14,-0.18333333333333335,0.5833333333333333,0.40216309763242897,0.40200106548676995,True
BH14,-0.16666666666666663,0.5833333333333333,0.41105669696261193,0.4109063582583987,True
BH14,-0.15000000000000002,0.5833333333333333,0.4199503913963514,0.41981357887277904,True
BH14,-0.1333333333333333,0.5833333333333333,0.42884498908529073,0.4287212290639094,True
BH14,-0.1166666666666667,0.5833333333333333,0.43773934782134133,0.4376289280931879,True
BH14,-0.09999999999999998,0.5833333333333333,0.44663347542719856,0.44653667596343544,True
BH14,-0.08333333333333337,0.5833333333333333,0.4555280492865482,0.45544444330273404,True
BH14,-0.06666666666666665,0.5833333333333333,0.46442245012573935,0.4643520598777156,True
BH14,-0.050000000000000044,0.5833333333333333,0.47331684622673575,0.47325969726831296,True
BH14,-0.033333333333333326,0.5833333333333333,0.48221125518409536,0.48216735547516876,True
BH14,-0.01666666666666672,0.5833333333333333,0.4911055108112685,0.49107503449892564,True
BH14,0.0,0.5833333333333333,0.4999996699596274,0.49998268434375437,True
BH14,0.016666666666666607,0.5833333333333333,0.5088937638289764,0.5088902845210252,True
BH14,0.033333333333333215,0.5833333333333333,0.5177880323348787,0.5177978940984304,True
BH14,0.050000000000000044,0.5833333333333333,0.5266823775909728,0.526705513076106,True
BH14,0.06666666666666665,0.5833333333333333,0.5355772556748921,0.5356131414541883,True
BH14,0.08333333333333326,0.5833333333333333,0.5444712413828376,0.5445209075262727,True
BH14,0.10000000000000009,0.5833333333333333,0.5533658407183603,0.5534287155379027,True
BH14,0.1166666666666667,0.5833333333333333,0.5622603578371037,0.5623365218157739,True
BH14,0.1333333333333333,0.5833333333333333,0.5711546437863432,0.5712443263599394,True
BH14,0.1499999999999999,0.5833333333333333,0.5800491809391897,0.5801520392010019,True
BH14,0.16666666666666674,0.5833333333333333,0.5889427224439336,0.589058241668582,True
BH14,0.18333333333333335,0.5833333333333333,0.5978365055756443,0.5979643900965472,True
BH14,0.19999999999999996,0.5833333333333333,0.6067293277039557,0.606870484499294,True
BH14,0.21666666666666656,0.5833333333333333,0.6156210001295486,0.6157765248912128,True
BH14,0.2333333333333334,0.5833333333333333,0.6245110905329678,0.6246794109032316,True
BH14,0.25,0.5833333333333333,0.6333995166706656,0.6335764720334527,True
BH14,0.2666666666666666,0.5833333333333333,0.6422861530948438,0.6424732615608989,True
BH14,0.2833333333333332,0.5833333333333333,0.6511682196093008,0.6513697797057263,True
BH14,0.30000000000000004,0.5833333333333333,0.6600466328515855,0.6602660266878524,True
BH14,0.31666666666666665,0.5833333333333333,0.6689187633314704,0.6691443528046652,True
BH14,0.33333333333333326,0.5833333333333333,0.6777857679604771,0.6780117265608347,True
BH14,0.3500000000000001,0.5833333333333333,0.6866433035170276,0.6868782683145903,True
BH14,0.3666666666666667,0.5833333333333333,0.6954911488331981,0.6957439797337392,True
BH14,0.3833333333333333,0.5833333333333333,0.70432702984846,0.7046088624815923,True
BH14,0.3999999999999999,0.5833333333333333,0.7131482243160027,0.7134111885247532,True
BH14,0.41666666666666674,0.5833333333333333,0.7219520943290385,0.7222033109848667,True
BH14,0.43333333333333335,0.5833333333333333,0.7307355666051842,0.7309937510041588,True
BH14,0.44999999999999996,0.5833333333333333,0.7394950742342336,0.7397825168876051,True
BH14,0.46666666666666656,0.5833333333333333,0.7482285981946183,0.7485569958308452,True
BH14,0.4833333333333334,0.5833333333333333,0.7569308904898584,0.7571964984436829,True
BH14,0.5,0.5833333333333333,0.7655970718763636,0.7658339174154727,True
BH14,0.5166666666666666,0.5833333333333333,0.7742238112644567,0.7744692832000968,True
BH14,0.5333333333333332,0.5833333333333333,0.782807629389398,0.78310262566532,True
BH14,0.55,0.5833333333333333,0.7913420466741277,0.7916657357424814,True
BH14,0.5666666666666667,0.5833333333333333,0.7998250592895958,0.8000356540643335,True
BH14,0.5833333333333333,0.5833333333333333,0.8082515842780811,0.8084031093821706,True
BH14,0.6000000000000001,0.5833333333333333,0.8166182248135475,0.8167681217602487,True
BH14,0.6166666666666667,0.5833333333333333,0.8249210888230358,0.8251307110233652,True
BH14,0.6333333333333333,0.5833333333333333,0.8331612505218218,0.8334705006711258,True
BH14,0.6499999999999999,0.5833333333333333,0.841333038158937,0.8414819886497563,True
BH14,0.6666666666666667,0.5833333333333333,0.8494349741633265,0.8494936533608135,True
BH14,0.6833333333333333,0.5833333333333333,0.8574694052118612,0.8575054930172548,True
BH14,0.7,0.5833333333333333,0.8654320807396423,0.8655175058562384,True
BH14,0.7166666666666666,0.5833333333333333,0.873331419823695,0.8735296901387133,True
BH14,0.7333333333333334,0.5833333333333333,0.8811611285165624,0.8812885127596153,True
BH14,0.75,0.5833333333333333,0.8889285329014533,0.8889467572790122,True
BH14,0.7666666666666666,0.5833333333333333,0.896629232530828,0.8966050012914203,True
BH14,0.7833333333333332,0.5833333333333333,0.9042731745381707,0.9042632447944599,True
BH14,0.8,0.5833333333333333,0.9118623626017299,0.9119214877857368,True
BH14,0.8166666666666667,0.5833333333333333,0.9193949974776883,0.9195257787973127,True
BH14,0.8333333333333333,0.5833333333333333,0.926880134105478,0.9269190009286374,True
BH14,0.8499999999999999,0.5833333333333333,0.9343220727618179,0.9343099862553712,True
BH14,0.8666666666666667,0.5833333333333333,0.9417222549676975,0.9416987161237154,True
BH14,0.8833333333333333,0.5833333333333333,0.9490880973413733,0.9490851716757362,True
BH14,0.8999999999999999,0.5833333333333333,0.9564189830752184,0.956469333846621,True
BH14,0.9166666666666667,0.5833333333333333,0.9637252866556026,0.9637730575863654,True
BH14,0.9333333333333333,0.5833333333333333,0.97100834512296,0.9710260193126817,True
BH14,0.95,0.5833333333333333,0.9782716746960465,0.9782752239357481,True
BH14,0.9666666666666666,0.5833333333333333,0.9855226993079764,0.985520642087975,True
BH14,0.9833333333333334,0.5833333333333333,0.9927638176241785,0.992762244100621,True
BH14,1.0,0.5833333333333333,1.0,1.0,True
BH14,-1.0,0.6000000000000001,-1.2053196338727986e-17,4.0384010303709114e-17,True
BH14,-0.9833333333333333,0.6000000000000001,0.007298955574558799,0.007300558537407829,True
BH14,-0.9666666666666667,0.6000000000000001,0.014600512763784159,0.014601853501841868,True
BH14,-0.95,0.6000000000000001,0.02191059822594152,0.021903892288397495,True
BH14,-0.9333333333333333,0.6000000000000001,0.029235581022901067,0.029206682392310186,True
BH14,-0.9166666666666666,0.6000000000000001,0.03657557989581273,0.0365327829644467,True
BH14,-0.9,0.6000000000000001,0.04393883556935589,0.04392603450758864,True
BH14,-0.8833333333333333,0.6000000000000001,0.05132779987695919,0.05132094137011782,True
BH14,-0.8666666666666667,0.6000000000000001,0.058746280880261716,0.05871750588672099,True
BH14,-0.85,0.6000000000000001,0.06619969624699068,0.06611573039697057,True
BH14,-0.8333333333333334,0.6000000000000001,0.07368814635541235,0.07361310673171251,True
BH14,-0.8166666666666667,0.6000000000000001,0.08122086702407691,0.08119018073887393,True
BH14,-0.8,0.6000000000000001,0.08880256582948379,0.08876808204188696,True
BH14,-0.7833333333333333,0.6000000000000001,0.09642648983229245,0.09634681390345261,True
BH14,-0.7666666666666666,0.6000000000000001,0.10410451929148223,0.10392637960373272,True
BH14,-0.75,0.6000000000000001,0.1118436498021326,0.11174712200082748,True
BH14,-0.7333333333333334,0.6000000000000001,0.11963369278678496,0.11957756068647793,True
BH14,-0.7166666666666667,0.6000000000000001,0.12748689715972267,0.12740676524314787,True
BH14,-0.7,0.6000000000000001,0.13540036979212533,0.1352347308215179,True
BH14,-0.6833333333333333,0.6000000000000001,0.14337810706553733,0.14321454275273648,True
BH14,-0.6666666666666667,0.6000000000000001,0.15141805800086455,0.15132072384946643,True
BH14,-0.65,0.6000000000000001,0.15952304267082024,0.15942714267509553,True
BH14,-0.6333333333333333,0.6000000000000001,0.16769084906517978,0.16753380306856502,True
BH14,-0.6166666666666667,0.6000000000000001,0.17592054138668864,0.17571254502978914,True
BH14,-0.6,0.6000000000000001,0.18421014207461062,0.18407310775546668,True
BH14,-0.5833333333333333,0.6000000000000001,0.19255975977372197,0.19243663371923914,True
BH14,-0.5666666666666667,0.6000000000000001,0.2009633985880098,0.2008007136230267,True
BH14,-0.55,0.6000000000000001,0.20942285677803585,0.20917480933004695,True
BH14,-0.5333333333333333,0.6000000000000001,0.21792885363710363,0.21774314006621243,True
BH14,-0.5166666666666666,0.6000000000000001,0.22648139468979167,0.22631340766396257,True
BH14,-0.5,0.6000000000000001,0.23507462756944703,0.2348856132159166,True
BH14,-0.4833333333333334,0.6000000000000001,0.24370849156645408,0.24345975781542642,True
BH14,-0.4666666666666667,0.6000000000000001,0.25237350776855855,0.25211320557083594,True
BH14,-0.44999999999999996,0.6000000000000001,0.26107414907620025,0.26084393441618486,True
BH14,-0.43333333333333335,0.6000000000000001,0.2697989629140443,0.26957600747825133,True
BH14,-0.41666666666666663,0.6000000000000001,0.27854852222839904,0.27830942606900677,True
BH14,-0.4,0.6000000000000001,0.28731901088700407,0.28704419150211197,True
BH14,-0.3833333333333333,0.6000000000000001,0.2961085838411793,0.2958541298859509,True
BH14,-0.3666666666666667,0.6000000000000001,0.3049130342708449,0.3046769069948039,True
BH14,-0.35,0.6000000000000001,0.3137326763470685,0.31350036956395155,True
BH14,-0.33333333333333337,0.6000000000000001,0.32256091709546275,0.322324517952364,True
BH14,-0.31666666666666665,0.6000000000000001,0.3314001929664109,0.33115737835364745,True
BH14,-0.30000000000000004,0.6000000000000001,0.34024769169398483,0.34002426563888727,True
BH14,-0.2833333333333333,0.6000000000000001,0.3491023069635728,0.3488914495645531,True
BH14,-0.2666666666666667,0.6000000000000001,0.35796187016087255,0.3577589302024042,True
BH14,-0.25,0.6000000000000001,0.366826159190914,0.36662670762422284,True
BH14,-0.2333333333333334,0.6000000000000001,0.37569433310407596,0.37550377159246034,True
BH14,-0.21666666666666667,0.6000000000000001,0.3845652732584801,0.38438949764442976,True
BH14,-0.19999999999999996,0.6000000000000001,0.3934390282420517,0.3932753434596772,True
BH14,-0.18333333333333335,0.6000000000000001,0.4023140215458384,0.40216130905177017,True
BH14,-0.16666666666666663,0.6000000000000001,0.4111917502873536,0.4110473944342786,True
BH14,-0.15000000000000002,0.6000000000000001,0.4200701790123596,0.41993882904894064,True
BH14,-0.1333333333333333,0.6000000000000001,0.4289493173799599,0.4288314062193747,True
BH14,-0.1166666666666667,0.6000000000000001,0.43782913673572876,0.4377240316491846,True
BH14,-0.09999999999999998,0.6000000000000001,0.4467099889625438,0.44661670534115816,True
BH14,-0.08333333333333337,0.6000000000000001,0.4555910034057682,0.45550967852006913,True
BH14,-0.06666666666666665,0.6000000000000001,0.46447238468043783,0.4644042597755842,True
BH14,-0.050000000000000044,0.6000000000000001,0.4733541469881375,0.47329886157889567,True
BH14,-0.033333333333333326,0.6000000000000001,0.4822359114722493,0.48219348393063793,True
BH14,-0.01666666666666672,0.6000000000000001,0.49111779605405015,0.4910881268314452,True
BH14,0.0,0.6000000000000001,0.49999963618091703,0.49998282014463197,True
BH14,0.016666666666666607,0.6000000000000001,0.508881563887184,0.5088775630722837,True
BH14,0.033333333333333215,0.6000000000000001,0.5177634967442832,0.5177723152760518,True
BH14,0.050000000000000044,0.6000000000000001,0.526645283937226,0.5266670767560706,True
BH14,0.06666666666666665,0.6000000000000001,0.5355265447058855,0.5355618475124744,True
BH14,0.08333333333333326,0.6000000000000001,0.5444083106501828,0.5444555084589128,True
BH14,0.10000000000000009,0.6000000000000001,0.5532889493169597,0.55334879999724,True
BH14,0.1166666666666667,0.6000000000000001,0.5621697634256219,0.5622420900967089,True
BH14,0.1333333333333333,0.6000000000000001,0.5710503252539132,0.5711353787573639,True
BH14,0.1499999999999999,0.6000000000000001,0.5799292989579123,0.5800283645079549,True
BH14,0.16666666666666674,0.6000000000000001,0.5888076246905001,0.588916345668313,True
BH14,0.18333333333333335,0.6000000000000001,0.5976848846008974,0.5978042760271807,True
BH14,0.19999999999999996,0.6000000000000001,0.6065600353537408,0.6066921555980896,True
BH14,0.21666666666666656,0.6000000000000001,0.6154340848504716,0.6155799843945673,True
BH14,0.2333333333333334,0.6000000000000001,0.6243052548394354,0.6244625096417095,True
BH14,0.25,0.6000000000000001,0.6331731184056009,0.6333353022406344,True
BH14,0.2666666666666666,0.6000000000000001,0.6420377904004633,0.6422078364097032,True
BH14,0.2833333333333332,0.6000000000000001,0.6508968923542927,0.6510801123582541,True
BH14,0.30000000000000004,0.6000000000000001,0.6597517479244209,0.6599521302953983,True
BH14,0.31666666666666665,0.6000000000000001,0.6685985338347895,0.6688010120213257,True
BH14,0.33333333333333326,0.6000000000000001,0.6774383557027996,0.6776358724051419,True
BH14,0.3500000000000001,0.6000000000000001,0.6862682325212404,0.6864699446458049,True
BH14,0.3666666666666667,0.6000000000000001,0.6950862349579985,0.6953032303208055,True
BH14,0.3833333333333333,0.6000000000000001,0.7038911067616571,0.704135731003389,True
BH14,0.3999999999999999,0.6000000000000001,0.7126797998371208,0.7128985245787764,True
BH14,0.41666666666666674,0.6000000000000001,0.7214500701527414,0.721649905011772,True
BH14,0.43333333333333335,0.6000000000000001,0.7302010013678115,0.7303997379963603,True
BH14,0.44999999999999996,0.6000000000000001,0.7389265630871131,0.7391480311598801,True
BH14,0.46666666666666656,0.6000000000000001,0.7476254567273672,0.7478828627349323,True
BH14,0.4833333333333334,0.6000000000000001,0.7562920335118997,0.7564796697708633,True
BH14,0.5,0.6000000000000001,0.7649253864285644,0.7650748092262403,True
BH14,0.5166666666666666,0.6000000000000001,0.7735196803746776,0.773668305587379,True
BH14,0.5333333333333332,0.6000000000000001,0.7820709438804969,0.782260182866402,True
BH14,0.55,0.6000000000000001,0.7905773341317774,0.7907853625756166,True
BH14,0.5666666666666667,0.6000000000000001,0.7990345603583878,0.799127483066566,True
BH14,0.5833333333333333,0.6000000000000001,0.8074408848289778,0.8074673076068573,True
BH14,0.6000000000000001,0.6000000000000001,0.8157874006700372,0.8158116046999,True
BH14,0.6166666666666667,0.6000000000000001,0.8240787851569173,0.824159785356681,True
BH14,0.6333333333333333,0.6000000000000001,0.8323086809628852,0.8324990185880505,True
BH14,0.6499999999999999,0.6000000000000001,0.8404761214811256,0.840521868617452,True
BH14,0.6666666666666667,0.6000000000000001,0.8485800279073352,0.8485450157783814,True
BH14,0.6833333333333333,0.6000000000000001,0.856620758400078,0.856568458479712,True
BH14,0.7,0.6000000000000001,0.864598301344532,0.8645921951417392,True
BH14,0.7166666666666666,0.6000000000000001,0.8725153617765706,0.872616224196076,True
BH14,0.7333333333333334,0.6000000000000001,0.8803646554313194,0.8804170106568523,True
BH14,0.75,0.6000000000000001,0.8881596328589119,0.8881124348244689,True
BH14,0.7666666666666666,0.6000000000000001,0.8958943110423185,0.8958079237820266,True
BH14,0.7833333333333332,0.6000000000000001,0.9035727043090999,0.9035034775566997,True
BH14,0.8,0.6000000000000001,0.9111990698974123,0.9111990961756793,True
BH14,0.8166666666666667,0.6000000000000001,0.9187787421799016,0.9188497031228893,True
BH14,0.8333333333333333,0.6000000000000001,0.9263100392467198,0.9262965179768805,True
BH14,0.8499999999999999,0.6000000000000001,0.9337999858839092,0.9337420447705453,True
BH14,0.8666666666666667,0.6000000000000001,0.9412534523778353,0.9411862780390078,True
BH14,0.8833333333333333,0.6000000000000001,0.9486719459213342,0.948629212286948,True
BH14,0.8999999999999999,0.6000000000000001,0.9560610895496968,0.9560708419883939,True
BH14,0.9166666666666667,0.6000000000000001,0.9634232957182023,0.9634370287297827,True
BH14,0.9333333333333333,0.6000000000000001,0.9707657342132698,0.9707543583205609,True
BH14,0.95,0.6000000000000001,0.9780888167789352,0.978069332358721,True
BH14,0.9666666666666666,0.6000000000000001,0.985399860496437,0.9853819387691003,True
BH14,0.9833333333333334,0.6000000000000001,0.9927024558570237,0.9926921653954967,True
BH14,1.0,0.6000000000000001,1.0,1.0,True
BH14,-1.0,0.6166666666666667,-4.0702203011620706e-17,1.929238993875236e-17,True
BH14,-0.9833333333333333,0.6166666666666667,0.0073552363451413385,0.007349913098826169,True
BH14,-0.9666666666666667,0.6166666666666667,0.0147154027173038,0.014700896862228408,True
BH14,-0.95,0.6166666666666667,0.02208137960558691,0.022052962156371113,True
BH14,-0.9333333333333333,0.6166666666666667,0.029460348116744372,0.029406119996643616,True
BH14,-0.9166666666666666,0.6166666666666667,0.0368559159451258,0.03678287880668023,True
BH14,-0.9,0.6166666666666667,0.044272387464594415,0.044221333903417426,True
BH14,-0.8833333333333333,0.6166666666666667,0.051713197928572555,0.051661492528365965,True
BH14,-0.8666666666666667,0.6166666666666667,0.059181467826228136,0.059103357106005894,True
BH14,-0.85,0.6166666666666667,0.06668267476294949,0.06654693006594437,True
BH14,-0.8333333333333334,0.6166666666666667,0.07421755300353132,0.07408901485452506,True
BH14,-0.8166666666666667,0.6166666666666667,0.08179396076343577,0.08170066843505777,True
BH14,-0.8,0.6166666666666667,0.08941264440451245,0.08931324197983316,True
BH14,-0.7833333333333333,0.6166666666666667,0.09707617948975372,0.09692673913683902,True
BH14,-0.7666666666666666,0.6166666666666667,0.1047910189934749,0.10454116357372518,True
BH14,-0.75,0.6166666666666667,0.11255169762940892,0.11238872543722254,True
BH14,-0.7333333333333334,0.6166666666666667,0.12037069399603617,0.12023572844343783,True
BH14,-0.7166666666666667,0.6166666666666667,0.12824389591505791,0.12808154088293328,True
BH14,-0.7,0.6166666666666667,0.13617263231702598,0.1359261580808564,True
BH14,-0.6833333333333333,0.6166666666666667,0.14416166905787808,0.1439229096272126,True
BH14,-0.6666666666666667,0.6166666666666667,0.15220931313752611,0.15202741112589702,True
BH14,-0.65,0.6166666666666667,0.16031522371108214,0.1601321315864699,True
BH14,-0.6333333333333333,0.6166666666666667,0.16847868459034562,0.16823707450344363,True
BH14,-0.6166666666666667,0.6166666666666667,0.1767034732851837,0.17641530521236998,True
BH14,-0.6,0.6166666666666667,0.1849812959823342,0.1847599781620639,True
BH14,-0.5833333333333333,0.6166666666666667,0.19331567774146818,0.19310736697833314,True
BH14,-0.5666666666666667,0.6166666666666667,0.20170171497552403,0.2014575302970233,True
BH14,-0.55,0.6166666666666667,0.21013595144222785,0.2098335105431916,True
BH14,-0.5333333333333333,0.6166666666666667,0.21861779383956154,0.2183833760477073,True
BH14,-0.5166666666666666,0.6166666666666667,0.22714244457692467,0.22693429225626593,True
BH14,-0.5,0.6166666666666667,0.2357093262219262,0.23548626068165046,True
BH14,-0.4833333333333334,0.6166666666666667,0.24431046478099278,0.2440392828394936,True
BH14,-0.4666666666666667,0.6166666666666667,0.25294962050789943,0.2526681981453229,True
BH14,-0.44999999999999996,0.6166666666666667,0.2616157502353237,0.2613723796607587,True
BH14,-0.43333333333333335,0.6166666666666667,0.2703097454033242,0.2700773811951589,True
BH14,-0.41666666666666663,0.6166666666666667,0.27902990971139285,0.2787832036477317,True
BH14,-0.4,0.6166666666666667,0.28776959657139,0.2874898479189804,True
BH14,-0.3833333333333333,0.6166666666666667,0.2965300173967791,0.2962733043612866,True
BH14,-0.3666666666666667,0.6166666666666667,0.30530572260983757,0.3050699458600876,True
BH14,-0.35,0.6166666666666667,0.3140964421727941,0.3138670620180817,True
BH14,-0.33333333333333337,0.6166666666666667,0.3228999950548484,0.32266465317993287,True
BH14,-0.31666666666666665,0.6166666666666667,0.33171324360671167,0.33147165105865806,True
BH14,-0.30000000000000004,0.6166666666666667,0.3405364102016787,0.3403166497838004,True
BH14,-0.2833333333333333,0.6166666666666667,0.34936736969563587,0.34916187900140694,True
BH14,-0.2666666666666667,0.6166666666666667,0.35820547093582517,0.3580073388145042,True
BH14,-0.25,0.6166666666666667,0.36704946525080084,0.36685302932618047,True
BH14,-0.2333333333333334,0.6166666666666667,0.37589705084065855,0.3757102992828326,True
BH14,-0.21666666666666667,0.6166666666666667,0.3847502127659537,0.38457846558346875,True
BH14,-0.19999999999999996,0.6166666666666667,0.39360597322418023,0.3934467339119731,True
BH14,-0.18333333333333335,0.6166666666666667,0.40246492365363296,0.4023151042949684,True
BH14,-0.16666666666666663,0.6166666666666667,0.4113257987093506,0.41118357675908657,True
BH14,-0.15000000000000002,0.6166666666666667,0.420188716871381,0.42006005224685594,True
BH14,-0.1333333333333333,0.6166666666666667,0.42905295454743747,0.4289382263605892,True
BH14,-0.1166666666666667,0.6166666666666667,0.43791902599431487,0.4378164443269724,True
BH14,-0.09999999999999998,0.6166666666666667,0.4467860175443001,0.4466947061523614,True
BH14,-0.08333333333333337,0.6166666666666667,0.4556536279309238,0.4555734917690594,True
BH14,-0.06666666666666665,0.6166666666666667,0.46452217988545474,0.46445532589253025,True
BH14,-0.050000000000000044,0.6166666666666667,0.473391279479053,0.4733371793333594,True
BH14,-0.033333333333333326,0.6166666666666667,0.48226027182723924,0.4822190520930597,True
BH14,-0.01666666666666672,0.6166666666666667,0.49113002443706694,0.49110094417314415,True
BH14,0.0,0.6166666666666667,0.49999960840640956,0.4999829522150827,True
BH14,0.016666666666666607,0.6166666666666667,0.5088694135379295,0.5088650924762035,True
BH14,0.033333333333333215,0.6166666666666667,0.5177388737554406,0.5177472414776998,True
BH14,0.050000000000000044,0.6166666666666667,0.5266080762858765,0.5266293992199013,True
BH14,0.06666666666666665,0.6166666666666667,0.5354772816659243,0.5355115657031375,True
BH14,0.08333333333333326,0.6166666666666667,0.5443451920534262,0.5443915936218965,True
BH14,0.10000000000000009,0.6166666666666667,0.5532132626947248,0.5532709122771099,True
BH14,0.1166666666666667,0.6166666666666667,0.562080450299141,0.5621502297836982,True
BH14,0.1333333333333333,0.6166666666666667,0.5709460682427372,0.5710295461416816,True
BH14,0.1499999999999999,0.6166666666666667,0.579810854912716,0.5799083932590301,True
BH14,0.16666666666666674,0.6166666666666667,0.5886740583517667,0.5887794652933127,True
BH14,0.18333333333333335,0.6166666666666667,0.5975341750585892,0.5976504949144832,True
BH14,0.19999999999999996,0.6166666666666667,0.606392657966512,0.6065214821318452,True
BH14,0.21666666666666656,0.6166666666666667,0.6152495008740518,0.6153924269546995,True
BH14,0.2333333333333334,0.6166666666666667,0.6241020203331373,0.6242565022610937,True
BH14,0.25,0.6166666666666667,0.6329504134823118,0.6331080127471461,True
BH14,0.2666666666666666,0.6166666666666667,0.6417939927899595,0.6419593240696257,True
BH14,0.2833333333333332,0.6166666666666667,0.6506321661010144,0.6508104363923859,True
BH14,0.30000000000000004,0.6166666666666667,0.6594631822288237,0.6596613498791001,True
BH14,0.31666666666666665,0.6166666666666667,0.6682867035873242,0.6684859420368041,True
BH14,0.33333333333333326,0.6166666666666667,0.6771006133854216,0.6772947669470473,True
BH14,0.3500000000000001,0.6166666666666667,0.6859034695206949,0.6861030480844659,True
BH14,0.3666666666666667,0.6166666666666667,0.6946940370138699,0.6949107864325164,True
BH14,0.3833333333333333,0.6166666666666667,0.7034704007096324,0.7037179829722711,True
BH14,0.3999999999999999,0.6166666666666667,0.7122299653057041,0.7124528420730643,True
BH14,0.41666666666666674,0.6166666666666667,0.7209695707778956,0.7211762205304629,True
BH14,0.43333333333333335,0.6166666666666667,0.7296890618191857,0.7298986726505603,True
BH14,0.44999999999999996,0.6166666666666667,0.7383834155099639,0.738620201123454,True
BH14,0.46666666666666656,0.6166666666666667,0.747050784460392,0.7473296778425538,True
BH14,0.4833333333333334,0.6166666666666667,0.7556867914835386,0.7559025731638447,True
BH14,0.5,0.6166666666666667,0.7642890184799471,0.7644746313425652,True
BH14,0.5166666666666666,0.6166666666666667,0.7728558557958289,0.7730458542132069,True
BH14,0.5333333333333332,0.6166666666666667,0.781380554660941,0.7816162436048473,True
BH14,0.55,0.6166666666666667,0.7898620782553701,0.7901261033207465,True
BH14,0.5666666666666667,0.6166666666666667,0.7982983464694408,0.7984642194621686,True
BH14,0.5833333333333333,0.6166666666666667,0.8066841592030225,0.8068013150401239,True
BH14,0.6000000000000001,0.6166666666666667,0.8150166717722055,0.8151374006911359,True
BH14,0.6166666666666667,0.6166666666666667,0.8232965632919692,0.8234724869009747,True
BH14,0.6333333333333333,0.6166666666666667,0.831518547895733,0.8318046735124678,True
BH14,0.6499999999999999,0.6166666666666667,0.8396827759121753,0.8398334458764323,True
BH14,0.6666666666666667,0.6166666666666667,0.8477899317432562,0.8478624940686237,True
BH14,0.6833333333333333,0.6166666666666667,0.8558383039394224,0.855891816614212,True
BH14,0.7,0.6166666666666667,0.8638264658918997,0.8639214120489321,True
BH14,0.7166666666666666,0.6166666666666667,0.8717558665560486,0.8719512789189886,True
BH14,0.7333333333333334,0.6166666666666667,0.8796325086722296,0.8797785157473943,True
BH14,0.75,0.6166666666666667,0.8874462306797721,0.887500714010484,True
BH14,0.7666666666666666,0.6166666666666667,0.8952116117674145,0.8952229846211035,True
BH14,0.7833333333333332,0.6166666666666667,0.9029245289692356,0.90294532760968,True
BH14,0.8,0.6166666666666667,0.9105891002051578,0.9106677430066575,True
BH14,0.8166666666666667,0.6166666666666667,0.9182065233237009,0.9183515027672036,True
BH14,0.8333333333333333,0.6166666666666667,0.9257817525854981,0.9258398492865425,True
BH14,0.8499999999999999,0.6166666666666667,0.9333169539971825,0.9333270235255263,True
BH14,0.8666666666666667,0.6166666666666667,0.9408207818351003,0.94081302048822,True
BH14,0.8833333333333333,0.6166666666666667,0.9482848244755446,0.9482978351506857,True
BH14,0.8999999999999999,0.6166666666666667,0.955727227743161,0.955781462460791,True
BH14,0.9166666666666667,0.6166666666666667,0.9631425631158084,0.9631942829914446,True
BH14,0.9333333333333333,0.6166666666666667,0.9705391886840727,0.9705598364808367,True
BH14,0.95,0.6166666666666667,0.9779185512458476,0.9779231962560576,True
BH14,0.9666666666666666,0.6166666666666667,0.9852862545197716,0.9852843510256049,True
BH14,0.9833333333333334,0.6166666666666667,0.9926449985257444,0.9926432894217683,True
BH14,1.0,0.6166666666666667,1.0,1.0,True
BH14,-1.0,0.6333333333333333,-3.603151001517351e-17,-7.741719512200154e-18,True
BH14,-0.9833333333333333,0.6333333333333333,0.007407744959432555,0.007399617423280271,True
BH14,-0.9666666666666667,0.6333333333333333,0.014819545196805417,0.014800646848321124,True
BH14,-0.95,0.6333333333333333,0.022238857956540254,0.02220310275861253,True
BH14,-0.9333333333333333,0.6333333333333333,0.029669558701970043,0.029606999839350306,True
BH14,-0.9166666666666666,0.6333333333333333,0.03711559995672681,0.03703458248587484,True
BH14,-0.9,0.6333333333333333,0.04458103202020121,0.0445185412005715,True
BH14,-0.8833333333333333,0.6333333333333333,0.052068910417083517,0.05200425250475538,True
BH14,-0.8666666666666667,0.6333333333333333,0.05958481249239066,0.0594917189154025,True
BH14,-0.85,0.6333333333333333,0.06712881453906161,0.06698094295486738,True
BH14,-0.8333333333333334,0.6333333333333333,0.07470703679086776,0.07456722925135131,True
BH14,-0.8166666666666667,0.6333333333333333,0.08232289896047917,0.08221359432656028,True
BH14,-0.8,0.6333333333333333,0.08997717760732189,0.08986097305736541,True
BH14,-0.7833333333333333,0.6333333333333333,0.09767591281416083,0.09750936948525121,True
BH14,-0.7666666666666666,0.6333333333333333,0.10541927899967506,0.10516696156442415,True
BH14,-0.75,0.6333333333333333,0.11320903662549263,0.1130316665757304,True
BH14,-0.7333333333333334,0.6333333333333333,0.12104936869434714,0.12089522900785027,True
BH14,-0.7166666666666667,0.6333333333333333,0.12894238228936783,0.12875764438353077,True
BH14,-0.7,0.6333333333333333,0.13688781452436458,0.136618908201939,True
BH14,-0.6833333333333333,0.6333333333333333,0.1448875508109314,0.14463115253672884,True
BH14,-0.6666666666666667,0.6333333333333333,0.15294081594793402,0.15273398676336256,True
BH14,-0.65,0.6333333333333333,0.16104894533740421,0.16083702159723484,True
BH14,-0.6333333333333333,0.6333333333333333,0.1692130391092233,0.1689402602025068,True
BH14,-0.6166666666666667,0.6333333333333333,0.17743090062299194,0.1771174369754325,True
BH14,-0.6,0.6333333333333333,0.1856993242812408,0.1854464171081253,True
BH14,-0.5833333333333333,0.6333333333333333,0.19401939251517245,0.19377787440653915,True
BH14,-0.5666666666666667,0.6333333333333333,0.2023871174538771,0.20211186136091172,True
BH14,-0.55,0.6333333333333333,0.21080451810506437,0.21046968887672082,True
BH14,-0.5333333333333333,0.6333333333333333,0.2192650083422978,0.2189973617737483,True
BH14,-0.5166666666666666,0.6333333333333333,0.22776618747128713,0.2275260644629103,True
BH14,-0.5,0.6333333333333333,0.23630659347742228,0.23605579842858876,True
BH14,-0.4833333333333334,0.6333333333333333,0.24488371691072164,0.24458656515796667,True
BH14,-0.4666666666666667,0.6333333333333333,0.2534912283108198,0.25319100092687996,True
BH14,-0.44999999999999996,0.6333333333333333,0.26213105383944024,0.2618696131959295,True
BH14,-0.43333333333333335,0.6333333333333333,0.2707982403685843,0.2705490270565142,True
BH14,-0.41666666666666663,0.6333333333333333,0.27948711464837,0.27922924338851723,True
BH14,-0.4,0.6333333333333333,0.2882008129382662,0.28791026307309076,True
BH14,-0.3833333333333333,0.6333333333333333,0.29693365254016013,0.29666926906567725,True
BH14,-0.3666666666666667,0.6333333333333333,0.3056833017364037,0.3054418905464382,True
BH14,-0.35,0.6333333333333333,0.3144478019822209,0.3142149751565816,True
BH14,-0.33333333333333337,0.6333333333333333,0.3232262376767496,0.32298852323261373,True
BH14,-0.31666666666666665,0.6333333333333333,0.3320167698326801,0.33177210500792187,True
BH14,-0.30000000000000004,0.6333333333333333,0.34081700527018566,0.3405967188978662,True
BH14,-0.2833333333333333,0.6333333333333333,0.3496268064176219,0.34942155723240176,True
BH14,-0.2666666666666667,0.6333333333333333,0.3584430892799445,0.35824662011188746,True
BH14,-0.25,0.6333333333333333,0.36726785111090665,0.36707190763674225,True
BH14,-0.2333333333333334,0.6333333333333333,0.37609672476788575,0.37591063684148496,True
BH14,-0.21666666666666667,0.6333333333333333,0.3849311857614409,0.3847620692022971,True
BH14,-0.19999999999999996,0.6333333333333333,0.3937699804397653,0.3936136006861841,True
BH14,-0.18333333333333335,0.6333333333333333,0.40261248165112506,0.40246523131901546,True
BH14,-0.16666666666666663,0.6333333333333333,0.411457971069485,0.4113169611266698,True
BH14,-0.15000000000000002,0.6333333333333333,0.4203052785231626,0.4201789355021001,True
BH14,-0.1333333333333333,0.6333333333333333,0.429155541947693,0.4290430827716184,True
BH14,-0.1166666666666667,0.6333333333333333,0.4380074507617996,0.43790727253987705,True
BH14,-0.09999999999999998,0.6333333333333333,0.446861132820861,0.4467715048130365,True
BH14,-0.08333333333333337,0.6333333333333333,0.45571552121509273,0.4556364574526426,True
BH14,-0.06666666666666665,0.6333333333333333,0.46457116890944206,0.4645057143477227,True
BH14,-0.050000000000000044,0.6333333333333333,0.4734279304105201,0.4733749899038176,True
BH14,-0.033333333333333326,0.6333333333333333,0.48228464863575093,0.48224428412238923,True
BH14,-0.01666666666666672,0.6333333333333333,0.49114194331478234,0.4911135970048991,True
BH14,0.0,0.6333333333333333,0.4999997180461435,0.4999830840437348,True
BH14,0.016666666666666607,0.6333333333333333,0.5088569032598378,0.5088527764910222,True
BH14,0.033333333333333215,0.6333333333333333,0.5177144529319396,0.5177224773657374,True
BH14,0.050000000000000044,0.6333333333333333,0.5265715390457305,0.5265921866681982,True
BH14,0.06666666666666665,0.6333333333333333,0.5354276340825578,0.5354619043987224,True
BH14,0.08333333333333326,0.6333333333333333,0.5442837772167819,0.5443285881840241,True
BH14,0.10000000000000009,0.6333333333333333,0.5531387606780176,0.5531942660924555,True
BH14,0.1166666666666667,0.6333333333333333,0.5619920641606678,0.5620599430106171,True
BH14,0.1333333333333333,0.6333333333333333,0.5708439498560556,0.5709256189385263,True
BH14,0.1499999999999999,0.6333333333333333,0.5796937653579513,0.5797906860701809,True
BH14,0.16666666666666674,0.6333333333333333,0.5885423118670016,0.5886456326393371,True
BH14,0.18333333333333335,0.6333333333333333,0.5973872657853868,0.5975005391543714,True
BH14,0.19999999999999996,0.6333333333333333,0.6062298644791041,0.6063554056240699,True
BH14,0.21666666666666656,0.6333333333333333,0.6150681705987832,0.6152102320572155,True
BH14,0.2333333333333334,0.6333333333333333,0.623902710162569,0.6240569217964789,True
BH14,0.25,0.6333333333333333,0.6327322686648182,0.6328887294604993,True
BH14,0.2666666666666666,0.6333333333333333,0.6415558705015126,0.6417203487913377,True
BH14,0.2833333333333332,0.6333333333333333,0.650373138748437,0.6505517799438819,True
BH14,0.30000000000000004,0.6333333333333333,0.6591829876389497,0.6593830230728505,True
BH14,0.31666666666666665,0.6333333333333333,0.667983396563359,0.6681854778256358,True
BH14,0.33333333333333326,0.6333333333333333,0.6767733451211236,0.6769706821817059,True
BH14,0.3500000000000001,0.6333333333333333,0.6855520101236798,0.6857553714112337,True
BH14,0.3666666666666667,0.6333333333333333,0.6943164300828919,0.6945395464450129,True
BH14,0.3833333333333333,0.6333333333333333,0.703065864032404,0.7033232082115841,True
BH14,0.3999999999999999,0.6333333333333333,0.7117984937553975,0.7120326258172676,True
BH14,0.41666666666666674,0.6333333333333333,0.7205117308271143,0.7207301057698053,True
BH14,0.43333333333333335,0.6333333333333333,0.7292012087787718,0.7294267099044752,True
BH14,0.44999999999999996,0.6333333333333333,0.7378682742710505,0.7381224407616196,True
BH14,0.46666666666666656,0.6333333333333333,0.7465065437498519,0.7468069720605996,True
BH14,0.4833333333333334,0.6333333333333333,0.7551158922016441,0.7553567284989675,True
BH14,0.5,0.6333333333333333,0.7636908173094639,0.7639056819637664,True
BH14,0.5166666666666666,0.6333333333333333,0.772233489368664,0.7724538342122893,True
BH14,0.5333333333333332,0.6333333333333333,0.7807348885014632,0.7810011869966511,True
BH14,0.55,0.6333333333333333,0.789195296568026,0.7894919357945458,True
BH14,0.5666666666666667,0.6333333333333333,0.7976113258939971,0.797816731376902,True
BH14,0.5833333333333333,0.6333333333333333,0.8059790372453065,0.8061406011242704,True
BH14,0.6000000000000001,0.6333333333333333,0.8143009267622957,0.8144635546231993,True
BH14,0.6166666666666667,0.6333333333333333,0.8225710734069582,0.8227856013254995,True
BH14,0.6333333333333333,0.6333333333333333,0.8307860054856548,0.831106750550652,True
BH14,0.6499999999999999,0.6333333333333333,0.8389501677332668,0.839144803909196,True
BH14,0.6666666666666667,0.6333333333333333,0.84705954305132,0.8471797478390947,True
BH14,0.6833333333333333,0.6333333333333333,0.8551132350334623,0.855214944996005,True
BH14,0.7,0.6333333333333333,0.8631113556365473,0.8632503940304378,True
BH14,0.7166666666666666,0.6333333333333333,0.8710577198925964,0.8712860936025326,True
BH14,0.7333333333333334,0.6333333333333333,0.8789495453377337,0.8791389397761851,True
BH14,0.75,0.6333333333333333,0.8867903226540996,0.8868879603557875,True
BH14,0.7666666666666666,0.6333333333333333,0.8945815621466332,0.8946370608811949,True
BH14,0.7833333333333332,0.6333333333333333,0.9023246514417321,0.9023862413861203,True
BH14,0.8,0.6333333333333333,0.9100216315650649,0.9101355019042969,True
BH14,0.8166666666666667,0.6333333333333333,0.9176759421470392,0.9178520109895487,True
BH14,0.8333333333333333,0.6333333333333333,0.9252923120668863,0.9253820083178657,True
BH14,0.8499999999999999,0.6333333333333333,0.9328692075407803,0.9329109501773984,True
BH14,0.8666666666666667,0.6333333333333333,0.9404142086158926,0.9404388320498716,True
BH14,0.8833333333333333,0.6333333333333333,0.9479285283057065,0.9479656493915307,True
BH14,0.8999999999999999,0.6333333333333333,0.9554183750878851,0.9554913976329639,True
BH14,0.9166666666666667,0.6333333333333333,0.9628847396804765,0.9629508876457713,True
BH14,0.9333333333333333,0.6333333333333333,0.9703306301697232,0.9703647922845564,True
BH14,0.95,0.6333333333333333,0.977761210401726,0.9777766663694643,True
BH14,0.9666666666666666,0.6333333333333333,0.9851804889027196,0.9851864994060741,True
BH14,0.9833333333333334,0.6333333333333333,0.9925924875565526,0.9925942808287405,True
BH14,1.0,0.6333333333333333,1.0,1.0,True
BH14,-1.0,0.6499999999999999,-2.0260687439104796e-17,5.630700210452039e-17,True
BH14,-0.9833333333333333,0.6499999999999999,0.007456741109170641,0.007449675254542062,True
BH14,-0.9666666666666667,0.6499999999999999,0.014917711068067847,0.014901111100315539,True
BH14,-0.95,0.6499999999999999,0.022385463072844263,0.022354325789643362,True
BH14,-0.9333333333333333,0.6499999999999999,0.029864685760349965,0.02980933783261467,True
BH14,-0.9166666666666666,0.6499999999999999,0.03735625994378644,0.037287910009660225,True
BH14,-0.9,0.6499999999999999,0.04486767242562943,0.04481767541897076,True
BH14,-0.8833333333333333,0.6499999999999999,0.052398780505529645,0.05234924334787169,True
BH14,-0.8666666666666667,0.6499999999999999,0.05995759631631442,0.0598826164086182,True
BH14,-0.85,0.6499999999999999,0.06754183444955944,0.06741779721910567,True
BH14,-0.8333333333333334,0.6499999999999999,0.07516099164585008,0.07504776280690502,True
BH14,-0.8166666666666667,0.6499999999999999,0.08280995229994856,0.08272897208782751,True
BH14,-0.8,0.6499999999999999,0.09049921067916034,0.09041128975037449,True
BH14,-0.7833333333333333,0.6499999999999999,0.09822907298461193,0.0980947202378904,True
BH14,-0.7666666666666666,0.6499999999999999,0.10600101588406738,0.10579472835821556,True
BH14,-0.75,0.6499999999999999,0.11381601282930634,0.113675944614348,True
BH14,-0.7333333333333334,0.6499999999999999,0.12167822036965291,0.12155606157699295,True
BH14,-0.7166666666666667,0.6499999999999999,0.12958813508412878,0.12943507494154027,True
BH14,-0.7,0.6499999999999999,0.13754802520115514,0.1373129803807308,True
BH14,-0.6833333333333333,0.6499999999999999,0.14555746152516102,0.14533927289802434,True
BH14,-0.6666666666666667,0.6499999999999999,0.15361595228617397,0.15344045205763399,True
BH14,-0.65,0.6499999999999999,0.16172946993118803,0.1615418138732566,True
BH14,-0.6333333333333333,0.6499999999999999,0.169891075302817,0.16964336119227108,True
BH14,-0.6166666666666667,0.6499999999999999,0.1781041058273803,0.17781895203390657,True
BH14,-0.6,0.6499999999999999,0.186364988971216,0.18613243279883748,True
BH14,-0.5833333333333333,0.6499999999999999,0.19467400459601114,0.19444816038537538,True
BH14,-0.5666666666666667,0.6499999999999999,0.2030275287660949,0.2027661815222046,True
BH14,-0.55,0.6499999999999999,0.21143027386565783,0.21110611368423965,True
BH14,-0.5333333333333333,0.6499999999999999,0.21986896210428944,0.21961157736624815,True
BH14,-0.5166666666666666,0.6499999999999999,0.22834945545063462,0.2281180498802513,True
BH14,-0.5,0.6499999999999999,0.2368680878988618,0.23662553268209335,True
BH14,-0.4833333333333334,0.6499999999999999,0.2454198672910235,0.24513402723036995,True
BH14,-0.4666666666666667,0.6499999999999999,0.25400585631260375,0.25371399185708454,True
BH14,-0.44999999999999996,0.6499999999999999,0.2626198550792907,0.2623670180739983,True
BH14,-0.43333333333333335,0.6499999999999999,0.2712592233763469,0.2710208274179683,True
BH14,-0.41666666666666663,0.6499999999999999,0.2799257012633307,0.2796754207494722,True
BH14,-0.4,0.6499999999999999,0.28861244114074813,0.2883307989302306,True
BH14,-0.3833333333333333,0.6499999999999999,0.2973193894261572,0.29706533584617323,True
BH14,-0.3666666666666667,0.6499999999999999,0.3060448085621509,0.30581392720286815,True
BH14,-0.35,0.6499999999999999,0.31478652723447254,0.31456297014441226,True
BH14,-0.33333333333333337,0.6499999999999999,0.3235411072661266,0.32331246499913313,True
BH14,-0.31666666666666665,0.6499999999999999,0.3323103416158169,0.3320726118309666,True
BH14,-0.30000000000000004,0.6499999999999999,0.34108889745186727,0.3408768360915663,True
BH14,-0.2833333333333333,0.6499999999999999,0.34987715879592723,0.3496812787445898,True
BH14,-0.2666666666666667,0.6499999999999999,0.35867390392132514,0.3584859398877246,True
BH14,-0.25,0.6499999999999999,0.36747974447999476,0.36729081961871635,True
BH14,-0.2333333333333334,0.6499999999999999,0.3762906801450566,0.3761109990233037,True
BH14,-0.21666666666666667,0.6499999999999999,0.38510800822115965,0.3849456953822593,True
BH14,-0.19999999999999996,0.6499999999999999,0.3939303368084939,0.39378048795841913,True
BH14,-0.18333333333333335,0.6499999999999999,0.402756533064419,0.4026153767768986,True
BH14,-0.16666666666666663,0.6499999999999999,0.41158729389534554,0.4114503618628225,True
BH14,-0.15000000000000002,0.6499999999999999,0.42042013583444016,0.42029783141808386,True
BH14,-0.1333333333333333,0.6499999999999999,0.42925609522649943,0.42914795093695035,True
BH14,-0.1166666666666667,0.6499999999999999,0.43809440988962123,0.43799811160038504,True
BH14,-0.09999999999999998,0.6499999999999999,0.4469349096622632,0.4468483134143521,True
BH14,-0.08333333333333337,0.6499999999999999,0.4557767986934548,0.4556994312819954,True
BH14,-0.06666666666666665,0.6499999999999999,0.46461958773623646,0.464556110492926,True
BH14,-0.050000000000000044,0.6499999999999999,0.47346371374943386,0.47341280770845684,True
BH14,-0.033333333333333326,0.6499999999999999,0.4823084197143256,0.48226952292999825,True
BH14,-0.01666666666666672,0.6499999999999999,0.4911539705718064,0.49112625615896044,True
BH14,0.0,0.6499999999999999,0.49999931060276215,0.4999832217626503,True
BH14,0.016666666666666607,0.6499999999999999,0.5088455156506297,0.508840466137694,True
BH14,0.033333333333333215,0.6499999999999999,0.5176905300055311,0.5176977186271983,True
BH14,0.050000000000000044,0.6499999999999999,0.5265354175196711,0.5265549792314692,True
BH14,0.06666666666666665,0.6499999999999999,0.5353795198825992,0.5354122479508128,True
BH14,0.08333333333333326,0.6499999999999999,0.5442225190008502,0.544265587922783,True
BH14,0.10000000000000009,0.6499999999999999,0.5530644756344552,0.5531176249853622,True
BH14,0.1166666666666667,0.6499999999999999,0.5619048560185568,0.5619696612160305,True
BH14,0.1333333333333333,0.6499999999999999,0.5707432259488558,0.5708216966148025,True
BH14,0.1499999999999999,0.6499999999999999,0.579579496162381,0.5796729845713752,True
BH14,0.16666666666666674,0.6499999999999999,0.5884125527318929,0.5885118062335042,True
BH14,0.18333333333333335,0.6499999999999999,0.5972427558564217,0.5973505902002569,True
BH14,0.19999999999999996,0.6499999999999999,0.6060689457850279,0.6061893364799014,True
BH14,0.21666666666666656,0.6499999999999999,0.6148912923972025,0.615028045080703,True
BH14,0.2333333333333334,0.6499999999999999,0.6237083760361755,0.623857353111286,True
BH14,0.25,0.6499999999999999,0.6325198107171148,0.6326694626076309,True
BH14,0.2666666666666666,0.6499999999999999,0.6413251292960376,0.6414813945935232,True
BH14,0.2833333333333332,0.6499999999999999,0.65012181464984,0.6502931492148988,True
BH14,0.30000000000000004,0.6499999999999999,0.6589109787614151,0.6591047266175332,True
BH14,0.31666666666666665,0.6499999999999999,0.667690479512151,0.6678850613138377,True
BH14,0.33333333333333326,0.6499999999999999,0.6764585572958953,0.6766466595705681,True
BH14,0.3500000000000001,0.6499999999999999,0.6852138266969539,0.6854077712946979,True
BH14,0.3666666666666667,0.6499999999999999,0.6939546672315116,0.6941683973645485,True
BH14,0.3833333333333333,0.6499999999999999,0.7026794979456008,0.7029285386563183,True
BH14,0.3999999999999999,0.6499999999999999,0.7113872711985862,0.7116125458029227,True
BH14,0.41666666666666674,0.6499999999999999,0.720074078046592,0.720284147867913,True
BH14,0.43333333333333335,0.6499999999999999,0.7287391854841605,0.7289549245141123,True
BH14,0.44999999999999996,0.6499999999999999,0.7373809045474207,0.7376248781328115,True
BH14,0.46666666666666656,0.6499999999999999,0.7459940703715957,0.7462844626609881,True
BH14,0.4833333333333334,0.6499999999999999,0.7545793375250356,0.7548111005269116,True
BH14,0.5,0.6499999999999999,0.7631317312090803,0.7633369694987548,True
BH14,0.5166666666666666,0.6499999999999999,0.7716497639542927,0.7718620712570086,True
BH14,0.5333333333333332,0.6499999999999999,0.7801303994477253,0.7803864074772202,True
BH14,0.55,0.6499999999999999,0.7885712892876655,0.7888579529580453,True
BH14,0.5666666666666667,0.6499999999999999,0.7969704349838826,0.7971694861693017,True
BH14,0.5833333333333333,0.6499999999999999,0.805325994135691,0.8054801870563666,True
BH14,0.6000000000000001,0.6499999999999999,0.8136347013682912,0.8137900641815681,True
BH14,0.6166666666666667,0.6499999999999999,0.8218949914039548,0.8220991259879017,True
BH14,0.6333333333333333,0.6499999999999999,0.8301091542001942,0.8304073808011392,True
BH14,0.6499999999999999,0.6499999999999999,0.8382700064166673,0.8384559430335701,True
BH14,0.6666666666666667,0.6499999999999999,0.8463821892908191,0.8464967774134852,True
BH14,0.6833333333333333,0.6499999999999999,0.8544420332293272,0.8545378439544865,True
BH14,0.7,0.6499999999999999,0.8624513594432599,0.8625791414211976,True
BH14,0.7166666666666666,0.6499999999999999,0.8704102443539878,0.8706206685870403,True
BH14,0.7333333333333334,0.6499999999999999,0.8783215650421015,0.8784982798116863,True
BH14,0.75,0.6499999999999999,0.8861837572605231,0.8862741710584272,True
BH14,0.7666666666666666,0.6499999999999999,0.8940003976313444,0.8940501498901534,True
BH14,0.7833333333333332,0.6499999999999999,0.9017711538911812,0.9018262163438997,True
BH14,0.8,0.6499999999999999,0.9095001429010621,0.9096023704567221,True
BH14,0.8166666666666667,0.6499999999999999,0.9171895045323369,0.9173512221556268,True
BH14,0.8333333333333333,0.6499999999999999,0.9248389285122126,0.9249229899340725,True
BH14,0.8499999999999999,0.6499999999999999,0.9324566923352873,0.9324938200958801,True
BH14,0.8666666666666667,0.6499999999999999,0.9400411269410947,0.9400637086092831,True
BH14,0.8833333333333333,0.6499999999999999,0.9475995943243718,0.947632651419641,True
BH14,0.8999999999999999,0.6499999999999999,0.9551319354136861,0.9552006444492781,True
BH14,0.9166666666666667,0.6499999999999999,0.9626448024273374,0.9627068401046674,True
BH14,0.9333333333333333,0.6499999999999999,0.9701369087876538,0.9701692236396845,True
BH14,0.95,0.6499999999999999,0.9776143869166545,0.977629741113559,True
BH14,0.9666666666666666,0.6499999999999999,0.9850825421024341,0.9850883828425583,True
BH14,0.9833333333333334,0.6499999999999999,0.9925433160731798,0.992545139076861,True
BH14,1.0,0.6499999999999999,1.0,1.0,True
BH14,-1.0,0.6666666666666667,2.6485238783187564e-17,-5.064310280639073e-17,True
BH14,-0.9833333333333333,0.6666666666666667,0.007502376178326758,0.00750009039018466,True
BH14,-0.9666666666666667,0.6666666666666667,0.015007769873669911,0.015002297369686805,True
BH14,-0.95,0.6666666666666667,0.022520557245651707,0.022506643116611415,True
BH14,-0.9333333333333333,0.6666666666666667,0.030042102035069296,0.03001315012666184,True
BH14,-0.9166666666666666,0.6666666666666667,0.03757805382503056,0.037542877599350453,True
BH14,-0.9,0.6666666666666667,0.04513145646605954,0.04511875583286925,True
BH14,-0.8833333333333333,0.6666666666666667,0.052705663502589484,0.052696487401643205,True
BH14,-0.8666666666666667,0.6666666666666667,0.06030397551203695,0.06027607501607282,True
BH14,-0.85,0.6666666666666667,0.06792716931869497,0.06785752139247242,True
BH14,-0.8333333333333334,0.6666666666666667,0.07557836903415102,0.07553062850426401,True
BH14,-0.8166666666666667,0.6666666666666667,0.08326431638635569,0.08324681549822195,True
BH14,-0.8,0.6666666666666667,0.0909835112273465,0.09096420664637314,True
BH14,-0.7833333333333333,0.6666666666666667,0.09874169379734513,0.09868280680244139,True
BH14,-0.7666666666666666,0.6666666666666667,0.10653776610326493,0.1064238360951826,True
BH14,-0.75,0.6666666666666667,0.11437759986418791,0.11432155875150242,True
BH14,-0.7333333333333334,0.6666666666666667,0.12226016574941531,0.12221822534857796,True
BH14,-0.7166666666666667,0.6666666666666667,0.1301853023642462,0.13011383175400104,True
BH14,-0.7,0.6666666666666667,0.1381579703152081,0.13800837381364098,True
BH14,-0.6833333333333333,0.6666666666666667,0.1461772749902699,0.1460472721073907,True
BH14,-0.6666666666666667,0.6666666666666667,0.1542440285615485,0.1541468082853689,True
BH14,-0.65,0.6666666666666667,0.16235861057264256,0.162246509562829,True
BH14,-0.6333333333333333,0.6666666666666667,0.17051973283753108,0.1703463784834448,True
BH14,-0.6166666666666667,0.6666666666666667,0.17872880579583722,0.17851986181919852,True
BH14,-0.6,0.6666666666666667,0.1869829924750284,0.18681803323542354,True
BH14,-0.5833333333333333,0.6666666666666667,0.19528284881268626,0.1951182291845086,True
BH14,-0.5666666666666667,0.6666666666666667,0.20362579733146452,0.20342049099531462,True
BH14,-0.55,0.6666666666666667,0.21201069993330762,0.21174278524422013,True
BH14,-0.5333333333333333,0.6666666666666667,0.22043443359245102,0.22022602308529649,True
BH14,-0.5166666666666666,0.6666666666666667,0.22889677503072758,0.2287102487498869,True
BH14,-0.5,0.6666666666666667,0.23739420723058063,0.2371954636651606,True
BH14,-0.4833333333333334,0.6666666666666667,0.24592702990968457,0.24568166926098814,True
BH14,-0.4666666666666667,0.6666666666666667,0.25448797648792787,0.2542371711221149,True
BH14,-0.44999999999999996,0.6666666666666667,0.26308013374424627,0.26286459446470206,True
BH14,-0.43333333333333335,0.6666666666666667,0.2716984250328149,0.2714927824327432,True
BH14,-0.41666666666666663,0.6666666666666667,0.2803412180732767,0.2801217358672301,True
BH14,-0.4,0.6666666666666667,0.28900463862835435,0.28875145561037086,True
BH14,-0.3833333333333333,0.6666666666666667,0.2976897565664016,0.29746150476733446,True
BH14,-0.3666666666666667,0.6666666666666667,0.3063910245075973,0.3061860558875882,True
BH14,-0.35,0.6666666666666667,0.31510988455355216,0.31491104703341677,True
BH14,-0.33333333333333337,0.6666666666666667,0.3238440779816987,0.32363647852494754,True
BH14,-0.31666666666666665,0.6666666666666667,0.33259170137736954,0.3323731715464721,True
BH14,-0.30000000000000004,0.6666666666666667,0.3413508682367399,0.3411570013818944,True
BH14,-0.2833333333333333,0.6666666666666667,0.3501192023774614,0.3499410435532756,True
BH14,-0.2666666666666667,0.6666666666666667,0.358897793835189,0.3587252981556277,True
BH14,-0.25,0.6666666666666667,0.36768563044914,0.36750976528401985,True
BH14,-0.2333333333333334,0.6666666666666667,0.37647969130067455,0.3763113858328442,True
BH14,-0.21666666666666667,0.6666666666666667,0.38528011964128966,0.3851293441275305,True
BH14,-0.19999999999999996,0.6666666666666667,0.3940861130539589,0.39394739573247217,True
BH14,-0.18333333333333335,0.6666666666666667,0.4028975073665607,0.40276554067203074,True
BH14,-0.16666666666666663,0.6666666666666667,0.4117125647971781,0.4115837789705761,True
BH14,-0.15000000000000002,0.6666666666666667,0.4205321369059565,0.42041673999603507,True
BH14,-0.1333333333333333,0.6666666666666667,0.4293543226490611,0.4292528308577255,True
BH14,-0.1166666666666667,0.6666666666666667,0.43817952423940065,0.4380889615095487,True
BH14,-0.09999999999999998,0.6666666666666667,0.44700692765022887,0.446925131957273,True
BH14,-0.08333333333333337,0.6666666666666667,0.4558366856554017,0.45576241325756106,True
BH14,-0.06666666666666665,0.6666666666666667,0.46466707871400753,0.46460651432855876,True
BH14,-0.050000000000000044,0.6666666666666667,0.4734992748089049,0.4734506327476706,True
BH14,-0.033333333333333326,0.6666666666666667,0.48233195506686466,0.48229476851625547,True
BH14,-0.01666666666666672,0.6666666666666667,0.4911656862402244,0.49113892163567235,True
BH14,0.0,0.6666666666666667,0.49999976997574036,0.49998336537201227,True
BH14,0.016666666666666607,0.6666666666666667,0.5088331790557254,0.5088281614163941,True
BH14,0.033333333333333215,0.6666666666666667,0.5176669789885504,0.5176729652622498,True
BH14,0.050000000000000044,0.6666666666666667,0.5264998869797786,0.5265177769098738,True
BH14,0.06666666666666665,0.6666666666666667,0.5353321639998536,0.5353625963595601,True
BH14,0.08333333333333326,0.6666666666666667,0.5441632607867664,0.5442025928382295,True
BH14,0.10000000000000009,0.6666666666666667,0.5529925338793348,0.5530409889558855,True
BH14,0.1166666666666667,0.6666666666666667,0.5618198971232465,0.5618793843999927,True
BH14,0.1333333333333333,0.6666666666666667,0.5706449941492513,0.5707177791705631,True
BH14,0.1499999999999999,0.6666666666666667,0.579466780744578,0.5795552887623171,True
BH14,0.16666666666666674,0.6666666666666667,0.5882864258014107,0.5883779860754896,True
BH14,0.18333333333333335,0.6666666666666667,0.5971019129775699,0.5972006480517862,True
BH14,0.19999999999999996,0.6666666666666667,0.6059132597089723,0.6060232746989573,True
BH14,0.21666666666666656,0.6666666666666667,0.6147195243392901,0.6148458660247507,True
BH14,0.2333333333333334,0.6666666666666667,0.6235201870475461,0.6236577962013365,True
BH14,0.25,0.6666666666666667,0.6323142311977981,0.6324502121827158,True
BH14,0.2666666666666666,0.6666666666666667,0.641101568230082,0.6412424614687167,True
BH14,0.2833333333333332,0.6666666666666667,0.6498795999776426,0.6500345441963351,True
BH14,0.30000000000000004,0.6666666666666667,0.658649200062255,0.6588264605024166,True
BH14,0.31666666666666665,0.6666666666666667,0.6674085648939768,0.6675846924574983,True
BH14,0.33333333333333326,0.6666666666666667,0.6761553611236428,0.6763226990565183,True
BH14,0.3500000000000001,0.6666666666666667,0.6848892004321867,0.6850602476646346,True
BH14,0.3666666666666667,0.6666666666666667,0.6936077112591097,0.6937973391078867,True
BH14,0.3833333333333333,0.6666666666666667,0.7023104320386249,0.7025339742103187,True
BH14,0.3999999999999999,0.6666666666666667,0.7109950980270676,0.711192601866047,True
BH14,0.41666666666666674,0.6666666666666667,0.7196595063615534,0.7198383466365357,True
BH14,0.43333333333333335,0.6666666666666667,0.7283004000184596,0.7284833162672391,True
BH14,0.44999999999999996,0.6666666666666667,0.736918861081752,0.7371275130010986,True
BH14,0.46666666666666656,0.6666666666666667,0.7455095600366892,0.7457621493830613,True
BH14,0.4833333333333334,0.6666666666666667,0.7540729664957222,0.7542656889606885,True
BH14,0.5,0.6666666666666667,0.7626041965239377,0.762768493634446,True
BH14,0.5166666666666666,0.6666666666666667,0.7711018996138128,0.7712705650084168,True
BH14,0.5333333333333332,0.6666666666666667,0.7795655277970868,0.7797719046819738,True
BH14,0.55,0.6666666666666667,0.7879890170197957,0.7882241535819512,True
BH14,0.5666666666666667,0.6666666666666667,0.7963741582687919,0.7965224822393604,True
BH14,0.5833333333333333,0.6666666666666667,0.8047159018754164,0.8048200708813369,True
BH14,0.6000000000000001,0.6666666666666667,0.8130169781506231,0.8131169270712039,True
BH14,0.6166666666666667,0.6666666666666667,0.8212703474425544,0.8214130582677582,True
BH14,0.6333333333333333,0.6666666666666667,0.8294795104877257,0.8297084718271018,True
BH14,0.6499999999999999,0.6666666666666667,0.8376420725608035,0.8377668635668105,True
BH14,0.6666666666666667,0.6666666666666667,0.8457560029162429,0.8458135831149114,True
BH14,0.6833333333333333,0.6666666666666667,0.8538230177738467,0.853860513818471,True
BH14,0.7,0.6666666666666667,0.8618419986809568,0.8619076545555674,True
BH14,0.7166666666666666,0.6666666666666667,0.8698143909652178,0.8699550042122538,True
BH14,0.7333333333333334,0.6666666666666667,0.877741802331556,0.8778565329117836,True
BH14,0.75,0.6666666666666667,0.8856241686617179,0.8856593433063363,True
BH14,0.7666666666666666,0.6666666666666667,0.8934609739624527,0.8934622489661815,True
BH14,0.7833333333333332,0.6666666666666667,0.9012603145694797,0.9012652499317103,True
BH14,0.8,0.6666666666666667,0.9090179543357295,0.9090683462433375,True
BH14,0.8166666666666667,0.6666666666666667,0.9167362602820273,0.9168491305988333,True
BH14,0.8333333333333333,0.6666666666666667,0.9244211104251001,0.9244627889687572,True
BH14,0.8499999999999999,0.6666666666666667,0.9320748511424406,0.932075628623824,True
BH14,0.8666666666666667,0.6666666666666667,0.9396961782082212,0.9396876460277583,True
BH14,0.8833333333333333,0.6666666666666667,0.9472946361739735,0.9472988376240981,True
BH14,0.8999999999999999,0.6666666666666667,0.9548682236736104,0.9549091998360528,True
BH14,0.9166666666666667,0.6666666666666667,0.9624209580735623,0.9624621377663952,True
BH14,0.9333333333333333,0.6666666666666667,0.9699556084496699,0.9699731284430788,True
BH14,0.95,0.6666666666666667,0.97748083228864,0.9774824188944835,True
BH14,0.9666666666666666,0.6666666666666667,0.9849927507839576,0.9849900002613586,True
BH14,0.9833333333333334,0.6666666666666667,0.9924982796523829,0.9924958636236529,True
BH14,1.0,0.6666666666666667,1.0,1.0,True
BH14,-1.0,0.6833333333333333,-8.479757380680212e-18,-6.639451272030967e-17,True
BH14,-0.9833333333333333,0.6833333333333333,0.007543908199676417,0.007542181309518249,True
BH14,-0.9666666666666667,0.6833333333333333,0.015091659401059925,0.015085838775186149,True
BH14,-0.95,0.6833333333333333,0.022644447228098732,0.022630966834672448,True
BH14,-0.9333333333333333,0.6833333333333333,0.030207364676403288,0.030177559952249685,True
BH14,-0.9166666666666666,0.6833333333333333,0.037784749560090244,0.03774623068384014,True
BH14,-0.9,0.6833333333333333,0.045376268416407906,0.04535682797746622,True
BH14,-0.8833333333333333,0.6833333333333333,0.05298823765795049,0.05296862864706972,True
BH14,-0.8666666666666667,0.6833333333333333,0.0606213795226377,0.06058163032735363,True
BH14,-0.85,0.6833333333333333,0.06827948421480902,0.06819583065874743,True
BH14,-0.8333333333333334,0.6833333333333333,0.07596381214784598,0.07589894015010692,True
BH14,-0.8166666666666667,0.6833333333333333,0.08368127818209078,0.08363897509127831,True
BH14,-0.8,0.6833333333333333,0.09142807642141913,0.0913797619048343,True
BH14,-0.7833333333333333,0.6833333333333333,0.09921255194979743,0.09912129591769628,True
BH14,-0.7666666666666666,0.6833333333333333,0.10703413955436611,0.10689042625071958,True
BH14,-0.75,0.6833333333333333,0.11489313639088534,0.11480850685216598,True
BH14,-0.7333333333333334,0.6833333333333333,0.12279421457763501,0.12272584918546947,True
BH14,-0.7166666666666667,0.6833333333333333,0.13073576188132235,0.13064244690061624,True
BH14,-0.7,0.6833333333333333,0.1387204141977338,0.13855829357339247,True
BH14,-0.6833333333333333,0.6833333333333333,0.1467489709820767,0.1466176339890365,True
BH14,-0.6666666666666667,0.6833333333333333,0.1548222968183468,0.15472855006835726,True
BH14,-0.65,0.6833333333333333,0.1629396601414168,0.16283929893331622,True
BH14,-0.6333333333333333,0.6833333333333333,0.1711025903359913,0.17094987849091406,True
BH14,-0.6166666666666667,0.6833333333333333,0.1793078371335425,0.1791337644698257,True
BH14,-0.6,0.6833333333333333,0.18755675519409631,0.18743299928572088,True
BH14,-0.5833333333333333,0.6833333333333333,0.1958482388651876,0.1957330944317686,True
BH14,-0.5666666666666667,0.6833333333333333,0.2041800011674737,0.20403406526202988,True
BH14,-0.55,0.6833333333333333,0.2125526892692231,0.21235127720721966,True
BH14,-0.5333333333333333,0.6833333333333333,0.2209626387327669,0.2208176569504094,True
BH14,-0.5166666666666666,0.6833333333333333,0.22940873698738345,0.22928457398595037,True
BH14,-0.5,0.6833333333333333,0.23788847485038606,0.23775202808401888,True
BH14,-0.4833333333333334,0.6833333333333333,0.24640086140709125,0.24622001901495194,True
BH14,-0.4666666666666667,0.6833333333333333,0.2549436883284301,0.25475421500143586,True
BH14,-0.44999999999999996,0.6833333333333333,0.2635146736139856,0.26335834703573013,True
BH14,-0.43333333333333335,0.6833333333333333,0.2721122852654071,0.27196293940419913,True
BH14,-0.41666666666666663,0.6833333333333333,0.28073301653014365,0.2805679924709279,True
BH14,-0.4,0.6833333333333333,0.2893764988637214,0.28917223323364094,True
BH14,-0.3833333333333333,0.6833333333333333,0.29804030006921023,0.2978577758937752,True
BH14,-0.3666666666666667,0.6833333333333333,0.3067216199097105,0.30655827665885793,True
BH14,-0.35,0.6833333333333333,0.31542008216251355,0.3152592058754815,True
BH14,-0.33333333333333337,0.6833333333333333,0.3241342428299666,0.32396056385555166,True
BH14,-0.31666666666666665,0.6833333333333333,0.33286182524681246,0.33267378417312676,True
BH14,-0.30000000000000004,0.6833333333333333,0.34160098294275154,0.341437214785852,True
BH14,-0.2833333333333333,0.6833333333333333,0.3503530737375862,0.35020085167377063,True
BH14,-0.2666666666666667,0.6833333333333333,0.35911367969795094,0.3589646949292157,True
BH14,-0.25,0.6833333333333333,0.3678837578657326,0.36772874464457544,True
BH14,-0.2333333333333334,0.6833333333333333,0.3766611506690876,0.37651179727466344,True
BH14,-0.21666666666666667,0.6833333333333333,0.38544689506804897,0.38531301544228685,True
BH14,-0.19999999999999996,0.6833333333333333,0.39423755397497867,0.39411432401213886,True
BH14,-0.18333333333333335,0.6833333333333333,0.4030341617230505,0.40291572300782585,True
BH14,-0.16666666666666663,0.6833333333333333,0.41183520120685535,0.41171721245296306,True
BH14,-0.15000000000000002,0.6833333333333333,0.42064090762114553,0.4205356612371818,True
BH14,-0.1333333333333333,0.6833333333333333,0.42945020434265263,0.4293577225350841,True
BH14,-0.1166666666666667,0.6833333333333333,0.4382618619978097,0.43817982226842045,True
BH14,-0.09999999999999998,0.6833333333333333,0.44707711401416533,0.44700196044276386,True
BH14,-0.08333333333333337,0.6833333333333333,0.4558944489801246,0.45582540337978256,True
BH14,-0.06666666666666665,0.6833333333333333,0.4647131650902877,0.46465692585503915,True
BH14,-0.050000000000000044,0.6833333333333333,0.4735340031924239,0.4734884650218522,True
BH14,-0.033333333333333326,0.6833333333333333,0.48235488293044576,0.48232002088152953,True
BH14,-0.01666666666666672,0.6833333333333333,0.49117722668491676,0.49115159343537856,True
BH14,0.0,0.6833333333333333,0.4999998280287452,0.4999835148720043,True
BH14,0.016666666666666607,0.6833333333333333,0.5088219122626735,0.5088158623272981,True
BH14,0.033333333333333215,0.6833333333333333,0.5176441481025994,0.5176482172710595,True
BH14,0.050000000000000044,0.6833333333333333,0.5264654234763186,0.5264805797035712,True
BH14,0.06666666666666665,0.6833333333333333,0.5352862107385153,0.5353129496251153,True
BH14,0.08333333333333326,0.6833333333333333,0.5441048320904042,0.5441396029304199,True
BH14,0.10000000000000009,0.6833333333333333,0.5529221822449842,0.5529643580040804,True
BH14,0.1166666666666667,0.6833333333333333,0.56173710056933,0.561789112562558,True
BH14,0.1333333333333333,0.6833333333333333,0.5705496646979313,0.5706138666058616,True
BH14,0.1499999999999999,0.6833333333333333,0.579358497293267,0.5794375986427113,True
BH14,0.16666666666666674,0.6833333333333333,0.588163923133326,0.5882441721649689,True
BH14,0.18333333333333335,0.6833333333333333,0.5969657787973353,0.597050712708606,True
BH14,0.19999999999999996,0.6833333333333333,0.605762111937132,0.6058572202808553,True
BH14,0.21666666666666656,0.6833333333333333,0.6145531901255148,0.6146636948889473,True
BH14,0.2333333333333334,0.6833333333333333,0.6233383487113877,0.6234582510624539,True
BH14,0.25,0.6833333333333333,0.6321155327418294,0.632230978179932,True
BH14,0.2666666666666666,0.6833333333333333,0.6408851766969191,0.6410035494094558,True
BH14,0.2833333333333332,0.6833333333333333,0.649646617373881,0.6497759648790937,True
BH14,0.30000000000000004,0.6833333333333333,0.6583978687159561,0.6585482247167745,True
BH14,0.31666666666666665,0.6833333333333333,0.6671377381299376,0.6672843712127599,True
BH14,0.33333333333333326,0.6833333333333333,0.675865110231648,0.6759988005825107,True
BH14,0.3500000000000001,0.6833333333333333,0.6845790405382717,0.684712800450906,True
BH14,0.3666666666666667,0.6833333333333333,0.6932781612337913,0.6934263715918916,True
BH14,0.3833333333333333,0.6833333333333333,0.7019600634162306,0.7021395147775468,True
BH14,0.3999999999999999,0.6833333333333333,0.7106242487063699,0.7107727938429198,True
BH14,0.41666666666666674,0.6833333333333333,0.7192666992708416,0.7193927018877222,True
BH14,0.43333333333333335,0.6833333333333333,0.7278890139288492,0.7280122790993024,True
BH14,0.44999999999999996,0.6833333333333333,0.7364847669216664,0.7366325684408368,True
BH14,0.46666666666666656,0.6833333333333333,0.7450558267916162,0.7452443544292003,True
BH14,0.4833333333333334,0.6833333333333333,0.7535985025314249,0.7537273744209434,True
BH14,0.5,0.6833333333333333,0.7621116348470774,0.7622099963255404,True
BH14,0.5166666666666666,0.6833333333333333,0.7705917690949468,0.770692220984883,True
BH14,0.5333333333333332,0.6833333333333333,0.7790371305541003,0.7791740492384793,True
BH14,0.55,0.6833333333333333,0.7874466779539513,0.7876109822389565,True
BH14,0.5666666666666667,0.6833333333333333,0.7958183686395571,0.7959018343911273,True
BH14,0.5833333333333333,0.6833333333333333,0.8041498267325782,0.8041923912889537,True
BH14,0.6000000000000001,0.6833333333333333,0.8124431620136066,0.8124826546841046,True
BH14,0.6166666666666667,0.6833333333333333,0.8206915591581396,0.8207726263142399,True
BH14,0.6333333333333333,0.6833333333333333,0.8288967208900384,0.829062307903152,True
BH14,0.6499999999999999,0.6833333333333333,0.8370602652903928,0.837133231377565,True
BH14,0.6666666666666667,0.6833333333333333,0.845177246072286,0.8451894716694803,True
BH14,0.6833333333333333,0.6833333333333333,0.8532505963874455,0.8532459016750155,True
BH14,0.7,0.6833333333333333,0.8612795292506318,0.8613025207482782,True
BH14,0.7166666666666666,0.6833333333333333,0.8692648673065825,0.8693593282463195,True
BH14,0.7333333333333334,0.6833333333333333,0.8772074724364259,0.8772833361113266,True
BH14,0.75,0.6833333333333333,0.885105749504978,0.8851106801017002,True
BH14,0.7666666666666666,0.6833333333333333,0.8929656692916021,0.8929380913437058,True
BH14,0.7833333333333332,0.6833333333333333,0.9007874319929952,0.9007655698157998,True
BH14,0.8,0.6833333333333333,0.9085712277446879,0.908593115496448,True
BH14,0.8166666666666667,0.6833333333333333,0.9163193960102638,0.91640208405219,True
BH14,0.8333333333333333,0.6833333333333333,0.9240351825442409,0.9240516686471482,True
BH14,0.8499999999999999,0.6833333333333333,0.9317200673913242,0.9317007803801876,True
BH14,0.8666666666666667,0.6833333333333333,0.9393779470871457,0.939349417853952,True
BH14,0.8833333333333333,0.6833333333333333,0.9470122305513441,0.94699757966561,True
BH14,0.8999999999999999,0.6833333333333333,0.9546242108145666,0.9546452644068295,True
BH14,0.9166666666666667,0.6833333333333333,0.9622157911611151,0.9622393727519486,True
BH14,0.9333333333333333,0.6833333333333333,0.9697915000555511,0.9697935579364336,True
BH14,0.95,0.6833333333333333,0.9773543831068048,0.9773467193758891,True
BH14,0.9666666666666666,0.6833333333333333,0.9849087013674211,0.9848988509720413,True
BH14,0.9833333333333334,0.6833333333333333,0.9924564989221092,0.9924499465784431,True
BH14,1.0,0.6833333333333333,0.9999999999999998,1.0000000000000002,True
BH14,-1.0,0.7,1.7337675062616273e-17,-3.130326404315426e-17,True
BH14,-0.9833333333333333,0.7,0.007583196141844065,0.007576095202519454,True
BH14,-0.9666666666666667,0.7,0.01516886769718051,0.015153584656563697,True
BH14,-0.95,0.7,0.022760483292421408,0.022732463066152724,True
BH14,-0.9333333333333333,0.7,0.030359983795363563,0.030312725160925313,True
BH14,-0.9166666666666666,0.7,0.037974419829799926,0.037914686837954265,True
BH14,-0.9,0.7,0.04560084810841543,0.04555584275119122,True
BH14,-0.8833333333333333,0.7,0.05324714676807958,0.053198164602038585,True
BH14,-0.8666666666666667,0.7,0.06091435625409415,0.06084165008183688,True
BH14,-0.85,0.7,0.06860418124697848,0.06848629688757764,True
BH14,-0.8333333333333334,0.7,0.07632008741987964,0.07621770407801365,True
BH14,-0.8166666666666667,0.7,0.08406426086108096,0.0839812796490447,True
BH14,-0.8,0.7,0.09183845269125068,0.09174551032824713,True
BH14,-0.7833333333333333,0.7,0.09964769797433833,0.0995103920217982,True
BH14,-0.7666666666666666,0.7,0.1074899377628138,0.10730628410551732,True
BH14,-0.75,0.7,0.11536933384914232,0.1152368088894944,True
BH14,-0.7333333333333334,0.7,0.12328609082122587,0.1231666674186251,True
BH14,-0.7166666666666667,0.7,0.13124250446553465,0.13109585398816248,True
BH14,-0.7,0.7,0.1392385080299594,0.13902436282709602,True
BH14,-0.6833333333333333,0.7,0.1472769030302431,0.14709289482489746,True
BH14,-0.6666666666666667,0.7,0.15535631118764348,0.15520562597409296,True
BH14,-0.65,0.7,0.16347689277494265,0.16331820543755093,True
BH14,-0.6333333333333333,0.7,0.17164023854609356,0.17143063133519054,True
BH14,-0.6166666666666667,0.7,0.17984357831726117,0.1796146600247428,True
BH14,-0.6,0.7,0.1880878291768176,0.18790681183148542,True
BH14,-0.5833333333333333,0.7,0.19637242641756256,0.19619973592922663,True
BH14,-0.5666666666666667,0.7,0.20469691449069682,0.20449344585418594,True
BH14,-0.55,0.7,0.2130564082371747,0.21280012307293159,True
BH14,-0.5333333333333333,0.7,0.22145323869753517,0.22125414049511344,True
BH14,-0.5166666666666666,0.7,0.22988507820394055,0.22970869997212703,True
BH14,-0.5,0.7,0.2383499921131367,0.23816380127089287,True
BH14,-0.4833333333333334,0.7,0.24684534564187488,0.2466194441584957,True
BH14,-0.4666666666666667,0.7,0.25537034749749626,0.2551387324797779,True
BH14,-0.44999999999999996,0.7,0.263923350806758,0.2637270399844477,True
BH14,-0.43333333333333335,0.7,0.27250138673432056,0.27231579984722504,True
BH14,-0.41666666666666663,0.7,0.28110406469603594,0.2809050124268013,True
BH14,-0.4,0.7,0.28972819269171024,0.2894946780822295,True
BH14,-0.3833333333333333,0.7,0.29837174051042903,0.2981645353138467,True
BH14,-0.3666666666666667,0.7,0.30703452170735834,0.3068493231180479,True
BH14,-0.35,0.7,0.3157151047195745,0.3155343923625445,True
BH14,-0.33333333333333337,0.7,0.3244099719925654,0.32421974327106035,True
BH14,-0.31666666666666665,0.7,0.3331197111832156,0.3329169546036724,True
BH14,-0.30000000000000004,0.7,0.3418424835017441,0.34166534002410387,True
BH14,-0.2833333333333333,0.7,0.35057649670812197,0.3504138717879898,True
BH14,-0.2666666666666667,0.7,0.35932075487376886,0.35916254997659364,True
BH14,-0.25,0.7,0.36807461720290247,0.36791137467123947,True
BH14,-0.2333333333333334,0.7,0.3768371745316649,0.3766800833432432,True
BH14,-0.21666666666666667,0.7,0.3856065263266456,0.3854678779647343,True
BH14,-0.19999999999999996,0.7,0.3943835895366286,0.3942557410609902,True
BH14,-0.18333333333333335,0.7,0.40316613542281343,0.40304367265517377,True
BH14,-0.16666666666666663,0.7,0.41195334999717065,0.41183167277045896,True
BH14,-0.15000000000000002,0.7,0.4207459199218249,0.42063796100351647,True
BH14,-0.1333333333333333,0.7,0.4295426709064581,0.42944814844597434,True
BH14,-0.1166666666666667,0.7,0.4383424005552783,0.43825836643285515,True
BH14,-0.09999999999999998,0.7,0.4471451660509964,0.4470686149699358,True
BH14,-0.08333333333333337,0.7,0.4559510681640313,0.45588028666538705,True
BH14,-0.06666666666666665,0.7,0.46475801175935944,0.4647008558147174,True
BH14,-0.050000000000000044,0.7,0.4735668176861427,0.4735214385705409,True
BH14,-0.033333333333333326,0.7,0.48237744703077357,0.48234203493420724,True
BH14,-0.01666666666666672,0.7,0.49118862973438293,0.49116264490706596,True
BH14,0.0,0.7,0.49999974704929034,0.4999836403744395,True
BH14,0.016666666666666607,0.7,0.5088107687015898,0.5088051101174307,True
BH14,0.033333333333333215,0.7,0.5176219594525466,0.517626585964732,True
BH14,0.050000000000000044,0.7,0.5264322041783731,0.526448067916633,True
BH14,0.06666666666666665,0.7,0.5352411082334743,0.5352695559734231,True
BH14,0.08333333333333326,0.7,0.5440486894272254,0.5440847375461129,True
BH14,0.10000000000000009,0.7,0.5528541939831011,0.5528978233993282,True
BH14,0.1166666666666667,0.7,0.5616568620207474,0.5617109089069564,True
BH14,0.1333333333333333,0.7,0.5704564827403302,0.5705239940690011,True
BH14,0.1499999999999999,0.7,0.5792534559285871,0.5793359753370599,True
BH14,0.16666666666666674,0.7,0.588045611573643,0.5881293458300502,True
BH14,0.18333333333333335,0.7,0.5968337315003784,0.5969226916971766,True
BH14,0.19999999999999996,0.7,0.6056161143441403,0.6057160129433762,True
BH14,0.21666666666666656,0.7,0.6143930342506494,0.614509309573584,True
BH14,0.2333333333333334,0.7,0.6231630394015883,0.6232900299566752,True
BH14,0.25,0.7,0.6319248256282559,0.6320477082236309,True
BH14,0.2666666666666666,0.7,0.6406788675609942,0.640805276979141,True
BH14,0.2833333333333332,0.7,0.6494232564837417,0.6495627363009079,True
BH14,0.30000000000000004,0.7,0.6581570633635707,0.6583200862665595,True
BH14,0.31666666666666665,0.7,0.6668803347078586,0.6670404966568574,True
BH14,0.33333333333333326,0.7,0.6755902155915888,0.6757387508999677,True
BH14,0.3500000000000001,0.7,0.6842853997628244,0.6844367261358968,True
BH14,0.3666666666666667,0.7,0.6929658223052843,0.6931344228013754,True
BH14,0.3833333333333333,0.7,0.7016277977132097,0.7018318413322208,True
BH14,0.3999999999999999,0.7,0.7102722172968854,0.7104499655993761,True
BH14,0.41666666666666674,0.7,0.7188956632861208,0.7190549312422783,True
BH14,0.43333333333333335,0.7,0.7274975851972699,0.7276594659896074,True
BH14,0.44999999999999996,0.7,0.7360770405002413,0.7362635708292113,True
BH14,0.46666666666666656,0.7,0.7446299903086464,0.7448596998672798,True
BH14,0.4833333333333334,0.7,0.7531536824108647,0.7533296233633455,True
BH14,0.5,0.7,0.7616496139462238,0.7617991673252433,True
BH14,0.5166666666666666,0.7,0.7701140429000644,0.7702683325551261,True
BH14,0.5333333333333332,0.7,0.7785461447019323,0.7787371198528781,True
BH14,0.55,0.7,0.7869432339659338,0.7871633183251612,True
BH14,0.5666666666666667,0.7,0.7953043505903543,0.7954482605793627,True
BH14,0.5833333333333333,0.7,0.8036265058674615,0.8037329312618817,True
BH14,0.6000000000000001,0.7,0.8119110990168734,0.8120173319788533,True
BH14,0.6166666666666667,0.7,0.8201571188232908,0.8203014643236204,True
BH14,0.6333333333333333,0.7,0.8283598983679862,0.8285853298768618,True
BH14,0.6499999999999999,0.7,0.836523507619708,0.8366633254042686,True
BH14,0.6666666666666667,0.7,0.8446442725413026,0.8447253615359016,True
BH14,0.6833333333333333,0.7,0.8527239998534284,0.8527875741582741,True
BH14,0.7,0.7,0.8607611876677204,0.8608499626711078,True
BH14,0.7166666666666666,0.7,0.8687574600707938,0.8689125264768549,True
BH14,0.7333333333333334,0.7,0.876714118047519,0.8768519700072614,True
BH14,0.75,0.7,0.8846302167012601,0.8846977380546754,True
BH14,0.7666666666666666,0.7,0.8925100433845139,0.8925435694346611,True
BH14,0.7833333333333332,0.7,0.9003521332418092,0.9003894641269141,True
BH14,0.8,0.7,0.9081597229526743,0.9082354221111384,True
BH14,0.8166666666666667,0.7,0.9159353509148414,0.9160653739715818,True
BH14,0.8333333333333333,0.7,0.9236802294611819,0.9237429486779059,True
BH14,0.8499999999999999,0.7,0.9313954443347617,0.9314201053381933,True
BH14,0.8666666666666667,0.7,0.9390850247978364,0.9390968427142371,True
BH14,0.8833333333333333,0.7,0.9467519589434883,0.9467731595629637,True
BH14,0.8999999999999999,0.7,0.9543984764898139,0.9544490546364096,True
BH14,0.9166666666666667,0.7,0.9620261220879797,0.9620743899628288,True
BH14,0.9333333333333333,0.7,0.9696393457854502,0.9696613120748906,True
BH14,0.95,0.7,0.9772403510974841,0.9772473395001193,True
BH14,0.9666666666666666,0.7,0.9848316032283442,0.984832466894264,True
BH14,0.9833333333333334,0.7,0.99241800595929,0.9924166888706977,True
BH14,1.0,0.7,0.9999999999999999,1.0,True
BH14,-1.0,0.7166666666666666,4.99435593081781e-17,5.880384658508466e-18,True
BH14,-0.9833333333333333,0.7166666666666666,0.0076185323095369455,0.0076101865359027845,True
BH14,-0.9666666666666667,0.7166666666666666,0.015239755325834789,0.015221684070691844,True
BH14,-0.95,0.7166666666666666,0.02286606361007088,0.02283448758451962,True
BH14,-0.9333333333333333,0.7166666666666666,0.03050134996988358,0.030448592082098234,True
BH14,-0.9166666666666666,0.7166666666666666,0.03814897989907652,0.038083934554813625,True
BH14,-0.9,0.7166666666666666,0.04580903147558339,0.04575579243070724,True
BH14,-0.8833333333333333,0.7166666666666666,0.05348694416059846,0.05342877823580245,True
BH14,-0.8666666666666667,0.7166666666666666,0.0611839935199667,0.06110288972017397,True
BH14,-0.85,0.7166666666666666,0.06890281150638736,0.06877812463946353,True
BH14,-0.8333333333333334,0.7166666666666666,0.07664795994535856,0.07653761610005479,True
BH14,-0.8166666666666667,0.7166666666666666,0.08441710958263005,0.08432481344060327,True
BH14,-0.8,0.7166666666666666,0.0922186785984824,0.09211256808032461,True
BH14,-0.7833333333333333,0.7166666666666666,0.10004696839362713,0.09990087651765373,True
BH14,-0.7666666666666666,0.7166666666666666,0.10791010529669175,0.10772290954962654,True
BH14,-0.75,0.7166666666666666,0.11580845507440765,0.11566584458496736,True
BH14,-0.7333333333333334,0.7166666666666666,0.12373942266761948,0.12360818476135785,True
BH14,-0.7166666666666667,0.7166666666666666,0.1317098265837474,0.13154992500835572,True
BH14,-0.7,0.7166666666666666,0.1397173156597091,0.13949106019697355,True
BH14,-0.6833333333333333,0.7166666666666666,0.14776367731713147,0.14756823451296947,True
BH14,-0.6666666666666667,0.7166666666666666,0.15584806624983374,0.1556827692921325,True
BH14,-0.65,0.7166666666666666,0.16397279579526441,0.16379716762308316,True
BH14,-0.6333333333333333,0.7166666666666666,0.17213503496200683,0.17191142783110835,True
BH14,-0.6166666666666667,0.7166666666666666,0.18033768375934536,0.18009545295445747,True
BH14,-0.6,0.7166666666666666,0.18857877962282987,0.18838060734294476,True
BH14,-0.5833333333333333,0.7166666666666666,0.196857920294986,0.19666644900239236,True
BH14,-0.5666666666666667,0.7166666666666666,0.20517214787040974,0.20495298976389253,True
BH14,-0.55,0.7166666666666666,0.21352401979205587,0.21324938829580997,True
BH14,-0.5333333333333333,0.7166666666666666,0.22191015333791844,0.2216909869068328,True
BH14,-0.5166666666666666,0.7166666666666666,0.23032996798618066,0.23013313238372063,True
BH14,-0.5,0.7166666666666666,0.23877925283163148,0.23857582449008718,True
BH14,-0.4833333333333334,0.7166666666666666,0.2472606221698856,0.2470190629897135,True
BH14,-0.4666666666666667,0.7166666666666666,0.25576975340936886,0.2555234478037319,True
BH14,-0.44999999999999996,0.7166666666666666,0.2643057254446558,0.2640959047017276,True
BH14,-0.43333333333333335,0.7166666666666666,0.27286712693496196,0.27266880594031806,True
BH14,-0.41666666666666663,0.7166666666666666,0.28145152936191775,0.2812421518727384,True
BH14,-0.4,0.7166666666666666,0.290057907389432,0.289815942852581,True
BH14,-0.3833333333333333,0.7166666666666666,0.29868571735323024,0.2984693119238778,True
BH14,-0.3666666666666667,0.7166666666666666,0.30733078962223825,0.3071378048908492,True
BH14,-0.35,0.7166666666666666,0.3159933539634946,0.3158065707525368,True
BH14,-0.33333333333333337,0.7166666666666666,0.3246719517947362,0.32447560972608963,True
BH14,-0.31666666666666665,0.7166666666666666,0.3333645259512884,0.3331566617694298,True
BH14,-0.30000000000000004,0.7166666666666666,0.34207091239258075,0.3418900265710203,True
BH14,-0.2833333333333333,0.7166666666666666,0.3507890541647085,0.35062353217499653,True
BH14,-0.2666666666666667,0.7166666666666666,0.35951765069381225,0.35935717865957717,True
BH14,-0.25,0.7166666666666666,0.36825683928558334,0.36809096610303926,True
BH14,-0.2333333333333334,0.7166666666666666,0.3770045719827433,0.3768455357526812,True
BH14,-0.21666666666666667,0.7166666666666666,0.3857601946945688,0.3856201072439206,True
BH14,-0.19999999999999996,0.7166666666666666,0.3945232812845292,0.39439474423170495,True
BH14,-0.18333333333333335,0.7166666666666666,0.40329176526648686,0.40316944673819366,True
BH14,-0.16666666666666663,0.7166666666666666,0.4120671950807372,0.4119442147855562,True
BH14,-0.15000000000000002,0.7166666666666666,0.42084723890081777,0.42073854747140704,True
BH14,-0.1333333333333333,0.7166666666666666,0.4296314728088243,0.4295370596140966,True
BH14,-0.1166666666666667,0.7166666666666666,0.4384194753573092,0.43833560082982215,True
BH14,-0.09999999999999998,0.7166666666666666,0.44721097417953865,0.4471341711240828,True
BH14,-0.08333333333333337,0.7166666666666666,0.4560050477403629,0.4559342824024498,True
BH14,-0.06666666666666665,0.7166666666666666,0.4648011310891198,0.464744071654432,True
BH14,-0.050000000000000044,0.7166666666666666,0.47359935927887525,0.47355387380028036,True
BH14,-0.033333333333333326,0.7166666666666666,0.48239865629415163,0.4823636888412736,True
BH14,-0.01666666666666672,0.7166666666666666,0.4911989851901864,0.49117351677869076,True
BH14,0.0,0.7166666666666666,0.499999915221617,0.4999837670429379,True
BH14,0.016666666666666607,0.7166666666666666,0.508800266835004,0.5087945386357708,True
BH14,0.033333333333333215,0.7166666666666666,0.5176003716775206,0.5176053159947244,True
BH14,0.050000000000000044,0.7166666666666666,0.5263998099600397,0.5264160991200721,True
BH14,0.06666666666666665,0.7166666666666666,0.5351979749513093,0.5352268880120874,True
BH14,0.08333333333333326,0.7166666666666666,0.5439945308792249,0.5440308148745088,True
BH14,0.10000000000000009,0.7166666666666666,0.5527881553871568,0.5528324592078114,True
BH14,0.1166666666666667,0.7166666666666666,0.5615801010379325,0.5616341032767092,True
BH14,0.1333333333333333,0.7166666666666666,0.570367879730681,0.5704357470812051,True
BH14,0.1499999999999999,0.7166666666666666,0.5791523714109802,0.5792362108341234,True
BH14,0.16666666666666674,0.7166666666666666,0.5879320263839086,0.5880166916205977,True
BH14,0.18333333333333335,0.7166666666666666,0.5967071751789508,0.5967971495042621,True
BH14,0.19999999999999996,0.7166666666666666,0.6054762427428224,0.6055775844897077,True
BH14,0.21666666666666656,0.7166666666666666,0.6142390360596166,0.6143579965815242,True
BH14,0.2333333333333334,0.7166666666666666,0.6229951513609131,0.6231251942282152,True
BH14,0.25,0.7166666666666666,0.631742579713066,0.6318681521448984,True
BH14,0.2666666666666666,0.7166666666666666,0.6404818809586246,0.640611007519563,True
BH14,0.2833333333333332,0.7166666666666666,0.6492099335154,0.6493537604249549,True
BH14,0.30000000000000004,0.7166666666666666,0.6579284682714368,0.6580964109337515,True
BH14,0.31666666666666665,0.7166666666666666,0.6666346869120533,0.6668011782766465,True
BH14,0.33333333333333326,0.7166666666666666,0.6753279534980919,0.6754831872448718,True
BH14,0.3500000000000001,0.7166666666666666,0.684005838959164,0.6841649342051418,True
BH14,0.3666666666666667,0.7166666666666666,0.6926679853907411,0.6928464195673882,True
BH14,0.3833333333333333,0.7166666666666666,0.7013141498947066,0.7015276437406868,True
BH14,0.3999999999999999,0.7166666666666666,0.7099407151415915,0.7101296444158494,True
BH14,0.41666666666666674,0.7166666666666666,0.7185469548049415,0.7187183833996371,True
BH14,0.43333333333333335,0.7166666666666666,0.7271320061919834,0.7273067163976284,True
BH14,0.44999999999999996,0.7166666666666666,0.735693458390211,0.7358946443399026,True
BH14,0.46666666666666656,0.7166666666666666,0.7442295214849235,0.7444751091365238,True
BH14,0.4833333333333334,0.7166666666666666,0.7527384553832537,0.7529319415509907,True
BH14,0.5,0.7166666666666666,0.7612197560961076,0.7613884129611939,True
BH14,0.5166666666666666,0.7166666666666666,0.7696699506262357,0.7698445241296457,True
BH14,0.5333333333333332,0.7166666666666666,0.7780900634576347,0.7783002758167035,True
BH14,0.55,0.7166666666666666,0.7864763603597645,0.7867156979708463,True
BH14,0.5666666666666667,0.7166666666666666,0.7948278055108164,0.7949947426659383,True
BH14,0.5833333333333333,0.7166666666666666,0.8031421130751067,0.8032735393250661,True
BH14,0.6000000000000001,0.7166666666666666,0.81141985983153,0.8115520894105919,True
BH14,0.6166666666666667,0.7166666666666666,0.8196613905093307,0.819830394373277,True
BH14,0.6333333333333333,0.7166666666666666,0.827863224055229,0.8281084556523993,True
BH14,0.6499999999999999,0.7166666666666666,0.8360278800869565,0.8361933110918971,True
BH14,0.6666666666666667,0.7166666666666666,0.8441519810405952,0.8442611394153217,True
BH14,0.6833333333333333,0.7166666666666666,0.8522363501136246,0.8523291310322495,True
BH14,0.7,0.7166666666666666,0.8602822373857458,0.8603972853878381,True
BH14,0.7166666666666666,0.7166666666666666,0.8682889995214147,0.8684656019297665,True
BH14,0.7333333333333334,0.7166666666666666,0.8762588651612084,0.8764202105893057,True
BH14,0.75,0.7166666666666666,0.8841930538735275,0.8842844126867482,True
BH14,0.7666666666666666,0.7166666666666666,0.8920900724236407,0.892148674191322,True
BH14,0.7833333333333332,0.7166666666666666,0.8999514190234559,0.9000129950839655,True
BH14,0.8,0.7166666666666666,0.9077813459211335,0.9078773753456253,True
BH14,0.8166666666666667,0.7166666666666666,0.9155822298480534,0.9157281446137598,True
BH14,0.8333333333333333,0.7166666666666666,0.9233514746683222,0.9234337511303278,True
BH14,0.8499999999999999,0.7166666666666666,0.9310953157183088,0.931138994666826,True
BH14,0.8666666666666667,0.7166666666666666,0.9388149484966005,0.938843874145677,True
BH14,0.8833333333333333,0.7166666666666666,0.946513350198994,0.9465483884850547,True
BH14,0.8999999999999999,0.7166666666666666,0.9541919904128968,0.954252536598865,True
BH14,0.9166666666666667,0.7166666666666666,0.9618518490628001,0.9619091060413572,True
BH14,0.9333333333333333,0.7166666666666666,0.9694979730375184,0.9695288238712465,True
BH14,0.95,0.7166666666666666,0.9771337410365545,0.9771477767820844,True
BH14,0.9666666666666666,0.7166666666666666,0.9847606304972409,0.9847659601921107,True
BH14,0.9833333333333334,0.7166666666666666,0.9923822112791443,0.9923833694831001,True
BH14,1.0,0.7166666666666666,1.0,1.0,True
BH14,-1.0,0.7333333333333334,6.769195352114993e-17,1.9638024363085028e-18,True
BH14,-0.9833333333333333,0.7333333333333334,0.007650991117623456,0.007644456704027309,True
BH14,-0.9666666666666667,0.7333333333333334,0.015304890357213325,0.01529013978475532,True
BH14,-0.95,0.7333333333333334,0.02296365650091212,0.022937044508520875,True
BH14,-0.9333333333333333,0.7333333333333334,0.030631682691744076,0.030585166165081792,True
BH14,-0.9166666666666666,0.7333333333333334,0.03830795209735164,0.038253979445133986,True
BH14,-0.9,0.7333333333333334,0.0459992400384088,0.04595668362891546,True
BH14,-0.8833333333333333,0.7333333333333334,0.053707551393490066,0.053660477155210794,True
BH14,-0.8666666666666667,0.7333333333333334,0.06143300497508884,0.061365357834978276,True
BH14,-0.85,0.7333333333333334,0.06917864244155048,0.06907132348465184,True
BH14,-0.8333333333333334,0.7333333333333334,0.0769466919131334,0.07685868236460608,True
BH14,-0.8166666666666667,0.7333333333333334,0.08474335503135617,0.08466958300625584,True
BH14,-0.8,0.7333333333333334,0.09256399295702772,0.09248094208246445,True
BH14,-0.7833333333333333,0.7333333333333334,0.10041466094866623,0.10029275669715834,True
BH14,-0.7666666666666666,0.7333333333333334,0.108296668701607,0.10814029926581738,True
BH14,-0.75,0.7333333333333334,0.11620875207171796,0.11609561074027583,True
BH14,-0.7333333333333334,0.7333333333333334,0.12415784776136164,0.12405039813930477,True
BH14,-0.7166666666666667,0.7333333333333334,0.13213857687522212,0.13200465701595798,True
BH14,-0.7,0.7333333333333334,0.14015610726788041,0.13995838287224982,True
BH14,-0.6833333333333333,0.7333333333333334,0.14820950107080427,0.14804365229529448,True
BH14,-0.6666666666666667,0.7333333333333334,0.15629974575771213,0.15615997936661596,True
BH14,-0.65,0.7333333333333334,0.16442775876950563,0.1642761849415969,True
BH14,-0.6333333333333333,0.7333333333333334,0.1725923011175003,0.17239226754357564,True
BH14,-0.6166666666666667,0.7333333333333334,0.18079436862154882,0.18057614510026204,True
BH14,-0.6,0.7333333333333334,0.18903132252183086,0.18885438613076833,True
BH14,-0.5833333333333333,0.7333333333333334,0.19730536513522057,0.19713323232427832,True
BH14,-0.5666666666666667,0.7333333333333334,0.2056151875710717,0.205412693913043,True
BH14,-0.55,0.7333333333333334,0.21395796999167815,0.2136990757544563,True
BH14,-0.5333333333333333,0.7333333333333334,0.2223344787606412,0.22212819867557468,True
BH14,-0.5166666666666666,0.7333333333333334,0.23074009111890734,0.23055787332273525,True
BH14,-0.5,0.7333333333333334,0.23917991733278973,0.23898809945619293,True
BH14,-0.4833333333333334,0.7333333333333334,0.24764738556085608,0.24741887683637323,True
BH14,-0.4666666666666667,0.7333333333333334,0.2561420597645635,0.25590836146345736,True
BH14,-0.44999999999999996,0.7333333333333334,0.26466348712589294,0.26446494161347256,True
BH14,-0.43333333333333335,0.7333333333333334,0.27320953407528314,0.2730219580449156,True
BH14,-0.41666666666666663,0.7333333333333334,0.2817784259476761,0.2815794111055021,True
BH14,-0.4,0.7333333333333334,0.2903692263808789,0.2901373011433008,True
BH14,-0.3833333333333333,0.7333333333333334,0.2989800479167089,0.29877417105451115,True
BH14,-0.3666666666666667,0.7333333333333334,0.30760939413898924,0.3074263583920235,True
BH14,-0.35,0.7333333333333334,0.3162568953566633,0.3160788100614623,True
BH14,-0.33333333333333337,0.7333333333333334,0.32491943729366457,0.32473152627337437,True
BH14,-0.31666666666666665,0.7333333333333334,0.3335964697455579,0.33339640611688176,True
BH14,-0.30000000000000004,0.7333333333333334,0.34228768168195467,0.34211474619838533,True
BH14,-0.2833333333333333,0.7333333333333334,0.3509902983315235,0.3508332215366413,True
BH14,-0.2666666666666667,0.7333333333333334,0.3597056355532148,0.35955183220681897,True
BH14,-0.25,0.7333333333333334,0.36843040328700216,0.36827057828414306,True
BH14,-0.2333333333333334,0.7333333333333334,0.3771644647659732,0.3770110038745833,True
BH14,-0.21666666666666667,0.7333333333333334,0.38590615785539284,0.3857723507727806,True
BH14,-0.19999999999999996,0.7333333333333334,0.39465631634937565,0.3945337601883122,True
BH14,-0.18333333333333335,0.7333333333333334,0.4034135284191294,0.40329523214233304,True
BH14,-0.16666666666666663,0.7333333333333334,0.4121758122663071,0.41205676665600766,True
BH14,-0.15000000000000002,0.7333333333333334,0.4209440282211834,0.4208391419716161,True
BH14,-0.1333333333333333,0.7333333333333334,0.42971646922412055,0.4296259782884773,True
BH14,-0.1166666666666667,0.7333333333333334,0.4384934302141914,0.4384128422067884,True
BH14,-0.09999999999999998,0.7333333333333334,0.4472737875149526,0.4471997337317705,True
BH14,-0.08333333333333337,0.7333333333333334,0.4560572066753395,0.4559882836466973,True
BH14,-0.06666666666666665,0.7333333333333334,0.4648428858373717,0.46478729279199227,True
BH14,-0.050000000000000044,0.7333333333333334,0.47363026659478924,0.47358631411848445,True
BH14,-0.033333333333333326,0.7333333333333334,0.4824192503061946,0.48238534762738217,True
BH14,-0.01666666666666672,0.7333333333333334,0.49120924013304834,0.4911843933198938,True
BH14,0.0,0.7333333333333334,0.49999984299735417,0.4999838982123199,True
BH14,0.016666666666666607,0.7333333333333334,0.5087901957478127,0.5087839716184309,True
BH14,0.033333333333333215,0.7333333333333334,0.51758010412813,0.5175840504524696,True
BH14,0.050000000000000044,0.7333333333333334,0.5263687643812993,0.5263841347146934,True
BH14,0.06666666666666665,0.7333333333333334,0.5351565865022329,0.5351842244053595,True
BH14,0.08333333333333326,0.7333333333333334,0.5439423130267241,0.5439768969625994,True
BH14,0.10000000000000009,0.7333333333333334,0.552725797334483,0.552767099926298,True
BH14,0.1166666666666667,0.7333333333333334,0.561505825559171,0.5615573027067711,True
BH14,0.1333333333333333,0.7333333333333334,0.570282703760224,0.5703475053040207,True
BH14,0.1499999999999999,0.7333333333333334,0.5790555573499727,0.5791364523837252,True
BH14,0.16666666666666674,0.7333333333333334,0.5878237577227214,0.5879040438576827,True
BH14,0.18333333333333335,0.7333333333333334,0.5965864242618246,0.5966716141517262,True
BH14,0.19999999999999996,0.7333333333333334,0.6053428914197261,0.6054391632701009,True
BH14,0.21666666666666656,0.7333333333333334,0.614092858147462,0.6142066912170515,True
BH14,0.2333333333333334,0.7333333333333334,0.6228353691737936,0.6229603680246512,True
BH14,0.25,0.7333333333333334,0.6315694343976426,0.6316886070481853,True
BH14,0.2666666666666666,0.7333333333333334,0.640294261497631,0.6404167504970566,True
BH14,0.2833333333333332,0.7333333333333334,0.6490080526524344,0.6491447984390585,True
BH14,0.30000000000000004,0.7333333333333334,0.6577114425128312,0.65787275094192,True
BH14,0.31666666666666665,0.7333333333333334,0.6664027100736254,0.6665618806200063,True
BH14,0.33333333333333326,0.7333333333333334,0.6750806433375155,0.675227649320304,True
BH14,0.3500000000000001,0.7333333333333334,0.6837430461792728,0.6838931729961706,True
BH14,0.3666666666666667,0.7333333333333334,0.6923892115624994,0.692558452030789,True
BH14,0.3833333333333333,0.7333333333333334,0.7010194867049725,0.7012234868065416,True
BH14,0.3999999999999999,0.7333333333333334,0.7096307268648896,0.709809371400695,True
BH14,0.41666666666666674,0.7333333333333334,0.7182208372712974,0.718381891395139,True
BH14,0.43333333333333335,0.7333333333333334,0.7267897865091945,0.7269540302782541,True
BH14,0.44999999999999996,0.7333333333333334,0.7353361531416359,0.735525788922514,True
BH14,0.46666666666666656,0.7333333333333334,0.7438577765443183,0.7440905821969738,True
BH14,0.4833333333333334,0.7333333333333334,0.7523527171139781,0.7525343289406228,True
BH14,0.5,0.7333333333333334,0.7608193976813925,0.7609777331868668,True
BH14,0.5166666666666666,0.7333333333333334,0.7692583917910845,0.7694207956586755,True
BH14,0.5333333333333332,0.7333333333333334,0.7776658470358843,0.777863517076977,True
BH14,0.55,0.7333333333333334,0.7860419611699523,0.7862681210382427,True
BH14,0.5666666666666667,0.7333333333333334,0.7943847363109707,0.7945412804751004,True
BH14,0.5833333333333333,0.7333333333333334,0.8026947113404641,0.8028142152656812,True
BH14,0.6000000000000001,0.7333333333333334,0.810966981733114,0.8110869267303145,True
BH14,0.6166666666666667,0.7333333333333334,0.8192053032988158,0.8193594161788986,True
BH14,0.6333333333333333,0.7333333333333334,0.8274081905273263,0.8276316849110057,True
BH14,0.6499999999999999,0.7333333333333334,0.8355714006167112,0.8357231885463972,True
BH14,0.6666666666666667,0.7333333333333334,0.8436993745759546,0.843796805416875,True
BH14,0.6833333333333333,0.7333333333333334,0.8517907227039987,0.8518705724092149,True
BH14,0.7,0.7333333333333334,0.8598435587947044,0.8599444890138348,True
BH14,0.7166666666666666,0.7333333333333334,0.8678602892720506,0.8680185547234645,True
BH14,0.7333333333333334,0.7333333333333334,0.87584147065325,0.8759880575386583,True
BH14,0.75,0.7333333333333334,0.8837904835581925,0.8838707036873169,True
BH14,0.7666666666666666,0.7333333333333334,0.8917032277240202,0.8917534053112753,True
BH14,0.7833333333333332,0.7333333333333334,0.8995836515216966,0.8996361623927194,True
BH14,0.8,0.7333333333333334,0.9074351330816518,0.9075189749138424,True
BH14,0.8166666666666667,0.7333333333333334,0.9152564047114937,0.9153903948055411,True
BH14,0.8333333333333333,0.7333333333333334,0.9230502492399382,0.9231240749222027,True
BH14,0.8499999999999999,0.7333333333333334,0.930821361407992,0.9308574473759702,True
BH14,0.8666666666666667,0.7333333333333334,0.9385670366155998,0.9385905112513869,True
BH14,0.8833333333333333,0.7333333333333334,0.9462931276697273,0.9463232656293762,True
BH14,0.8999999999999999,0.7333333333333334,0.9540002128382885,0.9540557095872233,True
BH14,0.9166666666666667,0.7333333333333334,0.9616913325402463,0.9617435201706553,True
BH14,0.9333333333333333,0.7333333333333334,0.9693693303878173,0.9693960926641326,True
BH14,0.95,0.7333333333333334,0.9770371267870457,0.9770480307197796,True
BH14,0.9666666666666666,0.7333333333333334,0.9846950036181601,0.9846993305268739,True
BH14,0.9833333333333334,0.7333333333333334,0.992348650302213,0.9923499882442509,True
BH14,1.0,0.7333333333333334,1.0000000000000002,1.0,True
BH14,-1.0,0.75,-5.54763328273311e-17,1.3772336571799283e-17,True
BH14,-0.9833333333333333,0.75,0.0076808528072408785,0.007678907115879396,True
BH14,-0.9666666666666667,0.75,0.015364365503275853,0.015358954594815552,True
BH14,-0.95,0.75,0.02305236864801774,0.02304013799965633,True
BH14,-0.9333333333333333,0.75,0.030749545203393625,0.030722452915451906,True
BH14,-0.9166666666666666,0.75,0.03845493342980774,0.03842482717257306,True
BH14,-0.9,0.75,0.04617500398625004,0.046158523020939174,True
BH14,-0.8833333333333333,0.75,0.053908123430825176,0.05389326903848428,True
BH14,-0.8666666666666667,0.75,0.061660266122128875,0.06162906309925527,True
BH14,-0.85,0.75,0.06943093990107627,0.06936590308267437,True
BH14,-0.8333333333333334,0.75,0.07722438332051522,0.07718090906269792,True
BH14,-0.8166666666666667,0.75,0.08504028753605601,0.08501559493126834,True
BH14,-0.8,0.75,0.09288185621721726,0.09285063930321823,True
BH14,-0.7833333333333333,0.75,0.1007521950514221,0.10068603990143388,True
BH14,-0.7666666666666666,0.75,0.10864943379407509,0.10855844995474931,True
BH14,-0.75,0.75,0.11657867094168278,0.11652610417457701,True
BH14,-0.7333333333333334,0.75,0.12453972033787027,0.12449330449510373,True
BH14,-0.7166666666666667,0.75,0.1325325668923651,0.13246004708222262,True
BH14,-0.7,0.75,0.14055910691891038,0.1404263280580844,True
BH14,-0.6833333333333333,0.75,0.14862061124351447,0.14851914742333713,True
BH14,-0.6666666666666667,0.75,0.15671578341233666,0.15663725554997276,True
BH14,-0.65,0.75,0.16484742925482132,0.1647552568518208,True
BH14,-0.6333333333333333,0.75,0.17301286427092533,0.17287315004318268,True
BH14,-0.6166666666666667,0.75,0.1812147597162921,0.1810567382599405,True
BH14,-0.6,0.75,0.18944998654277978,0.18932814849812424,True
BH14,-0.5833333333333333,0.75,0.1977194388065313,0.19760008460063438,True
BH14,-0.5666666666666667,0.75,0.2060225777042735,0.2058725553011143,True
BH14,-0.55,0.75,0.2143572617240779,0.2141491883538973,True
BH14,-0.5333333333333333,0.75,0.22272548857417662,0.22256577831419422,True
BH14,-0.5166666666666666,0.75,0.23112416161978233,0.23098292491045425,True
BH14,-0.5,0.75,0.23955094047070324,0.23940062789952068,True
BH14,-0.4833333333333334,0.75,0.24800638577363424,0.24781888703841037,True
BH14,-0.4666666666666667,0.75,0.25648853703247915,0.25629347395073115,True
BH14,-0.44999999999999996,0.75,0.26499604834076695,0.26483415114699227,True
BH14,-0.43333333333333335,0.75,0.2735286733141245,0.27337525652365047,True
BH14,-0.41666666666666663,0.75,0.28208460640887323,0.2819167904228381,True
BH14,-0.4,0.75,0.2906603791819942,0.29045875318703646,True
BH14,-0.3833333333333333,0.75,0.299256168248908,0.2990791127878776,True
BH14,-0.3666666666666667,0.75,0.307871065470961,0.30771498369301786,True
BH14,-0.35,0.75,0.3165032995579953,0.3163511103500498,True
BH14,-0.33333333333333337,0.75,0.3251522627762707,0.3249874929628903,True
BH14,-0.31666666666666665,0.75,0.3338156539078261,0.3336361876612785,True
BH14,-0.30000000000000004,0.75,0.34249221415726894,0.34233949891977444,True
BH14,-0.2833333333333333,0.75,0.3511816285833589,0.3510429398848216,True
BH14,-0.2666666666666667,0.75,0.3598827251354867,0.35974651062853424,True
BH14,-0.25,0.75,0.3685944880689467,0.3684502112230802,True
BH14,-0.2333333333333334,0.75,0.37731558825213607,0.3771764877115595,True
BH14,-0.21666666666666667,0.75,0.38604553996725205,0.38592460855368216,True
BH14,-0.19999999999999996,0.75,0.39478358096764493,0.3946727889329372,True
BH14,-0.18333333333333335,0.75,0.4035277446464297,0.4034210288694742,True
BH14,-0.16666666666666663,0.75,0.4122791932637479,0.4121693283834522,True
BH14,-0.15000000000000002,0.75,0.4210360820290794,0.420939744504687,True
BH14,-0.1333333333333333,0.75,0.42979784928273107,0.4297149044696243,True
BH14,-0.1166666666666667,0.75,0.4385639601780613,0.43849009056422616,True
BH14,-0.09999999999999998,0.75,0.4473338793544007,0.4472653027934356,True
BH14,-0.08333333333333337,0.75,0.45610687849542175,0.45604229039829025,True
BH14,-0.06666666666666665,0.75,0.46488225435745256,0.4648305192275525,True
BH14,-0.050000000000000044,0.75,0.4736598279186588,0.47361875952530164,True
BH14,-0.033333333333333326,0.75,0.48243888160757237,0.48240701129267527,True
BH14,-0.01666666666666672,0.75,0.4912190886631227,0.4911952745308112,True
BH14,0.0,0.75,0.49999977699535675,0.4999840338826086,True
BH14,0.016666666666666607,0.75,0.5087802863550175,0.5087734090654338,True
BH14,0.033333333333333215,0.75,0.5175603187352726,0.5175627893379899,True
BH14,0.050000000000000044,0.75,0.5263394537808488,0.5263521747005189,True
BH14,0.06666666666666665,0.75,0.5351173536602953,0.5351415651532616,True
BH14,0.08333333333333326,0.75,0.5438929981636066,0.5439229838102908,True
BH14,0.10000000000000009,0.75,0.5526660527914415,0.5527017455546912,True
BH14,0.1166666666666667,0.75,0.5614356808597765,0.5614805071970422,True
BH14,0.1333333333333333,0.75,0.5702017722710876,0.570259268737345,True
BH14,0.1499999999999999,0.75,0.5789633055152609,0.5790366999855874,True
BH14,0.16666666666666674,0.75,0.5877204274329164,0.5877914025410094,True
BH14,0.18333333333333335,0.75,0.5964715855849658,0.596546085639255,True
BH14,0.19999999999999996,0.75,0.6052162529105553,0.6053007492842242,True
BH14,0.21666666666666656,0.75,0.6139541101204379,0.6140553934798156,True
BH14,0.2333333333333334,0.75,0.6226838570017368,0.6227955513445667,True
BH14,0.25,0.75,0.6314052221813815,0.6315090729318588,True
BH14,0.2666666666666666,0.75,0.6401170823388604,0.6402225059097744,True
BH14,0.2833333333333332,0.75,0.648818563632619,0.6489358503411568,True
BH14,0.30000000000000004,0.75,0.6575073651909671,0.6576491062887895,True
BH14,0.31666666666666665,0.75,0.6661843083664754,0.6663226036773268,True
BH14,0.33333333333333326,0.75,0.674848236286616,0.6749721371143504,True
BH14,0.3500000000000001,0.75,0.6834958724758624,0.6836214424947811,True
BH14,0.3666666666666667,0.75,0.6921279716943991,0.6922705201751012,True
BH14,0.3833333333333333,0.75,0.7007431650706865,0.7009193705110489,True
BH14,0.3999999999999999,0.75,0.7093392106563454,0.7094891465195527,True
BH14,0.41666666666666674,0.75,0.7179156818695192,0.7180454551890441,True
BH14,0.43333333333333335,0.75,0.7264703694468204,0.7266014075864152,True
BH14,0.44999999999999996,0.75,0.7350030324550914,0.7351570045266955,True
BH14,0.46666666666666656,0.75,0.7435112344040755,0.7437061190087031,True
BH14,0.4833333333333334,0.75,0.751992585481891,0.7521367854890209,True
BH14,0.5,0.75,0.7604481552420075,0.7605671279557752,True
BH14,0.5166666666666666,0.75,0.768876816043024,0.7689971470924907,True
BH14,0.5333333333333332,0.75,0.7772735478562147,0.7774268435807641,True
BH14,0.55,0.75,0.7856410178395672,0.7858205873901576,True
BH14,0.5666666666666667,0.75,0.7939783351984684,0.794087873831826,True
BH14,0.5833333333333333,0.75,0.8022806581686691,0.8023549588717774,True
BH14,0.6000000000000001,0.75,0.8105516253306091,0.8106218436900319,True
BH14,0.6166666666666667,0.75,0.8187866230603464,0.8188885294573259,True
BH14,0.6333333333333333,0.75,0.8269862629423885,0.8271550173352036,True
BH14,0.6499999999999999,0.75,0.8351537101510418,0.835252957873581,True
BH14,0.6666666666666667,0.75,0.843283770420354,0.8433323596495582,True
BH14,0.6833333333333333,0.75,0.8513792599095656,0.8514118984013039,True
BH14,0.7,0.75,0.8594405276026907,0.8594915736643199,True
BH14,0.7166666666666666,0.75,0.8674663766225339,0.8675713849762136,True
BH14,0.7333333333333334,0.75,0.8754604046701705,0.8755555105361715,True
BH14,0.75,0.75,0.8834208379301647,0.8834566107454421,True
BH14,0.7666666666666666,0.75,0.8913492581835502,0.8913577624917806,True
BH14,0.7833333333333332,0.75,0.8992475250052518,0.8992589657586231,True
BH14,0.8,0.75,0.9071172849174333,0.9071602205294143,True
BH14,0.8166666666666667,0.75,0.9149589641051926,0.9150521233702484,True
BH14,0.8333333333333333,0.75,0.9227748107112581,0.9228139189680838,True
BH14,0.8499999999999999,0.75,0.9305693459106512,0.930575462472538,True
BH14,0.8666666666666667,0.75,0.9383397292950744,0.9383367531317792,True
BH14,0.8833333333333333,0.75,0.9460911065273514,0.946097790190992,True
BH14,0.8999999999999999,0.75,0.9538257990584644,0.9538585728923651,True
BH14,0.9166666666666667,0.75,0.9615436511571775,0.9615776315309187,True
BH14,0.9333333333333333,0.75,0.9692512089745843,0.9692631177897924,True
BH14,0.95,0.75,0.9769480376922599,0.9769481008093736,True
BH14,0.9666666666666666,0.75,0.9846361645958291,0.9846325775586025,True
BH14,0.9833333333333334,0.75,0.9923187855095079,0.9923165449821152,True
BH14,1.0,0.75,1.0,1.0,True
BH14,-1.0,0.7666666666666666,2.1325467610322058e-17,-1.970183278009141e-17,True
BH14,-0.9833333333333333,0.7666666666666666,0.0077080981580644106,0.007705699167172312,True
BH14,-0.9666666666666667,0.7666666666666666,0.015418745526155932,0.015412048108398121,True
BH14,-0.95,0.7666666666666666,0.0231349352747705,0.0231190435580012,True
BH14,-0.9333333333333333,0.7666666666666666,0.030857650600073158,0.030826682271802797,True
BH14,-0.9166666666666666,0.7666666666666666,0.038589363923356136,0.03855347030857905,True
BH14,-0.9,0.7666666666666666,0.04633356361684986,0.046309292366800335,True
BH14,-0.8833333333333333,0.7666666666666666,0.05409268821169302,0.054065726794664606,True
BH14,-0.8666666666666667,0.7666666666666666,0.06186740166276823,0.06182277081499857,True
BH14,-0.85,0.7666666666666666,0.06966175012421176,0.06958042166713785,True
BH14,-0.8333333333333334,0.7666666666666666,0.0774753685522514,0.0774144059882321,True
BH14,-0.8166666666666667,0.7666666666666666,0.08531265638914491,0.08526555459302369,True
BH14,-0.8,0.7666666666666666,0.09317327587376961,0.0931169028611033,True
BH14,-0.7833333333333333,0.7666666666666666,0.10105997131641897,0.10096845045765228,True
BH14,-0.7666666666666666,0.7666666666666666,0.10897358336203128,0.10885859105148152,True
BH14,-0.75,0.7666666666666666,0.1169162829768697,0.11683867641551379,True
BH14,-0.7333333333333334,0.7666666666666666,0.12488927809334473,0.12481846385255035,True
BH14,-0.7166666666666667,0.7666666666666666,0.1328930276665125,0.1327979524221825,True
BH14,-0.7,0.7666666666666666,0.1409284727839032,0.14077714117999232,True
BH14,-0.6833333333333333,0.7666666666666666,0.14899577781117632,0.1488806455812916,True
BH14,-0.6666666666666667,0.7666666666666666,0.15709691047376262,0.15700580328566285,True
BH14,-0.65,0.7666666666666666,0.16523172915182405,0.16513083062451595,True
BH14,-0.6333333333333333,0.7666666666666666,0.17339830955380559,0.1732557266170311,True
BH14,-0.6166666666666667,0.7666666666666666,0.181599006201354,0.18144508574592078,True
BH14,-0.6,0.7666666666666666,0.1898322738889341,0.18971755124025752,True
BH14,-0.5833333333333333,0.7666666666666666,0.1980982258228654,0.19799024042243807,True
BH14,-0.5666666666666667,0.7666666666666666,0.2063964296630108,0.20626315544213872,True
BH14,-0.55,0.7666666666666666,0.21472622364999527,0.21453821279871924,True
BH14,-0.5333333333333333,0.7666666666666666,0.2230863608685235,0.22294767078145084,True
BH14,-0.5166666666666666,0.7666666666666666,0.23147569151937525,0.2313574397051643,True
BH14,-0.5,0.7666666666666666,0.23989405529496577,0.23976752073202215,True
BH14,-0.4833333333333334,0.7666666666666666,0.24833823366670443,0.248177915029979,True
BH14,-0.4666666666666667,0.7666666666666666,0.2568090483739175,0.2566418532629863,True
BH14,-0.44999999999999996,0.7666666666666666,0.2653056268774422,0.2651700606193253,True
BH14,-0.43333333333333335,0.7666666666666666,0.27382534516644674,0.27369851782634813,True
BH14,-0.41666666666666663,0.7666666666666666,0.2823673332875611,0.2822272254058213,True
BH14,-0.4,0.7666666666666666,0.2909304829232725,0.2907561838809574,True
BH14,-0.3833333333333333,0.7666666666666666,0.29951351281292304,0.29936232170460925,True
BH14,-0.3666666666666667,0.7666666666666666,0.3081156391723443,0.30798392840627126,True
BH14,-0.35,0.7666666666666666,0.31673471113920293,0.3166056921940046,True
BH14,-0.33333333333333337,0.7666666666666666,0.32536963681225817,0.32522761326797667,True
BH14,-0.31666666666666665,0.7666666666666666,0.33401981383187407,0.33386183278261383,True
BH14,-0.30000000000000004,0.7666666666666666,0.3426841892276911,0.34255139117865335,True
BH14,-0.2833333333333333,0.7666666666666666,0.351360652322681,0.3512410333201949,True
BH14,-0.2666666666666667,0.7666666666666666,0.36004971708736855,0.35993075927018,True
BH14,-0.25,0.7666666666666666,0.3687493729425087,0.3686205690916132,True
BH14,-0.2333333333333334,0.7666666666666666,0.37745814854576476,0.3773336689790089,True
BH14,-0.21666666666666667,0.7666666666666666,0.386176568607795,0.3860693729431308,True
BH14,-0.19999999999999996,0.7666666666666666,0.3949023396577268,0.39480511704901267,True
BH14,-0.18333333333333335,0.7666666666666666,0.4036367374041777,0.4035409013134537,True
BH14,-0.16666666666666663,0.7666666666666666,0.4123773018928174,0.41227672575326174,True
BH14,-0.15000000000000002,0.7666666666666666,0.4211233728286912,0.42103579079811576,True
BH14,-0.1333333333333333,0.7666666666666666,0.42987484075207666,0.42979984607764665,True
BH14,-0.1166666666666667,0.7666666666666666,0.4386305418003482,0.43856391954324947,True
BH14,-0.09999999999999998,0.7666666666666666,0.4473904399968247,0.4473280111989398,True
BH14,-0.08333333333333337,0.7666666666666666,0.4561535551814382,0.4560939779535727,True
BH14,-0.06666666666666665,0.7666666666666666,0.464919721259252,0.46487189560798814,True
BH14,-0.050000000000000044,0.7666666666666666,0.4736878152355244,0.47364982137172973,True
BH14,-0.033333333333333326,0.7666666666666666,0.48245745844946747,0.48242775524569237,True
BH14,-0.01666666666666672,0.7666666666666666,0.49122833361618423,0.49120569723077123,True
BH14,0.0,0.7666666666666666,0.4999996037898482,0.4999841667520273,True
BH14,0.016666666666666607,0.7666666666666666,0.5087711219586463,0.5087632943338078,True
BH14,0.033333333333333215,0.7666666666666666,0.5175418032151576,0.51754242550615,True
BH14,0.050000000000000044,0.7666666666666666,0.5263115605605718,0.5263215602692397,True
BH14,0.06666666666666665,0.7666666666666666,0.5350796582704879,0.5351006986232627,True
BH14,0.08333333333333326,0.7666666666666666,0.5438456832540075,0.5438713548934798,True
BH14,0.10000000000000009,0.7666666666666666,0.5526089625873454,0.5526391814817543,True
BH14,0.1166666666666667,0.7666666666666666,0.5613689757137893,0.5614070080502581,True
BH14,0.1333333333333333,0.7666666666666666,0.5701250618848825,0.5701748345989917,True
BH14,0.1499999999999999,0.7666666666666666,0.5788764101617931,0.5789412650063958,True
BH14,0.16666666666666674,0.7666666666666666,0.5876224771351173,0.5876837264942711,True
BH14,0.18333333333333335,0.7666666666666666,0.5963629714377031,0.5964261752399245,True
BH14,0.19999999999999996,0.7666666666666666,0.6050968105709937,0.6051686112457014,True
BH14,0.21666666666666656,0.7666666666666666,0.6138232042637277,0.613911034513947,True
BH14,0.2333333333333334,0.7666666666666666,0.6225415739692288,0.6226384394832928,True
BH14,0.25,0.7666666666666666,0.6312508922218231,0.6313382020338294,True
BH14,0.2666666666666666,0.7666666666666666,0.6399498792393518,0.6400379086839567,True
BH14,0.2833333333333332,0.7666666666666666,0.648638893334712,0.6487375594708138,True
BH14,0.30000000000000004,0.7666666666666666,0.657315333652818,0.6574371544315061,True
BH14,0.31666666666666665,0.7666666666666666,0.6659795791790524,0.6660963780074562,True
BH14,0.33333333333333326,0.7666666666666666,0.6746297658158246,0.6747312757466547,True
BH14,0.3500000000000001,0.7666666666666666,0.6832653954244405,0.6833660370364386,True
BH14,0.3666666666666667,0.7666666666666666,0.6918837874798831,0.6920006620744912,True
BH14,0.3833333333333333,0.7666666666666666,0.700485180782854,0.7006351510581137,True
BH14,0.3999999999999999,0.7666666666666666,0.7090682985639106,0.7091911545520446,True
BH14,0.41666666666666674,0.7666666666666666,0.7176314595645533,0.7177338037053222,True
BH14,0.43333333333333335,0.7666666666666666,0.7261736934413694,0.7262762522831634,True
BH14,0.44999999999999996,0.7666666666666666,0.7346944428609019,0.7348185007208131,True
BH14,0.46666666666666656,0.7666666666666666,0.7431905734457691,0.7433548188413912,True
BH14,0.4833333333333334,0.7666666666666666,0.7516616913441381,0.751775499247023,True
BH14,0.5,0.7666666666666666,0.7601067717993277,0.760196009608679,True
BH14,0.5166666666666666,0.7666666666666666,0.7685248072263821,0.7686163503247629,True
BH14,0.5333333333333332,0.7666666666666666,0.7769134147287611,0.7770365217924335,True
BH14,0.55,0.7666666666666666,0.7852735835403544,0.7854228550288269,True
BH14,0.5666666666666667,0.7666666666666666,0.7936037768207393,0.7936878400821645,True
BH14,0.5833333333333333,0.7666666666666666,0.8019014511752576,0.8019527479429788,True
BH14,0.6000000000000001,0.7666666666666666,0.8101662771102731,0.8102175789044219,True
BH14,0.6166666666666667,0.7666666666666666,0.8184003333932015,0.8184823332581532,True
BH14,0.6333333333333333,0.7666666666666666,0.826602060558652,0.82674701129435,True
BH14,0.6499999999999999,0.7666666666666666,0.8347685713073979,0.834852474991898,True
BH14,0.6666666666666667,0.7666666666666666,0.8429023921010275,0.8429389813161232,True
BH14,0.6833333333333333,0.7666666666666666,0.8510028067717934,0.8510255865412066,True
BH14,0.7,0.7666666666666666,0.8590716485896861,0.8591122904195754,True
BH14,0.7166666666666666,0.7666666666666666,0.8671072980639536,0.8671990927044837,True
BH14,0.7333333333333334,0.7666666666666666,0.8751112585140888,0.875196278344362,True
BH14,0.75,0.7666666666666666,0.8830833163153257,0.883113025730464,True
BH14,0.7666666666666666,0.7666666666666666,0.8910260044415865,0.8910298037034552,True
BH14,0.7833333333333332,0.7666666666666666,0.8989394729259482,0.8989466122487964,True
BH14,0.8,0.7666666666666666,0.9068258177600453,0.9068634513519571,True
BH14,0.8166666666666667,0.7666666666666666,0.9146868983778371,0.9147723844799441,True
BH14,0.8333333333333333,0.7666666666666666,0.9225247788206699,0.9225570020824808,True
BH14,0.8499999999999999,0.7666666666666666,0.9303368756916479,0.9303414858099104,True
BH14,0.8666666666666667,0.7666666666666666,0.9381320154144368,0.9381258354653728,True
BH14,0.8833333333333333,0.7666666666666666,0.9459077440116234,0.9459100508516229,True
BH14,0.8999999999999999,0.7666666666666666,0.9536668263219023,0.9536941317710306,True
BH14,0.9166666666666667,0.7666666666666666,0.9614106912036803,0.961438921558714,True
BH14,0.9333333333333333,0.7666666666666666,0.9691428343723409,0.9691516594421363,True
BH14,0.95,0.7666666666666666,0.9768650472205704,0.9768641368387527,True
BH14,0.9666666666666666,0.7666666666666666,0.9845807476785939,0.9845763531387355,True
BH14,0.9833333333333334,0.7666666666666666,0.9922916056445165,0.9922883077303604,True
BH14,1.0,0.7666666666666666,0.9999999999999999,1.0,True
BH14,-1.0,0.7833333333333332,2.2205686625424773e-17,5.91664922231222e-18,True
BH14,-0.9833333333333333,0.7833333333333332,0.00773312450770954,0.007727483870762637,True
BH14,-0.9666666666666667,0.7833333333333332,0.015468534204834095,0.015455545302502496,True
BH14,-0.95,0.7833333333333332,0.023209077477118104,0.023184181376766724,True
BH14,-0.9333333333333333,0.7833333333333332,0.03095522091552358,0.030913389194454993,True
BH14,-0.9166666666666666,0.7833333333333332,0.03871232841471699,0.038661337372832894,True
BH14,-0.9,0.7833333333333332,0.04647881182579842,0.0464368001634162,True
BH14,-0.8833333333333333,0.7833333333333332,0.054260503904643945,0.054212816578309966,True
BH14,-0.8666666666666667,0.7833333333333332,0.06205728943591104,0.06198938409549279,True
BH14,-0.85,0.7833333333333332,0.06987005521934178,0.06976650020802702,True
BH14,-0.8333333333333334,0.7833333333333332,0.07770478694693553,0.0776177806552577,True
BH14,-0.8166666666666667,0.7833333333333332,0.0855593042411608,0.08548410760395064,True
BH14,-0.8,0.7833333333333332,0.09343753689289845,0.0933506173602576,True
BH14,-0.7833333333333333,0.7833333333333332,0.1013400202522936,0.1012173096169367,True
BH14,-0.7666666666666666,0.7833333333333332,0.10926835736538934,0.10912293261151643,True
BH14,-0.75,0.7833333333333332,0.11722417781744265,0.11711182637931825,True
BH14,-0.7333333333333334,0.7833333333333332,0.1252075528459957,0.12510044092385908,True
BH14,-0.7166666666666667,0.7833333333333332,0.1332204668603508,0.13308877536569189,True
BH14,-0.7,0.7833333333333332,0.1412647168916319,0.14107682882163147,True
BH14,-0.6833333333333333,0.7833333333333332,0.14933837078921258,0.14918580086083189,True
BH14,-0.6666666666666667,0.7833333333333332,0.15744440441557714,0.1573133635711012,True
BH14,-0.65,0.7833333333333332,0.1655808349845177,0.1654408081297198,True
BH14,-0.6333333333333333,0.7833333333333332,0.17375017318315178,0.17356813365233642,True
BH14,-0.6166666666666667,0.7833333333333332,0.1819506083558568,0.18175850107183594,True
BH14,-0.6,0.7833333333333332,0.19018292810342224,0.19002773050601332,True
BH14,-0.5833333333333333,0.7833333333333332,0.19844601304078277,0.198297162551065,True
BH14,-0.5666666666666667,0.7833333333333332,0.20673956581605363,0.206566799141017,True
BH14,-0.55,0.7833333333333332,0.21506453073675205,0.2148381419796319,True
BH14,-0.5333333333333333,0.7833333333333332,0.22341792196687005,0.22324045863047406,True
BH14,-0.5166666666666666,0.7833333333333332,0.23179965686526266,0.23164306846704608,True
BH14,-0.5,0.7833333333333332,0.24020832849627458,0.24004597258535842,True
BH14,-0.4833333333333334,0.7833333333333332,0.24864409169637375,0.248449172086885,True
BH14,-0.4666666666666667,0.7833333333333332,0.2571050154115435,0.2569045546374112,True
BH14,-0.44999999999999996,0.7833333333333332,0.26559069674848423,0.2654231930346652,True
BH14,-0.43333333333333335,0.7833333333333332,0.27409956262861723,0.2739420680299631,True
BH14,-0.41666666666666663,0.7833333333333332,0.28263079628048604,0.28246118011779875,True
BH14,-0.4,0.7833333333333332,0.2911823872748499,0.290980529794038,True
BH14,-0.3833333333333333,0.7833333333333332,0.2997528686284413,0.2995762706740357,True
BH14,-0.3666666666666667,0.7833333333333332,0.3083424745575845,0.3081874466112787,True
BH14,-0.35,0.7833333333333332,0.316949508264726,0.31679877079913576,True
BH14,-0.33333333333333337,0.7833333333333332,0.3255726025830079,0.3254102434266047,True
BH14,-0.31666666666666665,0.7833333333333332,0.3342107831654064,0.33403402721474795,True
BH14,-0.30000000000000004,0.7833333333333332,0.3428632146216366,0.3427134112262879,True
BH14,-0.2833333333333333,0.7833333333333332,0.35152824665766813,0.35139287389098084,True
BH14,-0.2666666666666667,0.7833333333333332,0.3602055321117154,0.36007241526795136,True
BH14,-0.25,0.7833333333333332,0.3688934641781156,0.36875203541638335,True
BH14,-0.2333333333333334,0.7833333333333332,0.3775919513684959,0.37745533142182924,True
BH14,-0.21666666666666667,0.7833333333333332,0.38629903040121205,0.3861816245798002,True
BH14,-0.19999999999999996,0.7833333333333332,0.3950150811076922,0.394907955254748,True
BH14,-0.18333333333333335,0.7833333333333332,0.4037384136780571,0.4036343234623734,True
BH14,-0.16666666666666663,0.7833333333333332,0.4124686861745752,0.4123607292183864,True
BH14,-0.15000000000000002,0.7833333333333332,0.42120512022748746,0.4211110241265552,True
BH14,-0.1333333333333333,0.7833333333333332,0.4299473304765482,0.42986645178959787,True
BH14,-0.1166666666666667,0.7833333333333332,0.43869329136968405,0.4386218963686998,True
BH14,-0.09999999999999998,0.7833333333333332,0.4474438266262759,0.44737735786759636,True
BH14,-0.08333333333333337,0.7833333333333332,0.45619796668568025,0.4561347576255905,True
BH14,-0.06666666666666665,0.7833333333333332,0.4649548432186559,0.46490453664689857,True
BH14,-0.050000000000000044,0.7833333333333332,0.47371425770249154,0.4736743231786562,True
BH14,-0.033333333333333326,0.7833333333333332,0.48247533624010036,0.4824441172216924,True
BH14,-0.01666666666666672,0.7833333333333332,0.4912370893314497,0.49121391877683607,True
BH14,0.0,0.7833333333333332,0.4999996307446864,0.49998426833745313,True
BH14,0.016666666666666607,0.7833333333333332,0.5087621994982219,0.5087553025630216,True
BH14,0.033333333333333215,0.7833333333333332,0.5175239998250295,0.5175263400996423,True
BH14,0.050000000000000044,0.7833333333333332,0.5262849280613544,0.5262973809474867,True
BH14,0.06666666666666665,0.7833333333333332,0.5350443043841505,0.535068425106726,True
BH14,0.08333333333333326,0.7833333333333332,0.5438013569833375,0.5438306823841627,True
BH14,0.10000000000000009,0.7833333333333332,0.5525555075212526,0.5525900046945424,True
BH14,0.1166666666666667,0.7833333333333332,0.5613060487175277,0.5613493270208041,True
BH14,0.1333333333333333,0.7833333333333332,0.5700529130028764,0.5701086493629476,True
BH14,0.1499999999999999,0.7833333333333332,0.5787942561283366,0.578866544241609,True
BH14,0.16666666666666674,0.7833333333333332,0.5875306385646148,0.5875997585454814,True
BH14,0.18333333333333335,0.7833333333333332,0.5962611715487087,0.5963329612422557,True
BH14,0.19999999999999996,0.7833333333333332,0.6049846782489307,0.605066152334068,True
BH14,0.21666666666666656,0.7833333333333332,0.6137003841190793,0.6137993318230545,True
BH14,0.2333333333333334,0.7833333333333332,0.6224079687822781,0.6225172250339461,True
BH14,0.25,0.7833333333333332,0.6311062697591,0.6312069224434292,True
BH14,0.2666666666666666,0.7833333333333332,0.6397941527420858,0.6398965684119813,True
BH14,0.2833333333333332,0.7833333333333332,0.6484717265676315,0.648586162973777,True
BH14,0.30000000000000004,0.7833333333333332,0.6571361653439004,0.6572757061629616,True
BH14,0.31666666666666665,0.7833333333333332,0.6657886156792249,0.6659246443505666,True
BH14,0.33333333333333326,0.7833333333333332,0.674426995221139,0.6745490656098678,True
BH14,0.3500000000000001,0.7833333333333332,0.6830490774992544,0.6831733605453368,True
BH14,0.3666666666666667,0.7833333333333332,0.6916568376943917,0.691797529339977,True
BH14,0.3833333333333333,0.7833333333333332,0.7002463229799925,0.7004215721764394,True
BH14,0.3999999999999999,0.7833333333333332,0.7088178986894422,0.7089677358848825,True
BH14,0.41666666666666674,0.7833333333333332,0.7173698800537486,0.7175005918439199,True
BH14,0.43333333333333335,0.7833333333333332,0.7259006710819286,0.7260332614176279,True
BH14,0.44999999999999996,0.7833333333333332,0.7344092967815898,0.7345657450103711,True
BH14,0.46666666666666656,0.7833333333333332,0.7428948599466751,0.7430925454168318,True
BH14,0.4833333333333334,0.7833333333333332,0.7513545311565256,0.7515059370460271,True
BH14,0.5,0.7833333333333332,0.7597915500041967,0.759919170040892,True
BH14,0.5166666666666666,0.7833333333333332,0.7682001834148449,0.7683322447729772,True
BH14,0.5333333333333332,0.7833333333333332,0.7765811694237215,0.7767451616126724,True
BH14,0.55,0.7833333333333332,0.7849348155389871,0.7851255093729796,True
BH14,0.5666666666666667,0.7833333333333332,0.7932588124038553,0.7933880012826533,True
BH14,0.5833333333333333,0.7833333333333332,0.8015537780009887,0.8016504223549421,True
BH14,0.6000000000000001,0.7833333333333332,0.8098159654994772,0.8099127728584277,True
BH14,0.6166666666666667,0.7833333333333332,0.8180488746834108,0.8181750530603279,True
BH14,0.6333333333333333,0.7833333333333332,0.8262490924982135,0.8264372632265051,True
BH14,0.6499999999999999,0.7833333333333332,0.8344183230443074,0.8345472948500696,True
BH14,0.6666666666666667,0.7833333333333332,0.8425552765583257,0.8426383594046472,True
BH14,0.6833333333333333,0.7833333333333332,0.8506607518842171,0.8507295152253829,True
BH14,0.7,0.7833333333333332,0.8587352073860781,0.8588207620839916,True
BH14,0.7166666666666666,0.7833333333333332,0.8667787586650522,0.8669120997529509,True
BH14,0.7333333333333334,0.7833333333333332,0.8747917964442471,0.8749187492827692,True
BH14,0.75,0.7833333333333332,0.8827757028870868,0.8828475957858573,True
BH14,0.7666666666666666,0.7833333333333332,0.8907312576495428,0.8907764690429808,True
BH14,0.7833333333333332,0.7833333333333332,0.8986595644288765,0.8987053690414193,True
BH14,0.8,0.7833333333333332,0.906561707884979,0.9066342957684601,True
BH14,0.8166666666666667,0.7833333333333332,0.9144394883373672,0.9145563400447909,True
BH14,0.8333333333333333,0.7833333333333332,0.9222947988662518,0.9223589499685094,True
BH14,0.8499999999999999,0.7833333333333332,0.9301288883369538,0.9301614436087289,True
BH14,0.8666666666666667,0.7833333333333332,0.9379425341527821,0.9379638207942587,True
BH14,0.8833333333333333,0.7833333333333332,0.9457398027917908,0.9457660813535721,True
BH14,0.8999999999999999,0.7833333333333332,0.9535199564936769,0.9535682251148069,True
BH14,0.9166666666666667,0.7833333333333332,0.9612883779772234,0.9613329747715895,True
BH14,0.9333333333333333,0.7833333333333332,0.9690445760886119,0.969066836197207,True
BH14,0.95,0.7833333333333332,0.976791327584831,0.9768004699675765,True
BH14,0.9666666666666666,0.7833333333333332,0.9845310878228041,0.9845338755488111,True
BH14,0.9833333333333334,0.7833333333333332,0.9922667029034737,0.9922670524053595,True
BH14,1.0,0.7833333333333332,1.0,1.0000000000000002,True
BH14,-1.0,0.8,-4.637006748941736e-17,-9.87124768432836e-17,True
BH14,-0.9833333333333333,0.8,0.00775574657920672,0.007749346790486833,True
BH14,-0.9666666666666667,0.8,0.015514224574243623,0.015499198138407597,True
BH14,-0.95,0.8,0.023276273278479337,0.023249551480395522,True
BH14,-0.9333333333333333,0.8,0.0310459507166143,0.03100040427020631,True
BH14,-0.9166666666666666,0.8,0.03882253494013668,0.03876955125267961,True
BH14,-0.9,0.8,0.04661104660816017,0.0465647123323566,True
BH14,-0.8833333333333333,0.8,0.05441206609026979,0.05436036776167373,True
BH14,-0.8666666666666667,0.8,0.06222853028749318,0.0621565152785256,True
BH14,-0.85,0.8,0.07006095479689038,0.06995315263441824,True
BH14,-0.8333333333333334,0.8,0.07791124053117565,0.07782162996222004,True
BH14,-0.8166666666666667,0.8,0.08578446079057195,0.0857031574648745,True
BH14,-0.8,0.8,0.09367807134473224,0.09358485084390417,True
BH14,-0.7833333333333333,0.8,0.10159422509874909,0.10146670981989617,True
BH14,-0.7666666666666666,0.8,0.10953611989999182,0.10938759322815378,True
BH14,-0.75,0.8,0.1175038880155488,0.11738528307669611,True
BH14,-0.7333333333333334,0.8,0.1254969478054021,0.12538271232602496,True
BH14,-0.7166666666666667,0.8,0.13351792958731978,0.13337988015714308,True
BH14,-0.7,0.8,0.14156987114014172,0.1413767857475815,True
BH14,-0.6833333333333333,0.8,0.1496496224628694,0.1494910212292138,True
BH14,-0.6666666666666667,0.8,0.15776081524269014,0.15762098091754417,True
BH14,-0.65,0.8,0.16590004512732925,0.16575083454557332,True
BH14,-0.6333333333333333,0.8,0.17407201446898596,0.17388058132353718,True
BH14,-0.6166666666666667,0.8,0.18227139442755924,0.18207187534606245,True
BH14,-0.6,0.8,0.19050311332900022,0.19033788311136537,True
BH14,-0.5833333333333333,0.8,0.19876374873498467,0.19860407268769492,True
BH14,-0.5666666666666667,0.8,0.2070539099964133,0.20687044579886754,True
BH14,-0.55,0.8,0.21537352193525844,0.21513811007553052,True
BH14,-0.5333333333333333,0.8,0.2237215707194664,0.22353328457105837,True
BH14,-0.5166666666666666,0.8,0.23209645478819868,0.23192873449054532,True
BH14,-0.5,0.8,0.24049768667978375,0.24032446086379933,True
BH14,-0.4833333333333334,0.8,0.24892507016994286,0.24872046472576387,True
BH14,-0.4666666666666667,0.8,0.25737652903586933,0.25716730023632517,True
BH14,-0.44999999999999996,0.8,0.26585295623456406,0.2656763645490223,True
BH14,-0.43333333333333335,0.8,0.27435158495068535,0.2741856521855686,True
BH14,-0.41666666666666663,0.8,0.28287326442956684,0.28269516361309566,True
BH14,-0.4,0.8,0.29141347652360605,0.29120489930003235,True
BH14,-0.3833333333333333,0.8,0.2999738221659418,0.29979024155902045,True
BH14,-0.3666666666666667,0.8,0.3085523697253519,0.3083909834844335,True
BH14,-0.35,0.8,0.31714822889600053,0.3169918648166994,True
BH14,-0.33333333333333337,0.8,0.3257605988535859,0.32559288573362527,True
BH14,-0.31666666666666665,0.8,0.3343875590515374,0.3342062306361603,True
BH14,-0.30000000000000004,0.8,0.34302928340742667,0.34287543907711093,True
BH14,-0.2833333333333333,0.8,0.35168395313941253,0.35154472107707874,True
BH14,-0.2666666666666667,0.8,0.36035026309667006,0.3602140766913688,True
BH14,-0.25,0.8,0.3690280701010013,0.3688835059753417,True
BH14,-0.2333333333333334,0.8,0.37771620332995437,0.37757699712100457,True
BH14,-0.21666666666666667,0.8,0.3864138904463369,0.38629387925914044,True
BH14,-0.19999999999999996,0.8,0.39511952899872194,0.3950107962892907,True
BH14,-0.18333333333333335,0.8,0.4038335895297309,0.40372774822605795,True
BH14,-0.16666666666666663,0.8,0.41255437751344126,0.41244473508405366,True
BH14,-0.15000000000000002,0.8,0.42128198791678056,0.421186259667217,True
BH14,-0.1333333333333333,0.8,0.4300147481547558,0.42993305977308666,True
BH14,-0.1166666666666667,0.8,0.4387519157033542,0.4386798755250292,True
BH14,-0.09999999999999998,0.8,0.44749388410015384,0.44742670692649944,True
BH14,-0.08333333333333337,0.8,0.45623945558521123,0.45617553961452706,True
BH14,-0.06666666666666665,0.8,0.4649877797113738,0.4649371801136005,True
BH14,-0.050000000000000044,0.8,0.47373901532130314,0.47369882752427145,True
BH14,-0.033333333333333326,0.8,0.4824916424254736,0.4824604818473029,True
BH14,-0.01666666666666672,0.8,0.4912453427574516,0.49122214308345746,True
BH14,0.0,0.8,0.4999996973462124,0.49998437282722885,True
BH14,0.016666666666666607,0.8,0.5087537678756914,0.5087473139193108,True
BH14,0.033333333333333215,0.8,0.5175076462135837,0.5175102580429585,True
BH14,0.050000000000000044,0.8,0.5262604183166008,0.5262732051983293,True
BH14,0.06666666666666665,0.8,0.5350112742797122,0.5350361553855798,True
BH14,0.08333333333333326,0.8,0.5437599056122056,0.5437900142720106,True
BH14,0.10000000000000009,0.8,0.5525054228750848,0.5525408327727301,True
BH14,0.1166666666666667,0.8,0.561247398014528,0.5612916513249782,True
BH14,0.1333333333333333,0.8,0.5699849100702509,0.570042469928755,True
BH14,0.1499999999999999,0.8,0.5787177768691354,0.5787918302960853,True
BH14,0.16666666666666674,0.8,0.5874452316631071,0.5875157979415353,True
BH14,0.18333333333333335,0.8,0.5961660821444531,0.5962397551148174,True
BH14,0.19999999999999996,0.8,0.6048800968021504,0.6049637018178586,True
BH14,0.21666666666666656,0.8,0.6135859710574156,0.6136876380525862,True
BH14,0.2333333333333334,0.8,0.6222834030815152,0.6223960207465873,True
BH14,0.25,0.8,0.6309713553131069,0.6310756532224542,True
BH14,0.2666666666666666,0.8,0.6396488222854535,0.6397552387165898,True
BH14,0.2833333333333332,0.8,0.6483159835360404,0.6484347772602053,True
BH14,0.30000000000000004,0.8,0.6569700389632532,0.6571142688844847,True
BH14,0.31666666666666665,0.8,0.6656111963553791,0.6657529224729246,True
BH14,0.33333333333333326,0.8,0.6742389074234076,0.67436686761511,True
BH14,0.3500000000000001,0.8,0.6828511038384536,0.6829806965579778,True
BH14,0.3666666666666667,0.8,0.6914475245926232,0.6915944094698551,True
BH14,0.3833333333333333,0.8,0.70002539012476,0.700208006518745,True
BH14,0.3999999999999999,0.8,0.7085864585457968,0.7087443309074428,True
BH14,0.41666666666666674,0.8,0.7171270576051187,0.7172673950832215,True
BH14,0.43333333333333335,0.8,0.7256478754790661,0.725790287057613,True
BH14,0.44999999999999996,0.8,0.734147526313184,0.7343130072041277,True
BH14,0.46666666666666656,0.8,0.7426232420222965,0.7428302864627387,True
BH14,0.4833333333333334,0.8,0.7510751751911928,0.7512363908826141,True
BH14,0.5,0.8,0.7595026474363415,0.7596423480704109,True
BH14,0.5166666666666666,0.8,0.7679035986571942,0.7680481583708609,True
BH14,0.5333333333333332,0.8,0.776279279732405,0.7764538221276203,True
BH14,0.55,0.8,0.7846272854300553,0.7848281718533996,True
BH14,0.5666666666666667,0.8,0.7929458828346881,0.7930881733125018,True
BH14,0.5833333333333333,0.8,0.801235943518808,0.8013481102688578,True
BH14,0.6000000000000001,0.8,0.8094978675917752,0.8096079829666365,True
BH14,0.6166666666666667,0.8,0.8177270819880843,0.8178677916487684,True
BH14,0.6333333333333333,0.8,0.8259289173379593,0.8261275365569551,True
BH14,0.6499999999999999,0.8,0.8340980100474057,0.8342420724303393,True
BH14,0.6666666666666667,0.8,0.8422393741278607,0.8423376929153616,True
BH14,0.6833333333333333,0.8,0.850349749890183,0.8504333970435232,True
BH14,0.7,0.8,0.8584307107859517,0.858529184605768,True
BH14,0.7166666666666666,0.8,0.8664809082444379,0.8666250553937377,True
BH14,0.7333333333333334,0.8,0.8745027617815494,0.8746410809868869,True
BH14,0.75,0.8,0.8824970527703484,0.8825820287213745,True
BH14,0.7666666666666666,0.8,0.8904639676819711,0.8905229993750546,True
BH14,0.7833333333333332,0.8,0.8984052087504192,0.8984639929370268,True
BH14,0.8,0.8,0.906322135436622,0.906405009396398,True
BH14,0.8166666666666667,0.8,0.9142150322978233,0.9143401046122057,True
BH14,0.8333333333333333,0.8,0.922086996781037,0.9221607206279352,True
BH14,0.8499999999999999,0.8,0.9299380105392747,0.9299812379925982,True
BH14,0.8666666666666667,0.8,0.9377712981642242,0.9378016565607925,True
BH14,0.8833333333333333,0.8,0.9455878877966148,0.9456219761868311,True
BH14,0.8999999999999999,0.8,0.9533885652337291,0.9534421967247404,True
BH14,0.9166666666666667,0.8,0.9611769491340316,0.9612269064747561,True
BH14,0.9333333333333333,0.8,0.9689551306080095,0.968981915516718,True
BH14,0.95,0.8,0.9767238338299493,0.9767367298483544,True
BH14,0.9666666666666666,0.8,0.9844860162188978,0.9844913490122494,True
BH14,0.9833333333333334,0.8,0.9922440944626709,0.9922457725495579,True
BH14,1.0,0.8,1.0,1.0,True
BH14,-1.0,0.8166666666666667,6.650491135718763e-17,2.569167466182119e-17,True
BH14,-0.9833333333333333,0.8166666666666667,0.0077761080724316044,0.007771288347615243,True
BH14,-0.9666666666666667,0.8166666666666667,0.015554783179074686,0.015543007450093672,True
BH14,-0.95,0.8166666666666667,0.02333715956818848,0.023315155107160423,True
BH14,-0.9333333333333333,0.8166666666666667,0.031125660229404606,0.03108772913334558,True
BH14,-0.9166666666666666,0.8166666666666667,0.03892327806963933,0.03887811349364201,True
BH14,-0.9,0.8166666666666667,0.04672979807517334,0.04669303066725026,True
BH14,-0.8833333333333333,0.8166666666666667,0.05454982241848875,0.05450838238181496,True
BH14,-0.8666666666666667,0.8166666666666667,0.062384139039394354,0.062324166639981825,True
BH14,-0.85,0.8166666666666667,0.07023264096088182,0.07014038145648813,True
BH14,-0.8333333333333334,0.8166666666666667,0.07810106603739991,0.07802595496536693,True
BH14,-0.8166666666666667,0.8166666666666667,0.08598670785462464,0.08592270527958054,True
BH14,-0.8,0.8166666666666667,0.09389414907154026,0.09381960446303247,True
BH14,-0.7833333333333333,0.8166666666666667,0.1018233969597613,0.10171665226439394,True
BH14,-0.7666666666666666,0.8166666666666667,0.10977627134148783,0.10965257221561481,True
BH14,-0.75,0.8166666666666667,0.11775431856960526,0.11765904584626624,True
BH14,-0.7333333333333334,0.8166666666666667,0.1257572011526266,0.12566527742239783,True
BH14,-0.7166666666666667,0.8166666666666667,0.1337887785175592,0.1336712661849533,True
BH14,-0.7,0.8166666666666667,0.14184578813911577,0.14167701137166788,True
BH14,-0.6833333333333333,0.8166666666666667,0.1499322696605294,0.14979630635617308,True
BH14,-0.6666666666666667,0.8166666666666667,0.15804477746723256,0.15792865503330877,True
BH14,-0.65,0.8166666666666667,0.16618925906897858,0.1660609096201964,True
BH14,-0.6333333333333333,0.8166666666666667,0.17436080699742784,0.1741930694198082,True
BH14,-0.6166666666666667,0.8166666666666667,0.1825613827585869,0.18238520884258672,True
BH14,-0.6,0.8166666666666667,0.19079212502947562,0.19064800923591496,True
BH14,-0.5833333333333333,0.8166666666666667,0.19905083253073835,0.1989109709138702,True
BH14,-0.5666666666666667,0.8166666666666667,0.20733833966399906,0.20717409539538123,True
BH14,-0.55,0.8166666666666667,0.21565402473785983,0.21543811709352328,True
BH14,-0.5333333333333333,0.8166666666666667,0.22399618466106588,0.22382614861018887,True
BH14,-0.5166666666666666,0.8166666666666667,0.23236483200305663,0.23221443778252093,True
BH14,-0.5,0.8166666666666667,0.24076066232968107,0.2406029855740759,True
BH14,-0.4833333333333334,0.8166666666666667,0.24918077048160156,0.24899179295321622,True
BH14,-0.4666666666666667,0.8166666666666667,0.25762552229900315,0.2574300900954335,True
BH14,-0.44999999999999996,0.8166666666666667,0.2660925243619996,0.26592957519402993,True
BH14,-0.43333333333333335,0.8166666666666667,0.2745823672981924,0.27442927032069175,True
BH14,-0.41666666666666663,0.8166666666666667,0.28309352145030564,0.2829291759150977,True
BH14,-0.4,0.8166666666666667,0.2916250023933018,0.2914292924181492,True
BH14,-0.3833333333333333,0.8166666666666667,0.30017599144051665,0.3000042343698203,True
BH14,-0.3666666666666667,0.8166666666666667,0.30874473997171065,0.30859453903448364,True
BH14,-0.35,0.8166666666666667,0.3173311784111293,0.3171849742539271,True
BH14,-0.33333333333333337,0.8166666666666667,0.32593374017165155,0.32577554019474575,True
BH14,-0.31666666666666665,0.8166666666666667,0.3345500254241633,0.3343784430484251,True
BH14,-0.30000000000000004,0.8166666666666667,0.34318181343505616,0.3430374747324897,True
BH14,-0.2833333333333333,0.8166666666666667,0.35182647293803637,0.35169657487964867,True
BH14,-0.2666666666666667,0.8166666666666667,0.36048386494620327,0.3603557435413848,True
BH14,-0.25,0.8166666666666667,0.36915254820671206,0.3690149807692322,True
BH14,-0.2333333333333334,0.8166666666666667,0.37783121790681856,0.37769866607664593,True
BH14,-0.21666666666666667,0.8166666666666667,0.38651890039791037,0.3864061369812555,True
BH14,-0.19999999999999996,0.8166666666666667,0.39521630085284476,0.3951136401527376,True
BH14,-0.18333333333333335,0.8166666666666667,0.4039217497554376,0.40382117560459674,True
BH14,-0.16666666666666663,0.8166666666666667,0.41263406299094985,0.4125287433503455,True
BH14,-0.15000000000000002,0.8166666666666667,0.42135252978420046,0.4212614974200782,True
BH14,-0.1333333333333333,0.8166666666666667,0.4300770350927301,0.4299996700280896,True
BH14,-0.1166666666666667,0.8166666666666667,0.4388066012096844,0.43873785701221363,True
BH14,-0.09999999999999998,0.8166666666666667,0.44754035707397377,0.44747605837562454,True
BH14,-0.08333333333333337,0.8166666666666667,0.45627789599317325,0.456216323920335,True
BH14,-0.06666666666666665,0.8166666666666667,0.4650189068553817,0.4649698260080444,True
BH14,-0.050000000000000044,0.8166666666666667,0.4737621447652167,0.4737233344085236,True
BH14,-0.033333333333333326,0.8166666666666667,0.4825069046298927,0.4824768491224697,True
BH14,-0.01666666666666672,0.8166666666666667,0.49125307697218756,0.49123037015057924,True
BH14,0.0,0.8166666666666667,0.49999954630841525,0.49998448022123454,True
BH14,0.016666666666666607,0.8166666666666667,0.5087463389133493,0.5087393284025463,True
BH14,0.033333333333333215,0.8166666666666667,0.5174926270145312,0.5174941793359606,True
BH14,0.050000000000000044,0.8166666666666667,0.5262376163903217,0.5262490330216203,True
BH14,0.06666666666666665,0.8166666666666667,0.534980730064865,0.5350038894596675,True
BH14,0.08333333333333326,0.8166666666666667,0.5437212408058956,0.5437493505566602,True
BH14,0.10000000000000009,0.8166666666666667,0.5524587752084584,0.5524916657159153,True
BH14,0.1166666666666667,0.8166666666666667,0.5611928076479353,0.5612339809623401,True
BH14,0.1333333333333333,0.8166666666666667,0.5699223998754628,0.569976296295934,True
BH14,0.1499999999999999,0.8166666666666667,0.5786467468775864,0.5787171231692424,True
BH14,0.16666666666666674,0.8166666666666667,0.5873656420970776,0.5874318446818063,True
BH14,0.18333333333333335,0.8166666666666667,0.5960779422531681,0.5961465568569384,True
BH14,0.19999999999999996,0.8166666666666667,0.604783116561682,0.6048612596963575,True
BH14,0.21666666666666656,0.8166666666666667,0.6134797412437556,0.6135759532017813,True
BH14,0.2333333333333334,0.8166666666666667,0.6221687051940797,0.6222748266208986,True
BH14,0.25,0.8166666666666667,0.6308469416145274,0.6309443943705808,True
BH14,0.2666666666666666,0.8166666666666667,0.6395156392226116,0.6396139195974524,True
BH14,0.2833333333333332,0.8166666666666667,0.6481721964124487,0.6482834023297619,True
BH14,0.30000000000000004,0.8166666666666667,0.6568174033525472,0.6569528425957327,True
BH14,0.31666666666666665,0.8166666666666667,0.6654489298746338,0.6655812123739078,True
BH14,0.33333333333333326,0.8166666666666667,0.674066276840583,0.6741846817617407,True
BH14,0.3500000000000001,0.8166666666666667,0.6826684550749398,0.6827880450737027,True
BH14,0.3666666666666667,0.8166666666666667,0.6912540493203343,0.6913913024634485,True
BH14,0.3833333333333333,0.8166666666666667,0.6998235486213844,0.6999944540843362,True
BH14,0.3999999999999999,0.8166666666666667,0.708374782728169,0.7085209396167421,True
BH14,0.41666666666666674,0.8166666666666667,0.716906597323099,0.7170342134199436,True
BH14,0.43333333333333335,0.8166666666666667,0.7254174322161785,0.725547329199537,True
BH14,0.44999999999999996,0.8166666666666667,0.7339068799519368,0.7340602872982065,True
BH14,0.46666666666666656,0.8166666666666667,0.7423749503583555,0.7425680419744044,True
BH14,0.4833333333333334,0.8166666666666667,0.7508195729964356,0.7509668607515791,True
BH14,0.5,0.8166666666666667,0.7592395025260165,0.7593655436915376,True
BH14,0.5166666666666666,0.8166666666666667,0.7676345269892405,0.7677640911122285,True
BH14,0.5333333333333332,0.8166666666666667,0.7760038855519005,0.7761625033306079,True
BH14,0.55,0.8166666666666667,0.7843466279207891,0.784530842456827,True
BH14,0.5666666666666667,0.8166666666666667,0.7926620730503477,0.7927883561541273,True
BH14,0.5833333333333333,0.8166666666666667,0.8009485118359714,0.8010458116628878,True
BH14,0.6000000000000001,0.8166666666666667,0.8092069289459252,0.8093032092030188,True
BH14,0.6166666666666667,0.8166666666666667,0.817437808906653,0.8175605489933189,True
BH14,0.6333333333333333,0.8166666666666667,0.8256396572630582,0.8258178312514811,True
BH14,0.6499999999999999,0.8166666666666667,0.8338110797912082,0.8339368077652424,True
BH14,0.6666666666666667,0.8166666666666667,0.8419539862808298,0.8420369818824858,True
BH14,0.6833333333333333,0.8166666666666667,0.8500681590428599,0.8501372320315126,True
BH14,0.7,0.8166666666666667,0.8581548046401926,0.8582375580224374,True
BH14,0.7166666666666666,0.8166666666666667,0.8662113121729488,0.8663379596660075,True
BH14,0.7333333333333334,0.8166666666666667,0.8742415225350696,0.8743632734205824,True
BH14,0.75,0.8166666666666667,0.8822450934050687,0.8823163245014493,True
BH14,0.7666666666666666,0.8166666666666667,0.8902230456019908,0.8902693946646744,True
BH14,0.7833333333333332,0.8166666666666667,0.8981758672187641,0.8982224839011805,True
BH14,0.8,0.8166666666666667,0.9061059085552172,0.9061755922018949,True
BH14,0.8166666666666667,0.8166666666666667,0.914011958045215,0.914123677961554,True
BH14,0.8333333333333333,0.8166666666666667,0.9218994123149176,0.9219623138557285,True
BH14,0.8499999999999999,0.8166666666666667,0.9297663725032865,0.9298008687721864,True
BH14,0.8666666666666667,0.8166666666666667,0.9376160383211993,0.9376393425914356,True
BH14,0.8833333333333333,0.8166666666666667,0.9454501451201401,0.9454777351937482,True
BH14,0.8999999999999999,0.8166666666666667,0.9532696530130532,0.9533160464591628,True
BH14,0.9166666666666667,0.8166666666666667,0.9610771937493205,0.9611207164598795,True
BH14,0.9333333333333333,0.8166666666666667,0.9688742068760025,0.9688968972332175,True
BH14,0.95,0.8166666666666667,0.9766633041218697,0.9766729163549059,True
BH14,0.9666666666666666,0.8166666666666667,0.98444532968364,0.9844487734445336,True
BH14,0.9833333333333334,0.8166666666666667,0.9922238235997121,0.9922244681204977,True
BH14,1.0,0.8166666666666667,0.9999999999999998,1.0000000000000002,True
BH14,-1.0,0.8333333333333333,-3.788660432670191e-17,-5.539284228022169e-17,True
BH14,-0.9833333333333333,0.8333333333333333,0.007794566722048205,0.007793308966444086,True
BH14,-0.9666666666666667,0.8333333333333333,0.015591367691590894,0.015586974077489234,True
BH14,-0.95,0.8333333333333333,0.023391456007070398,0.02338099350410481,True
BH14,-0.9333333333333333,0.8333333333333333,0.031198339937688294,0.031175365429657625,True
BH14,-0.9166666666666666,0.8333333333333333,0.039012961301960046,0.03898702565035355,True
BH14,-0.9,0.8333333333333333,0.04683652374086289,0.0468217569722324,True
BH14,-0.8833333333333333,0.8333333333333333,0.05467355528441653,0.05465686248764951,True
BH14,-0.8666666666666667,0.8333333333333333,0.0625220873177865,0.06249234046890946,True
BH14,-0.85,0.8333333333333333,0.0703870558947724,0.07032818919883971,True
BH14,-0.8333333333333334,0.8333333333333333,0.07826860575372149,0.07823075672404452,True
BH14,-0.8166666666666667,0.8333333333333333,0.0861683158978194,0.0861427521550838,True
BH14,-0.8,0.8333333333333333,0.09408801988484208,0.09405487937199236,True
BH14,-0.7833333333333333,0.8333333333333333,0.10202934008337072,0.10196713815178214,True
BH14,-0.7666666666666666,0.8333333333333333,0.10999290041364425,0.10991786889003242,True
BH14,-0.75,0.8333333333333333,0.11798078214860622,0.11793311402849886,True
BH14,-0.7333333333333334,0.8333333333333333,0.12599307373403731,0.1259481355781174,True
BH14,-0.7166666666666667,0.8333333333333333,0.13403005036711058,0.1339629328392669,True
BH14,-0.7,0.8333333333333333,0.14209425029130623,0.14197750510937837,True
BH14,-0.6833333333333333,0.8333333333333333,0.15018468797477064,0.15010165591363203,True
BH14,-0.6666666666666667,0.8333333333333333,0.15830249238502794,0.1582363856286635,True
BH14,-0.65,0.8333333333333333,0.16644731386324682,0.16637103310341073,True
BH14,-0.6333333333333333,0.8333333333333333,0.17462160893610068,0.17450559773176325,True
BH14,-0.6166666666666667,0.8333333333333333,0.18282427692148845,0.1826985018329833,True
BH14,-0.6,0.8333333333333333,0.19105247505262235,0.1909581090576628,True
BH14,-0.5833333333333333,0.8333333333333333,0.19931061079200652,0.1992178573103977,True
BH14,-0.5666666666666667,0.8333333333333333,0.20759506403306038,0.2074777479104346,True
BH14,-0.55,0.8333333333333333,0.21590730471734804,0.2157381630407199,True
BH14,-0.5333333333333333,0.8333333333333333,0.22424490002615477,0.2241190507548516,True
BH14,-0.5166666666666666,0.8333333333333333,0.23260922455410307,0.23250017834983366,True
BH14,-0.5,0.8333333333333333,0.2409983009468174,0.24088154672292067,True
BH14,-0.4833333333333334,0.8333333333333333,0.24941227142203892,0.24926315677584446,True
BH14,-0.4666666666666667,0.8333333333333333,0.25785016113996995,0.2576929242504793,True
BH14,-0.44999999999999996,0.8333333333333333,0.2663095792787197,0.26618282500135576,True
BH14,-0.43333333333333335,0.8333333333333333,0.27479136962400114,0.27467292246288916,True
BH14,-0.41666666666666663,0.8333333333333333,0.28329457766311694,0.2831632170472157,True
BH14,-0.4,0.8333333333333333,0.291818011163957,0.2916537091676184,True
BH14,-0.3833333333333333,0.8333333333333333,0.3003602113270839,0.3002182491166985,True
BH14,-0.3666666666666667,0.8333333333333333,0.30892002910163513,0.30879811327018264,True
BH14,-0.35,0.8333333333333333,0.31749717715158343,0.3173780991180549,True
BH14,-0.33333333333333337,0.8333333333333333,0.3260905203144059,0.3259582068156771,True
BH14,-0.31666666666666665,0.8333333333333333,0.3346997181993067,0.3345506644531169,True
BH14,-0.30000000000000004,0.8333333333333333,0.34332188335491975,0.34319951819379213,True
BH14,-0.2833333333333333,0.8333333333333333,0.3519578121743309,0.3518484352998512,True
BH14,-0.2666666666666667,0.8333333333333333,0.3606061412316023,0.36049741581895145,True
BH14,-0.25,0.8333333333333333,0.3692660275474162,0.36914645979879884,True
BH14,-0.2333333333333334,0.8333333333333333,0.37793667203071357,0.37782033828886463,True
BH14,-0.21666666666666667,0.8333333333333333,0.3866166249966895,0.3865183977462492,True
BH14,-0.19999999999999996,0.8333333333333333,0.39530557477369876,0.3952164868451852,True
BH14,-0.18333333333333335,0.8333333333333333,0.4040025232892952,0.403914605598079,True
BH14,-0.16666666666666663,0.8333333333333333,0.4127068830671308,0.41261275401734393,True
BH14,-0.15000000000000002,0.8333333333333333,0.4214177682402708,0.4213367373851162,True
BH14,-0.1333333333333333,0.8333333333333333,0.43013460580597523,0.4300662825545834,True
BH14,-0.1166666666666667,0.8333333333333333,0.438856670433975,0.43879584083022916,True
BH14,-0.09999999999999998,0.8333333333333333,0.44758312474015916,0.4475254122149472,True
BH14,-0.08333333333333337,0.8333333333333333,0.45631363839319805,0.456257110542967,True
BH14,-0.06666666666666665,0.8333333333333333,0.4650471406507263,0.4650024743301805,True
BH14,-0.050000000000000044,0.8333333333333333,0.4737828669011699,0.4737478438313608,True
BH14,-0.033333333333333326,0.8333333333333333,0.48252096445548787,0.48249321904713866,True
BH14,-0.01666666666666672,0.8333333333333333,0.49126021234525613,0.49123859997814484,True
BH14,0.0,0.8333333333333333,0.49999975609404546,0.4999845905193505,True
BH14,0.016666666666666607,0.8333333333333333,0.5087394608503039,0.5087313460125991,True
BH14,0.033333333333333215,0.8333333333333333,0.5174786485162235,0.5174781039785102,True
BH14,0.050000000000000044,0.8333333333333333,0.5262163608680649,0.526224864417212,True
BH14,0.06666666666666665,0.8333333333333333,0.5349524039715431,0.5349716273288323,True
BH14,0.08333333333333326,0.8333333333333333,0.5436857098344645,0.5437086912377481,True
BH14,0.10000000000000009,0.8333333333333333,0.5524161962276928,0.5524425035236965,True
BH14,0.1166666666666667,0.8333333333333333,0.5611430910773284,0.5611763159324494,True
BH14,0.1333333333333333,0.8333333333333333,0.5698648074748662,0.5699101284640062,True
BH14,0.1499999999999999,0.8333333333333333,0.5785816667851843,0.5786424228604986,True
BH14,0.16666666666666674,0.8333333333333333,0.5872927142020217,0.5873478987656675,True
BH14,0.18333333333333335,0.8333333333333333,0.5959972079603237,0.5960533664679477,True
BH14,0.19999999999999996,0.8333333333333333,0.6046941727123836,0.6047588259688488,True
BH14,0.21666666666666656,0.8333333333333333,0.6133832128232711,0.6134642772698795,True
BH14,0.2333333333333334,0.8333333333333333,0.6220627714351474,0.6221536426565625,True
BH14,0.25,0.8333333333333333,0.6307333582582395,0.6308131458874846,True
BH14,0.2666666666666666,0.8333333333333333,0.6393930742568237,0.6394726110542389,True
BH14,0.2833333333333332,0.8333333333333333,0.6480413719645581,0.6481320381821107,True
BH14,0.30000000000000004,0.8333333333333333,0.656677568936314,0.6567914272963633,True
BH14,0.31666666666666665,0.8333333333333333,0.6653004099329003,0.6654095140528944,True
BH14,0.33333333333333326,0.8333333333333333,0.673908284795104,0.6740025080491197,True
BH14,0.3500000000000001,0.8333333333333333,0.6825014597079783,0.6825954060918538,True
BH14,0.3666666666666667,0.8333333333333333,0.691079052801207,0.6911882083200813,True
BH14,0.3833333333333333,0.8333333333333333,0.6996394495659186,0.6997809148725187,True
BH14,0.3999999999999999,0.8333333333333333,0.7081819731784025,0.7082975620097975,True
BH14,0.41666666666666674,0.8333333333333333,0.7167052640277342,0.7168010468508029,True
BH14,0.43333333333333335,0.8333333333333333,0.7252079266699126,0.7253043878398199,True
BH14,0.44999999999999996,0.8333333333333333,0.7336897112732593,0.7338075852887325,True
BH14,0.46666666666666656,0.8333333333333333,0.7421501270973605,0.7423058119471235,True
BH14,0.4833333333333334,0.8333333333333333,0.7505878086324851,0.7506973466477195,True
BH14,0.5,0.8333333333333333,0.759001848912676,0.7590887568985772,True
BH14,0.5166666666666666,0.8333333333333333,0.7673914053234978,0.7674800429908968,True
BH14,0.5333333333333332,0.8333333333333333,0.7757553462227356,0.7758712052149692,True
BH14,0.55,0.8333333333333333,0.7840937212570547,0.7842335211700302,True
BH14,0.5666666666666667,0.8333333333333333,0.7924051576275755,0.7924885497899857,True
BH14,0.5833333333333333,0.8333333333333333,0.8006894533826401,0.80074352651524,True
BH14,0.6000000000000001,0.8333333333333333,0.8089467240282844,0.8089984515416009,True
BH14,0.6166666666666667,0.8333333333333333,0.8171750586037323,0.8172533250638871,True
BH14,0.6333333333333333,0.8333333333333333,0.8253779530716361,0.8255081472759361,True
BH14,0.6499999999999999,0.8333333333333333,0.8335514027608693,0.8336315008872812,True
BH14,0.6666666666666667,0.8333333333333333,0.8416974667143782,0.8417362263402035,True
BH14,0.6833333333333333,0.8333333333333333,0.849815108376724,0.8498410202251993,True
BH14,0.7,0.8333333333333333,0.8579054021335586,0.8579458823714949,True
BH14,0.7166666666666666,0.8333333333333333,0.865969784020147,0.8660508126088857,True
BH14,0.7333333333333334,0.8333333333333333,0.8740070905405668,0.8740853265477116,True
BH14,0.75,0.8333333333333333,0.8820189257592579,0.8820504830905027,True
BH14,0.7666666666666666,0.8333333333333333,0.8900066033155444,0.8900156548768264,True
BH14,0.7833333333333332,0.8333333333333333,0.8979702121010555,0.8979808418994294,True
BH14,0.8,0.8333333333333333,0.9059110441948879,0.905946044151063,True
BH14,0.8166666666666667,0.8333333333333333,0.9138307894339428,0.9139070598718642,True
BH14,0.8333333333333333,0.8333333333333333,0.9217311383634681,0.9217637294465452,True
BH14,0.8499999999999999,0.8333333333333333,0.9296123893232883,0.929620335757871,True
BH14,0.8666666666666667,0.8333333333333333,0.937477610958132,0.9374768787123808,True
BH14,0.8833333333333333,0.8333333333333333,0.9453275834896663,0.945333358216429,True
BH14,0.8999999999999999,0.8333333333333333,0.953162212792418,0.9531897741761858,True
BH14,0.9166666666666667,0.8333333333333333,0.9609872244326325,0.9610144045181512,True
BH14,0.9333333333333333,0.8333333333333333,0.9688017132308633,0.9688117811788712,True
BH14,0.95,0.8333333333333333,0.9766082992210514,0.9766090293607617,True
BH14,0.9666666666666666,0.8333333333333333,0.984408867335044,0.9844061487609521,True
BH14,0.9833333333333334,0.8333333333333333,0.992205492429259,0.9922031390756233,True
BH14,1.0,0.8333333333333333,1.0,1.0,True
BH14,-1.0,0.8499999999999999,8.315382790789907e-18,-1.5834883535351384e-17,True
BH14,-0.9833333333333333,0.8499999999999999,0.007810927389143262,0.007807821788592103,True
BH14,-0.9666666666666667,0.8499999999999999,0.015623715419570852,0.015615814303289814,True
BH14,-0.95,0.8499999999999999,0.023440065046450735,0.023423977139603053,True
BH14,-0.9333333333333333,0.8499999999999999,0.03126229516613379,0.031232309894305185,True
BH14,-0.9166666666666666,0.8499999999999999,0.03909242702076342,0.039057414754038615,True
BH14,-0.9,0.8499999999999999,0.04693232931429603,0.046904413040722084,True
BH14,-0.8833333333333333,0.8499999999999999,0.054782365330801816,0.05475159375958587,True
BH14,-0.8666666666666667,0.8499999999999999,0.06264635484581277,0.0625989563921526,True
BH14,-0.85,0.8499999999999999,0.07052418845976965,0.07044650042189109,True
BH14,-0.8333333333333334,0.8499999999999999,0.07841832306847385,0.07835945568591246,True
BH14,-0.8166666666666667,0.8499999999999999,0.0863302678487448,0.08628070435033934,True
BH14,-0.8,0.8499999999999999,0.09426147969473048,0.09420201973211975,True
BH14,-0.7833333333333333,0.8499999999999999,0.10221287240204714,0.10212340175617309,True
BH14,-0.7666666666666666,0.8499999999999999,0.11018571881811866,0.11008381043066488,True
BH14,-0.75,0.8499999999999999,0.11818256591211208,0.11810631558976087,True
BH14,-0.7333333333333334,0.8499999999999999,0.12620075759334798,0.12612870083644268,True
BH14,-0.7166666666666667,0.8499999999999999,0.134245906540073,0.13415096576562502,True
BH14,-0.7,0.8499999999999999,0.14231510596788682,0.1421731099703823,True
BH14,-0.6833333333333333,0.8499999999999999,0.1504100525892817,0.1503028786651393,True
BH14,-0.6666666666666667,0.8499999999999999,0.1585308837884396,0.15844177338147847,True
BH14,-0.65,0.8499999999999999,0.16668034202084805,0.16658061373779712,True
BH14,-0.6333333333333333,0.8499999999999999,0.1748543975001974,0.1747193994344865,True
BH14,-0.6166666666666667,0.8499999999999999,0.1830565966782571,0.18291569019952175,True
BH14,-0.6,0.8499999999999999,0.19128585372406798,0.19117624381213869,True
BH14,-0.5833333333333333,0.8499999999999999,0.1995417862860433,0.199436850111422,True
BH14,-0.5666666666666667,0.8499999999999999,0.207824221789318,0.2076975094694482,True
BH14,-0.55,0.8499999999999999,0.21613311942587804,0.21595857203972352,True
BH14,-0.5333333333333333,0.8499999999999999,0.224467251310509,0.2243365074029961,True
BH14,-0.5166666666666666,0.8499999999999999,0.23282734298410734,0.23271455500032795,True
BH14,-0.5,0.8499999999999999,0.24121092039631659,0.24109271538487792,True
BH14,-0.4833333333333334,0.8499999999999999,0.24961897773955893,0.2494709891134524,True
BH14,-0.4666666666666667,0.8499999999999999,0.258051370970206,0.257896072342599,True
BH14,-0.44999999999999996,0.8499999999999999,0.26650414370356545,0.26637984469527876,True
BH14,-0.43333333333333335,0.8499999999999999,0.2749796526573113,0.2748637138597356,True
BH14,-0.41666666666666663,0.8499999999999999,0.2834757182552995,0.28334768012031675,True
BH14,-0.4,0.8499999999999999,0.2919914562678897,0.2918317437624835,True
BH14,-0.3833333333333333,0.8499999999999999,0.300525857029762,0.3003888295673076,True
BH14,-0.3666666666666667,0.8499999999999999,0.30907826026708735,0.30896101215481775,True
BH14,-0.35,0.8499999999999999,0.3176477851843149,0.3175332567893364,True
BH14,-0.33333333333333337,0.8499999999999999,0.3262333565246919,0.3261055635753317,True
BH14,-0.31666666666666665,0.8499999999999999,0.3348341497160652,0.3346901590787593,True
BH14,-0.30000000000000004,0.8499999999999999,0.34344887004800767,0.3433310680995992,True
BH14,-0.2833333333333333,0.8499999999999999,0.3520770155277371,0.3519720104325791,True
BH14,-0.2666666666666667,0.8499999999999999,0.3607176448165333,0.3606129861083558,True
BH14,-0.25,0.8499999999999999,0.36936954883270623,0.36925399515762414,True
BH14,-0.2333333333333334,0.8499999999999999,0.37803205982969235,0.3779200622021144,True
BH14,-0.21666666666666667,0.8499999999999999,0.38670447969652244,0.38661052811140884,True
BH14,-0.19999999999999996,0.8499999999999999,0.3953862922242711,0.39530101000019857,True
BH14,-0.18333333333333335,0.8499999999999999,0.40407575448481053,0.4039915078761255,True
BH14,-0.16666666666666663,0.8499999999999999,0.41277317759325716,0.41268202174683616,True
BH14,-0.15000000000000002,0.8499999999999999,0.42147705065997754,0.4213988285919155,True
BH14,-0.1333333333333333,0.8499999999999999,0.4301872868202792,0.4301212911884058,True
BH14,-0.1166666666666667,0.8499999999999999,0.43890207159946926,0.438843760975115,True
BH14,-0.09999999999999998,0.8499999999999999,0.447622097878453,0.4475662379537433,True
BH14,-0.08333333333333337,0.8499999999999999,0.45634582715457833,0.4562908842436742,True
BH14,-0.06666666666666665,0.8499999999999999,0.46507290499194764,0.46502951343289245,True
BH14,-0.050000000000000044,0.8499999999999999,0.47380243818816103,0.4737681457816847,True
BH14,-0.033333333333333326,0.8499999999999999,0.4825336686337399,0.48250678129040453,True
BH14,-0.01666666666666672,0.8499999999999999,0.49126649348848256,0.4912454199594052,True
BH14,0.0,0.8499999999999999,0.49999980817072587,0.4999846820068744,True
BH14,0.016666666666666607,0.8499999999999999,0.5087330907417833,0.5087247285875839,True
BH14,0.033333333333333215,0.8499999999999999,0.5174658980856318,0.5174647765292535,True
BH14,0.050000000000000044,0.8499999999999999,0.526197202470402,0.5262048258319509,True
BH14,0.06666666666666665,0.8499999999999999,0.5349267222679283,0.5349448764957426,True
BH14,0.08333333333333326,0.8499999999999999,0.5436536832480786,0.5436749985200704,True
BH14,0.10000000000000009,0.8499999999999999,0.5523773220443353,0.5524017873014658,True
BH14,0.1166666666666667,0.8499999999999999,0.5610972852755338,0.5611285761700184,True
BH14,0.1333333333333333,0.8499999999999999,0.5698123524768197,0.5698553651257283,True
BH14,0.1499999999999999,0.8499999999999999,0.5785223389657637,0.5785806203377218,True
BH14,0.16666666666666674,0.8499999999999999,0.5872264678851757,0.5872785257643622,True
BH14,0.18333333333333335,0.8499999999999999,0.5959237092376553,0.5959764269091302,True
BH14,0.19999999999999996,0.8499999999999999,0.6046132034203768,0.6046743237726904,True
BH14,0.21666666666666656,0.8499999999999999,0.6132947761267427,0.6133722163557065,True
BH14,0.2333333333333334,0.8499999999999999,0.621967549916207,0.6220538745161248,True
BH14,0.25,0.8499999999999999,0.6306298980362817,0.6307053099013997,True
BH14,0.2666666666666666,0.8499999999999999,0.6392818927810751,0.6393567257061339,True
BH14,0.2833333333333332,0.8499999999999999,0.6479222747246235,0.6480081219423433,True
BH14,0.30000000000000004,0.8499999999999999,0.6565506751104944,0.6566594986220347,True
BH14,0.31666666666666665,0.8499999999999999,0.6651656757282631,0.6652695912566376,True
BH14,0.33333333333333326,0.8499999999999999,0.6737662540956462,0.6738545606500963,True
BH14,0.3500000000000001,0.8499999999999999,0.6823516983556408,0.6824394820254338,True
BH14,0.3666666666666667,0.8499999999999999,0.6909206951936098,0.6910243554499973,True
BH14,0.3833333333333333,0.8499999999999999,0.6994728236088509,0.699609180991009,True
BH14,0.3999999999999999,0.8499999999999999,0.7080080251081202,0.7081187683612142,True
BH14,0.41666666666666674,0.8499999999999999,0.7165239441782345,0.71661535217919,True
BH14,0.43333333333333335,0.8499999999999999,0.7250193788538777,0.7251118667938189,True
BH14,0.44999999999999996,0.8499999999999999,0.7334947702972668,0.7336083123562954,True
BH14,0.46666666666666656,0.8499999999999999,0.7419490408169056,0.7420999830566247,True
BH14,0.4833333333333334,0.8499999999999999,0.7503803094423263,0.7504870289504673,True
BH14,0.5,0.8499999999999999,0.7587883144453195,0.7588740185151259,True
BH14,0.5166666666666666,0.8499999999999999,0.7671724694526597,0.7672609518947731,True
BH14,0.5333333333333332,0.8499999999999999,0.7755325722523915,0.7756478292330898,True
BH14,0.55,0.8499999999999999,0.7838669193302034,0.7840067601903379,True
BH14,0.5666666666666667,0.8499999999999999,0.7921755385957348,0.792261444500695,True
BH14,0.5833333333333333,0.8499999999999999,0.8004581173102082,0.8005161114760961,True
BH14,0.6000000000000001,0.8499999999999999,0.8087135153870193,0.8087707611690353,True
BH14,0.6166666666666667,0.8499999999999999,0.8169424757877808,0.8170253936317943,True
BH14,0.6333333333333333,0.8499999999999999,0.825144435857145,0.8252800089164433,True
BH14,0.6499999999999999,0.8499999999999999,0.8333192661132407,0.8334076669577493,True
BH14,0.6666666666666667,0.8499999999999999,0.841468038035194,0.8415168572631342,True
BH14,0.6833333333333333,0.8499999999999999,0.8495896689685283,0.8496260861339155,True
BH14,0.7,0.8499999999999999,0.8576844044414584,0.8577353534845134,True
BH14,0.7166666666666666,0.8499999999999999,0.8657541681448765,0.8658446592296013,True
BH14,0.7333333333333334,0.8499999999999999,0.8737978883971067,0.8738863096194203,True
BH14,0.75,0.8499999999999999,0.8818178759022046,0.8818602740257202,True
BH14,0.7666666666666666,0.8499999999999999,0.8898133597750976,0.8898342452136825,True
BH14,0.7833333333333332,0.8499999999999999,0.8977862954065179,0.8978082231807722,True
BH14,0.8,0.8499999999999999,0.9057380131726455,0.9057822079244554,True
BH14,0.8166666666666667,0.8499999999999999,0.9136697904830647,0.9137525626678477,True
BH14,0.8333333333333333,0.8499999999999999,0.9215807745971624,0.9216219696723341,True
BH14,0.8499999999999999,0.8499999999999999,0.9294762006409623,0.9294913478292951,True
BH14,0.8666666666666667,0.8499999999999999,0.9373535601857359,0.9373606971194464,True
BH14,0.8833333333333333,0.8499999999999999,0.9452178282113837,0.9452300175234865,True
BH14,0.8999999999999999,0.8499999999999999,0.9530678822998159,0.9530993090220963,True
BH14,0.9166666666666667,0.8499999999999999,0.9609078450255635,0.9609381360361311,True
BH14,0.9333333333333333,0.8499999999999999,0.9687371536446586,0.9687506272831721,True
BH14,0.95,0.8499999999999999,0.9765595866088733,0.9765630593683211,True
BH14,0.9666666666666666,0.8499999999999999,0.9843760289538019,0.9843754322263842,True
BH14,0.9833333333333334,0.8499999999999999,0.9921891750794094,0.9921877457920721,True
BH14,1.0,0.8499999999999999,0.9999999999999999,1.0,True
BH14,-1.0,0.8666666666666667,8.6988413927262e-17,-3.1681195351944985e-17,True
BH14,-0.9833333333333333,0.8666666666666667,0.00782514075946221,0.00781993615355386,True
BH14,-0.9666666666666667,0.8666666666666667,0.015652198505926012,0.0156400240409098,True
BH14,-0.95,0.8666666666666667,0.02348368096528125,0.023460263301285193,True
BH14,-0.9333333333333333,0.8666666666666667,0.03131953809655867,0.03128065357502931,True
BH14,-0.9166666666666666,0.8666666666666667,0.03916322181565632,0.03911752491370511,True
BH14,-0.9,0.8666666666666667,0.04701562922780679,0.046975448415160076,True
BH14,-0.8833333333333333,0.8666666666666667,0.054879497313697845,0.05483353376846716,True
BH14,-0.8666666666666667,0.8666666666666667,0.06275509299361293,0.06269178051226461,True
BH14,-0.85,0.8666666666666667,0.07064526836332691,0.07055018818692926,True
BH14,-0.8333333333333334,0.8666666666666667,0.0785505136253046,0.07847264696682686,True
BH14,-0.8166666666666667,0.8666666666666667,0.08647329853456424,0.08640242776256496,True
BH14,-0.8,0.8666666666666667,0.09441453841857614,0.09433226889598298,True
BH14,-0.7833333333333333,0.8666666666666667,0.10237462098432037,0.10226217029908852,True
BH14,-0.7666666666666666,0.8666666666666667,0.11035671210013726,0.11023095775936599,True
BH14,-0.75,0.8666666666666667,0.11835988845433511,0.1182586051854207,True
BH14,-0.7333333333333334,0.8666666666666667,0.1263862573042544,0.12628614433653573,True
BH14,-0.7166666666666667,0.8666666666666667,0.1344360968957972,0.13431357484773637,True
BH14,-0.7,0.8666666666666667,0.14250954907092567,0.14234089635239447,True
BH14,-0.6833333333333333,0.8666666666666667,0.15060958457138768,0.15047368199804162,True
BH14,-0.6666666666666667,0.8666666666666667,0.1587339579602524,0.15861434934245755,True
BH14,-0.65,0.8666666666666667,0.16688426797308245,0.1667549688654571,True
BH14,-0.6333333333333333,0.8666666666666667,0.17505959399344026,0.1748955403041899,True
BH14,-0.6166666666666667,0.8666666666666667,0.18326266842764422,0.1830926835557699,True
BH14,-0.6,0.8666666666666667,0.19149188369396458,0.19135189065962377,True
BH14,-0.5833333333333333,0.8666666666666667,0.19974634864505264,0.19961114409773412,True
BH14,-0.5666666666666667,0.8666666666666667,0.20802685484094682,0.20787044419662343,True
BH14,-0.55,0.8666666666666667,0.2163335668818702,0.21613029418586477,True
BH14,-0.5333333333333333,0.8666666666666667,0.22466531760891542,0.2245045655691476,True
BH14,-0.5166666666666666,0.8666666666666667,0.2330214275042633,0.23287893715159425,True
BH14,-0.5,0.8666666666666667,0.2414003216654657,0.24125340942677995,True
BH14,-0.4833333333333334,0.8666666666666667,0.24980360801972937,0.24962798289153237,True
BH14,-0.4666666666666667,0.8666666666666667,0.25823069573587437,0.2580487828454934,True
BH14,-0.44999999999999996,0.8666666666666667,0.26667789789300167,0.26652741310888844,True
BH14,-0.43333333333333335,0.8666666666666667,0.27514752677952614,0.2750061301274014,True
BH14,-0.41666666666666663,0.8666666666666667,0.28363697006962074,0.28348493415586234,True
BH14,-0.4,0.8666666666666667,0.29214610442382927,0.29196382545010013,True
BH14,-0.3833333333333333,0.8666666666666667,0.30067393277221655,0.30051527041794035,True
BH14,-0.3666666666666667,0.8666666666666667,0.3092201208360258,0.3090816385256438,True
BH14,-0.35,0.8666666666666667,0.31778250692915355,0.31764806215748986,True
BH14,-0.33333333333333337,0.8666666666666667,0.32636042119784325,0.3262145414069638,True
BH14,-0.31666666666666665,0.8666666666666667,0.33495424760052706,0.3347933435743705,True
BH14,-0.30000000000000004,0.8666666666666667,0.3435618665692698,0.3434283793514598,True
BH14,-0.2833333333333333,0.8666666666666667,0.35218299533530306,0.3520634448371765,True
BH14,-0.2666666666666667,0.8666666666666667,0.3608165438637575,0.3606985400588574,True
BH14,-0.25,0.8666666666666667,0.36946218730325897,0.3693336650438729,True
BH14,-0.2333333333333334,0.8666666666666667,0.37811791262401206,0.3779940134795884,True
BH14,-0.21666666666666667,0.8666666666666667,0.38678342262336757,0.3866788775225686,True
BH14,-0.19999999999999996,0.8666666666666667,0.39545882751332684,0.39536375575863847,True
BH14,-0.18333333333333335,0.8666666666666667,0.4041418425145835,0.4040486481945846,True
BH14,-0.16666666666666663,0.8666666666666667,0.4128328714955771,0.41273355483719765,True
BH14,-0.15000000000000002,0.8666666666666667,0.4215302458537267,0.42144504824307316,True
BH14,-0.1333333333333333,0.8666666666666667,0.4302341710342157,0.4301622522052152,True
BH14,-0.1166666666666667,0.8666666666666667,0.4389433862018582,0.4388794625284562,True
BH14,-0.09999999999999998,0.8666666666666667,0.44765724937140544,0.4475966792142999,True
BH14,-0.08333333333333337,0.8666666666666667,0.4563749880990394,0.4563160953540899,True
BH14,-0.06666666666666665,0.8666666666666667,0.46509589325958756,0.46504969435542004,True
BH14,-0.050000000000000044,0.8666666666666667,0.4738196083853825,0.4737832961411566,True
BH14,-0.033333333333333326,0.8666666666666667,0.4825453004443076,0.48251690071161113,True
BH14,-0.01666666666666672,0.8666666666666667,0.49127216085408965,0.491250508067095,True
BH14,0.0,0.8666666666666667,0.4999997859346873,0.4999847487903041,True
BH14,0.016666666666666607,0.8666666666666667,0.5087273637457015,0.5087197873708713,True
BH14,0.033333333333333215,0.8666666666666667,0.5174543069897474,0.5174548271474827,True
BH14,0.050000000000000044,0.8666666666666667,0.526179953825241,0.5261898681201973,True
BH14,0.06666666666666665,0.8666666666666667,0.5349037351584572,0.5349249102890741,True
BH14,0.08333333333333326,0.8666666666666667,0.543624529851044,0.5436498837382288,True
BH14,0.10000000000000009,0.8666666666666667,0.5523421735600639,0.5523714712466407,True
BH14,0.1166666666666667,0.8666666666666667,0.561056259866165,0.5610930588421932,True
BH14,0.1333333333333333,0.8666666666666667,0.5697653695721037,0.5698146465248862,True
BH14,0.1499999999999999,0.8666666666666667,0.578469021959045,0.5785347006480236,True
BH14,0.16666666666666674,0.8666666666666667,0.5871667238102017,0.5872270689310546,True
BH14,0.18333333333333335,0.8666666666666667,0.5958575164386839,0.5959194335050482,True
BH14,0.19999999999999996,0.8666666666666667,0.6045402105551294,0.6046117943705794,True
BH14,0.21666666666666656,0.8666666666666667,0.6132157652499038,0.6133041515282237,True
BH14,0.2333333333333334,0.8666666666666667,0.6218815153735551,0.6219802115707984,True
BH14,0.25,0.8666666666666667,0.6305370948236144,0.630625809629169,True
BH14,0.2666666666666666,0.8666666666666667,0.6391824337420264,0.6392713904954052,True
BH14,0.2833333333333332,0.8666666666666667,0.6478161780092957,0.6479169541800579,True
BH14,0.30000000000000004,0.8666666666666667,0.6564373844700124,0.6565625006936695,True
BH14,0.31666666666666665,0.8666666666666667,0.6650449336440384,0.6651668039013935,True
BH14,0.33333333333333326,0.8666666666666667,0.6736386996282149,0.673745922397041,True
BH14,0.3500000000000001,0.8666666666666667,0.6822166265687863,0.6823249983433128,True
BH14,0.3666666666666667,0.8666666666666667,0.6907796277083821,0.690904031799908,True
BH14,0.3833333333333333,0.8666666666666667,0.6993252253963947,0.6994830228264148,True
BH14,0.3999999999999999,0.8666666666666667,0.7078528934895975,0.7079873114264302,True
BH14,0.41666666666666674,0.8666666666666667,0.7163624959511978,0.7164786692860827,True
BH14,0.43333333333333335,0.8666666666666667,0.7248531123777364,0.72496996555225,True
BH14,0.44999999999999996,0.8666666666666667,0.733321606292755,0.7334612003595561,True
BH14,0.46666666666666656,0.8666666666666667,0.7417696946419648,0.7419476908905636,True
BH14,0.4833333333333334,0.8666666666666667,0.7501955210206701,0.7503310900906478,True
BH14,0.5,0.8666666666666667,0.758598906659743,0.7587144391847691,True
BH14,0.5166666666666666,0.8666666666666667,0.7669790378262509,0.767097738301211,True
BH14,0.5333333333333332,0.8666666666666667,0.7753345866707995,0.7754809875678197,True
BH14,0.55,0.8666666666666667,0.7836662610413121,0.7838367482449478,True
BH14,0.5666666666666667,0.8666666666666667,0.7919724838274673,0.7920905045131416,True
BH14,0.5833333333333333,0.8666666666666667,0.8002530195330133,0.8003442453282328,True
BH14,0.6000000000000001,0.8666666666666667,0.8085054792504947,0.8085979707369517,True
BH14,0.6166666666666667,0.8666666666666667,0.8167364664736138,0.816851680785839,True
BH14,0.6333333333333333,0.8666666666666667,0.8249382731369248,0.8251053755212476,True
BH14,0.6499999999999999,0.8666666666666667,0.8331146304398402,0.8332356415140002,True
BH14,0.6666666666666667,0.8666666666666667,0.8412653431833763,0.841347689318789,True
BH14,0.6833333333333333,0.8666666666666667,0.8493899648763952,0.8494597714510859,True
BH14,0.7,0.8666666666666667,0.8574892365227827,0.8575718878347716,True
BH14,0.7166666666666666,0.8666666666666667,0.8655635775846695,0.8656840383939515,True
BH14,0.7333333333333334,0.8666666666666667,0.8736134139618792,0.8737309349857485,True
BH14,0.75,0.8666666666666667,0.8816392834524085,0.8817117788218662,True
BH14,0.7666666666666666,0.8666666666666667,0.8896436155544227,0.8896926277251656,True
BH14,0.7833333333333332,0.8666666666666667,0.8976245896557986,0.897673481693753,True
BH14,0.8,0.8666666666666667,0.9055856944637197,0.905654340725736,True
BH14,0.8166666666666667,0.8666666666666667,0.9135265009985902,0.9136320014699313,True
BH14,0.8333333333333333,0.8666666666666667,0.9214491717767611,0.9215114685209396,True
BH14,0.8499999999999999,0.8666666666666667,0.9293542433029818,0.9293909112019134,True
BH14,0.8666666666666667,0.8666666666666667,0.9372448240521937,0.9372703294965492,True
BH14,0.8833333333333333,0.8666666666666667,0.9451204938255886,0.9451497233885291,True
BH14,0.8999999999999999,0.8666666666666667,0.9529841958116095,0.9530290928615208,True
BH14,0.9166666666666667,0.8666666666666667,0.9608364976784594,0.9608790229299875,True
BH14,0.9333333333333333,0.8666666666666667,0.9686808067479427,0.9687033194679263,True
BH14,0.95,0.8666666666666667,0.9765166006963534,0.9765275654996484,True
BH14,0.9666666666666666,0.8666666666666667,0.9843473944376446,0.9843517609694432,True
BH14,0.9833333333333334,0.8666666666666667,0.9921749333261595,0.9921759058215185,True
BH14,1.0,0.8666666666666667,1.0,1.0,True
BH14,-1.0,0.8833333333333333,-2.3116383918661942e-17,-3.9615779541484e-17,True
BH14,-0.9833333333333333,0.8833333333333333,0.007837559099814656,0.007832079375714542,True
BH14,-0.9666666666666667,0.8833333333333333,0.015677405463050433,0.015664291355697742,True
BH14,-0.95,0.8833333333333333,0.023520555280857215,0.023496635623520126,True
BH14,-0.9333333333333333,0.8833333333333333,0.03136903348338105,0.03132911186374966,True
BH14,-0.9166666666666666,0.8833333333333333,0.039224767330842736,0.03917776318806428,True
BH14,-0.9,0.8833333333333333,0.04708858492163984,0.04704663340509531,True
BH14,-0.8833333333333333,0.8833333333333333,0.05496332801847778,0.054915644770368005,True
BH14,-0.8666666666666667,0.8833333333333333,0.06284992902792935,0.06278479688033395,True
BH14,-0.85,0.8833333333333333,0.07075017074824866,0.07065408933297167,True
BH14,-0.8333333333333334,0.8833333333333333,0.07866587755607397,0.07858601455654926,True
BH14,-0.8166666666666667,0.8833333333333333,0.08659764967459677,0.08652433498347069,True
BH14,-0.8,0.8833333333333333,0.09454697347309522,0.09446270935134515,True
BH14,-0.7833333333333333,0.8833333333333333,0.10251650689926443,0.10240113759930686,True
BH14,-0.7666666666666666,0.8833333333333333,0.1105048862788824,0.11037822463208624,True
BH14,-0.75,0.8833333333333333,0.11851411203739377,0.11841100706530655,True
BH14,-0.7333333333333334,0.8833333333333333,0.12654695662458887,0.12644369281122655,True
BH14,-0.7166666666666667,0.8833333333333333,0.13460219251630767,0.13447628154464178,True
BH14,-0.7,0.8833333333333333,0.1426813981391274,0.14250877293887804,True
BH14,-0.6833333333333333,0.8833333333333333,0.15078319850499175,0.15064451293830733,True
BH14,-0.6666666666666667,0.8833333333333333,0.1589104515634488,0.1587869497649572,True
BH14,-0.65,0.8833333333333333,0.16706372290607516,0.16692934527366476,True
BH14,-0.6333333333333333,0.8833333333333333,0.17524057089191622,0.1750716992379471,True
BH14,-0.6166666666666667,0.8833333333333333,0.18344279865832533,0.18326966554405302,True
BH14,-0.6,0.8833333333333333,0.19167240807111469,0.19152752799057127,True
BH14,-0.5833333333333333,0.8833333333333333,0.19992635901758649,0.19978543044540234,True
BH14,-0.5666666666666667,0.8833333333333333,0.20820618874739216,0.2080433731898916,True
BH14,-0.55,0.8833333333333333,0.21650927586272523,0.21630200615014006,True
BH14,-0.5333333333333333,0.8833333333333333,0.22483681697550165,0.22467261484652892,True
BH14,-0.5166666666666666,0.8833333333333333,0.23318963598603543,0.2330433117200893,True
BH14,-0.5,0.8833333333333333,0.24156725994045336,0.24141409720494117,True
BH14,-0.4833333333333334,0.8833333333333333,0.24996630927273145,0.24978497173806286,True
BH14,-0.4666666666666667,0.8833333333333333,0.25838764243479606,0.25820148743587823,True
BH14,-0.44999999999999996,0.8833333333333333,0.2668302509498475,0.266674975324697,True
BH14,-0.43333333333333335,0.8833333333333333,0.2752949773798563,0.2751485399103323,True
BH14,-0.41666666666666663,0.8833333333333333,0.2837787939035659,0.2836221814180879,True
BH14,-0.4,0.8833333333333333,0.2922822059964589,0.2920959000741503,True
BH14,-0.3833333333333333,0.8833333333333333,0.3008046598034948,0.3006417032916691,True
BH14,-0.3666666666666667,0.8833333333333333,0.309344443034578,0.30920225691557174,True
BH14,-0.35,0.8833333333333333,0.31790032676891944,0.31776285954075245,True
BH14,-0.33333333333333337,0.8833333333333333,0.32647368054545123,0.32632351124971404,True
BH14,-0.31666666666666665,0.8833333333333333,0.3350606779388521,0.334896520128252,True
BH14,-0.30000000000000004,0.8833333333333333,0.34366209173228013,0.34352568320598365,True
BH14,-0.2833333333333333,0.8833333333333333,0.3522773238230512,0.35215487238983634,True
BH14,-0.2666666666666667,0.8833333333333333,0.36090474677694795,0.3607840877038288,True
BH14,-0.25,0.8833333333333333,0.36954370288988947,0.3694133291720091,True
BH14,-0.2333333333333334,0.8833333333333333,0.37819366851026326,0.37806795985988084,True
BH14,-0.21666666666666667,0.8833333333333333,0.38685377615037375,0.3867472226732359,True
BH14,-0.19999999999999996,0.8833333333333333,0.3955226594276009,0.39542649789388495,True
BH14,-0.18333333333333335,0.8833333333333333,0.40420053343619844,0.40410578552775933,True
BH14,-0.16666666666666663,0.8833333333333333,0.4128853090143324,0.41278508558079463,True
BH14,-0.15000000000000002,0.8833333333333333,0.42157790447045984,0.4214912661719625,True
BH14,-0.1333333333333333,0.8833333333333333,0.4302760448137186,0.43020321195163075,True
BH14,-0.1166666666666667,0.8833333333333333,0.43898001196247394,0.43891516326349156,True
BH14,-0.09999999999999998,0.8833333333333333,0.4476882550745657,0.44762712010885286,True
BH14,-0.08333333333333337,0.8833333333333333,0.4564007304570401,0.45634130653021,True
BH14,-0.06666666666666665,0.8833333333333333,0.46511651684693894,0.46506987564946606,True
BH14,-0.050000000000000044,0.8833333333333333,0.4738349033605421,0.4737984471780293,True
BH14,-0.033333333333333326,0.8833333333333333,0.4825553989800182,0.4825270211161695,True
BH14,-0.01666666666666672,0.8833333333333333,0.4912771388191052,0.4912555974641559,True
BH14,0.0,0.8833333333333333,0.49999977481833463,0.49998481718963433,True
BH14,0.016666666666666607,0.8833333333333333,0.5087221964746289,0.5087148481381369,True
BH14,0.033333333333333215,0.8833333333333333,0.5174439305183975,0.517444880117804,True
BH14,0.050000000000000044,0.8833333333333333,0.5261645689251845,0.5261749131286861,True
BH14,0.06666666666666665,0.8833333333333333,0.5348829824033163,0.5349049471708347,True
BH14,0.08333333333333326,0.8833333333333333,0.5435989607913161,0.5436247727566916,True
BH14,0.10000000000000009,0.8833333333333333,0.552311360817322,0.552341159656174,True
BH14,0.1166666666666667,0.8833333333333333,0.5610197921395567,0.5610575466427802,True
BH14,0.1333333333333333,0.8833333333333333,0.5697236211662265,0.5697739337165102,True
BH14,0.1499999999999999,0.8833333333333333,0.5784217794645313,0.578488787832627,True
BH14,0.16666666666666674,0.8833333333333333,0.587113995619577,0.5871756196877698,True
BH14,0.18333333333333335,0.8833333333333333,0.5957990060827649,0.5958624484064877,True
BH14,0.19999999999999996,0.8833333333333333,0.6044764355589813,0.6045492739892673,True
BH14,0.21666666666666656,0.8833333333333333,0.6131456736865057,0.6132360964365946,True
BH14,0.2333333333333334,0.8833333333333333,0.6218054290394641,0.6219065593177772,True
BH14,0.25,0.8833333333333333,0.6304555654415767,0.6305463198441839,True
BH14,0.2666666666666666,0.8833333333333333,0.6390947177847748,0.6391860655671115,True
BH14,0.2833333333333332,0.8833333333333333,0.6477221962119284,0.6478257964956455,True
BH14,0.30000000000000004,0.8833333333333333,0.656337319105829,0.6564655126388642,True
BH14,0.31666666666666665,0.8833333333333333,0.6649387769762001,0.6650640254877145,True
BH14,0.33333333333333326,0.8833333333333333,0.6735259919504918,0.6736372916327752,True
BH14,0.3500000000000001,0.8833333333333333,0.6820993058855136,0.6822105207012703,True
BH14,0.3666666666666667,0.8833333333333333,0.6906556486632762,0.6907837127452399,True
BH14,0.3833333333333333,0.8833333333333333,0.6991953494804465,0.699356867816627,True
BH14,0.3999999999999999,0.8833333333333333,0.707717854759194,0.7078558559066541,True
BH14,0.41666666666666674,0.8833333333333333,0.7162205697153483,0.7163419863739339,True
BH14,0.43333333333333335,0.8833333333333333,0.7247043014188375,0.7248280628638546,True
BH14,0.44999999999999996,0.8833333333333333,0.7331687993924616,0.733314085494442,True
BH14,0.46666666666666656,0.8833333333333333,0.7416122582767777,0.7417953957283321,True
BH14,0.4833333333333334,0.8833333333333333,0.7500340580329315,0.7501751474934382,True
BH14,0.5,0.8833333333333333,0.7584329513561057,0.7585548553796104,True
BH14,0.5166666666666666,0.8833333333333333,0.7668094332986275,0.7669345194992248,True
BH14,0.5333333333333332,0.8833333333333333,0.7751620243652634,0.7753141399642725,True
BH14,0.55,0.8833333333333333,0.7834905571540036,0.7836667348153556,True
BH14,0.5666666666666667,0.8833333333333333,0.7917945991632636,0.7919195639169663,True
BH14,0.5833333333333333,0.8833333333333333,0.8000732122754407,0.8001723794420419,True
BH14,0.6000000000000001,0.8833333333333333,0.8083267369041733,0.8084251814315797,True
BH14,0.6166666666666667,0.8833333333333333,0.8165556289024027,0.8166779699264123,True
BH14,0.6333333333333333,0.8833333333333333,0.8247584078234633,0.8249307449672069,True
BH14,0.6499999999999999,0.8833333333333333,0.8329357084788795,0.8330636056562295,True
BH14,0.6666666666666667,0.8833333333333333,0.8410880894005431,0.8411785095637816,True
BH14,0.6833333333333333,0.8833333333333333,0.8492162450275178,0.8492934435671814,True
BH14,0.7,0.8833333333333333,0.8573192264252655,0.8574084075997421,True
BH14,0.7166666666666666,0.8833333333333333,0.8653976645080914,0.8655234015949744,True
BH14,0.7333333333333334,0.8833333333333333,0.8734526093193361,0.8735755196933277,True
BH14,0.75,0.8833333333333333,0.8814851911575229,0.8815632423398081,True
BH14,0.7666666666666666,0.8833333333333333,0.889494382769419,0.8895509683394565,True
BH14,0.7833333333333332,0.8833333333333333,0.8974844326462661,0.8975386976910205,True
BH14,0.8,0.8833333333333333,0.9054526911123851,0.9055264303932473,True
BH14,0.8166666666666667,0.8833333333333333,0.9134019032078117,0.9135113764030349,True
BH14,0.8333333333333333,0.8833333333333333,0.9213336406216738,0.9214009084453808,True
BH14,0.8499999999999999,0.8833333333333333,0.9292489742788974,0.9292904206018179,True
BH14,0.8666666666666667,0.8833333333333333,0.9371493458949172,0.937179912859033,True
BH14,0.8833333333333333,0.8833333333333333,0.9450366521875379,0.9450693852037007,True
BH14,0.8999999999999999,0.8833333333333333,0.9529110541520419,0.952958837622484,True
BH14,0.9166666666666667,0.8833333333333333,0.9607748622958925,0.9608198709405693,True
BH14,0.9333333333333333,0.8833333333333333,0.9686307744449043,0.9686559805117614,True
BH14,0.95,0.8833333333333333,0.9764798232315404,0.9764920482495241,True
BH14,0.9666666666666666,0.8833333333333333,0.9843227991792607,0.9843280741076679,True
BH14,0.9833333333333334,0.8833333333333333,0.9921620589323895,0.9921640580399351,True
BH14,1.0,0.8833333333333333,1.0,1.0,True
BH14,-1.0,0.8999999999999999,-7.736608590741879e-17,0.0,True
BH14,-0.9833333333333333,0.8999999999999999,0.0078487256529357,0.007844251558223395,True
BH14,-0.9666666666666667,0.8999999999999999,0.015698900928405236,0.01568861645296721,True
BH14,-0.95,0.8999999999999999,0.023552633702273944,0.023533094412808955,True
BH14,-0.9333333333333333,0.8999999999999999,0.03141141309695934,0.031377685167185476,True
BH14,-0.9166666666666666,0.8999999999999999,0.03927722563076008,0.0392381299585621,True
BH14,-0.9,0.8999999999999999,0.04715121677164081,0.047117968454703965,True
BH14,-0.8833333333333333,0.8999999999999999,0.05503556005663605,0.054997927271464304,True
BH14,-0.8666666666666667,0.8999999999999999,0.06293167593926417,0.06287800606381355,True
BH14,-0.85,0.8999999999999999,0.07084062049573654,0.07075820448803231,True
BH14,-0.8333333333333334,0.8999999999999999,0.07876434563181031,0.07869955868988195,True
BH14,-0.8166666666666667,0.8999999999999999,0.08670407719888039,0.08664642625756833,True
BH14,-0.8,0.8999999999999999,0.09466126173658489,0.09459334135238229,True
BH14,-0.7833333333333333,0.8999999999999999,0.10263715930552031,0.10254030392062358,True
BH14,-0.7666666666666666,0.8999999999999999,0.11063275861309771,0.11052561079175692,True
BH14,-0.75,0.8999999999999999,0.11864813363525845,0.1185635209871441,True
BH14,-0.7333333333333334,0.8999999999999999,0.12668530274400014,0.12660134603324624,True
BH14,-0.7166666666666667,0.8999999999999999,0.13474408340336513,0.1346390856442904,True
BH14,-0.7,0.8999999999999999,0.14282626164727075,0.14267673953321605,True
BH14,-0.6833333333333333,0.8999999999999999,0.15093215334161117,0.15081537141160667,True
BH14,-0.6666666666666667,0.8999999999999999,0.15906198427367146,0.1589595745827548,True
BH14,-0.65,0.8999999999999999,0.16721651123946318,0.1671037429044922,True
BH14,-0.6333333333333333,0.8999999999999999,0.175395353767105,0.17524787618631488,True
BH14,-0.6166666666666667,0.8999999999999999,0.18359869573434667,0.18344663618802654,True
BH14,-0.6,0.8999999999999999,0.19182723218734737,0.19170315582492375,True
BH14,-0.5833333333333333,0.8999999999999999,0.20007994683581196,0.19995970917054656,True
BH14,-0.5666666666666667,0.8999999999999999,0.20835768772593305,0.20821629646143874,True
BH14,-0.55,0.8999999999999999,0.21666026056084683,0.21647370793799003,True
BH14,-0.5333333333333333,0.8999999999999999,0.22498667806003894,0.22484065523991312,True
BH14,-0.5166666666666666,0.8999999999999999,0.23333645764776417,0.23320767870990514,True
BH14,-0.5,0.8999999999999999,0.24170976779599174,0.24157477872275854,True
BH14,-0.4833333333333334,0.8999999999999999,0.25010517378159514,0.24994195565573168,True
BH14,-0.4666666666666667,0.8999999999999999,0.2585230594346847,0.25835418611327227,True
BH14,-0.44999999999999996,0.8999999999999999,0.26696231302340206,0.26682253134219847,True
BH14,-0.43333333333333335,0.8999999999999999,0.2754216013674066,0.2752909432079977,True
BH14,-0.41666666666666663,0.8999999999999999,0.28390085213589583,0.28375942190643744,True
BH14,-0.4,0.8999999999999999,0.2923999213580136,0.2922279676340525,True
BH14,-0.3833333333333333,0.8999999999999999,0.30091701183890984,0.30076812818849497,True
BH14,-0.3666666666666667,0.8999999999999999,0.30945172320975256,0.3093228673246024,True
BH14,-0.35,0.8999999999999999,0.31800268782892455,0.3178776489391251,True
BH14,-0.33333333333333337,0.8999999999999999,0.32656990191721186,0.3264324731035835,True
BH14,-0.31666666666666665,0.8999999999999999,0.3351527432440241,0.3349996887415121,True
BH14,-0.30000000000000004,0.8999999999999999,0.34374895306805536,0.34362297966420396,True
BH14,-0.2833333333333333,0.8999999999999999,0.35235819303795646,0.3522462930915168,True
BH14,-0.2666666666666667,0.8999999999999999,0.3609809697890742,0.3608696290441527,True
BH14,-0.25,0.8999999999999999,0.3696149120491254,0.36949298754283927,True
BH14,-0.2333333333333334,0.8999999999999999,0.3782597559330606,0.3781419013438274,True
BH14,-0.21666666666666667,0.8999999999999999,0.38691481634642066,0.3868155635641384,True
BH14,-0.19999999999999996,0.8999999999999999,0.39557850637324093,0.39548923640655675,True
BH14,-0.18333333333333335,0.8999999999999999,0.40425133478464226,0.4041629198761599,True
BH14,-0.16666666666666663,0.8999999999999999,0.4129317238720115,0.4128366139780283,True
BH14,-0.15000000000000002,0.8999999999999999,0.42161897783123803,0.4215374823788056,True
BH14,-0.1333333333333333,0.8999999999999999,0.43031257230861486,0.43024417042781626,True
BH14,-0.1166666666666667,0.8999999999999999,0.43901138239883297,0.43895086318032683,True
BH14,-0.09999999999999998,0.8999999999999999,0.4477153284603076,0.4476575606374492,True
BH14,-0.08333333333333337,0.8999999999999999,0.4564231485085309,0.45636651777202863,True
BH14,-0.06666666666666665,0.8999999999999999,0.4651343957314711,0.46509005731499664,True
BH14,-0.050000000000000044,0.8999999999999999,0.4738483772150362,0.4738135988922412,True
BH14,-0.033333333333333326,0.8999999999999999,0.4825643947940963,0.4825371425039898,True
BH14,-0.01666666666666672,0.8999999999999999,0.49128167776013465,0.4912606881504702,True
BH14,0.0,0.8999999999999999,0.4999997326883097,0.4999848872046869,True
BH14,0.016666666666666607,0.8999999999999999,0.5087177242543224,0.5087099108891622,True
BH14,0.033333333333333215,0.8999999999999999,0.5174351149113309,0.5174349354399581,True
BH14,0.050000000000000044,0.8999999999999999,0.5261511112313133,0.5261599608571177,True
BH14,0.06666666666666665,0.8999999999999999,0.534865048178441,0.5348849871406838,True
BH14,0.08333333333333326,0.8999999999999999,0.5435761427957289,0.5435996655747315,True
BH14,0.10000000000000009,0.8999999999999999,0.5522843536917936,0.5523108525292109,True
BH14,0.1166666666666667,0.8999999999999999,0.5609881259282681,0.5610220395707972,True
BH14,0.1333333333333333,0.8999999999999999,0.5696870602674461,0.569733226699491,True
BH14,0.1499999999999999,0.8999999999999999,0.5783806594637935,0.5784428818901987,True
BH14,0.16666666666666674,0.8999999999999999,0.5870679286747944,0.5871241780330356,True
BH14,0.18333333333333335,0.8999999999999999,0.5957481930892883,0.5958054716118384,True
BH14,0.19999999999999996,0.8999999999999999,0.6044207980247946,0.6044867626270046,True
BH14,0.21666666666666656,0.8999999999999999,0.613084803444777,0.6131680510789318,True
BH14,0.2333333333333334,0.8999999999999999,0.6217396797255765,0.6218329177576182,True
BH14,0.25,0.8999999999999999,0.6303845894173963,0.6304668405469906,True
BH14,0.2666666666666666,0.8999999999999999,0.6390186866604256,0.6391007509217883,True
BH14,0.2833333333333332,0.8999999999999999,0.647640662790658,0.6477346488896312,True
BH14,0.30000000000000004,0.8999999999999999,0.6562503623859495,0.6563685344581323,True
BH14,0.31666666666666665,0.8999999999999999,0.6648468872691621,0.6649612560189252,True
BH14,0.33333333333333326,0.8999999999999999,0.6734293255116621,0.6735286683600792,True
BH14,0.3500000000000001,0.8999999999999999,0.6819962821677708,0.682096049101546,True
BH14,0.3666666666666667,0.8999999999999999,0.6905477313996042,0.6906633982876946,True
BH14,0.3833333333333333,0.8999999999999999,0.6990828517449481,0.6992307159628117,True
BH14,0.3999999999999999,0.8999999999999999,0.7075994756449984,0.7077244018024687,True
BH14,0.41666666666666674,0.8999999999999999,0.7160979401515914,0.716205303442736,True
BH14,0.43333333333333335,0.8999999999999999,0.7245774183290986,0.7246861587280393,True
BH14,0.44999999999999996,0.8999999999999999,0.7330370896003127,0.733166967759779,True
BH14,0.46666666666666656,0.8999999999999999,0.7414768415985507,0.7416430975690123,True
BH14,0.4833333333333334,0.8999999999999999,0.7498945464818736,0.7500192011576956,True
BH14,0.5,0.8999999999999999,0.7582900870299176,0.7583952670982856,True
BH14,0.5166666666666666,0.8999999999999999,0.7666633971283254,0.76677129548723,True
BH14,0.5333333333333332,0.8999999999999999,0.7750130035160314,0.7751472864206468,True
BH14,0.55,0.8999999999999999,0.7833395367767199,0.7834967199036614,True
BH14,0.5666666666666667,0.8999999999999999,0.7916416493532572,0.7917486227130283,True
BH14,0.5833333333333333,0.8999999999999999,0.7999198000046879,0.8000005138171553,True
BH14,0.6000000000000001,0.8999999999999999,0.8081721234088837,0.80825239325134,True
BH14,0.6166666666666667,0.8999999999999999,0.8164008197542001,0.8165042610507374,True
BH14,0.6333333333333333,0.8999999999999999,0.8246041062599387,0.8247561172503608,True
BH14,0.6499999999999999,0.8999999999999999,0.8327828171503227,0.832891559392124,True
BH14,0.6666666666666667,0.8999999999999999,0.8409375156297481,0.8410093180068098,True
BH14,0.6833333333333333,0.8999999999999999,0.8490670991664659,0.8491271024919022,True
BH14,0.7,0.8999999999999999,0.8571731565824126,0.8572449127901192,True
BH14,0.7166666666666666,0.8999999999999999,0.8652550660359962,0.8653627488443485,True
BH14,0.7333333333333334,0.8999999999999999,0.873314779811051,0.873420063747695,True
BH14,0.75,0.8999999999999999,0.8813519325530715,0.8814146645851655,True
BH14,0.7666666666666666,0.8999999999999999,0.889367773181537,0.8894092670622574,True
BH14,0.7833333333333332,0.8999999999999999,0.8973626938985382,0.8974038711783581,True
BH14,0.8,0.8999999999999999,0.9053384649375964,0.9053984769328554,True
BH14,0.8166666666666667,0.8999999999999999,0.9132954084397629,0.9133906874199426,True
BH14,0.8333333333333333,0.8999999999999999,0.9212348424481791,0.9212902894020676,True
BH14,0.8499999999999999,0.8999999999999999,0.9291584828094419,0.9291898759890547,True
BH14,0.8666666666666667,0.8999999999999999,0.9370681525344426,0.9370894471705897,True
BH14,0.8833333333333333,0.8999999999999999,0.944964140987734,0.9449890029363486,True
BH14,0.8999999999999999,0.8999999999999999,0.9528483893271525,0.9528885432759984,True
BH14,0.9166666666666667,0.8999999999999999,0.9607229228907075,0.9607606800295697,True
BH14,0.9333333333333333,0.8999999999999999,0.9685880739648134,0.9686086103839641,True
BH14,0.95,0.8999999999999999,0.976447719459568,0.9764565075948621,True
BH14,0.9666666666666666,0.8999999999999999,0.9843012849459366,0.9843043716256332,True
BH14,0.9833333333333334,0.8999999999999999,0.9921513225259209,0.9921522024395925,True
BH14,1.0,0.8999999999999999,1.0,1.0,True
BH14,-1.0,0.9166666666666667,7.630958911153505e-17,-2.775104517121268e-17,True
BH14,-0.9833333333333333,0.9166666666666667,0.007857574221530501,0.007856452804721635,True
BH14,-0.9666666666666667,0.9166666666666667,0.015716895390930137,0.015712999539007864,True
BH14,-0.95,0.9166666666666667,0.023579308516102366,0.023569639977104546,True
BH14,-0.9333333333333333,0.9166666666666667,0.03144654936245889,0.03142637389397605,True
BH14,-0.9166666666666666,0.9166666666666667,0.03932068127991848,0.03929862560815204,True
BH14,-0.9,0.9166666666666667,0.0472033482922264,0.04718945400991041,True
BH14,-0.8833333333333333,0.9166666666666667,0.055096131475878746,0.05508038177991686,True
BH14,-0.8666666666666667,0.9166666666666667,0.06300012142742814,0.06297140863237251,True
BH14,-0.85,0.9166666666666667,0.07091678439375672,0.07086253428256793,True
BH14,-0.8333333333333334,0.9166666666666667,0.07884708882213129,0.07881327960204082,True
BH14,-0.8166666666666667,0.9166666666666667,0.08679368513394353,0.08676870182979943,True
BH14,-0.8,0.9166666666666667,0.09475694069111007,0.09472416515371655,True
BH14,-0.7833333333333333,0.9166666666666667,0.10273879885825729,0.10267966952729643,True
BH14,-0.7666666666666666,0.9166666666666667,0.11073940915722104,0.11067311598203235,True
BH14,-0.75,0.9166666666666667,0.11876004945044524,0.11871614670934386,True
BH14,-0.7333333333333334,0.9166666666666667,0.1268011700953923,0.12675910377597094,True
BH14,-0.7166666666666667,0.9166666666666667,0.13486371491076082,0.13480198693523637,True
BH14,-0.7,0.9166666666666667,0.14294902347978028,0.14284479593935487,True
BH14,-0.6833333333333333,0.9166666666666667,0.15105813496539952,0.15098625734387172,True
BH14,-0.6666666666666667,0.9166666666666667,0.1591892367874301,0.1591322237298635,True
BH14,-0.65,0.9166666666666667,0.16734500010775588,0.16727816170021872,True
BH14,-0.6333333333333333,0.9166666666666667,0.17552501174849788,0.17542407110002822,True
BH14,-0.6166666666666667,0.9166666666666667,0.18372889067514844,0.1836235955112809,True
BH14,-0.6,0.9166666666666667,0.1919574701331595,0.19187877418256855,True
BH14,-0.5833333333333333,0.9166666666666667,0.2002098775311525,0.20013398028924226,True
BH14,-0.5666666666666667,0.9166666666666667,0.20848698268905153,0.20838921402341654,True
BH14,-0.55,0.9166666666666667,0.21678768586017672,0.21664539955485165,True
BH14,-0.5333333333333333,0.9166666666666667,0.22511153539335965,0.22500868675407015,True
BH14,-0.5166666666666666,0.9166666666666667,0.23345936312107615,0.23337203812513097,True
BH14,-0.5,0.9166666666666667,0.24182966392945052,0.2417354539836266,True
BH14,-0.4833333333333334,0.9166666666666667,0.2502227270073868,0.2500989346472245,True
BH14,-0.4666666666666667,0.9166666666666667,0.25863721821777186,0.25850687887719426,True
BH14,-0.44999999999999996,0.9166666666666667,0.26707272125212267,0.2669700811608869,True
BH14,-0.43333333333333335,0.9166666666666667,0.2755291672659394,0.2754333400198666,True
BH14,-0.41666666666666663,0.9166666666666667,0.284004655537358,0.28389665562035493,True
BH14,-0.4,0.9166666666666667,0.29249958661416275,0.2923600281292252,True
BH14,-0.3833333333333333,0.9166666666666667,0.30101262947790774,0.3008945451084188,True
BH14,-0.3666666666666667,0.9166666666666667,0.30954184316065114,0.30944346975273684,True
BH14,-0.35,0.9166666666666667,0.31808972026939175,0.31799243035260905,True
BH14,-0.33333333333333337,0.9166666666666667,0.3266522920390663,0.32654142696857297,True
BH14,-0.31666666666666665,0.9166666666666667,0.3352300718626605,0.33510284941525914,True
BH14,-0.30000000000000004,0.9166666666666667,0.3438221549217596,0.3437202687271541,True
BH14,-0.2833333333333333,0.9166666666666667,0.35242739105995985,0.3523377069431757,True
BH14,-0.2666666666666667,0.9166666666666667,0.36104561097081433,0.36095516408071127,True
BH14,-0.25,0.9166666666666667,0.3696752136651472,0.36957264015716995,True
BH14,-0.2333333333333334,0.9166666666666667,0.37831561015311743,0.3782158379322634,True
BH14,-0.21666666666666667,0.9166666666666667,0.3869662248959837,0.38688390019600294,True
BH14,-0.19999999999999996,0.9166666666666667,0.39562621399358255,0.3955519712972728,True
BH14,-0.18333333333333335,0.9166666666666667,0.404294378507955,0.40422005124029625,True
BH14,-0.16666666666666663,0.9166666666666667,0.4129705980266043,0.4128881400292997,True
BH14,-0.15000000000000002,0.9166666666666667,0.4216537876076232,0.4215836968638245,True
BH14,-0.1333333333333333,0.9166666666666667,0.43034313169213906,0.43028512763393556,True
BH14,-0.1166666666666667,0.9166666666666667,0.43903848605235424,0.4389865622790674,True
BH14,-0.09999999999999998,0.9166666666666667,0.44773841840977147,0.44768800080013627,True
BH14,-0.08333333333333337,0.9166666666666667,0.45644214852042264,0.4563917290795398,True
BH14,-0.06666666666666665,0.9166666666666667,0.46514963725036507,0.46511023935197787,True
BH14,-0.050000000000000044,0.9166666666666667,0.4738598669081948,0.47382875128373025,True
BH14,-0.033333333333333326,0.9166666666666667,0.4825719064676265,0.4825472648749825,True
BH14,-0.01666666666666672,0.9166666666666667,0.49128543194996793,0.49126578012592004,True
BH14,0.0,0.9166666666666667,0.49999972891523303,0.49998495883528404,True
BH14,0.016666666666666607,0.9166666666666667,0.5087140234583725,0.5087049756237281,True
BH14,0.033333333333333215,0.9166666666666667,0.5174275641336722,0.5174249931136857,True
BH14,0.050000000000000044,0.9166666666666667,0.5261397174496504,0.526145011305192,True
BH14,0.06666666666666665,0.9166666666666667,0.5348498651665058,0.5348650301982811,True
BH14,0.08333333333333326,0.9166666666666667,0.5435574441134182,0.5435745621916206,True
BH14,0.10000000000000009,0.9166666666666667,0.5522612775504578,0.5522805498648965,True
BH14,0.1166666666666667,0.9166666666666667,0.5609612549804405,0.5609865376252628,True
BH14,0.1333333333333333,0.9166666666666667,0.5696562119463437,0.5696925254727196,True
BH14,0.1499999999999999,0.9166666666666667,0.5783455980610819,0.5783969828194052,True
BH14,0.16666666666666674,0.9166666666666667,0.5870289849143762,0.5870727439653802,True
BH14,0.18333333333333335,0.9166666666666667,0.5957050637142887,0.5957485031194898,True
BH14,0.19999999999999996,0.9166666666666667,0.6043734180017242,0.6044242602820429,True
BH14,0.21666666666666656,0.9166666666666667,0.6130333862941163,0.613100015453348,True
BH14,0.2333333333333334,0.9166666666666667,0.6216839207562529,0.6217592868908797,True
BH14,0.25,0.9166666666666667,0.6303243677298282,0.6303873717381363,True
BH14,0.2666666666666666,0.9166666666666667,0.6389538731748949,0.6390154465599716,True
BH14,0.2833333333333332,0.9166666666666667,0.6475721182551449,0.647643511362539,True
BH14,0.30000000000000004,0.9166666666666667,0.6561772044383958,0.6562715661519875,True
BH14,0.31666666666666665,0.9166666666666667,0.6647693454304764,0.6648584954983515,True
BH14,0.33333333333333326,0.9166666666666667,0.6733473477348975,0.6734200525817348,True
BH14,0.3500000000000001,0.9166666666666667,0.6819098154288905,0.6819815835463798,True
BH14,0.3666666666666667,0.9166666666666667,0.6904567758546498,0.6905430884289743,True
BH14,0.3833333333333333,0.9166666666666667,0.6989872826519541,0.6991045672661361,True
BH14,0.3999999999999999,0.9166666666666667,0.7075001409915624,0.7075929491144574,True
BH14,0.41666666666666674,0.9166666666666667,0.7159945612582356,0.7160686204924808,True
BH14,0.43333333333333335,0.9166666666666667,0.7244702757105573,0.7245442531442101,True
BH14,0.44999999999999996,0.9166666666666667,0.7329267229502406,0.7330198471543931,True
BH14,0.46666666666666656,0.9166666666666667,0.7413622871479443,0.741490796411685,True
BH14,0.4833333333333334,0.9166666666666667,0.7497768627726227,0.7498632510822771,True
BH14,0.5,0.9166666666666667,0.7581697515999248,0.7582356743394294,True
BH14,0.5166666666666666,0.9166666666666667,0.766539767327667,0.7666080662636421,True
BH14,0.5333333333333332,0.9166666666666667,0.7748874884647972,0.7749804269351404,True
BH14,0.55,0.9166666666666667,0.7832118870439614,0.7833267035119615,True
BH14,0.5666666666666667,0.9166666666666667,0.7915128818320204,0.7915776809021839,True
BH14,0.5833333333333333,0.9166666666666667,0.7997896740974588,0.7998286484532058,True
BH14,0.6000000000000001,0.9166666666666667,0.8080419377832703,0.8080796061946554,True
BH14,0.6166666666666667,0.9166666666666667,0.8162699114603231,0.816330554156042,True
BH14,0.6333333333333333,0.9166666666666667,0.8244745829830303,0.8245814923667569,True
BH14,0.6499999999999999,0.9166666666666667,0.8326543539817882,0.8327195027293625,True
BH14,0.6666666666666667,0.9166666666666667,0.8408100157153717,0.8408401146565634,True
BH14,0.6833333333333333,0.9166666666666667,0.8489425297437728,0.8489607482349393,True
BH14,0.7,0.9166666666666667,0.8570508330825726,0.8570814034165859,True
BH14,0.7166666666666666,0.9166666666666667,0.8651362505656427,0.8652020801537404,True
BH14,0.7333333333333334,0.9166666666666667,0.873199052210747,0.8732645671543874,True
BH14,0.75,0.9166666666666667,0.8812407669085168,0.8812660455635579,True
BH14,0.7666666666666666,0.9166666666666667,0.8892611129273862,0.8892675238992691,True
BH14,0.7833333333333332,0.9166666666666667,0.8972615003281339,0.897269002161549,True
BH14,0.8,0.9166666666666667,0.9052426953092827,0.905270480350425,True
BH14,0.8166666666666667,0.9166666666666667,0.9132063605804992,0.9132699344733911,True
BH14,0.8333333333333333,0.9166666666666667,0.9211521593326752,0.9211796113473671,True
BH14,0.8499999999999999,0.9166666666666667,0.9290830850675036,0.9290892773236308,True
BH14,0.8666666666666667,0.9166666666666667,0.9369999172113407,0.9369989323948757,True
BH14,0.8833333333333333,0.9166666666666667,0.9449037693217845,0.9449085765537883,True
BH14,0.8999999999999999,0.9166666666666667,0.9527963175472122,0.9528182097930491,True
BH14,0.9166666666666667,0.9166666666666667,0.9606784865986394,0.9607014501586317,True
BH14,0.9333333333333333,0.9166666666666667,0.9685529235910189,0.968561209053781,True
BH14,0.95,0.9166666666666667,0.9764206174989472,0.9764209435125469,True
BH14,0.9666666666666666,0.9166666666666667,0.9842831357353429,0.984280653507895,True
BH14,0.9833333333333334,0.9166666666666667,0.992142365210738,0.9921403390127507,True
BH14,1.0,0.9166666666666667,1.0,0.9999999999999999,True
BH14,-1.0,0.9333333333333333,1.3130710069774257e-17,-7.928290563039428e-18,True
BH14,-0.9833333333333333,0.9333333333333333,0.007864820136717608,0.007861332430740478,True
BH14,-0.9666666666666667,0.9333333333333333,0.01573124710486954,0.015722688763176583,True
BH14,-0.95,0.9333333333333333,0.023601133989002168,0.02358406894252495,True
BH14,-0.9333333333333333,0.9333333333333333,0.03147554624207078,0.031445472914168555,True
BH14,-0.9166666666666666,0.9333333333333333,0.03935686509666549,0.039322216002920976,True
BH14,-0.9,0.9333333333333333,0.04724636192012023,0.04721710284659114,True
BH14,-0.8833333333333333,0.9333333333333333,0.05514471057329358,0.055112014927713456,True
BH14,-0.8666666666666667,0.9333333333333333,0.06305509648266919,0.06300695217829663,True
BH14,-0.85,0.9333333333333333,0.07097732510383914,0.070901914530593,True
BH14,-0.8333333333333334,0.9333333333333333,0.07891471421262106,0.07885611945164486,True
BH14,-0.8166666666666667,0.9333333333333333,0.08686669108086176,0.08681456306757784,True
BH14,-0.8,0.9333333333333333,0.09483491146687975,0.09477301721255971,True
BH14,-0.7833333333333333,0.9333333333333333,0.10282052285306814,0.10273148187139361,True
BH14,-0.7666666666666666,0.9333333333333333,0.1108255875888646,0.11072826966268343,True
BH14,-0.75,0.9333333333333333,0.11884999921622685,0.118773942985317,True
BH14,-0.7333333333333334,0.9333333333333333,0.12689454298060782,0.12681959741273044,True
BH14,-0.7166666666666667,0.9333333333333333,0.1349603633572266,0.1348652328629249,True
BH14,-0.7,0.9333333333333333,0.14304876616972875,0.14291084925342654,True
BH14,-0.6833333333333333,0.9333333333333333,0.15115894857521348,0.15105462503745318,True
BH14,-0.6666666666666667,0.9333333333333333,0.15929318904352846,0.15920220089902748,True
BH14,-0.65,0.9333333333333333,0.1674493866835019,0.16734976962370712,True
BH14,-0.6333333333333333,0.9333333333333333,0.17563036646331345,0.1754973311769283,True
BH14,-0.6166666666666667,0.9333333333333333,0.18383426611649323,0.18369853380150278,True
BH14,-0.6,0.9333333333333333,0.19206302518772678,0.19195434342860268,True
BH14,-0.5833333333333333,0.9333333333333333,0.2003156893553108,0.2002101595588368,True
BH14,-0.5666666666666667,0.9333333333333333,0.20859138268106275,0.20846598223226503,True
BH14,-0.55,0.9333333333333333,0.2168909130892164,0.21672286105872418,True
BH14,-0.5333333333333333,0.9333333333333333,0.22521403651699495,0.22508549162275376,True
BH14,-0.5166666666666666,0.9333333333333333,0.23355888084950463,0.23344813828142796,True
BH14,-0.5,0.9333333333333333,0.24192767725240094,0.24181080111968314,True
BH14,-0.4833333333333334,0.9333333333333333,0.25031822892433214,0.25017348022305375,True
BH14,-0.4666666666666667,0.9333333333333333,0.25873038790315717,0.2585802953233325,True
BH14,-0.44999999999999996,0.9333333333333333,0.26716275289319924,0.2670415786255861,True
BH14,-0.43333333333333335,0.9333333333333333,0.2756151570993079,0.2755028765043187,True
BH14,-0.41666666666666663,0.9333333333333333,0.2840876968187227,0.28396418900793025,True
BH14,-0.4,0.9333333333333333,0.29258067247829345,0.29242551618503476,True
BH14,-0.3833333333333333,0.9333333333333333,0.30108970344444785,0.30095767272452784,True
BH14,-0.3666666666666667,0.9333333333333333,0.30961676116779047,0.30950394864646097,True
BH14,-0.35,0.9333333333333333,0.31816052622211133,0.31805023402841126,True
BH14,-0.33333333333333337,0.9333333333333333,0.3267200237654866,0.3265965288880391,True
BH14,-0.31666666666666665,0.9333333333333333,0.33529409074486793,0.33515531488771794,True
BH14,-0.30000000000000004,0.9333333333333333,0.34388204034758657,0.34376986211954297,True
BH14,-0.2833333333333333,0.9333333333333333,0.35248436387109494,0.35238441435177015,True
BH14,-0.2666666666666667,0.9333333333333333,0.3610981082725209,0.36099897158924965,True
BH14,-0.25,0.9333333333333333,0.36972430514230636,0.36961353383683837,True
BH14,-0.2333333333333334,0.9333333333333333,0.37836134549140404,0.3782539057521343,True
BH14,-0.21666666666666667,0.9333333333333333,0.3870083086921602,0.3869191280667137,True
BH14,-0.19999999999999996,0.9333333333333333,0.39566484015308456,0.39558435273387027,True
BH14,-0.18333333333333335,0.9333333333333333,0.40432982204578904,0.4042495797547189,True
BH14,-0.16666666666666663,0.9333333333333333,0.4130026466397977,0.412914809130375,True
BH14,-0.15000000000000002,0.9333333333333333,0.42168250038431937,0.42160764470820783,True
BH14,-0.1333333333333333,0.9333333333333333,0.4303686595275372,0.4303063633620186,True
BH14,-0.1166666666666667,0.9333333333333333,0.4390603109652148,0.439005083053275,True
BH14,-0.09999999999999998,0.9333333333333333,0.44775704799535254,0.447703803782206,True
BH14,-0.08333333333333337,0.9333333333333333,0.4564577804966437,0.4564048278334324,True
BH14,-0.06666666666666665,0.9333333333333333,0.46516225959764856,0.4651207275430401,True
BH14,-0.050000000000000044,0.9333333333333333,0.47386913094290595,0.4738366276969622,True
BH14,-0.033333333333333326,0.9333333333333333,0.48257813184325277,0.48255252829524237,True
BH14,-0.01666666666666672,0.9333333333333333,0.4912886730991941,0.49126842933792414,True
BH14,0.0,0.9333333333333333,0.49999976989336337,0.49998499682932535,True
BH14,0.016666666666666607,0.9333333333333333,0.5087108482879212,0.5087024075165063,True
BH14,0.033333333333333215,0.9333333333333333,0.517421245058988,0.5174198183914096,True
BH14,0.050000000000000044,0.9333333333333333,0.5261303697800532,0.5261372294540432,True
BH14,0.06666666666666665,0.9333333333333333,0.5348372688217949,0.5348546407044146,True
BH14,0.08333333333333326,0.9333333333333333,0.5435416354251892,0.5435615000144132,True
BH14,0.10000000000000009,0.9333333333333333,0.5522424415895344,0.5522647852967186,True
BH14,0.1166666666666667,0.9333333333333333,0.5609391394623913,0.5609680706038499,True
BH14,0.1333333333333333,0.9333333333333333,0.5696309729639504,0.5696713559358073,True
BH14,0.1499999999999999,0.9333333333333333,0.5783168658925529,0.578373129202562,True
BH14,0.16666666666666674,0.9333333333333333,0.5869967135797518,0.5870460278622595,True
BH14,0.18333333333333335,0.9333333333333333,0.595669677083898,0.5957189260024871,True
BH14,0.19999999999999996,0.9333333333333333,0.6043351198197822,0.6043918236232999,True
BH14,0.21666666666666656,0.9333333333333333,0.6129912340023876,0.613064720724753,True
BH14,0.2333333333333334,0.9333333333333333,0.6216381985964823,0.6217211682478699,True
BH14,0.25,0.9333333333333333,0.6302751657919345,0.6303462992427729,True
BH14,0.2666666666666666,0.9333333333333333,0.6389013588235126,0.6389714276310098,True
BH14,0.2833333333333332,0.9333333333333333,0.6475159203792052,0.6475965534139088,True
BH14,0.30000000000000004,0.9333333333333333,0.6561173278273373,0.6562216765927962,True
BH14,0.31666666666666665,0.9333333333333333,0.6647063640736637,0.6648058322341719,True
BH14,0.33333333333333326,0.9333333333333333,0.6732800278832056,0.6733645807262646,True
BH14,0.3500000000000001,0.9333333333333333,0.6818394804337558,0.6819233224907104,True
BH14,0.3666666666666667,0.9333333333333333,0.6903825855380353,0.6904820575364615,True
BH14,0.3833333333333333,0.9333333333333333,0.6989096811644431,0.6990407858724548,True
BH14,0.3999999999999999,0.9333333333333333,0.7074189293743252,0.7075268475887885,True
BH14,0.41666666666666674,0.9333333333333333,0.7159105668277905,0.7160002846657417,True
BH14,0.43333333333333335,0.9333333333333333,0.7243834445774717,0.7244737121048008,True
BH14,0.44999999999999996,0.9333333333333333,0.7328367149854536,0.7329471299273087,True
BH14,0.46666666666666656,0.9333333333333333,0.7412694567859422,0.7414158196783344,True
BH14,0.4833333333333334,0.9333333333333333,0.7496815157652315,0.7497870044317387,True
BH14,0.5,0.9333333333333333,0.7580720568725015,0.7581581818117381,True
BH14,0.5166666666666666,0.9333333333333333,0.7664399492814788,0.7665293518373419,True
BH14,0.5333333333333332,0.9333333333333333,0.7747860379434495,0.7749005145274944,True
BH14,0.55,0.9333333333333333,0.7831084103561746,0.783245650907592,True
BH14,0.5666666666666667,0.9333333333333333,0.7914081480707866,0.7914968541773102,True
BH14,0.5833333333333333,0.9333333333333333,0.7996842928035958,0.7997480557346581,True
BH14,0.6000000000000001,0.9333333333333333,0.8079363162064973,0.8079992555851283,True
BH14,0.6166666666666667,0.9333333333333333,0.8161646266528197,0.8162504537341893,True
BH14,0.6333333333333333,0.9333333333333333,0.8243691545386679,0.8245016501872864,True
BH14,0.6499999999999999,0.9333333333333333,0.8325501007335044,0.8326412753295293,True
BH14,0.6666666666666667,0.9333333333333333,0.8407071641561454,0.8407636401796779,True
BH14,0.6833333333333333,0.9333333333333333,0.8488408936421603,0.8488860109114306,True
BH14,0.7,0.9333333333333333,0.8569514712969097,0.8570083875113679,True
BH14,0.7166666666666666,0.9333333333333333,0.8650391694070243,0.865130769966111,True
BH14,0.7333333333333334,0.9333333333333333,0.8731056409634719,0.8731958136551223,True
BH14,0.75,0.9333333333333333,0.8811503162653587,0.8812003638825165,True
BH14,0.7666666666666666,0.9333333333333333,0.889174047722594,0.889204914007105,True
BH14,0.7833333333333332,0.9333333333333333,0.8971791657804213,0.8972094640288866,True
BH14,0.8,0.9333333333333333,0.9051655231081561,0.9052140139478595,True
BH14,0.8166666666666667,0.9333333333333333,0.9131333551256378,0.9132164531715112,True
BH14,0.8333333333333333,0.9333333333333333,0.9210856739253517,0.9211305765320119,True
BH14,0.8499999999999999,0.9333333333333333,0.9290219283930374,0.9290446971735051,True
BH14,0.8666666666666667,0.9333333333333333,0.9369446973069959,0.9369588150951422,True
BH14,0.8833333333333333,0.9333333333333333,0.9448545599886089,0.9448729302960738,True
BH14,0.8999999999999999,0.9333333333333333,0.9527538550098371,0.9527870427754501,True
BH14,0.9166666666666667,0.9333333333333333,0.9606431578257275,0.9606751355344925,True
BH14,0.9333333333333333,0.9333333333333333,0.9685241455991224,0.9685401206222086,True
BH14,0.95,0.9333333333333333,0.9763990658465838,0.9764050996162862,True
BH14,0.9666666666666666,0.9333333333333333,0.9842686870872182,0.984270072513058,True
BH14,0.9833333333333334,0.9333333333333333,0.9921351012353865,0.9921350393088537,True
BH14,1.0,0.9333333333333333,1.0,1.0,True
BH14,-1.0,0.95,-4.988367604415116e-17,-3.5672530287377346e-17,True
BH14,-0.9833333333333333,0.95,0.007870476846192423,0.007865222829933082,True
BH14,-0.9666666666666667,0.95,0.01574251309156441,0.015730463619921222,True
BH14,-0.95,0.95,0.023617900156052613,0.0235957223287218,True
BH14,-0.9333333333333333,0.95,0.031497745340854214,0.031460998915217996,True
BH14,-0.9166666666666666,0.95,0.039384291335353004,0.039341536381719444,True
BH14,-0.9,0.95,0.04727906481900382,0.04723992035556719,True
BH14,-0.8833333333333333,0.95,0.05518331586894687,0.05513832328673842,True
BH14,-0.8666666666666667,0.95,0.06309780936593735,0.06303674512408164,True
BH14,-0.85,0.95,0.07102573081032088,0.07093518581662928,True
BH14,-0.8333333333333334,0.95,0.07896626592825298,0.07889249936154052,True
BH14,-0.8166666666666667,0.95,0.08692243862903504,0.08685367454668277,True
BH14,-0.8,0.95,0.094895037944351,0.09481485763199102,True
BH14,-0.7833333333333333,0.95,0.10288427211084654,0.10277604860605805,True
BH14,-0.7666666666666666,0.95,0.11089238998659297,0.11077558281386754,True
BH14,-0.75,0.95,0.11891919009211419,0.11882288993599144,True
BH14,-0.7333333333333334,0.95,0.12696667062914888,0.1268701828816718,True
BH14,-0.7166666666666667,0.95,0.13503497617816568,0.13491746158936674,True
BH14,-0.7,0.95,0.14312446490603836,0.14296472599717788,True
BH14,-0.6833333333333333,0.95,0.15123749256241806,0.15110973432766805,True
BH14,-0.6666666666666667,0.95,0.15937250091297042,0.1592578650436726,True
BH14,-0.65,0.95,0.16753044535288636,0.1674059904125258,True
BH14,-0.6333333333333333,0.95,0.17571178057064735,0.17555411040835886,True
BH14,-0.6166666666666667,0.95,0.18391519040563747,0.18375590803083802,True
BH14,-0.6,0.95,0.19214472049132716,0.19201131881197542,True
BH14,-0.5833333333333333,0.95,0.20039665037402066,0.20026673445918414,True
BH14,-0.5666666666666667,0.95,0.20867278391842387,0.2085221550023696,True
BH14,-0.55,0.95,0.21697085599260726,0.2167787546851203,True
BH14,-0.5333333333333333,0.95,0.22529239202330464,0.22514024120155435,True
BH14,-0.5166666666666666,0.95,0.23363704496261478,0.23350173979635697,True
BH14,-0.5,0.95,0.24200416815947623,0.24186325053330812,True
BH14,-0.4833333333333334,0.95,0.25039216806047027,0.2502247734766375,True
BH14,-0.4666666666666667,0.95,0.25880200757911553,0.25863042448966195,True
BH14,-0.44999999999999996,0.95,0.2672335314074495,0.2670900604644304,True
BH14,-0.43333333333333335,0.95,0.27568370784534835,0.27554970737365736,True
BH14,-0.41666666666666663,0.95,0.284154045145913,0.2840093652536566,True
BH14,-0.4,0.95,0.29264334352474286,0.29246903414090264,True
BH14,-0.3833333333333333,0.95,0.30115001363360366,0.30099953762999254,True
BH14,-0.3666666666666667,0.95,0.30967433486380125,0.30954391092648237,True
BH14,-0.35,0.95,0.31821541231832384,0.31808829131609906,True
BH14,-0.33333333333333337,0.95,0.32677233143604,0.32663267881208063,True
BH14,-0.31666666666666665,0.95,0.335343681394534,0.33518968915776176,True
BH14,-0.30000000000000004,0.95,0.3439288841875245,0.34380230041746257,True
BH14,-0.2833333333333333,0.95,0.3525279760011786,0.3524149154256204,True
BH14,-0.2666666666666667,0.95,0.3611397412875641,0.36102753418586925,True
BH14,-0.25,0.95,0.36976263488356287,0.36964015670184835,True
BH14,-0.2333333333333334,0.95,0.3783967129226755,0.37827869114815216,True
BH14,-0.21666666666666667,0.95,0.3870409163851097,0.3869420492846919,True
BH14,-0.19999999999999996,0.95,0.3956946351940598,0.39560540918486803,True
BH14,-0.18333333333333335,0.95,0.4043572993158496,0.404268770849516,True
BH14,-0.16666666666666663,0.95,0.41302742068551723,0.4129321342794715,True
BH14,-0.15000000000000002,0.95,0.42170471211503624,0.4216232048602824,True
BH14,-0.1333333333333333,0.95,0.430388367077209,0.43032015722990125,True
BH14,-0.1166666666666667,0.95,0.43907763846554576,0.43901711037738445,True
BH14,-0.09999999999999998,0.95,0.44777174759938887,0.4477140643029037,True
BH14,-0.08333333333333337,0.95,0.4564700866370991,0.4564133327875291,True
BH14,-0.06666666666666665,0.95,0.4651718960556168,0.4651275364231777,True
BH14,-0.050000000000000044,0.95,0.4738764411587673,0.47384174039200605,True
BH14,-0.033333333333333326,0.95,0.4825831013905112,0.48255594469404695,True
BH14,-0.01666666666666672,0.95,0.4912910385701499,0.491270149329333,True
BH14,0.0,0.95,0.4999997376415265,0.4999850221457474,True
BH14,0.016666666666666607,0.95,0.5087084018095004,0.5087007409388147,True
BH14,0.033333333333333215,0.95,0.5174164099276444,0.5174164598726471,True
BH14,0.050000000000000044,0.95,0.5261231354218563,0.5261321789472502,True
BH14,0.06666666666666665,0.95,0.5348275748224379,0.5348478981626301,True
BH14,0.08333333333333326,0.95,0.5435293821870189,0.5435530283092301,True
BH14,0.10000000000000009,0.95,0.5522278008293791,0.5522545633595455,True
BH14,0.1166666666666667,0.95,0.5609219919981963,0.5609560984284738,True
BH14,0.1333333333333333,0.95,0.5696111452802542,0.5696576335160156,True
BH14,0.1499999999999999,0.95,0.5782948613100094,0.5783576812380037,True
BH14,0.16666666666666674,0.95,0.5869719916685785,0.58702872868171,True
BH14,0.18333333333333335,0.95,0.5956420754537289,0.5956997757359742,True
BH14,0.19999999999999996,0.95,0.6043046108742569,0.6043708224008376,True
BH14,0.21666666666666656,0.95,0.6129581019354751,0.613041868676341,True
BH14,0.2333333333333334,0.95,0.6216025224788719,0.6216965194255831,True
BH14,0.25,0.95,0.6302370235838989,0.6303197317244981,True
BH14,0.2666666666666666,0.95,0.6388599059100042,0.6389429420683117,True
BH14,0.2833333333333332,0.95,0.6474712730095098,0.6475661504580197,True
BH14,0.30000000000000004,0.95,0.6560703470051888,0.6561893568946174,True
BH14,0.31666666666666665,0.95,0.6646560946798316,0.6647717131268414,True
BH14,0.33333333333333326,0.95,0.6732279184834901,0.6733285705835224,True
BH14,0.3500000000000001,0.95,0.6817838307056283,0.6818854229898779,True
BH14,0.3666666666666667,0.95,0.6903251037382607,0.6904422703526341,True
BH14,0.3833333333333333,0.95,0.6988497653891219,0.698999112678506,True
BH14,0.3999999999999999,0.95,0.7073559871276506,0.7074835162656464,True
BH14,0.41666666666666674,0.95,0.7158453280140332,0.7159553270121569,True
BH14,0.43333333333333335,0.95,0.7243156366826975,0.7244271305216088,True
BH14,0.44999999999999996,0.95,0.732765942779859,0.7328989268100479,True
BH14,0.46666666666666656,0.95,0.7411971001949856,0.7413658381204209,True
BH14,0.4833333333333334,0.95,0.7496070343419268,0.7497359524590755,True
BH14,0.5,0.95,0.7579956560624216,0.7581060612650903,True
BH14,0.5166666666666666,0.95,0.7663625850825058,0.766476164552736,True
BH14,0.5333333333333332,0.95,0.7747069084509243,0.7748462623362338,True
BH14,0.55,0.95,0.7830289072712204,0.7831902159635133,True
BH14,0.5666666666666667,0.95,0.7913273981459269,0.7914412185473468,True
BH14,0.5833333333333333,0.95,0.7996031697364738,0.7996922198488194,True
BH14,0.6000000000000001,0.95,0.8078545054638093,0.8079432198720387,True
BH14,0.6166666666666667,0.95,0.8160828662985968,0.8161942186210933,True
BH14,0.6333333333333333,0.95,0.8242872002889021,0.8244452161000559,True
BH14,0.6499999999999999,0.95,0.8324694815740387,0.8325856627982566,True
BH14,0.6666666666666667,0.95,0.840627242619414,0.8407089951798279,True
BH14,0.6833333333333333,0.95,0.8487622204157598,0.8488323319695148,True
BH14,0.7,0.95,0.8568745961377032,0.8569556731572671,True
BH14,0.7166666666666666,0.95,0.8649647112164179,0.8650790187330647,True
BH14,0.7333333333333334,0.95,0.8730329168996416,0.8731458085646568,True
BH14,0.75,0.95,0.88108036977831,0.8811526142384358,True
BH14,0.7666666666666666,0.95,0.8891073623230141,0.8891594198349586,True
BH14,0.7833333333333332,0.95,0.8971153139218287,0.8971662253542241,True
BH14,0.8,0.95,0.9051049894522466,0.9051730307962308,True
BH14,0.8166666666666667,0.95,0.9130775169287955,0.9131775472510777,True
BH14,0.8333333333333333,0.95,0.921033250411704,0.9210949429783324,True
BH14,0.8499999999999999,0.95,0.9289744223071801,0.9290123366679099,True
BH14,0.8666666666666667,0.95,0.9369020130638792,0.9369297283191746,True
BH14,0.8833333333333333,0.95,0.9448170571905126,0.9448471179314905,True
BH14,0.8999999999999999,0.95,0.9527207503279618,0.9527645055042213,True
BH14,0.9166666666666667,0.95,0.9606154188005545,0.9606561111483269,True
BH14,0.9333333333333333,0.95,0.9685020088487614,0.9685248980604588,True
BH14,0.95,0.95,0.9763820797557292,0.976393680404441,True
BH14,0.9666666666666666,0.95,0.9842574754901384,0.9842624581775258,True
BH14,0.9833333333333334,0.95,0.9921294631552677,0.9921312313769628,True
BH14,1.0,0.95,1.0,1.0,True
BH14,-1.0,0.9666666666666666,2.6022378301775133e-17,2.7741585698615655e-17,True
BH14,-0.9833333333333333,0.9666666666666666,0.007874421881881906,0.007869118120699795,True
BH14,-0.9666666666666667,0.9666666666666666,0.015750405445221875,0.015738248237348408,True
BH14,-0.95,0.9666666666666666,0.023629685648224867,0.023607390322347124,True
BH14,-0.9333333333333333,0.9666666666666666,0.031513628744565966,0.031476544348181285,True
BH14,-0.9166666666666666,0.9666666666666666,0.03940387426313141,0.039360878371297175,True
BH14,-0.9,0.9666666666666666,0.047302463205107725,0.0472627630599495,True
BH14,-0.8833333333333333,0.9666666666666666,0.055209970782880716,0.055164660406346995,True
BH14,-0.8666666666666667,0.9666666666666666,0.06312836511579911,0.06306657037628294,True
BH14,-0.85,0.9666666666666666,0.07105902868531488,0.070968492935674,True
BH14,-0.8333333333333334,0.9666666666666666,0.07900292653916614,0.07892890835939935,True
BH14,-0.8166666666666667,0.9666666666666666,0.08696213308275687,0.08689281587941931,True
BH14,-0.8,0.9666666666666666,0.09493711571186042,0.09485672866847088,True
BH14,-0.7833333333333333,0.9666666666666666,0.10292975757801395,0.1028206467189425,True
BH14,-0.7666666666666666,0.9666666666666666,0.11093990236764803,0.11082291517255016,True
BH14,-0.75,0.9666666666666666,0.11896924537667698,0.11887185650785276,True
BH14,-0.7333333333333334,0.9666666666666666,0.12701846550990115,0.12692078838883897,True
BH14,-0.7166666666666667,0.9666666666666666,0.13508848536002932,0.13496971077445255,True
BH14,-0.7,0.9666666666666666,0.14317991405225122,0.1430186236233989,True
BH14,-0.6833333333333333,0.9666666666666666,0.15129322143475718,0.15116485025074156,True
BH14,-0.6666666666666667,0.9666666666666666,0.1594289235050944,0.1593135354510109,True
BH14,-0.65,0.9666666666666666,0.1675873704015453,0.16746221709018771,True
BH14,-0.6333333333333333,0.9666666666666666,0.17576916758028313,0.17561089515106187,True
BH14,-0.6166666666666667,0.9666666666666666,0.18397467223409897,0.18381327878965292,True
BH14,-0.6,0.9666666666666666,0.1922031151144813,0.19206829133140835,True
BH14,-0.5833333333333333,0.9666666666666666,0.2004542054455543,0.20032330710971472,True
BH14,-0.5666666666666667,0.9666666666666666,0.20872903523650946,0.2085783261444163,True
BH14,-0.55,0.9666666666666666,0.21702753820087028,0.21683464546524073,True
BH14,-0.5333333333333333,0.9666666666666666,0.2253487303158727,0.225194987463272,True
BH14,-0.5166666666666666,0.9666666666666666,0.2336924738014281,0.23355533751847649,True
BH14,-0.5,0.9666666666666666,0.24205790334191296,0.24191569567342608,True
BH14,-0.4833333333333334,0.9666666666666666,0.25044506147688245,0.25027606197099317,True
BH14,-0.4666666666666667,0.9666666666666666,0.2588533749911798,0.2586805464356145,True
BH14,-0.44999999999999996,0.9666666666666666,0.2672822183146324,0.267138534864262,True
BH14,-0.43333333333333335,0.9666666666666666,0.2757324333812773,0.27559653058394845,True
BH14,-0.41666666666666663,0.9666666666666666,0.28420040612225284,0.2840545336188921,True
BH14,-0.4,0.9666666666666666,0.2926874962543309,0.29251254399341853,True
BH14,-0.3833333333333333,0.9666666666666666,0.30119268911415403,0.30104139350294706,True
BH14,-0.3666666666666667,0.9666666666666666,0.30971604502642325,0.3095838645053564,True
BH14,-0.35,0.9666666666666666,0.3182543408976388,0.3181263402352601,True
BH14,-0.33333333333333337,0.9666666666666666,0.32680916179905517,0.3266688207014786,True
BH14,-0.31666666666666665,0.9666666666666666,0.3353785116576414,0.3352240556835602,True
BH14,-0.30000000000000004,0.9666666666666666,0.3439624286000164,0.3438347316032336,True
BH14,-0.2833333333333333,0.9666666666666666,0.35255904425237494,0.35244541002064944,True
BH14,-0.2666666666666667,0.9666666666666666,0.36116892427728264,0.361056090938228,True
BH14,-0.25,0.9666666666666666,0.3697901133291608,0.36966677435839307,True
BH14,-0.2333333333333334,0.9666666666666666,0.3784222846184875,0.3783034721283344,True
BH14,-0.21666666666666667,0.9666666666666666,0.38706452954570075,0.3869649666470492,True
BH14,-0.19999999999999996,0.9666666666666666,0.3957162098444835,0.3956264623409911,True
BH14,-0.18333333333333335,0.9666666666666666,0.40437682848301987,0.40428795921071614,True
BH14,-0.16666666666666663,0.9666666666666666,0.41304529846092664,0.41294945725678134,True
BH14,-0.15000000000000002,0.9666666666666666,0.42172064721988073,0.4216387633246549,True
BH14,-0.1333333333333333,0.9666666666666666,0.43040257322874576,0.43033394974265304,True
BH14,-0.1166666666666667,0.9666666666666666,0.43908985594239947,0.439029136679081,True
BH14,-0.09999999999999998,0.9666666666666666,0.4477823157179035,0.44772432413405294,True
BH14,-0.08333333333333337,0.9666666666666666,0.45647879720073425,0.45642183738203557,True
BH14,-0.06666666666666665,0.9666666666666666,0.4651788115072427,0.4651343451337405,True
BH14,-0.050000000000000044,0.9666666666666666,0.47388155964712175,0.47384685310752783,True
BH14,-0.033333333333333326,0.9666666666666666,0.48258652995861806,0.4825593613034196,True
BH14,-0.01666666666666672,0.9666666666666666,0.49129278059751047,0.49127186972143755,True
BH14,0.0,0.9666666666666666,0.4999997381225654,0.49998504806251104,True
BH14,0.016666666666666607,0.9666666666666666,0.5087066971060286,0.5086990751763156,True
BH14,0.033333333333333215,0.9666666666666666,0.5174129617442045,0.5174131023839459,True
BH14,0.050000000000000044,0.9666666666666666,0.5261178995972309,0.5261271296854055,True
BH14,0.06666666666666665,0.9666666666666666,0.5348207170148659,0.5348411570806982,True
BH14,0.08333333333333326,0.9666666666666666,0.5435207139698872,0.5435445584638885,True
BH14,0.10000000000000009,0.9666666666666666,0.5522172277862212,0.5522443436754279,True
BH14,0.1166666666666667,0.9666666666666666,0.56090970603955,0.5609441288993716,True
BH14,0.1333333333333333,0.9666666666666666,0.5695971075766157,0.5696439141357201,True
BH14,0.1499999999999999,0.9666666666666666,0.5782791763438101,0.5783422369086928,True
BH14,0.16666666666666674,0.9666666666666666,0.586954337258007,0.5870114336436696,True
BH14,0.18333333333333335,0.9666666666666666,0.5956226280563994,0.5956806301191249,True
BH14,0.19999999999999996,0.9666666666666666,0.6042833742344226,0.6043498263350862,True
BH14,0.21666666666666656,0.9666666666666666,0.6129348287240409,0.613019022291581,True
BH14,0.2333333333333334,0.9666666666666666,0.6215772721020995,0.6216718767999672,True
BH14,0.25,0.9666666666666666,0.6302099139386333,0.6302931703350894,True
BH14,0.2666666666666666,0.9666666666666666,0.6388310017268686,0.6389144625667429,True
BH14,0.2833333333333332,0.9666666666666666,0.6474402545731518,0.6475357534955912,True
BH14,0.30000000000000004,0.9666666666666666,0.6560369098892735,0.6561570431222983,True
BH14,0.31666666666666665,0.9666666666666666,0.6646211266624774,0.6647375991400566,True
BH14,0.33333333333333326,0.9666666666666666,0.6731903240456094,0.6732925644116103,True
BH14,0.3500000000000001,0.9666666666666666,0.6817452980553566,0.6818475263132165,True
BH14,0.3666666666666667,0.9666666666666666,0.6902837138620949,0.6904024848493673,True
BH14,0.3833333333333333,0.9666666666666666,0.6988066758209925,0.6989574400245474,True
BH14,0.3999999999999999,0.9666666666666666,0.7073116673855069,0.7074401841549298,True
BH14,0.41666666666666674,0.9666666666666666,0.715798746453379,0.7159103672750026,True
BH14,0.43333333333333335,0.9666666666666666,0.724267640606409,0.724380545564602,True
BH14,0.44999999999999996,0.9666666666666666,0.7327174159460306,0.7328507190344506,True
BH14,0.46666666666666656,0.9666666666666666,0.7411460036847854,0.7413158526566997,True
BH14,0.4833333333333334,0.9666666666666666,0.7495542520131149,0.7496848962499745,True
BH14,0.5,0.9666666666666666,0.7579412560300943,0.7580539361530976,True
BH14,0.5166666666666666,0.9666666666666666,0.7663073822949192,0.7664229723755918,True
BH14,0.5333333333333332,0.9666666666666666,0.7746505005034026,0.7747920049269468,True
BH14,0.55,0.9666666666666666,0.7829713721122544,0.7831347800295203,True
BH14,0.5666666666666667,0.9666666666666666,0.7912697581029003,0.7913855821284412,True
BH14,0.5833333333333333,0.9666666666666666,0.7995452975240003,0.7996363833737304,True
BH14,0.6000000000000001,0.9666666666666666,0.8077964102160776,0.8078871837681181,True
BH14,0.6166666666666667,0.9666666666666666,0.8160247975755255,0.8161379833143219,True
BH14,0.6333333333333333,0.9666666666666666,0.8242302033744072,0.8243887820150486,True
BH14,0.6499999999999999,0.9666666666666666,0.8324117332504914,0.8325300497358914,True
BH14,0.6666666666666667,0.9666666666666666,0.8405702802198319,0.8406543491975305,True
BH14,0.6833333333333333,0.9666666666666666,0.8487067401135727,0.8487786515958571,True
BH14,0.7,0.9666666666666666,0.8568192997677867,0.8569029569241804,True
BH14,0.7166666666666666,0.9666666666666666,0.8649114714631845,0.8650272651758301,True
BH14,0.7333333333333334,0.9666666666666666,0.8729820448157244,0.8730957989214021,True
BH14,0.75,0.9666666666666666,0.8810311138976683,0.8811048630072644,True
BH14,0.7666666666666666,0.9666666666666666,0.8890603163143123,0.8891139270415213,True
BH14,0.7833333333333332,0.9666666666666666,0.8970707177639666,0.8971229910241713,True
BH14,0.8,0.9666666666666666,0.9050621880204104,0.905132054955214,True
BH14,0.8166666666666667,0.9666666666666666,0.9130374829568794,0.9131386560716184,True
BH14,0.8333333333333333,0.9666666666666666,0.9209966520103059,0.9210593224787849,True
BH14,0.8499999999999999,0.9666666666666666,0.9289409242153301,0.9289799875285509,True
BH14,0.8666666666666667,0.9666666666666666,0.9368715887555802,0.9369006512204938,True
BH14,0.8833333333333333,0.9666666666666666,0.9447902001484472,0.9448213135541901,True
BH14,0.8999999999999999,0.9666666666666666,0.9526978623471574,0.952741974529216,True
BH14,0.9166666666666667,0.9666666666666666,0.9605962713844987,0.9606370925352147,True
BH14,0.9333333333333333,0.9666666666666666,0.9684863210070986,0.9685096801199289,True
BH14,0.95,0.9666666666666666,0.9763703264126462,0.9763822646605955,True
BH14,0.9666666666666666,0.9666666666666666,0.984249616318996,0.9842548461553843,True
BH14,0.9833333333333334,0.9666666666666666,0.9921255521250174,0.9921274246024636,True
BH14,1.0,0.9666666666666666,0.9999999999999999,1.0,True
BH14,-1.0,0.9833333333333334,2.4778779544544904e-17,1.585021146434542e-17,True
BH14,-0.9833333333333333,0.9833333333333334,0.007876814683672875,0.007873018312264862,True
BH14,-0.9666666666666667,0.9833333333333334,0.015755181078960196,0.015746042633822007,True
BH14,-0.95,0.9833333333333334,0.0236365277400033,0.023619072950819883,True
BH14,-0.9333333333333333,0.9833333333333334,0.03152298523688461,0.031492109249449306,True
BH14,-0.9166666666666666,0.9833333333333334,0.03941561502254205,0.03938024200513961,True
BH14,-0.9,0.9833333333333334,0.04731602751463505,0.04728563099867174,True
BH14,-0.8833333333333333,0.9833333333333334,0.055226121380464,0.05519102633086123,True
BH14,-0.8666666666666667,0.9833333333333334,0.0631465945943312,0.06309642798455159,True
BH14,-0.85,0.9833333333333334,0.07107867268209478,0.07100183594264885,True
BH14,-0.8333333333333334,0.9833333333333334,0.07902490292415404,0.07896534645768934,True
BH14,-0.8166666666666667,0.9833333333333334,0.08698563755892519,0.08693198707856492,True
BH14,-0.8,0.9833333333333334,0.09496216972940585,0.09489863033508403,True
BH14,-0.7833333333333333,0.9833333333333334,0.1029564308391443,0.1028652762234376,True
BH14,-0.7666666666666666,0.9833333333333334,0.11096762256703178,0.1108702667455197,True
BH14,-0.75,0.9833333333333334,0.11899902184758618,0.11892084270786427,True
BH14,-0.7333333333333334,0.9833333333333334,0.1270496400337214,0.12697141394137268,True
BH14,-0.7166666666666667,0.9833333333333334,0.13512007164064826,0.13502198042550284,True
BH14,-0.7,0.9833333333333334,0.1432123792858742,0.14307254213959283,True
BH14,-0.6833333333333333,0.9833333333333334,0.15132694104089253,0.15121997279986926,True
BH14,-0.6666666666666667,0.9833333333333334,0.1594632117073838,0.1593692121145865,True
BH14,-0.65,0.9833333333333334,0.16762154621287995,0.16751844965059248,True
BH14,-0.6333333333333333,0.9833333333333334,0.17580405395630597,0.17566768539929992,True
BH14,-0.6166666666666667,0.9833333333333334,0.18400898289903223,0.18387064608591822,True
BH14,-0.6,0.9833333333333334,0.19223742299348948,0.1921252609935194,True
BH14,-0.5833333333333333,0.9833333333333334,0.200489438665469,0.20037987751565922,True
BH14,-0.5666666666666667,0.9833333333333334,0.2087638071904941,0.20863449566221381,True
BH14,-0.55,0.9833333333333334,0.21706135802808618,0.21689053339735276,True
BH14,-0.5333333333333333,0.9833333333333334,0.225382237520166,0.22524973040587698,True
BH14,-0.5166666666666666,0.9833333333333334,0.23372469465523754,0.2336089314454536,True
BH14,-0.5,0.9833333333333334,0.2420897065631346,0.24196813653739438,True
BH14,-0.4833333333333334,0.9833333333333334,0.25047691296827534,0.2503273457031621,True
BH14,-0.4666666666666667,0.9833333333333334,0.2588845071040443,0.2587306611598082,True
BH14,-0.44999999999999996,0.9833333333333334,0.26731202787407643,0.2671870018236524,True
BH14,-0.43333333333333335,0.9833333333333334,0.27576098592643383,0.2756433461337162,True
BH14,-0.41666666666666663,0.9833333333333334,0.28422842129445036,0.28409969410211333,True
BH14,-0.4,0.9833333333333334,0.29271399257082176,0.29255604574101124,True
BH14,-0.3833333333333333,0.9833333333333334,0.30121864279866584,0.3010832403457878,True
BH14,-0.3666666666666667,0.9833333333333334,0.30974011202951646,0.3096238093853959,True
BH14,-0.35,0.9833333333333334,0.31827726680563195,0.3181643807881229,True
BH14,-0.33333333333333337,0.9833333333333334,0.32683134061489616,0.3267049545583769,True
BH14,-0.31666666666666665,0.9833333333333334,0.3353996996583508,0.3352584144689178,True
BH14,-0.30000000000000004,0.9833333333333334,0.3439818378365918,0.34386715568035364,True
BH14,-0.2833333333333333,0.9833333333333334,0.35257776042219907,0.35247589814004643,True
BH14,-0.2666666666666667,0.9833333333333334,0.3611861389362848,0.3610846418492055,True
BH14,-0.25,0.9833333333333334,0.36980631691903854,0.36969338680904135,True
BH14,-0.2333333333333334,0.9833333333333334,0.3784376530464598,0.37832824869467296,True
BH14,-0.21666666666666667,0.9833333333333334,0.3870788100689523,0.3869878801555259,True
BH14,-0.19999999999999996,0.9833333333333334,0.3957291939251006,0.39564751220372685,True
BH14,-0.18333333333333335,0.9833333333333334,0.4043887417564783,0.4043071448395543,True
BH14,-0.16666666666666663,0.9833333333333334,0.41305593995828044,0.41296677806328597,True
BH14,-0.15000000000000002,0.9833333333333334,0.4217300425290445,0.42165432010180226,True
BH14,-0.1333333333333333,0.9833333333333334,0.4304108216502024,0.4303477409006572,True
BH14,-0.1166666666666667,0.9833333333333334,0.43909721219074804,0.4390411619586535,True
BH14,-0.09999999999999998,0.9833333333333334,0.4477884486511588,0.4477345832758489,True
BH14,-0.08333333333333337,0.9833333333333334,0.45648404859766745,0.45643034161701224,True
BH14,-0.06666666666666665,0.9833333333333334,0.46518300611081664,0.46514115367475695,True
BH14,-0.050000000000000044,0.9833333333333334,0.4738846944618539,0.4738519658435243,True
BH14,-0.033333333333333326,0.9833333333333334,0.4825886081202372,0.48256277812332504,True
BH14,-0.01666666666666672,0.9833333333333334,0.4912938237532008,0.49127359051417036,True
BH14,0.0,0.9833333333333334,0.4999997387667181,0.4999850745795018,True
BH14,0.016666666666666607,0.9833333333333334,0.5087056581251501,0.508697410228854,True
BH14,0.033333333333333215,0.9833333333333334,0.5174108785706161,0.5174097459251098,True
BH14,0.050000000000000044,0.9833333333333334,0.5261147882266508,0.5261220816682717,True
BH14,0.06666666666666665,0.9833333333333334,0.5348165119952282,0.534834417458341,True
BH14,0.08333333333333326,0.9833333333333334,0.543515476952404,0.5435360904777617,True
BH14,0.10000000000000009,0.9833333333333334,0.5522110784900383,0.5522341262436066,True
BH14,0.1166666666666667,0.9833333333333334,0.5609022944920157,0.5609321620156513,True
BH14,0.1333333333333333,0.9833333333333334,0.5695886040523048,0.5696301977938965,True
BH14,0.1499999999999999,0.9833333333333334,0.5782695601525465,0.5783267962131351,True
BH14,0.16666666666666674,0.9833333333333334,0.586943631728154,0.5869941427464352,True
BH14,0.18333333333333335,0.9833333333333334,0.595610798787674,0.595661489150028,True
BH14,0.19999999999999996,0.9833333333333334,0.6042704301380554,0.6043288354239269,True
BH14,0.21666666666666656,0.9833333333333334,0.6129207330509345,0.6129961815681461,True
BH14,0.2333333333333334,0.9833333333333334,0.6215619872500555,0.6216472403713451,True
BH14,0.25,0.9833333333333334,0.6301934731521255,0.6302666150748666,True
BH14,0.2666666666666666,0.9833333333333334,0.6388132300608245,0.6388859891266193,True
BH14,0.2833333333333332,0.9833333333333334,0.6474215434549893,0.6475053625269356,True
BH14,0.30000000000000004,0.9833333333333334,0.6560178217353392,0.6561247352761475,True
BH14,0.31666666666666665,0.9833333333333334,0.6645999364616075,0.6647034902784839,True
BH14,0.33333333333333326,0.9833333333333334,0.6731685664051172,0.6732565622141422,True
BH14,0.3500000000000001,0.9833333333333334,0.6817220841077309,0.681809632463293,True
BH14,0.3666666666666667,0.9833333333333334,0.6902594696805205,0.6903627010281861,True
BH14,0.3833333333333333,0.9833333333333334,0.6987807190968283,0.6989157679110682,True
BH14,0.3999999999999999,0.9833333333333334,0.7072849972483477,0.7073968512556947,True
BH14,0.41666666666666674,0.9833333333333334,0.7157707213592097,0.7158654054517879,True
BH14,0.43333333333333335,0.9833333333333334,0.7242384267140697,0.7243339572297558,True
BH14,0.44999999999999996,0.9833333333333334,0.7326873333175592,0.7328025065949728,True
BH14,0.46666666666666656,0.9833333333333334,0.7411153752449703,0.7412658632853395,True
BH14,0.4833333333333334,0.9833333333333334,0.7495230805955395,0.7496338358024542,True
BH14,0.5,0.9833333333333334,0.7579107616932318,0.7580018064736301,True
BH14,0.5166666666666666,0.9833333333333334,0.7662748420843548,0.7663697753036329,True
BH14,0.5333333333333332,0.9833333333333334,0.7746177961320979,0.7747377422972119,True
BH14,0.55,0.9833333333333334,0.7829390033997932,0.783079343107094,True
BH14,0.5666666666666667,0.9833333333333334,0.7912358770230394,0.7913299449217704,True
BH14,0.5833333333333333,0.9833333333333334,0.7995107282054332,0.7995805463102673,True
BH14,0.6000000000000001,0.9833333333333334,0.8077623024171763,0.8078311472739458,True
BH14,0.6166666666666667,0.9833333333333334,0.8159899818071474,0.8160817478141609,True
BH14,0.6333333333333333,0.9833333333333334,0.8241951243472356,0.8243323479322616,True
BH14,0.6499999999999999,0.9833333333333334,0.8323779364607581,0.8324744361428056,True
BH14,0.6666666666666667,0.9833333333333334,0.840536802561805,0.840599702233473,True
BH14,0.6833333333333333,0.9833333333333334,0.8486732581687626,0.8487249697914567,True
BH14,0.7,0.9833333333333334,0.856787446957178,0.8568502388134169,True
BH14,0.7166666666666666,0.9833333333333334,0.8648792771827656,0.8649755092960221,True
BH14,0.7333333333333334,0.9833333333333334,0.8729505727060558,0.8730457847163723,True
BH14,0.75,0.9833333333333334,0.8810014794199406,0.8810571101858701,True
BH14,0.7666666666666666,0.9833333333333334,0.8890317473019073,0.8890684356295139,True
BH14,0.7833333333333332,0.9833333333333334,0.8970435012997482,0.8970797610473035,True
BH14,0.8,0.9833333333333334,0.9050378413737237,0.9050910864392383,True
BH14,0.8166666666666667,0.9833333333333334,0.913013926166822,0.9130997796217303,True
BH14,0.8333333333333333,0.9833333333333334,0.9209749080836329,0.9210237150232681,True
BH14,0.8499999999999999,0.9833333333333334,0.9289209756867624,0.9289476497466311,True
BH14,0.8666666666666667,0.9833333333333334,0.9368532894461978,0.9368715837916075,True
BH14,0.8833333333333333,0.9833333333333334,0.9447738943785198,0.9447955171579863,True
BH14,0.8999999999999999,0.9833333333333334,0.9526839667300366,0.952719449845556,True
BH14,0.9166666666666667,0.9833333333333334,0.9605841851768568,0.9606180796925303,True
BH14,0.9333333333333333,0.9833333333333334,0.9684767629540884,0.9684944667985166,True
BH14,0.95,0.9833333333333334,0.9763632485913066,0.9763708523831716,True
BH14,0.9666666666666666,0.9833333333333334,0.9842447634641235,0.9842472364455803,True
BH14,0.9833333333333334,0.9833333333333334,0.9921231662271549,0.9921236189848284,True
BH14,1.0,0.9833333333333334,1.0,1.0000000000000002,True
BH14,-1.0,1.0,-1.4745236560973042e-16,-7.131639709695425e-17,True
BH14,-0.9833333333333333,1.0,0.007877652978286678,0.007876923413875933,True
BH14,-0.9666666666666667,1.0,0.015756921745169447,0.01575384682775177,True
BH14,-0.95,1.0,0.023639142340242364,0.023630770241627644,True
BH14,-0.9333333333333333,1.0,0.03152653778090158,0.03150769365550355,True
BH14,-0.9166666666666666,1.0,0.03942008462528354,0.03939962731680084,True
BH14,-0.9,1.0,0.047320876787889196,0.047308524210747244,True
BH14,-0.8833333333333333,1.0,0.055231700764873645,0.05521742110469358,True
BH14,-0.8666666666666667,1.0,0.06315288643855349,0.06312631799863998,True
BH14,-0.85,1.0,0.0710857048696971,0.0710352148925864,True
BH14,-0.8333333333333334,1.0,0.07903321855542857,0.07900181366888528,True
BH14,-0.8166666666666667,1.0,0.08699460068074122,0.086971188156904,True
BH14,-0.8,1.0,0.09497129557506882,0.09494056264492272,True
BH14,-0.7833333333333333,1.0,0.10296631101815593,0.10290993713294146,True
BH14,-0.7666666666666666,1.0,0.1109783198582106,0.11091763753956797,True
BH14,-0.75,1.0,0.11900858841789722,0.11896984854299256,True
BH14,-0.7333333333333334,1.0,0.12706031607653095,0.12702205954641718,True
BH14,-0.7166666666666667,1.0,0.135131850969994,0.13507427054984178,True
BH14,-0.7,1.0,0.14322338040996394,0.14312648155326646,True
BH14,-0.6833333333333333,1.0,0.15133849976632405,0.1512751019682559,True
BH14,-0.6666666666666667,1.0,0.1594751181657736,0.15942489502795176,True
BH14,-0.65,1.0,0.16763346097067552,0.1675746880876476,True
BH14,-0.6333333333333333,1.0,0.17581682270148,0.17572448114734346,True
BH14,-0.6166666666666667,1.0,0.18402222783649466,0.18392800992758063,True
BH14,-0.6,1.0,0.19224932382730653,0.19218222780490674,True
BH14,-0.5833333333333333,1.0,0.20050167660069595,0.20043644568223296,True
BH14,-0.5666666666666667,1.0,0.20877631166122643,0.2086906635595591,True
BH14,-0.55,1.0,0.21707299462069266,0.21694641847972243,True
BH14,-0.5333333333333333,1.0,0.2253943432690811,0.2253044700273378,True
BH14,-0.5166666666666666,1.0,0.23373719605455673,0.2336625215749531,True
BH14,-0.5,1.0,0.24210083165512827,0.24202057312256833,True
BH14,-0.4833333333333334,1.0,0.2504879193904537,0.25037862467018357,True
BH14,-0.4666666666666667,1.0,0.2588953457428256,0.2587807686608605,True
BH14,-0.44999999999999996,1.0,0.2673226057765081,0.26723546134117265,True
BH14,-0.43333333333333335,1.0,0.27577136175217337,0.2756901540214848,True
BH14,-0.41666666666666663,1.0,0.2842384306593317,0.2841448467017969,True
BH14,-0.4,1.0,0.2927234579797755,0.2925995393821091,True
BH14,-0.3833333333333333,1.0,0.30122808806344786,0.30112507816091033,True
BH14,-0.3666666666666667,1.0,0.30974907094403137,0.3096637455689131,True
BH14,-0.35,1.0,0.31828559706631177,0.3182024129769157,True
BH14,-0.33333333333333337,1.0,0.32683910917774317,0.32674108038491834,True
BH14,-0.31666666666666665,1.0,0.3354070852515114,0.33529276551763715,True
BH14,-0.30000000000000004,1.0,0.34398873154876247,0.3438995726523178,True
BH14,-0.2833333333333333,1.0,0.3525848752194401,0.3525063797869986,True
BH14,-0.2666666666666667,1.0,0.36119272855470175,0.3611131869216794,True
BH14,-0.25,1.0,0.36981183669977996,0.3697199940563602,True
BH14,-0.2333333333333334,1.0,0.3784429226659147,0.37835302084915895,True
BH14,-0.21666666666666667,1.0,0.3870837687941071,0.3870107898118608,True
BH14,-0.19999999999999996,1.0,0.3957336870170248,0.39566855877456275,True
BH14,-0.18333333333333335,1.0,0.40439294125917896,0.4043263277372645,True
BH14,-0.16666666666666663,1.0,0.41305972472529295,0.4129840966999665,True
BH14,-0.15000000000000002,1.0,0.4217333783283239,0.4216698751922009,True
BH14,-0.1333333333333333,1.0,0.4304140114046031,0.43036153070429606,True
BH14,-0.1166666666666667,1.0,0.4391000094288677,0.439053186216391,True
BH14,-0.09999999999999998,1.0,0.44779063760048365,0.44774484172848605,True
BH14,-0.08333333333333337,1.0,0.45648588244370314,0.4564388454925194,True
BH14,-0.06666666666666665,1.0,0.46518448431271076,0.4651479620462556,True
BH14,-0.050000000000000044,1.0,0.4738857982575009,0.4738570785999917,True
BH14,-0.033333333333333326,1.0,0.48258935278314796,0.48256619515372795,True
BH14,-0.01666666666666672,1.0,0.49129419850103573,0.4912753117074641,True
BH14,0.0,1.0,0.4999997411916927,0.49998510169660554,True
BH14,0.016666666666666607,1.0,0.5087052876081022,0.5086957460962741,True
BH14,0.033333333333333215,1.0,0.5174101428034477,0.5174063904959428,True
BH14,0.050000000000000044,1.0,0.5261137110216669,0.5261170348956117,True
BH14,0.06666666666666665,1.0,0.5348150340619325,0.5348276792952804,True
BH14,0.08333333333333326,1.0,0.5435136233539553,0.5435276243502236,True
BH14,0.10000000000000009,1.0,0.5522088688556294,0.5522239110633229,True
BH14,0.1166666666666667,1.0,0.5608996012858618,0.560920197776422,True
BH14,0.1333333333333333,1.0,0.5695855698585917,0.5696164844895212,True
BH14,0.1499999999999999,1.0,0.5782661342636668,0.5783113591498369,True
BH14,0.16666666666666674,1.0,0.5869397870748602,0.5869768559883052,True
BH14,0.18333333333333335,1.0,0.5956065448956364,0.5956423528267732,True
BH14,0.19999999999999996,1.0,0.6042657640089767,0.6043078496652413,True
BH14,0.21666666666666656,1.0,0.6129156522548774,0.6129733465037095,True
BH14,0.2333333333333334,1.0,0.621556492541748,0.621622610140041,True
BH14,0.25,1.0,0.6301876235666161,0.6302400659441492,True
BH14,0.2666666666666666,1.0,0.6388069084479526,0.6388575217482573,True
BH14,0.2833333333333332,1.0,0.6474148205384685,0.6474749775523655,True
BH14,0.30000000000000004,1.0,0.6560106303077786,0.6560924333564737,True
BH14,0.31666666666666665,1.0,0.6645919846509405,0.664669386546795,True
BH14,0.33333333333333326,1.0,0.673160164135065,0.6732205639947357,True
BH14,0.3500000000000001,1.0,0.681713972285664,0.6817717414426769,True
BH14,0.3666666666666667,1.0,0.6902504096384047,0.6903229188906179,True
BH14,0.3833333333333333,1.0,0.6987712856924506,0.6988740963385589,True
BH14,0.3999999999999999,1.0,0.7072757915404008,0.7073535175669965,True
BH14,0.41666666666666674,1.0,0.7157609282515354,0.715820441540018,True
BH14,0.43333333333333335,1.0,0.7242282200707642,0.7242873655130398,True
BH14,0.44999999999999996,1.0,0.7326770677076102,0.7327542894860614,True
BH14,0.46666666666666656,1.0,0.7411042263350582,0.7412158700045076,True
BH14,0.4833333333333334,1.0,0.7495113501105679,0.7495827711145324,True
BH14,0.5,1.0,0.7578985058759894,0.7579496722245571,True
BH14,0.5166666666666666,1.0,0.7662627246360274,0.7663165733345818,True
BH14,0.5333333333333332,1.0,0.7746054739014552,0.7746834744446065,True
BH14,0.55,1.0,0.7829266969395444,0.7830239051977138,True
BH14,0.5666666666666667,1.0,0.7912230540961813,0.7912743069285091,True
BH14,0.5833333333333333,1.0,0.7994974574865188,0.7995247086593046,True
BH14,0.6000000000000001,1.0,0.8077504645631206,0.8077751103901003,True
BH14,0.6166666666666667,1.0,0.8159780396083189,0.8160255121208957,True
BH14,0.6333333333333333,1.0,0.8241831774204695,0.8242759138516912,True
BH14,0.6499999999999999,1.0,0.8323661905697967,0.8324188220193712,True
BH14,0.6666666666666667,1.0,0.8405241372952519,0.8405450542883421,True
BH14,0.6833333333333333,1.0,0.848660501272273,0.8486712865573128,True
BH14,0.7,1.0,0.8567761625075051,0.8567975188262836,True
BH14,0.7166666666666666,1.0,0.8648681043550117,0.8649237510952543,True
BH14,0.7333333333333334,1.0,0.8729396117327259,0.8729957659405583,True
BH14,0.75,1.0,0.8809913742313069,0.8810093557711117,True
BH14,0.7666666666666666,1.0,0.8890217961904272,0.8890229456016651,True
BH14,0.7833333333333332,1.0,0.8970339527627411,0.8970365354322185,True
BH14,0.8,1.0,0.905028495690533,0.9050501252627718,True
BH14,0.8166666666666667,1.0,0.9130050026009655,0.9130609178900222,True
BH14,0.8333333333333333,1.0,0.9209667391636198,0.9209881206016914,True
BH14,0.8499999999999999,1.0,0.9289141408767816,0.9289153233133607,True
BH14,0.8666666666666667,1.0,0.9368469584438643,0.9368425260250299,True
BH14,0.8833333333333333,1.0,0.9447682340258947,0.944769728736699,True
BH14,0.8999999999999999,1.0,0.9526791670830564,0.9526969314483683,True
BH14,0.9166666666666667,1.0,0.9605800337123043,0.9605990726176514,True
BH14,0.9333333333333333,1.0,0.9684734596855293,0.968479258094121,True
BH14,0.95,1.0,0.9763607897341936,0.9763594435705909,True
BH14,0.9666666666666666,1.0,0.9842430184984472,0.9842396290470605,True
BH14,0.9833333333333334,1.0,0.9921223028668928,0.9921198145235304,True
BH14,1.0,1.0,0.9999999999999999,1.0,True
